iso3,year,polity,national_gdp,schooling,language,family_ties
AFG,1992,0.5,6.80673261865532,2.026,0.6141462,
AFG,1993,0.5,6.40023190963395,2.104,0.6141462,
AFG,1994,0.5,6.06953833132324,2.182,0.6141462,
AFG,1995,0.5,6.42943648608134,2.26,0.6141462,
AFG,1996,0.15,6.34729718004488,2.38,0.6141462,
AFG,1997,0.15,6.2682894969019,2.5,0.6141462,
AFG,1998,0.15,6.19619276653179,2.62,0.6141462,
AFG,1999,0.15,6.11862846574829,2.74,0.6141462,
AFG,2000,0.15,6.0583050931768,2.86,0.6141462,
AFG,2001,,6.00751603740899,2.93,0.6141462,
AFG,2002,,6.42178310111605,3,0.6141462,
AFG,2003,,6.55772792321628,3.07,0.6141462,
AFG,2004,,6.5463515148192,3.14,0.6141462,
AFG,2005,,6.65380976046844,3.21,0.6141462,
AFG,2006,,6.68391837794405,3.338,0.6141462,
AFG,2007,,6.7959037358912,3.466,0.6141462,
AFG,2008,,6.79538618720916,3.594,0.6141462,
AFG,2009,,6.92509957411322,3.722,0.6141462,
AFG,2010,,6.95521046980437,3.85,0.6141462,
AFG,2011,,,3.85,0.6141462,
AFG,2012,,,3.85,0.6141462,
AFG,2013,,,3.85,0.6141462,
AGO,1992,0.5,7.59325640920771,,0.7870192,
AGO,1993,0.45,7.39272268649267,,0.7870192,
AGO,1994,0.4,7.46369990266139,,0.7870192,
AGO,1995,0.35,7.56601068297966,,0.7870192,
AGO,1996,0.3,7.86726126362562,,0.7870192,
AGO,1997,0.2,7.69585243525343,,0.7870192,
AGO,1998,0.2,7.78569377513609,,0.7870192,
AGO,1999,0.2,7.78652341117507,,0.7870192,
AGO,2000,0.2,7.75441645324202,,0.7870192,
AGO,2001,0.2,7.69194038748813,,0.7870192,
AGO,2002,0.4,7.81757518293367,,0.7870192,
AGO,2003,0.4,7.80635866829348,,0.7870192,
AGO,2004,0.4,7.86274102997206,,0.7870192,
AGO,2005,0.4,8.02454366829368,,0.7870192,
AGO,2006,0.4,8.18831304276213,,0.7870192,
AGO,2007,0.4,8.40395853138152,,0.7870192,
AGO,2008,0.4,8.5109546221472,,0.7870192,
AGO,2009,0.4,8.54939796693242,,0.7870192,
AGO,2010,0.4,8.53847358590388,,0.7870192,
AGO,2011,0.4,,,0.7870192,
AGO,2012,0.4,,,0.7870192,
AGO,2013,0.4,,,0.7870192,
ALB,1992,0.75,7.73058349084885,8.388,0.0399248,0.257118555320776
ALB,1993,0.75,7.82726238617114,8.332,0.0399248,0.257118555320776
ALB,1994,0.75,7.89525699252233,8.276,0.0399248,0.257118555320776
ALB,1995,0.75,8.00346510086579,8.22,0.0399248,0.257118555320776
ALB,1996,0.5,8.08035105660149,8.472,0.0399248,0.257118555320776
ALB,1997,0.75,8.02878982884464,8.724,0.0399248,0.257118555320776
ALB,1998,0.75,7.99134573675949,8.976,0.0399248,0.257118555320776
ALB,1999,0.75,8.09950960925585,9.228,0.0399248,0.257118555320776
ALB,2000,0.75,8.13559872869301,9.48,0.0399248,0.257118555320776
ALB,2001,0.75,8.16801046544427,9.554,0.0399248,0.257118555320776
ALB,2002,0.85,8.19633594352402,9.628,0.0399248,0.257118555320776
ALB,2003,0.85,8.30999014691953,9.702,0.0399248,0.257118555320776
ALB,2004,0.85,8.42504891002675,9.776,0.0399248,0.257118555320776
ALB,2005,0.95,8.5048787484054,9.85,0.0399248,0.257118555320776
ALB,2006,0.95,8.59377864391667,9.866,0.0399248,0.257118555320776
ALB,2007,0.95,8.68313643560452,9.882,0.0399248,0.257118555320776
ALB,2008,0.95,8.79602474066349,9.898,0.0399248,0.257118555320776
ALB,2009,0.95,8.82321290782051,9.914,0.0399248,0.257118555320776
ALB,2010,0.95,8.7974166864597,9.93,0.0399248,0.257118555320776
ALB,2011,0.95,,9.93,0.0399248,0.257118555320776
ALB,2012,0.95,,9.93,0.0399248,0.257118555320776
ALB,2013,0.95,,9.93,0.0399248,0.257118555320776
AND,1992,,,,0.684785,
AND,1993,,,,0.684785,
AND,1994,,,,0.684785,
AND,1995,,,,0.684785,
AND,1996,,,,0.684785,
AND,1997,,,,0.684785,
AND,1998,,,,0.684785,
AND,1999,,,,0.684785,
AND,2000,,,,0.684785,
AND,2001,,,,0.684785,
AND,2002,,,,0.684785,
AND,2003,,,,0.684785,
AND,2004,,,,0.684785,
AND,2005,,,,0.684785,
AND,2006,,,,0.684785,
AND,2007,,,,0.684785,
AND,2008,,,,0.684785,
AND,2009,,,,0.684785,
AND,2010,,,,0.684785,
AND,2011,,,,0.684785,
AND,2012,,,,0.684785,
AND,2013,,,,0.684785,
ARE,1992,0.1,10.9863072747509,6.67,0.4873689,
ARE,1993,0.1,10.9336606382003,6.95,0.4873689,
ARE,1994,0.1,10.9532503265636,7.23,0.4873689,
ARE,1995,0.1,10.9748524321383,7.51,0.4873689,
ARE,1996,0.1,10.9967394700174,7.694,0.4873689,
ARE,1997,0.1,11.0260859059395,7.878,0.4873689,
ARE,1998,0.1,10.9783175890521,8.062,0.4873689,
ARE,1999,0.1,10.964497979023,8.246,0.4873689,
ARE,2000,0.1,11.0303475592695,8.43,0.4873689,
ARE,2001,0.1,11.0020820274289,8.522,0.4873689,
ARE,2002,0.1,10.9745725383393,8.614,0.4873689,
ARE,2003,0.1,11.0076814380371,8.706,0.4873689,
ARE,2004,0.1,11.0414809738454,8.798,0.4873689,
ARE,2005,0.1,11.0451742302184,8.89,0.4873689,
ARE,2006,0.1,11.0955735449,8.926,0.4873689,
ARE,2007,0.1,11.0891168152601,8.962,0.4873689,
ARE,2008,0.1,11.0694835673265,8.998,0.4873689,
ARE,2009,0.1,11.0209046630149,9.034,0.4873689,
ARE,2010,0.1,11.0050191102223,9.07,0.4873689,
ARE,2011,0.1,,9.07,0.4873689,
ARE,2012,0.1,,9.07,0.4873689,
ARE,2013,0.1,,9.07,0.4873689,
ARG,1992,0.85,8.9663502887359,8.478,0.0617542,0.116791896978944
ARG,1993,0.85,9.00709273679289,8.532,0.0617542,0.116791896978944
ARG,1994,0.85,9.04887140186632,8.586,0.0617542,0.116791896978944
ARG,1995,0.85,9.02678989998318,8.64,0.0617542,0.116791896978944
ARG,1996,0.85,9.06437923008369,8.658,0.0617542,0.116791896978944
ARG,1997,0.85,9.1221939685313,8.676,0.0617542,0.116791896978944
ARG,1998,0.85,9.14985135010566,8.694,0.0617542,0.116791896978944
ARG,1999,0.9,9.11186605706495,8.712,0.0617542,0.116791896978944
ARG,2000,0.9,9.09477376767384,8.73,0.0617542,0.116791896978944
ARG,2001,0.9,9.0544139013086,8.86,0.0617542,0.116791896978944
ARG,2002,0.9,8.97661004491496,8.99,0.0617542,0.116791896978944
ARG,2003,0.9,9.04141802397904,9.12,0.0617542,0.116791896978944
ARG,2004,0.9,9.10244681278177,9.25,0.0617542,0.116791896978944
ARG,2005,0.9,9.17685698506088,9.38,0.0617542,0.116791896978944
ARG,2006,0.9,9.24200833701004,9.406,0.0617542,0.116791896978944
ARG,2007,0.9,9.30591033975996,9.432,0.0617542,0.116791896978944
ARG,2008,0.9,9.34863955808832,9.458,0.0617542,0.116791896978944
ARG,2009,0.9,9.3581219668885,9.484,0.0617542,0.116791896978944
ARG,2010,0.9,9.42062806622589,9.51,0.0617542,0.116791896978944
ARG,2011,0.9,,9.51,0.0617542,0.116791896978944
ARG,2012,0.9,,9.51,0.0617542,0.116791896978944
ARG,2013,0.9,,9.51,0.0617542,0.116791896978944
ARM,1992,0.8,,10.412,0.1290535,0.211711526859657
ARM,1993,0.8,7.37603972039598,10.418,0.1290535,0.211711526859657
ARM,1994,0.8,7.45094717826827,10.424,0.1290535,0.211711526859657
ARM,1995,0.55,7.55785997436866,10.43,0.1290535,0.211711526859657
ARM,1996,0.2,7.61482448469594,10.432,0.1290535,0.211711526859657
ARM,1997,0.2,7.61994858694083,10.434,0.1290535,0.211711526859657
ARM,1998,0.75,7.70123816064276,10.436,0.1290535,0.211711526859657
ARM,1999,0.75,7.7386338117943,10.438,0.1290535,0.211711526859657
ARM,2000,0.75,7.83088163072253,10.44,0.1290535,0.211711526859657
ARM,2001,0.75,7.9503976365084,10.452,0.1290535,0.211711526859657
ARM,2002,0.75,8.06639355306476,10.464,0.1290535,0.211711526859657
ARM,2003,0.75,8.15560413724875,10.476,0.1290535,0.211711526859657
ARM,2004,0.75,8.27901800773655,10.488,0.1290535,0.211711526859657
ARM,2005,0.75,8.40112136049604,10.5,0.1290535,0.211711526859657
ARM,2006,0.75,8.51103378837961,10.546,0.1290535,0.211711526859657
ARM,2007,0.75,8.61191196788517,10.592,0.1290535,0.211711526859657
ARM,2008,0.75,8.63562941560076,10.638,0.1290535,0.211711526859657
ARM,2009,0.75,8.56525736034346,10.684,0.1290535,0.211711526859657
ARM,2010,0.75,8.59621833299727,10.73,0.1290535,0.211711526859657
ARM,2011,0.75,,10.73,0.1290535,0.211711526859657
ARM,2012,0.75,,10.73,0.1290535,0.211711526859657
ARM,2013,0.75,,10.73,0.1290535,0.211711526859657
ATG,1992,,9.35227806933108,,0.1063281,
ATG,1993,,9.3854182148915,,0.1063281,
ATG,1994,,9.45906274242031,,0.1063281,
ATG,1995,,9.43910425956946,,0.1063281,
ATG,1996,,9.48798686081413,,0.1063281,
ATG,1997,,9.49641166256514,,0.1063281,
ATG,1998,,9.52493677162072,,0.1063281,
ATG,1999,,9.56502205337639,,0.1063281,
ATG,2000,,9.53932057987913,,0.1063281,
ATG,2001,,9.55496986751093,,0.1063281,
ATG,2002,,9.59930330991062,,0.1063281,
ATG,2003,,9.56194803616112,,0.1063281,
ATG,2004,,9.61270054589456,,0.1063281,
ATG,2005,,9.61632351041679,,0.1063281,
ATG,2006,,9.68311220321291,,0.1063281,
ATG,2007,,9.77939359286192,,0.1063281,
ATG,2008,,9.72924498901209,,0.1063281,
ATG,2009,,9.63111105857494,,0.1063281,
ATG,2010,,9.58090478204883,,0.1063281,
ATG,2011,,,,0.1063281,
ATG,2012,,,,0.1063281,
ATG,2013,,,,0.1063281,
AUS,1992,1,10.199963053831,11.188,0.3349497,-0.0839550938576083
AUS,1993,1,10.2244077839586,11.192,0.3349497,-0.0839550938576083
AUS,1994,1,10.260477918684,11.196,0.3349497,-0.0839550938576083
AUS,1995,1,10.2913448452114,11.2,0.3349497,-0.0839550938576083
AUS,1996,1,10.3224043397987,11.174,0.3349497,-0.0839550938576083
AUS,1997,1,10.357649551194,11.148,0.3349497,-0.0839550938576083
AUS,1998,1,10.397170523931,11.122,0.3349497,-0.0839550938576083
AUS,1999,1,10.4289773302867,11.096,0.3349497,-0.0839550938576083
AUS,2000,1,10.4362299317537,11.07,0.3349497,-0.0839550938576083
AUS,2001,1,10.4614073663773,11.132,0.3349497,-0.0839550938576083
AUS,2002,1,10.4862196514207,11.194,0.3349497,-0.0839550938576083
AUS,2003,1,10.5178097430971,11.256,0.3349497,-0.0839550938576083
AUS,2004,1,10.5362322551804,11.318,0.3349497,-0.0839550938576083
AUS,2005,1,10.5553918735141,11.38,0.3349497,-0.0839550938576083
AUS,2006,1,10.5785050069686,11.412,0.3349497,-0.0839550938576083
AUS,2007,1,10.6039634812458,11.444,0.3349497,-0.0839550938576083
AUS,2008,1,10.6063984399519,11.476,0.3349497,-0.0839550938576083
AUS,2009,1,10.616935918567,11.508,0.3349497,-0.0839550938576083
AUS,2010,1,10.6240938867436,11.54,0.3349497,-0.0839550938576083
AUS,2011,1,,11.54,0.3349497,-0.0839550938576083
AUS,2012,1,,11.54,0.3349497,-0.0839550938576083
AUS,2013,1,,11.54,0.3349497,-0.0839550938576083
AUT,1992,1,10.2444905016044,8.54,0.1521866,-0.452046926469099
AUT,1993,1,10.2479333993388,8.63,0.1521866,-0.452046926469099
AUT,1994,1,10.2592548652973,8.72,0.1521866,-0.452046926469099
AUT,1995,1,10.2873761202883,8.81,0.1521866,-0.452046926469099
AUT,1996,1,10.3055086802127,8.842,0.1521866,-0.452046926469099
AUT,1997,1,10.3289181111546,8.874,0.1521866,-0.452046926469099
AUT,1998,1,10.363598288521,8.906,0.1521866,-0.452046926469099
AUT,1999,1,10.3939867096839,8.938,0.1521866,-0.452046926469099
AUT,2000,1,10.4230265083679,8.97,0.1521866,-0.452046926469099
AUT,2001,1,10.4293048447367,9.034,0.1521866,-0.452046926469099
AUT,2002,1,10.4417826179706,9.098,0.1521866,-0.452046926469099
AUT,2003,1,10.4503835104879,9.162,0.1521866,-0.452046926469099
AUT,2004,1,10.4696973163488,9.226,0.1521866,-0.452046926469099
AUT,2005,1,10.4954597380522,9.29,0.1521866,-0.452046926469099
AUT,2006,1,10.5280462594543,9.352,0.1521866,-0.452046926469099
AUT,2007,1,10.5653022041968,9.414,0.1521866,-0.452046926469099
AUT,2008,1,10.5798843434672,9.476,0.1521866,-0.452046926469099
AUT,2009,1,10.5357129400787,9.538,0.1521866,-0.452046926469099
AUT,2010,1,10.5606321831443,9.6,0.1521866,-0.452046926469099
AUT,2011,1,,9.6,0.1521866,-0.452046926469099
AUT,2012,1,,9.6,0.1521866,-0.452046926469099
AUT,2013,1,,9.6,0.1521866,-0.452046926469099
AZE,1992,0.55,,,0.2053919,-0.0211146376538937
AZE,1993,0.35,8.03952974507614,,0.2053919,-0.0211146376538937
AZE,1994,0.35,7.81766897672734,,0.2053919,-0.0211146376538937
AZE,1995,0.2,7.4970578995759,,0.2053919,-0.0211146376538937
AZE,1996,0.2,7.47714417901325,,0.2053919,-0.0211146376538937
AZE,1997,0.2,7.51837844645821,,0.2053919,-0.0211146376538937
AZE,1998,0.15,7.60991453115976,,0.2053919,-0.0211146376538937
AZE,1999,0.15,7.76587725922049,,0.2053919,-0.0211146376538937
AZE,2000,0.15,7.83256011526549,,0.2053919,-0.0211146376538937
AZE,2001,0.15,7.92626922603751,,0.2053919,-0.0211146376538937
AZE,2002,0.15,8.01209366525047,,0.2053919,-0.0211146376538937
AZE,2003,0.15,8.12562508212826,,0.2053919,-0.0211146376538937
AZE,2004,0.15,8.24067465713508,,0.2053919,-0.0211146376538937
AZE,2005,0.15,8.44655638672554,,0.2053919,-0.0211146376538937
AZE,2006,0.15,8.69603374114579,,0.2053919,-0.0211146376538937
AZE,2007,0.15,8.90121968519651,,0.2053919,-0.0211146376538937
AZE,2008,0.15,8.99500309702361,,0.2053919,-0.0211146376538937
AZE,2009,0.15,9.08561185308945,,0.2053919,-0.0211146376538937
AZE,2010,0.15,9.15633377536375,,0.2053919,-0.0211146376538937
AZE,2011,0.15,,,0.2053919,-0.0211146376538937
AZE,2012,0.15,,,0.2053919,-0.0211146376538937
AZE,2013,0.15,,,0.2053919,-0.0211146376538937
BDI,1992,0.35,6.40392042209827,1.916,0.2976615,
BDI,1993,0.5,6.37410689164216,2.004,0.2976615,
BDI,1994,0.5,6.28555393443187,2.092,0.2976615,
BDI,1995,0.5,6.13312656309075,2.18,0.2976615,
BDI,1996,0.25,6.04886865463082,2.256,0.2976615,
BDI,1997,0.25,5.99936123768969,2.332,0.2976615,
BDI,1998,0.45,6.03571340764994,2.408,0.2976615,
BDI,1999,0.45,5.99000595790875,2.484,0.2976615,
BDI,2000,0.45,5.96487066236087,2.56,0.2976615,
BDI,2001,0.5,5.95109113909317,2.624,0.2976615,
BDI,2002,0.6,5.9820831526653,2.688,0.2976615,
BDI,2003,0.65,5.93499968812384,2.752,0.2976615,
BDI,2004,0.75,5.93691912496511,2.816,0.2976615,
BDI,2005,0.8,5.920503298557,2.88,0.2976615,
BDI,2006,0.8,5.92841877167096,2.974,0.2976615,
BDI,2007,0.8,5.97547007731688,3.068,0.2976615,
BDI,2008,0.8,5.98758573167022,3.162,0.2976615,
BDI,2009,0.8,5.98181737575558,3.256,0.2976615,
BDI,2010,0.8,5.98184119324126,3.35,0.2976615,
BDI,2011,0.8,,3.35,0.2976615,
BDI,2012,0.8,,3.35,0.2976615,
BDI,2013,0.8,,3.35,0.2976615,
BEL,1992,1,10.1931597154561,9.658,0.5408844,-0.268512173515729
BEL,1993,1,10.1781605968968,9.772,0.5408844,-0.268512173515729
BEL,1994,1,10.209421032706,9.886,0.5408844,-0.268512173515729
BEL,1995,1,10.2337996102634,10,0.5408844,-0.268512173515729
BEL,1996,1,10.2446680491001,10.058,0.5408844,-0.268512173515729
BEL,1997,1,10.2807898756677,10.116,0.5408844,-0.268512173515729
BEL,1998,1,10.2982957954008,10.174,0.5408844,-0.268512173515729
BEL,1999,1,10.3306730776749,10.232,0.5408844,-0.268512173515729
BEL,2000,1,10.3640995709037,10.29,0.5408844,-0.268512173515729
BEL,2001,1,10.3663182219425,10.35,0.5408844,-0.268512173515729
BEL,2002,1,10.373837043621,10.41,0.5408844,-0.268512173515729
BEL,2003,1,10.379749175628,10.47,0.5408844,-0.268512173515729
BEL,2004,1,10.4127722206095,10.53,0.5408844,-0.268512173515729
BEL,2005,1,10.4309543158583,10.59,0.5408844,-0.268512173515729
BEL,2006,1,10.4580061815146,10.61,0.5408844,-0.268512173515729
BEL,2007,0.9,10.4878410613128,10.63,0.5408844,-0.268512173515729
BEL,2008,0.9,10.4962166279143,10.65,0.5408844,-0.268512173515729
BEL,2009,0.9,10.4581177029236,10.67,0.5408844,-0.268512173515729
BEL,2010,0.9,10.4788816320448,10.69,0.5408844,-0.268512173515729
BEL,2011,0.9,,10.69,0.5408844,-0.268512173515729
BEL,2012,0.9,,10.69,0.5408844,-0.268512173515729
BEL,2013,0.9,,10.69,0.5408844,-0.268512173515729
BEN,1992,0.8,6.92709440073896,2.34,0.7905251,
BEN,1993,0.8,6.93093983297476,2.43,0.7905251,
BEN,1994,0.8,6.85650067377247,2.52,0.7905251,
BEN,1995,0.8,6.94317970042614,2.61,0.7905251,
BEN,1996,0.8,6.94357385768344,2.71,0.7905251,
BEN,1997,0.8,6.971050607989,2.81,0.7905251,
BEN,1998,0.8,6.97037721645854,2.91,0.7905251,
BEN,1999,0.8,6.99079692626077,3.01,0.7905251,
BEN,2000,0.8,7.00136635767681,3.11,0.7905251,
BEN,2001,0.8,7.035520005352,3.232,0.7905251,
BEN,2002,0.8,7.04337701573926,3.354,0.7905251,
BEN,2003,0.8,7.0599717015966,3.476,0.7905251,
BEN,2004,0.8,7.05929832852339,3.598,0.7905251,
BEN,2005,0.8,7.03562910937755,3.72,0.7905251,
BEN,2006,0.85,7.0568717684816,3.862,0.7905251,
BEN,2007,0.85,7.06373487232701,4.004,0.7905251,
BEN,2008,0.85,7.07546623800225,4.146,0.7905251,
BEN,2009,0.85,7.07888790963454,4.288,0.7905251,
BEN,2010,0.85,7.07061119306923,4.43,0.7905251,
BEN,2011,0.85,,4.43,0.7905251,
BEN,2012,0.85,,4.43,0.7905251,
BEN,2013,0.85,,4.43,0.7905251,
BFA,1992,0.25,6.45973160059724,,0.7227772,
BFA,1993,0.25,6.46078979389811,,0.7227772,
BFA,1994,0.25,6.46217208183537,,0.7227772,
BFA,1995,0.25,6.47310026983456,,0.7227772,
BFA,1996,0.25,6.53993125668803,,0.7227772,
BFA,1997,0.25,6.57900888499851,,0.7227772,
BFA,1998,0.3,6.61639352457025,,0.7227772,
BFA,1999,0.3,6.64010622544121,,0.7227772,
BFA,2000,0.35,6.62424145022666,,0.7227772,
BFA,2001,0.5,6.64695876572625,,0.7227772,
BFA,2002,0.5,6.64424374402747,,0.7227772,
BFA,2003,0.5,6.68110396851796,,0.7227772,
BFA,2004,0.5,6.69408528650467,,0.7227772,
BFA,2005,0.5,6.74390686452252,,0.7227772,
BFA,2006,0.5,6.77597854393095,,0.7227772,
BFA,2007,0.5,6.78465745715008,,0.7227772,
BFA,2008,0.5,6.81477267263784,,0.7227772,
BFA,2009,0.5,6.79864000942793,,0.7227772,
BFA,2010,0.5,6.83510403064473,,0.7227772,
BFA,2011,0.5,,,0.7227772,
BFA,2012,0.5,,,0.7227772,
BFA,2013,0.5,,,0.7227772,
BGD,1992,0.8,6.67658439827245,3.35,0.0924852,0.212703018391372
BGD,1993,0.8,6.67435927365003,3.46,0.0924852,0.212703018391372
BGD,1994,0.8,6.71843717050699,3.57,0.0924852,0.212703018391372
BGD,1995,0.8,6.70572022175273,3.68,0.0924852,0.212703018391372
BGD,1996,0.8,6.68491118723793,3.84,0.0924852,0.212703018391372
BGD,1997,0.8,6.74985418824761,4,0.0924852,0.212703018391372
BGD,1998,0.8,6.78214992491521,4.16,0.0924852,0.212703018391372
BGD,1999,0.8,6.79109890869989,4.32,0.0924852,0.212703018391372
BGD,2000,0.8,6.81088147573358,4.48,0.0924852,0.212703018391372
BGD,2001,0.8,6.84174933651366,4.632,0.0924852,0.212703018391372
BGD,2002,0.8,6.90879850852892,4.784,0.0924852,0.212703018391372
BGD,2003,0.8,6.93651594444773,4.936,0.0924852,0.212703018391372
BGD,2004,0.8,6.96514214142572,5.088,0.0924852,0.212703018391372
BGD,2005,0.8,6.9898247200894,5.24,0.0924852,0.212703018391372
BGD,2006,0.8,7.0287583058757,5.374,0.0924852,0.212703018391372
BGD,2007,0.2,7.06426535903435,5.508,0.0924852,0.212703018391372
BGD,2008,0.2,7.1157718288234,5.642,0.0924852,0.212703018391372
BGD,2009,0.75,7.1673542149122,5.776,0.0924852,0.212703018391372
BGD,2010,0.75,7.22330542021509,5.91,0.0924852,0.212703018391372
BGD,2011,0.75,,5.91,0.0924852,0.212703018391372
BGD,2012,0.75,,5.91,0.0924852,0.212703018391372
BGD,2013,0.7,,5.91,0.0924852,0.212703018391372
BGR,1992,0.9,8.82658887123988,8.596,0.3030913,-0.137620662430648
BGR,1993,0.9,8.76785364935626,8.684,0.3030913,-0.137620662430648
BGR,1994,0.9,8.77134779526626,8.772,0.3030913,-0.137620662430648
BGR,1995,0.9,8.8082045546888,8.86,0.3030913,-0.137620662430648
BGR,1996,0.9,8.71970545099599,8.944,0.3030913,-0.137620662430648
BGR,1997,0.9,8.68844954467386,9.028,0.3030913,-0.137620662430648
BGR,1998,0.9,8.71798060137608,9.112,0.3030913,-0.137620662430648
BGR,1999,0.9,8.73388390680627,9.196,0.3030913,-0.137620662430648
BGR,2000,0.9,8.79316720707227,9.28,0.3030913,-0.137620662430648
BGR,2001,0.95,8.84524487463657,9.514,0.3030913,-0.137620662430648
BGR,2002,0.95,8.89777137682905,9.748,0.3030913,-0.137620662430648
BGR,2003,0.95,8.96090049996202,9.982,0.3030913,-0.137620662430648
BGR,2004,0.95,9.03175999715757,10.216,0.3030913,-0.137620662430648
BGR,2005,0.95,9.09425538680071,10.45,0.3030913,-0.137620662430648
BGR,2006,0.95,9.15940367105426,10.608,0.3030913,-0.137620662430648
BGR,2007,0.95,9.22668276141116,10.766,0.3030913,-0.137620662430648
BGR,2008,0.95,9.28555616484844,10.924,0.3030913,-0.137620662430648
BGR,2009,0.95,9.24946330227195,11.082,0.3030913,-0.137620662430648
BGR,2010,0.95,9.2676321119778,11.24,0.3030913,-0.137620662430648
BGR,2011,0.95,,11.24,0.3030913,-0.137620662430648
BGR,2012,0.95,,11.24,0.3030913,-0.137620662430648
BGR,2013,0.95,,11.24,0.3030913,-0.137620662430648
BHR,1992,0,9.90239251520153,6.764,0.4343625,
BHR,1993,0.05,9.88286703172222,6.876,0.4343625,
BHR,1994,0.05,9.91013812998824,6.988,0.4343625,
BHR,1995,0.05,9.86548100327146,7.1,0.4343625,
BHR,1996,0.05,9.88047473744936,7.176,0.4343625,
BHR,1997,0.05,9.90347026303666,7.252,0.4343625,
BHR,1998,0.05,9.94230130510372,7.328,0.4343625,
BHR,1999,0.05,9.88971646944123,7.404,0.4343625,
BHR,2000,0.05,9.94188157955934,7.48,0.4343625,
BHR,2001,0.1,9.94328561773963,7.422,0.4343625,
BHR,2002,0.15,9.999297919317,7.364,0.4343625,
BHR,2003,0.15,9.98882819914519,7.306,0.4343625,
BHR,2004,0.15,9.99980622123545,7.248,0.4343625,
BHR,2005,0.15,9.99939492921017,7.19,0.4343625,
BHR,2006,0.15,10.0361310190084,7.164,0.4343625,
BHR,2007,0.15,10.0861527487793,7.138,0.4343625,
BHR,2008,0.15,10.1093889532669,7.112,0.4343625,
BHR,2009,0.15,10.0502167249936,7.086,0.4343625,
BHR,2010,0.25,10.047635262531,7.06,0.4343625,
BHR,2011,0.1,,7.06,0.4343625,
BHR,2012,0,,7.06,0.4343625,
BHR,2013,0,,7.06,0.4343625,
BHS,1992,,10.1358593563647,,0.1854935,
BHS,1993,,10.1007102777795,,0.1854935,
BHS,1994,,10.1154955844891,,0.1854935,
BHS,1995,,10.1529985909477,,0.1854935,
BHS,1996,,10.1926231894635,,0.1854935,
BHS,1997,,10.2364297664162,,0.1854935,
BHS,1998,,10.2967560853533,,0.1854935,
BHS,1999,,10.3205278602209,,0.1854935,
BHS,2000,,10.3533719221942,,0.1854935,
BHS,2001,,10.363426749175,,0.1854935,
BHS,2002,,10.3757707420777,,0.1854935,
BHS,2003,,10.354713843825,,0.1854935,
BHS,2004,,10.3550296692479,,0.1854935,
BHS,2005,,10.3851200598003,,0.1854935,
BHS,2006,,10.4102296763333,,0.1854935,
BHS,2007,,10.4137202868179,,0.1854935,
BHS,2008,,10.3814821632368,,0.1854935,
BHS,2009,,10.3159124144734,,0.1854935,
BHS,2010,,10.3126464551113,,0.1854935,
BHS,2011,,,,0.1854935,
BHS,2012,,,,0.1854935,
BHS,2013,,,,0.1854935,
BIH,1992,0.5,6.9245889171102,,0.6751031,0.33383909002813
BIH,1993,0.5,6.96507653445156,,0.6751031,0.33383909002813
BIH,1994,0.5,7.09532787913463,,0.6751031,0.33383909002813
BIH,1995,,7.37551392783159,,0.6751031,0.33383909002813
BIH,1996,,7.95527309426842,,0.6751031,0.33383909002813
BIH,1997,,8.20412956910596,,0.6751031,0.33383909002813
BIH,1998,,8.29148979602007,,0.6751031,0.33383909002813
BIH,1999,,8.3656067050997,,0.6751031,0.33383909002813
BIH,2000,,8.39019494795347,,0.6751031,0.33383909002813
BIH,2001,,8.40691207012178,,0.6751031,0.33383909002813
BIH,2002,,8.43253262709274,,0.6751031,0.33383909002813
BIH,2003,,8.44837235653014,,0.6751031,0.33383909002813
BIH,2004,,8.43939423990644,,0.6751031,0.33383909002813
BIH,2005,,8.48220120207082,,0.6751031,0.33383909002813
BIH,2006,,8.56073691865296,,0.6751031,0.33383909002813
BIH,2007,,8.64276593674233,,0.6751031,0.33383909002813
BIH,2008,,8.70322158851406,,0.6751031,0.33383909002813
BIH,2009,,8.68015196864981,,0.6751031,0.33383909002813
BIH,2010,,8.69029453181991,,0.6751031,0.33383909002813
BIH,2011,,,,0.6751031,0.33383909002813
BIH,2012,,,,0.6751031,0.33383909002813
BIH,2013,,,,0.6751031,0.33383909002813
BLR,1992,0.8,,,0.4666067,-0.349123734308247
BLR,1993,0.8,,,0.4666067,-0.349123734308247
BLR,1994,0.9,8.45807918758546,,0.4666067,-0.349123734308247
BLR,1995,0.5,8.34943353739755,,0.4666067,-0.349123734308247
BLR,1996,0.15,8.37390932001162,,0.4666067,-0.349123734308247
BLR,1997,0.15,8.51474188447682,,0.4666067,-0.349123734308247
BLR,1998,0.15,8.57188484865,,0.4666067,-0.349123734308247
BLR,1999,0.15,8.64445309349836,,0.4666067,-0.349123734308247
BLR,2000,0.15,8.72497868265374,,0.4666067,-0.349123734308247
BLR,2001,0.15,8.8282568404896,,0.4666067,-0.349123734308247
BLR,2002,0.15,8.8931082599958,,0.4666067,-0.349123734308247
BLR,2003,0.15,8.94753239727787,,0.4666067,-0.349123734308247
BLR,2004,0.15,9.01380151436446,,0.4666067,-0.349123734308247
BLR,2005,0.15,9.12446588151881,,0.4666067,-0.349123734308247
BLR,2006,0.15,9.18971593346705,,0.4666067,-0.349123734308247
BLR,2007,0.15,9.2944255294669,,0.4666067,-0.349123734308247
BLR,2008,0.15,9.39864659843967,,0.4666067,-0.349123734308247
BLR,2009,0.15,9.42577371370938,,0.4666067,-0.349123734308247
BLR,2010,0.15,9.51067754108218,,0.4666067,-0.349123734308247
BLR,2011,0.15,,,0.4666067,-0.349123734308247
BLR,2012,0.15,,,0.4666067,-0.349123734308247
BLR,2013,0.15,,,0.4666067,-0.349123734308247
BLZ,1992,,8.78625341093333,9.016,0.6302864,
BLZ,1993,,8.86757819448495,9.144,0.6302864,
BLZ,1994,,8.87917408732026,9.272,0.6302864,
BLZ,1995,,8.91679352381853,9.4,0.6302864,
BLZ,1996,,8.89996166708168,9.536,0.6302864,
BLZ,1997,,8.88759173925518,9.672,0.6302864,
BLZ,1998,,8.87206421069882,9.808,0.6302864,
BLZ,1999,,8.88847603837074,9.944,0.6302864,
BLZ,2000,,8.95840250482622,10.08,0.6302864,
BLZ,2001,,8.97666019562946,10.216,0.6302864,
BLZ,2002,,9.0461665095261,10.352,0.6302864,
BLZ,2003,,9.07075996625425,10.488,0.6302864,
BLZ,2004,,9.11124014656808,10.624,0.6302864,
BLZ,2005,,9.10283554335505,10.76,0.6302864,
BLZ,2006,,9.15749470740108,10.866,0.6302864,
BLZ,2007,,9.12714597665287,10.972,0.6302864,
BLZ,2008,,9.13436348236524,11.078,0.6302864,
BLZ,2009,,9.12296220909611,11.184,0.6302864,
BLZ,2010,,9.11216352339639,11.29,0.6302864,
BLZ,2011,,,11.29,0.6302864,
BLZ,2012,,,11.29,0.6302864,
BLZ,2013,,,11.29,0.6302864,
BMU,1992,,10.3714480749348,,,
BMU,1993,,10.3967467021277,,,
BMU,1994,,10.4052201835646,,,
BMU,1995,,10.4331615716991,,,
BMU,1996,,10.4624542911417,,,
BMU,1997,,10.486056956755,,,
BMU,1998,,10.5375072923945,,,
BMU,1999,,10.5270066395769,,,
BMU,2000,,10.4643284889563,,,
BMU,2001,,10.4503482343227,,,
BMU,2002,,10.6435188241952,,,
BMU,2003,,10.666389623736,,,
BMU,2004,,10.6969405728543,,,
BMU,2005,,10.738980935068,,,
BMU,2006,,10.7906104746712,,,
BMU,2007,,10.8259281359086,,,
BMU,2008,,10.8155491373815,,,
BMU,2009,,10.7246614884881,,,
BMU,2010,,10.7334900905516,,,
BMU,2011,,,,,
BMU,2012,,,,,
BMU,2013,,,,,
BOL,1992,0.95,7.91929360106557,7.488,0.2239819,
BOL,1993,0.95,7.93918501633019,7.602,0.2239819,
BOL,1994,0.95,7.96726943652748,7.716,0.2239819,
BOL,1995,0.95,7.98841803641849,7.83,0.2239819,
BOL,1996,0.95,8.00462892254909,7.922,0.2239819,
BOL,1997,0.95,8.02246845364773,8.014,0.2239819,
BOL,1998,0.95,8.03946358713864,8.106,0.2239819,
BOL,1999,0.95,8.03530845258008,8.198,0.2239819,
BOL,2000,0.95,8.04507140509886,8.29,0.2239819,
BOL,2001,0.95,8.04985334340891,8.33,0.2239819,
BOL,2002,0.95,8.04821080407743,8.37,0.2239819,
BOL,2003,0.9,8.06151714152346,8.41,0.2239819,
BOL,2004,0.9,8.08892813430097,8.45,0.2239819,
BOL,2005,0.9,8.10553113579013,8.49,0.2239819,
BOL,2006,0.9,8.1370609654285,8.442,0.2239819,
BOL,2007,0.9,8.16028862740255,8.394,0.2239819,
BOL,2008,0.9,8.19257708349888,8.346,0.2239819,
BOL,2009,0.85,8.20572283446082,8.298,0.2239819,
BOL,2010,0.85,8.22786822799784,8.25,0.2239819,
BOL,2011,0.85,,8.25,0.2239819,
BOL,2012,0.85,,8.25,0.2239819,
BOL,2013,0.85,,8.25,0.2239819,
BRA,1992,0.9,8.69892031770471,5.046,0.0468443,0.327006138318806
BRA,1993,0.9,8.71749011395945,5.224,0.0468443,0.327006138318806
BRA,1994,0.9,8.75924920715704,5.402,0.0468443,0.327006138318806
BRA,1995,0.9,8.8018301519773,5.58,0.0468443,0.327006138318806
BRA,1996,0.9,8.8090156033062,5.768,0.0468443,0.327006138318806
BRA,1997,0.9,8.82906779569738,5.956,0.0468443,0.327006138318806
BRA,1998,0.9,8.81275849773764,6.144,0.0468443,0.327006138318806
BRA,1999,0.9,8.79952108386868,6.332,0.0468443,0.327006138318806
BRA,2000,0.9,8.83039693437781,6.52,0.0468443,0.327006138318806
BRA,2001,0.9,8.82784711177217,6.674,0.0468443,0.327006138318806
BRA,2002,0.9,8.83293351740752,6.828,0.0468443,0.327006138318806
BRA,2003,0.9,8.82729513366567,6.982,0.0468443,0.327006138318806
BRA,2004,0.9,8.87038595340453,7.136,0.0468443,0.327006138318806
BRA,2005,0.9,8.88655427849621,7.29,0.0468443,0.327006138318806
BRA,2006,0.9,8.91359117415429,7.41,0.0468443,0.327006138318806
BRA,2007,0.9,8.96070193732442,7.53,0.0468443,0.327006138318806
BRA,2008,0.9,8.99810964642322,7.65,0.0468443,0.327006138318806
BRA,2009,0.9,8.98429185085749,7.77,0.0468443,0.327006138318806
BRA,2010,0.9,9.02694462555107,7.89,0.0468443,0.327006138318806
BRA,2011,0.9,,7.89,0.0468443,0.327006138318806
BRA,2012,0.9,,7.89,0.0468443,0.327006138318806
BRA,2013,0.9,,7.89,0.0468443,0.327006138318806
BRB,1992,,9.99664048661273,8.622,0.0926369,
BRB,1993,,10.022766085157,8.708,0.0926369,
BRB,1994,,10.0412354136628,8.794,0.0926369,
BRB,1995,,10.0702873610969,8.88,0.0926369,
BRB,1996,,10.0788328979296,8.866,0.0926369,
BRB,1997,,10.1607732957712,8.852,0.0926369,
BRB,1998,,10.2118648379286,8.838,0.0926369,
BRB,1999,,10.2491660329564,8.824,0.0926369,
BRB,2000,,10.2483373704864,8.81,0.0926369,
BRB,2001,,10.2091557841661,8.916,0.0926369,
BRB,2002,,10.1791320005566,9.022,0.0926369,
BRB,2003,,10.1797016739214,9.128,0.0926369,
BRB,2004,,10.2475394809353,9.234,0.0926369,
BRB,2005,,10.2602891094141,9.34,0.0926369,
BRB,2006,,10.2730564791199,9.362,0.0926369,
BRB,2007,,10.3071283488657,9.384,0.0926369,
BRB,2008,,10.3122129364646,9.406,0.0926369,
BRB,2009,,10.2395247390725,9.428,0.0926369,
BRB,2010,,10.2431171104258,9.45,0.0926369,
BRB,2011,,,9.45,0.0926369,
BRB,2012,,,9.45,0.0926369,
BRB,2013,,,9.45,0.0926369,
BRN,1992,,10.783836122201,7.806,0.3437908,
BRN,1993,,10.8080804370233,7.864,0.3437908,
BRN,1994,,10.7948354443936,7.922,0.3437908,
BRN,1995,,10.8416514841205,7.98,0.3437908,
BRN,1996,,10.9019445922388,8.028,0.3437908,
BRN,1997,,10.8080071946055,8.076,0.3437908,
BRN,1998,,10.7017258322395,8.124,0.3437908,
BRN,1999,,10.7410215061966,8.172,0.3437908,
BRN,2000,,10.7809227789781,8.22,0.3437908,
BRN,2001,,10.7950677437557,8.266,0.3437908,
BRN,2002,,10.8232394945855,8.312,0.3437908,
BRN,2003,,10.8332167773187,8.358,0.3437908,
BRN,2004,,10.8339383153362,8.404,0.3437908,
BRN,2005,,10.7949917991055,8.45,0.3437908,
BRN,2006,,10.8287048523277,8.508,0.3437908,
BRN,2007,,10.7761429701312,8.566,0.3437908,
BRN,2008,,10.7001039910029,8.624,0.3437908,
BRN,2009,,10.6773570838061,8.682,0.3437908,
BRN,2010,,10.7044848167387,8.74,0.3437908,
BRN,2011,,,8.74,0.3437908,
BRN,2012,,,8.74,0.3437908,
BRN,2013,,,8.74,0.3437908,
BTN,1992,0,7.24773093517023,,0.6056015,
BTN,1993,0,7.4757724839147,,0.6056015,
BTN,1994,0,7.42379322353173,,0.6056015,
BTN,1995,0,7.55172331387166,,0.6056015,
BTN,1996,0,7.57239340741204,,0.6056015,
BTN,1997,0,7.66663848193561,,0.6056015,
BTN,1998,0,7.66754451590044,,0.6056015,
BTN,1999,0,7.75664148974418,,0.6056015,
BTN,2000,0,7.75244236271308,,0.6056015,
BTN,2001,0,7.9403398044175,,0.6056015,
BTN,2002,0,8.00330875431364,,0.6056015,
BTN,2003,0,8.05201704620039,,0.6056015,
BTN,2004,0,8.04228133593504,,0.6056015,
BTN,2005,0.25,8.01894562574143,,0.6056015,
BTN,2006,0.25,8.10309015592989,,0.6056015,
BTN,2007,0.25,8.15915868328881,,0.6056015,
BTN,2008,0.65,8.13350618774025,,0.6056015,
BTN,2009,0.65,8.2528319924516,,0.6056015,
BTN,2010,0.65,8.28055846064812,,0.6056015,
BTN,2011,0.65,,,0.6056015,
BTN,2012,0.65,,,0.6056015,
BTN,2013,0.75,,,0.6056015,
BWA,1992,0.85,8.78102116372518,7.412,0.4109727,
BWA,1993,0.85,8.7697373373821,7.688,0.4109727,
BWA,1994,0.85,8.74903038884047,7.964,0.4109727,
BWA,1995,0.85,8.80373317202434,8.24,0.4109727,
BWA,1996,0.85,8.81051625200048,8.356,0.4109727,
BWA,1997,0.9,8.84649443241181,8.472,0.4109727,
BWA,1998,0.9,8.88528880791786,8.588,0.4109727,
BWA,1999,0.9,8.97749265076996,8.704,0.4109727,
BWA,2000,0.9,9.07128239449309,8.82,0.4109727,
BWA,2001,0.9,9.0320998647954,8.9,0.4109727,
BWA,2002,0.9,9.09912654387096,8.98,0.4109727,
BWA,2003,0.9,9.11199052976237,9.06,0.4109727,
BWA,2004,0.9,9.19516823126706,9.14,0.4109727,
BWA,2005,0.9,9.15285732096141,9.22,0.4109727,
BWA,2006,0.9,9.19076512567199,9.286,0.4109727,
BWA,2007,0.9,9.25851698548571,9.352,0.4109727,
BWA,2008,0.9,9.29254583244371,9.418,0.4109727,
BWA,2009,0.9,9.13560839308305,9.484,0.4109727,
BWA,2010,0.9,9.17733683411709,9.55,0.4109727,
BWA,2011,0.9,,9.55,0.4109727,
BWA,2012,0.9,,9.55,0.4109727,
BWA,2013,0.9,,9.55,0.4109727,
CAF,1992,0.2,6.41852417702503,2.798,0.8333871,
CAF,1993,0.75,6.38004059420357,2.862,0.8333871,
CAF,1994,0.75,6.37843755983476,2.926,0.8333871,
CAF,1995,0.75,6.40037360633595,2.99,0.8333871,
CAF,1996,0.75,6.32071959795702,3.05,0.8333871,
CAF,1997,0.75,6.36157888985119,3.11,0.8333871,
CAF,1998,0.75,6.36249444379012,3.17,0.8333871,
CAF,1999,0.75,6.4085434391565,3.23,0.8333871,
CAF,2000,0.75,6.40678043038774,3.29,0.8333871,
CAF,2001,0.75,6.38959271118056,3.342,0.8333871,
CAF,2002,0.75,6.36615162466191,3.394,0.8333871,
CAF,2003,0.45,6.2685134034858,3.446,0.8333871,
CAF,2004,0.45,6.27802708922572,3.498,0.8333871,
CAF,2005,0.45,6.27723658716496,3.55,0.8333871,
CAF,2006,0.45,6.2469640124365,3.592,0.8333871,
CAF,2007,0.45,6.26970124072074,3.634,0.8333871,
CAF,2008,0.45,6.28660415830113,3.676,0.8333871,
CAF,2009,0.45,6.25533140213987,3.718,0.8333871,
CAF,2010,0.45,6.37805058923689,3.76,0.8333871,
CAF,2011,0.45,,3.76,0.8333871,
CAF,2012,0.45,,3.76,0.8333871,
CAF,2013,0.5,,3.76,0.8333871,
CAN,1992,1,10.1817230466468,10.482,0.5771839,-0.0221877192841949
CAN,1993,1,10.1964220113871,10.558,0.5771839,-0.0221877192841949
CAN,1994,1,10.2403043369368,10.634,0.5771839,-0.0221877192841949
CAN,1995,1,10.2571762135924,10.71,0.5771839,-0.0221877192841949
CAN,1996,1,10.2624481987361,10.758,0.5771839,-0.0221877192841949
CAN,1997,1,10.3006424746662,10.806,0.5771839,-0.0221877192841949
CAN,1998,1,10.3323086551553,10.854,0.5771839,-0.0221877192841949
CAN,1999,1,10.3784823809355,10.902,0.5771839,-0.0221877192841949
CAN,2000,1,10.4215364502818,10.95,0.5771839,-0.0221877192841949
CAN,2001,1,10.4271458179967,11.166,0.5771839,-0.0221877192841949
CAN,2002,1,10.4472854231558,11.382,0.5771839,-0.0221877192841949
CAN,2003,1,10.460019882698,11.598,0.5771839,-0.0221877192841949
CAN,2004,1,10.484760208273,11.814,0.5771839,-0.0221877192841949
CAN,2005,1,10.5092750294387,12.03,0.5771839,-0.0221877192841949
CAN,2006,1,10.5288864747924,12.088,0.5771839,-0.0221877192841949
CAN,2007,1,10.5422955221108,12.146,0.5771839,-0.0221877192841949
CAN,2008,1,10.5387198788036,12.204,0.5771839,-0.0221877192841949
CAN,2009,1,10.4981249286654,12.262,0.5771839,-0.0221877192841949
CAN,2010,1,10.5214681815679,12.32,0.5771839,-0.0221877192841949
CAN,2011,1,,12.32,0.5771839,-0.0221877192841949
CAN,2012,1,,12.32,0.5771839,-0.0221877192841949
CAN,2013,1,,12.32,0.5771839,-0.0221877192841949
CH2,1992,,7.56485610545572,,,
CH2,1993,,7.6187651060467,,,
CH2,1994,,7.71413206092258,,,
CH2,1995,,7.84749629187715,,,
CH2,1996,,7.87497048924158,,,
CH2,1997,,7.96184508720017,,,
CH2,1998,,7.96106133547573,,,
CH2,1999,,8.00769525997659,,,
CH2,2000,,8.0626519767,,,
CH2,2001,,8.12111665689032,,,
CH2,2002,,8.22858256236251,,,
CH2,2003,,8.30758156164755,,,
CH2,2004,,8.40248687828123,,,
CH2,2005,,8.47682188469598,,,
CH2,2006,,8.58027397605956,,,
CH2,2007,,8.69202506840009,,,
CH2,2008,,8.77958491712205,,,
CH2,2009,,8.86437524101924,,,
CH2,2010,,8.95494040619103,,,
CH2,2011,,,,,
CH2,2012,,,,,
CH2,2013,,,,,
CHE,1992,1,10.4064097029257,9.938,0.544095,-0.388982423811581
CHE,1993,1,10.3954587434499,9.902,0.544095,-0.388982423811581
CHE,1994,1,10.4044979225722,9.866,0.544095,-0.388982423811581
CHE,1995,1,10.4044724852292,9.83,0.544095,-0.388982423811581
CHE,1996,1,10.4054702552299,9.82,0.544095,-0.388982423811581
CHE,1997,1,10.4215965204702,9.81,0.544095,-0.388982423811581
CHE,1998,1,10.4506520386017,9.8,0.544095,-0.388982423811581
CHE,1999,1,10.4558737798332,9.79,0.544095,-0.388982423811581
CHE,2000,1,10.4856279366257,9.78,0.544095,-0.388982423811581
CHE,2001,1,10.4900881103468,9.934,0.544095,-0.388982423811581
CHE,2002,1,10.4872934100557,10.088,0.544095,-0.388982423811581
CHE,2003,1,10.4779854910725,10.242,0.544095,-0.388982423811581
CHE,2004,1,10.4975523298949,10.396,0.544095,-0.388982423811581
CHE,2005,1,10.5185097438911,10.55,0.544095,-0.388982423811581
CHE,2006,1,10.5496668717313,11.044,0.544095,-0.388982423811581
CHE,2007,1,10.5808118295526,11.538,0.544095,-0.388982423811581
CHE,2008,1,10.5965740038521,12.032,0.544095,-0.388982423811581
CHE,2009,1,10.5729244033236,12.526,0.544095,-0.388982423811581
CHE,2010,1,10.5960852240186,13.02,0.544095,-0.388982423811581
CHE,2011,1,,13.02,0.544095,-0.388982423811581
CHE,2012,1,,13.02,0.544095,-0.388982423811581
CHE,2013,1,,13.02,0.544095,-0.388982423811581
CHL,1992,0.9,8.78186670677185,8.528,0.1870761,0.244645196273816
CHL,1993,0.9,8.83817483528744,8.612,0.1870761,0.244645196273816
CHL,1994,0.9,8.88528263200792,8.696,0.1870761,0.244645196273816
CHL,1995,0.9,8.98350376385216,8.78,0.1870761,0.244645196273816
CHL,1996,0.9,9.04738487321944,8.838,0.1870761,0.244645196273816
CHL,1997,0.9,9.10283821843711,8.896,0.1870761,0.244645196273816
CHL,1998,0.9,9.12447529667711,8.954,0.1870761,0.244645196273816
CHL,1999,0.9,9.10764826246499,9.012,0.1870761,0.244645196273816
CHL,2000,0.95,9.14198211453628,9.07,0.1870761,0.244645196273816
CHL,2001,0.95,9.16716582180315,9.19,0.1870761,0.244645196273816
CHL,2002,0.95,9.17618131444872,9.31,0.1870761,0.244645196273816
CHL,2003,0.95,9.20420212306351,9.43,0.1870761,0.244645196273816
CHL,2004,0.95,9.2605520474148,9.55,0.1870761,0.244645196273816
CHL,2005,0.95,9.31184813222425,9.67,0.1870761,0.244645196273816
CHL,2006,1,9.349243651371,9.692,0.1870761,0.244645196273816
CHL,2007,1,9.39078994394938,9.714,0.1870761,0.244645196273816
CHL,2008,1,9.42782447333222,9.736,0.1870761,0.244645196273816
CHL,2009,1,9.37856733424942,9.758,0.1870761,0.244645196273816
CHL,2010,1,9.43546415964754,9.78,0.1870761,0.244645196273816
CHL,2011,1,,9.78,0.1870761,0.244645196273816
CHL,2012,1,,9.78,0.1870761,0.244645196273816
CHL,2013,1,,9.78,0.1870761,0.244645196273816
CHN,1992,0.15,7.24965610305184,6.34,0.1326977,-0.392945056900648
CHN,1993,0.15,7.37153946533938,6.49,0.1326977,-0.392945056900648
CHN,1994,0.15,7.48099557317938,6.64,0.1326977,-0.392945056900648
CHN,1995,0.15,7.5659293689736,6.79,0.1326977,-0.392945056900648
CHN,1996,0.15,7.650853068611,6.908,0.1326977,-0.392945056900648
CHN,1997,0.15,7.73023557011292,7.026,0.1326977,-0.392945056900648
CHN,1998,0.15,7.79981198279596,7.144,0.1326977,-0.392945056900648
CHN,1999,0.15,7.86954322951264,7.262,0.1326977,-0.392945056900648
CHN,2000,0.15,7.94533544118174,7.38,0.1326977,-0.392945056900648
CHN,2001,0.15,8.02044795963163,7.442,0.1326977,-0.392945056900648
CHN,2002,0.15,8.09973875324396,7.504,0.1326977,-0.392945056900648
CHN,2003,0.15,8.18587486877783,7.566,0.1326977,-0.392945056900648
CHN,2004,0.15,8.27275173666898,7.628,0.1326977,-0.392945056900648
CHN,2005,0.15,8.3745044475431,7.69,0.1326977,-0.392945056900648
CHN,2006,0.15,8.48784320577519,7.742,0.1326977,-0.392945056900648
CHN,2007,0.15,8.61465928696321,7.794,0.1326977,-0.392945056900648
CHN,2008,0.15,8.70186938462678,7.846,0.1326977,-0.392945056900648
CHN,2009,0.15,8.78255488674219,7.898,0.1326977,-0.392945056900648
CHN,2010,0.15,8.87200536765399,7.95,0.1326977,-0.392945056900648
CHN,2011,0.15,,7.95,0.1326977,-0.392945056900648
CHN,2012,0.15,,7.95,0.1326977,-0.392945056900648
CHN,2013,0.15,,7.95,0.1326977,-0.392945056900648
CIV,1992,0.15,7.26981682847685,2.934,0.784203,
CIV,1993,0.2,7.22374277814006,3.056,0.784203,
CIV,1994,0.2,7.19416375773265,3.178,0.784203,
CIV,1995,0.2,7.22811834129449,3.3,0.784203,
CIV,1996,0.2,7.27694292558865,3.414,0.784203,
CIV,1997,0.2,7.29974675872084,3.528,0.784203,
CIV,1998,0.2,7.32447983724041,3.642,0.784203,
CIV,1999,0.45,7.33007950153264,3.756,0.784203,
CIV,2000,0.7,7.29702695168627,3.87,0.784203,
CIV,2001,0.7,7.25118048785775,3.948,0.784203,
CIV,2002,0.5,7.2031835298526,4.026,0.784203,
CIV,2003,0.5,7.17628130948737,4.104,0.784203,
CIV,2004,0.5,7.16767187427304,4.182,0.784203,
CIV,2005,0.5,7.16896439629321,4.26,0.784203,
CIV,2006,0.5,7.15890464724139,4.338,0.784203,
CIV,2007,0.5,7.15671653281854,4.416,0.784203,
CIV,2008,0.5,7.16828544960425,4.494,0.784203,
CIV,2009,0.5,7.14899416664746,4.572,0.784203,
CIV,2010,0.5,7.1574788709537,4.65,0.784203,
CIV,2011,0.7,,4.65,0.784203,
CIV,2012,0.7,,4.65,0.784203,
CIV,2013,0.7,,4.65,0.784203,
CMR,1992,0.25,7.36045147634333,4.622,0.8897894,
CMR,1993,0.25,7.31098447850866,4.748,0.8897894,
CMR,1994,0.25,7.27168582180735,4.874,0.8897894,
CMR,1995,0.25,7.27588295553379,5,0.8897894,
CMR,1996,0.25,7.3171642230688,5.092,0.8897894,
CMR,1997,0.25,7.34411038399925,5.184,0.8897894,
CMR,1998,0.25,7.36681271483755,5.276,0.8897894,
CMR,1999,0.25,7.38351920127609,5.368,0.8897894,
CMR,2000,0.25,7.40011911427407,5.46,0.8897894,
CMR,2001,0.25,7.41624208275967,5.522,0.8897894,
CMR,2002,0.25,7.43431191106578,5.584,0.8897894,
CMR,2003,0.25,7.45143265856291,5.646,0.8897894,
CMR,2004,0.25,7.46225538708344,5.708,0.8897894,
CMR,2005,0.25,7.46318761355213,5.77,0.8897894,
CMR,2006,0.25,7.47285429507948,5.846,0.8897894,
CMR,2007,0.25,7.48510088097736,5.922,0.8897894,
CMR,2008,0.25,7.47138660339155,5.998,0.8897894,
CMR,2009,0.25,7.46497407660167,6.074,0.8897894,
CMR,2010,0.25,7.46629052511391,6.15,0.8897894,
CMR,2011,0.25,,6.15,0.8897894,
CMR,2012,0.25,,6.15,0.8897894,
CMR,2013,0.25,,6.15,0.8897894,
COD,1992,0.5,5.89558837960283,3.256,0.8704723,
COD,1993,0.5,5.71259769058603,3.294,0.8704723,
COD,1994,0.5,5.63373291042321,3.332,0.8704723,
COD,1995,0.5,5.61259047470027,3.37,0.8704723,
COD,1996,0.5,5.55457577326288,3.37,0.8704723,
COD,1997,0.5,5.48817600781713,3.37,0.8704723,
COD,1998,0.5,5.43049931482571,3.37,0.8704723,
COD,1999,0.5,5.32752886455441,3.37,0.8704723,
COD,2000,0.5,5.19183673991118,3.37,0.8704723,
COD,2001,0.5,5.23155208925483,3.394,0.8704723,
COD,2002,0.5,5.30712013791949,3.418,0.8704723,
COD,2003,0.55,5.20258238675897,3.442,0.8704723,
COD,2004,0.65,5.27663882705229,3.466,0.8704723,
COD,2005,0.7,5.33498446223419,3.49,0.8704723,
COD,2006,0.75,5.36516096192827,3.524,0.8704723,
COD,2007,0.75,5.40489030848,3.558,0.8704723,
COD,2008,0.75,5.44105678535929,3.592,0.8704723,
COD,2009,0.75,5.44441606611491,3.626,0.8704723,
COD,2010,0.75,5.48292754573839,3.66,0.8704723,
COD,2011,0.75,,3.66,0.8704723,
COD,2012,0.75,,3.66,0.8704723,
COD,2013,0.75,,3.66,0.8704723,
COG,1992,0.75,7.70145834540438,5.47,0.6871037,
COG,1993,0.75,7.65518529358204,5.52,0.6871037,
COG,1994,0.75,7.61275171075966,5.57,0.6871037,
COG,1995,0.75,7.66554881669327,5.62,0.6871037,
COG,1996,0.75,7.70932127121155,5.63,0.6871037,
COG,1997,0.2,7.71537656989392,5.64,0.6871037,
COG,1998,0.2,7.75775523546019,5.65,0.6871037,
COG,1999,0.2,7.71063787548762,5.66,0.6871037,
COG,2000,0.2,7.7221008900916,5.67,0.6871037,
COG,2001,0.25,7.6769693442339,5.69,0.6871037,
COG,2002,0.3,7.67410443195553,5.71,0.6871037,
COG,2003,0.3,7.63123143594859,5.73,0.6871037,
COG,2004,0.3,7.62394961408419,5.75,0.6871037,
COG,2005,0.3,7.68863982400569,5.77,0.6871037,
COG,2006,0.3,7.70808711972618,5.804,0.6871037,
COG,2007,0.3,7.59733936650868,5.838,0.6871037,
COG,2008,0.3,7.63896216518882,5.872,0.6871037,
COG,2009,0.3,7.66553631761932,5.906,0.6871037,
COG,2010,0.3,7.72035091645873,5.94,0.6871037,
COG,2011,0.3,,5.94,0.6871037,
COG,2012,0.3,,5.94,0.6871037,
COG,2013,0.3,,5.94,0.6871037,
COL,1992,0.95,8.62592332444545,6.182,0.0192682,0.307039244689829
COL,1993,0.95,8.66508525804434,6.278,0.0192682,0.307039244689829
COL,1994,0.95,8.69402704825727,6.374,0.0192682,0.307039244689829
COL,1995,0.85,8.72691614130889,6.47,0.0192682,0.307039244689829
COL,1996,0.85,8.7155187809694,6.556,0.0192682,0.307039244689829
COL,1997,0.85,8.72651796205227,6.642,0.0192682,0.307039244689829
COL,1998,0.85,8.71316678547462,6.728,0.0192682,0.307039244689829
COL,1999,0.85,8.64342723715499,6.814,0.0192682,0.307039244689829
COL,2000,0.85,8.66455127560291,6.9,0.0192682,0.307039244689829
COL,2001,0.85,8.67130361443892,6.932,0.0192682,0.307039244689829
COL,2002,0.85,8.68291644229437,6.964,0.0192682,0.307039244689829
COL,2003,0.85,8.70855804207058,6.996,0.0192682,0.307039244689829
COL,2004,0.85,8.74614801582275,7.028,0.0192682,0.307039244689829
COL,2005,0.85,8.77817059109272,7.06,0.0192682,0.307039244689829
COL,2006,0.85,8.82912562204906,7.438,0.0192682,0.307039244689829
COL,2007,0.85,8.88260811075212,7.816,0.0192682,0.307039244689829
COL,2008,0.85,8.90321260690506,8.194,0.0192682,0.307039244689829
COL,2009,0.85,8.90750717577319,8.572,0.0192682,0.307039244689829
COL,2010,0.85,8.92749341724042,8.95,0.0192682,0.307039244689829
COL,2011,0.85,,8.95,0.0192682,0.307039244689829
COL,2012,0.85,,8.95,0.0192682,0.307039244689829
COL,2013,0.85,,8.95,0.0192682,0.307039244689829
COM,1992,0.7,7.11143629070139,,0.0102913,
COM,1993,0.7,7.08508614639385,,0.0102913,
COM,1994,0.7,6.99670239207516,,0.0102913,
COM,1995,0.5,7.06918714509055,,0.0102913,
COM,1996,0.7,7.00678941008282,,0.0102913,
COM,1997,0.7,6.98398787690496,,0.0102913,
COM,1998,0.7,6.95138860501209,,0.0102913,
COM,1999,0.4,6.92331521377337,,0.0102913,
COM,2000,0.45,6.85199648636587,,0.0102913,
COM,2001,0.5,6.88730691267659,,0.0102913,
COM,2002,0.7,6.91100754981134,,0.0102913,
COM,2003,0.7,6.88327579908213,,0.0102913,
COM,2004,0.8,6.842268159438,,0.0102913,
COM,2005,0.8,6.84569367471704,,0.0102913,
COM,2006,0.95,6.8318302427084,,0.0102913,
COM,2007,0.95,6.81264236447673,,0.0102913,
COM,2008,0.95,6.77158900600433,,0.0102913,
COM,2009,0.95,6.74864276114135,,0.0102913,
COM,2010,0.95,6.75252854996155,,0.0102913,
COM,2011,0.95,,,0.0102913,
COM,2012,0.95,,,0.0102913,
COM,2013,0.95,,,0.0102913,
CPV,1992,0.9,7.36344921899196,,,
CPV,1993,0.9,7.40261867818814,,,
CPV,1994,0.9,7.48715082403625,,,
CPV,1995,0.9,7.50063896635616,,,
CPV,1996,0.9,7.55287129855435,,,
CPV,1997,0.9,7.59208187027051,,,
CPV,1998,0.9,7.62955146226483,,,
CPV,1999,0.9,7.74755233955946,,,
CPV,2000,0.9,7.76314019089737,,,
CPV,2001,1,7.80512798149676,,,
CPV,2002,1,7.85837468080131,,,
CPV,2003,1,7.87624863904651,,,
CPV,2004,1,7.92967595169989,,,
CPV,2005,1,7.95364131953086,,,
CPV,2006,1,8.03866698427603,,,
CPV,2007,1,8.15235013419613,,,
CPV,2008,1,8.21676157214946,,,
CPV,2009,1,8.21128535498159,,,
CPV,2010,1,8.27298278770745,,,
CPV,2011,1,,,,
CPV,2012,1,,,,
CPV,2013,1,,,,
CRI,1992,1,8.93357032538481,7.234,0.0489116000000001,
CRI,1993,1,8.97798425350448,7.296,0.0489116000000001,
CRI,1994,1,8.99358732113534,7.358,0.0489116000000001,
CRI,1995,1,8.9966764292948,7.42,0.0489116000000001,
CRI,1996,1,8.97400524752191,7.476,0.0489116000000001,
CRI,1997,1,9.00571111364463,7.532,0.0489116000000001,
CRI,1998,1,9.05357669349783,7.588,0.0489116000000001,
CRI,1999,1,9.0929593489194,7.644,0.0489116000000001,
CRI,2000,1,9.08974107507752,7.7,0.0489116000000001,
CRI,2001,1,9.0947880837516,7.784,0.0489116000000001,
CRI,2002,1,9.10795350151644,7.868,0.0489116000000001,
CRI,2003,1,9.14453086062464,7.952,0.0489116000000001,
CRI,2004,1,9.16794888771142,8.036,0.0489116000000001,
CRI,2005,1,9.20425346276431,8.12,0.0489116000000001,
CRI,2006,1,9.27034053306936,8.09,0.0489116000000001,
CRI,2007,1,9.32627829855414,8.06,0.0489116000000001,
CRI,2008,1,9.3471783866205,8.03,0.0489116000000001,
CRI,2009,1,9.31882093105249,8,0.0489116000000001,
CRI,2010,1,9.35010988893135,7.97,0.0489116000000001,
CRI,2011,1,,7.97,0.0489116000000001,
CRI,2012,1,,7.97,0.0489116000000001,
CRI,2013,1,,7.97,0.0489116000000001,
CSK,1992,0.85,,,,
CSK,1993,,,,,
CSK,1994,,,,,
CSK,1995,,,,,
CSK,1996,,,,,
CSK,1997,,,,,
CSK,1998,,,,,
CSK,1999,,,,,
CSK,2000,,,,,
CSK,2001,,,,,
CSK,2002,,,,,
CSK,2003,,,,,
CSK,2004,,,,,
CSK,2005,,,,,
CSK,2006,,,,,
CSK,2007,,,,,
CSK,2008,,,,,
CSK,2009,,,,,
CSK,2010,,,,,
CSK,2011,,,,,
CSK,2012,,,,,
CSK,2013,,,,,
CUB,1992,0.15,8.84084757437645,8.644,,
CUB,1993,0.15,8.72205882646662,8.696,,
CUB,1994,0.15,8.72697906743625,8.748,,
CUB,1995,0.15,8.72298893532569,8.8,,
CUB,1996,0.15,8.76035774770206,8.822,,
CUB,1997,0.15,8.78103048707116,8.844,,
CUB,1998,0.15,8.7898026418158,8.866,,
CUB,1999,0.15,8.84422739525093,8.888,,
CUB,2000,0.15,8.88140788039621,8.91,,
CUB,2001,0.15,8.91409020057442,9.03,,
CUB,2002,0.15,8.93934296724179,9.15,,
CUB,2003,0.15,8.98956475707385,9.27,,
CUB,2004,0.15,9.03214152517457,9.39,,
CUB,2005,0.15,9.09921388570232,9.51,,
CUB,2006,0.15,9.21515770218618,9.64,,
CUB,2007,0.15,9.28197712383589,9.77,,
CUB,2008,0.15,9.29706383082136,9.9,,
CUB,2009,0.15,9.3338561794944,10.03,,
CUB,2010,0.15,9.35104504462409,10.16,,
CUB,2011,0.15,,10.16,,
CUB,2012,0.15,,10.16,,
CUB,2013,0.15,,10.16,,
CYP,1992,1,9.58730316282596,9.324,0.3961601,0.216024449116653
CYP,1993,1,9.54049325425687,9.416,0.3961601,0.216024449116653
CYP,1994,1,9.58238585667637,9.508,0.3961601,0.216024449116653
CYP,1995,1,9.65540113620696,9.6,0.3961601,0.216024449116653
CYP,1996,1,9.64768486445497,9.668,0.3961601,0.216024449116653
CYP,1997,1,9.64446284540935,9.736,0.3961601,0.216024449116653
CYP,1998,1,9.67745550659757,9.804,0.3961601,0.216024449116653
CYP,1999,1,9.70517175394874,9.872,0.3961601,0.216024449116653
CYP,2000,1,9.74620928597941,9.94,0.3961601,0.216024449116653
CYP,2001,1,9.76654803851513,9.808,0.3961601,0.216024449116653
CYP,2002,1,9.77446855868103,9.676,0.3961601,0.216024449116653
CYP,2003,1,9.77060006844372,9.544,0.3961601,0.216024449116653
CYP,2004,1,9.79731161156498,9.412,0.3961601,0.216024449116653
CYP,2005,1,9.81137778340475,9.28,0.3961601,0.216024449116653
CYP,2006,1,9.83222959145525,9.638,0.3961601,0.216024449116653
CYP,2007,1,9.86961221056869,9.996,0.3961601,0.216024449116653
CYP,2008,1,9.88965418974801,10.354,0.3961601,0.216024449116653
CYP,2009,1,9.84573662391161,10.712,0.3961601,0.216024449116653
CYP,2010,1,9.83925136654401,11.07,0.3961601,0.216024449116653
CYP,2011,1,,11.07,0.3961601,0.216024449116653
CYP,2012,1,,11.07,0.3961601,0.216024449116653
CYP,2013,1,,11.07,0.3961601,0.216024449116653
CZE,1992,,9.51967752296462,11.294,0.323343,-0.477612415145638
CZE,1993,1,9.52740526055379,11.526,0.323343,-0.477612415145638
CZE,1994,1,9.56406788694054,11.758,0.323343,-0.477612415145638
CZE,1995,1,9.62105980484471,11.99,0.323343,-0.477612415145638
CZE,1996,1,9.67275864708853,12.13,0.323343,-0.477612415145638
CZE,1997,1,9.66699827644547,12.27,0.323343,-0.477612415145638
CZE,1998,1,9.66257049578609,12.41,0.323343,-0.477612415145638
CZE,1999,1,9.68075487880016,12.55,0.323343,-0.477612415145638
CZE,2000,1,9.71685183923705,12.69,0.323343,-0.477612415145638
CZE,2001,1,9.75020421279402,12.698,0.323343,-0.477612415145638
CZE,2002,1,9.77434307030519,12.706,0.323343,-0.477612415145638
CZE,2003,1,9.81241359214569,12.714,0.323343,-0.477612415145638
CZE,2004,1,9.85762131808735,12.722,0.323343,-0.477612415145638
CZE,2005,1,9.92068306882875,12.73,0.323343,-0.477612415145638
CZE,2006,0.95,9.98806958459296,12.744,0.323343,-0.477612415145638
CZE,2007,0.95,10.0437904803783,12.758,0.323343,-0.477612415145638
CZE,2008,0.95,10.075711325718,12.772,0.323343,-0.477612415145638
CZE,2009,0.95,10.0302467938266,12.786,0.323343,-0.477612415145638
CZE,2010,0.95,10.0603202336804,12.8,0.323343,-0.477612415145638
CZE,2011,0.95,,12.8,0.323343,-0.477612415145638
CZE,2012,0.95,,12.8,0.323343,-0.477612415145638
CZE,2013,0.95,,12.8,0.323343,-0.477612415145638
DEU,1992,1,10.2395149982525,8.936,0.1642306,-0.598678730771079
DEU,1993,1,10.221609441583,9.104,0.1642306,-0.598678730771079
DEU,1994,1,10.2432790159243,9.272,0.1642306,-0.598678730771079
DEU,1995,1,10.2571781852446,9.44,0.1642306,-0.598678730771079
DEU,1996,1,10.2608893431028,9.564,0.1642306,-0.598678730771079
DEU,1997,1,10.2765892324844,9.688,0.1642306,-0.598678730771079
DEU,1998,1,10.2955188881598,9.812,0.1642306,-0.598678730771079
DEU,1999,1,10.3137080225006,9.936,0.1642306,-0.598678730771079
DEU,2000,1,10.3416764779986,10.06,0.1642306,-0.598678730771079
DEU,2001,1,10.3531719409207,10.378,0.1642306,-0.598678730771079
DEU,2002,1,10.3486767865513,10.696,0.1642306,-0.598678730771079
DEU,2003,1,10.3449524151842,11.014,0.1642306,-0.598678730771079
DEU,2004,1,10.3559860068616,11.332,0.1642306,-0.598678730771079
DEU,2005,1,10.3627295463292,11.65,0.1642306,-0.598678730771079
DEU,2006,1,10.4020995389559,11.794,0.1642306,-0.598678730771079
DEU,2007,1,10.4382390413582,11.938,0.1642306,-0.598678730771079
DEU,2008,1,10.4511814758431,12.082,0.1642306,-0.598678730771079
DEU,2009,1,10.395489610022,12.226,0.1642306,-0.598678730771079
DEU,2010,1,10.436732849556,12.37,0.1642306,-0.598678730771079
DEU,2011,1,,12.37,0.1642306,-0.598678730771079
DEU,2012,1,,12.37,0.1642306,-0.598678730771079
DEU,2013,1,,12.37,0.1642306,-0.598678730771079
DJI,1992,0.15,7.58540214383456,,0.6558025,
DJI,1993,0.15,7.59831807213798,,0.6558025,
DJI,1994,0.15,7.64212938141219,,0.6558025,
DJI,1995,0.15,7.69260372741421,,0.6558025,
DJI,1996,0.2,7.62718379709888,,0.6558025,
DJI,1997,0.2,7.59628397810675,,0.6558025,
DJI,1998,0.2,7.51467407662348,,0.6558025,
DJI,1999,0.55,7.61501358997349,,0.6558025,
DJI,2000,0.55,7.58809042334882,,0.6558025,
DJI,2001,0.55,7.49831365370081,,0.6558025,
DJI,2002,0.55,7.49281189892266,,0.6558025,
DJI,2003,0.55,7.53536940706212,,0.6558025,
DJI,2004,0.55,7.60396605608423,,0.6558025,
DJI,2005,0.6,7.6056625540945,,0.6558025,
DJI,2006,0.6,7.66815909133017,,0.6558025,
DJI,2007,0.6,7.65048161261599,,0.6558025,
DJI,2008,0.6,7.64275528444609,,0.6558025,
DJI,2009,0.6,7.72583303545447,,0.6558025,
DJI,2010,0.6,7.7876091529302,,0.6558025,
DJI,2011,0.6,,,0.6558025,
DJI,2012,0.6,,,0.6558025,
DJI,2013,0.65,,,0.6558025,
DMA,1992,,8.50912431821887,,,
DMA,1993,,8.50755254383106,,,
DMA,1994,,8.52195812880954,,,
DMA,1995,,8.52118210730247,,,
DMA,1996,,8.51230813656136,,,
DMA,1997,,8.53709992890061,,,
DMA,1998,,8.62351839078907,,,
DMA,1999,,8.62679349565471,,,
DMA,2000,,8.63831016371562,,,
DMA,2001,,8.62497652492711,,,
DMA,2002,,8.59315162616607,,,
DMA,2003,,8.66089380404486,,,
DMA,2004,,8.68815089416016,,,
DMA,2005,,8.68723990910753,,,
DMA,2006,,8.72907411409235,,,
DMA,2007,,8.78418319401075,,,
DMA,2008,,8.84484743079668,,,
DMA,2009,,8.84847016350534,,,
DMA,2010,,8.90247593076196,,,
DMA,2011,,,,,
DMA,2012,,,,,
DMA,2013,,,,,
DNK,1992,1,10.1951605584083,9.626,0.1049465,-0.820880258230786
DNK,1993,1,10.1870199338418,9.764,0.1049465,-0.820880258230786
DNK,1994,1,10.2425213602809,9.902,0.1049465,-0.820880258230786
DNK,1995,1,10.2729306533563,10.04,0.1049465,-0.820880258230786
DNK,1996,1,10.2949411029012,10.186,0.1049465,-0.820880258230786
DNK,1997,1,10.3287839376935,10.332,0.1049465,-0.820880258230786
DNK,1998,1,10.3501122696224,10.478,0.1049465,-0.820880258230786
DNK,1999,1,10.370242719863,10.624,0.1049465,-0.820880258230786
DNK,2000,1,10.4080205410763,10.77,0.1049465,-0.820880258230786
DNK,2001,1,10.4098795384994,10.836,0.1049465,-0.820880258230786
DNK,2002,1,10.4126694087562,10.902,0.1049465,-0.820880258230786
DNK,2003,1,10.4111409022572,10.968,0.1049465,-0.820880258230786
DNK,2004,1,10.4316368246734,11.034,0.1049465,-0.820880258230786
DNK,2005,1,10.4538457379122,11.1,0.1049465,-0.820880258230786
DNK,2006,1,10.4878143535337,11.14,0.1049465,-0.820880258230786
DNK,2007,1,10.5003771608948,11.18,0.1049465,-0.820880258230786
DNK,2008,1,10.4872000858959,11.22,0.1049465,-0.820880258230786
DNK,2009,1,10.4150179012452,11.26,0.1049465,-0.820880258230786
DNK,2010,1,10.4254016023782,11.3,0.1049465,-0.820880258230786
DNK,2011,1,,11.3,0.1049465,-0.820880258230786
DNK,2012,1,,11.3,0.1049465,-0.820880258230786
DNK,2013,1,,11.3,0.1049465,-0.820880258230786
DOM,1992,0.75,8.53860954227361,6.128,0.0394729,0.170768234438149
DOM,1993,0.75,8.59202966345661,6.192,0.0394729,0.170768234438149
DOM,1994,0.75,8.60496666156742,6.256,0.0394729,0.170768234438149
DOM,1995,0.75,8.63120787385554,6.32,0.0394729,0.170768234438149
DOM,1996,0.9,8.6787582163697,6.4,0.0394729,0.170768234438149
DOM,1997,0.9,8.74645698681006,6.48,0.0394729,0.170768234438149
DOM,1998,0.9,8.81566479685394,6.56,0.0394729,0.170768234438149
DOM,1999,0.9,8.85622392033156,6.64,0.0394729,0.170768234438149
DOM,2000,0.9,8.89385534292889,6.72,0.0394729,0.170768234438149
DOM,2001,0.9,8.89725891074924,6.816,0.0394729,0.170768234438149
DOM,2002,0.9,8.93633346978283,6.912,0.0394729,0.170768234438149
DOM,2003,0.9,8.88547347150134,7.008,0.0394729,0.170768234438149
DOM,2004,0.9,8.88620344198413,7.104,0.0394729,0.170768234438149
DOM,2005,0.9,8.97409425568461,7.2,0.0394729,0.170768234438149
DOM,2006,0.9,9.06825980149518,7.316,0.0394729,0.170768234438149
DOM,2007,0.9,9.13896213264942,7.432,0.0394729,0.170768234438149
DOM,2008,0.9,9.18451024302407,7.548,0.0394729,0.170768234438149
DOM,2009,0.9,9.19671981395232,7.664,0.0394729,0.170768234438149
DOM,2010,0.9,9.25941074945363,7.78,0.0394729,0.170768234438149
DOM,2011,0.9,,7.78,0.0394729,0.170768234438149
DOM,2012,0.9,,7.78,0.0394729,0.170768234438149
DOM,2013,0.9,,7.78,0.0394729,0.170768234438149
DZA,1992,0.15,8.48470306304838,5.008,0.4426619,0.311793425822731
DZA,1993,0.15,8.44218110812334,5.142,0.4426619,0.311793425822731
DZA,1994,0.15,8.40880896187299,5.276,0.4426619,0.311793425822731
DZA,1995,0.35,8.42660543348433,5.41,0.4426619,0.311793425822731
DZA,1996,0.35,8.46088575137418,5.462,0.4426619,0.311793425822731
DZA,1997,0.35,8.4539836677302,5.514,0.4426619,0.311793425822731
DZA,1998,0.35,8.49404744890172,5.566,0.4426619,0.311793425822731
DZA,1999,0.35,8.50952744842255,5.618,0.4426619,0.311793425822731
DZA,2000,0.35,8.51471932324617,5.67,0.4426619,0.311793425822731
DZA,2001,0.35,8.53014899653128,5.644,0.4426619,0.311793425822731
DZA,2002,0.35,8.56665262568875,5.618,0.4426619,0.311793425822731
DZA,2003,0.35,8.62214384274916,5.592,0.4426619,0.311793425822731
DZA,2004,0.6,8.65910590652499,5.566,0.4426619,0.311793425822731
DZA,2005,0.6,8.69764268213747,5.54,0.4426619,0.311793425822731
DZA,2006,0.6,8.70008254195148,5.768,0.4426619,0.311793425822731
DZA,2007,0.6,8.71788912553626,5.996,0.4426619,0.311793425822731
DZA,2008,0.6,8.72913557396513,6.224,0.4426619,0.311793425822731
DZA,2009,0.6,8.72925897283923,6.452,0.4426619,0.311793425822731
DZA,2010,0.6,8.74246897204101,6.68,0.4426619,0.311793425822731
DZA,2011,0.6,,6.68,0.4426619,0.311793425822731
DZA,2012,0.6,,6.68,0.4426619,0.311793425822731
DZA,2013,0.6,,6.68,0.4426619,0.311793425822731
ECU,1992,0.95,8.46219448777648,7.04,0.1308116,
ECU,1993,0.95,8.45591993592371,7.06,0.1308116,
ECU,1994,0.95,8.48042984596742,7.08,0.1308116,
ECU,1995,0.95,8.47606295583209,7.1,0.1308116,
ECU,1996,0.95,8.46953616947459,7.1,0.1308116,
ECU,1997,0.95,8.49074730989875,7.1,0.1308116,
ECU,1998,0.95,8.49552095877305,7.1,0.1308116,
ECU,1999,0.95,8.40890094870997,7.1,0.1308116,
ECU,2000,0.8,8.43958651037071,7.1,0.1308116,
ECU,2001,0.8,8.48218730885367,7.154,0.1308116,
ECU,2002,0.8,8.51022491489223,7.208,0.1308116,
ECU,2003,0.8,8.52011000561474,7.262,0.1308116,
ECU,2004,0.8,8.57753900458092,7.316,0.1308116,
ECU,2005,0.8,8.61612916301324,7.37,0.1308116,
ECU,2006,0.85,8.64612396869049,7.416,0.1308116,
ECU,2007,0.75,8.65556432351519,7.462,0.1308116,
ECU,2008,0.75,8.71193569959847,7.508,0.1308116,
ECU,2009,0.75,8.69399379001252,7.554,0.1308116,
ECU,2010,0.75,8.73661344334997,7.6,0.1308116,
ECU,2011,0.75,,7.6,0.1308116,
ECU,2012,0.75,,7.6,0.1308116,
ECU,2013,0.75,,7.6,0.1308116,
EGY,1992,0.2,7.96003711494875,4.694,0.023699,0.595518462649221
EGY,1993,0.2,7.99452838842662,4.836,0.023699,0.595518462649221
EGY,1994,0.2,8.01400792775564,4.978,0.023699,0.595518462649221
EGY,1995,0.2,8.04527293926169,5.12,0.023699,0.595518462649221
EGY,1996,0.2,8.08065680377228,5.302,0.023699,0.595518462649221
EGY,1997,0.2,8.0929894620097,5.484,0.023699,0.595518462649221
EGY,1998,0.2,8.13011401285584,5.666,0.023699,0.595518462649221
EGY,1999,0.2,8.17047085037901,5.848,0.023699,0.595518462649221
EGY,2000,0.2,8.20458410079991,6.03,0.023699,0.595518462649221
EGY,2001,0.2,8.22304647394216,6.156,0.023699,0.595518462649221
EGY,2002,0.2,8.23143677282239,6.282,0.023699,0.595518462649221
EGY,2003,0.2,8.24507355120842,6.408,0.023699,0.595518462649221
EGY,2004,0.2,8.26581128611309,6.534,0.023699,0.595518462649221
EGY,2005,0.35,8.28611499003546,6.66,0.023699,0.595518462649221
EGY,2006,0.35,8.33473066626271,6.758,0.023699,0.595518462649221
EGY,2007,0.35,8.37600611188336,6.856,0.023699,0.595518462649221
EGY,2008,0.35,8.42509470475762,6.954,0.023699,0.595518462649221
EGY,2009,0.35,8.45791468547666,7.052,0.023699,0.595518462649221
EGY,2010,0.35,8.48752269465249,7.15,0.023699,0.595518462649221
EGY,2011,0.4,,7.15,0.023699,0.595518462649221
EGY,2012,0.35,,7.15,0.023699,0.595518462649221
EGY,2013,0.3,,7.15,0.023699,0.595518462649221
ERI,1992,,6.43687287106751,,0.6530491,
ERI,1993,0.2,6.52946353168682,,0.6530491,
ERI,1994,0.2,6.66150438917944,,0.6530491,
ERI,1995,0.2,6.69979136788289,,0.6530491,
ERI,1996,0.2,6.69588411307074,,0.6530491,
ERI,1997,0.2,6.70550518642098,,0.6530491,
ERI,1998,0.2,6.81857485195792,,0.6530491,
ERI,1999,0.2,6.81804767098262,,0.6530491,
ERI,2000,0.2,6.69939612161535,,0.6530491,
ERI,2001,0.15,6.69397257663009,,0.6530491,
ERI,2002,0.15,6.66814043648073,,0.6530491,
ERI,2003,0.15,6.63624530255342,,0.6530491,
ERI,2004,0.15,6.56530007394034,,0.6530491,
ERI,2005,0.15,6.55763315591148,,0.6530491,
ERI,2006,0.15,6.48335718041554,,0.6530491,
ERI,2007,0.15,6.47961610748444,,0.6530491,
ERI,2008,0.15,6.36950581022015,,0.6530491,
ERI,2009,0.15,6.35918423822612,,0.6530491,
ERI,2010,0.15,6.37672287918287,,0.6530491,
ERI,2011,0.15,,,0.6530491,
ERI,2012,0.15,,,0.6530491,
ERI,2013,0.15,,,0.6530491,
ESP,1992,1,9.94407149381196,7.456,0.4132178,0.0316669562472316
ESP,1993,1,9.92376437733388,7.674,0.4132178,0.0316669562472316
ESP,1994,1,9.94630816456917,7.892,0.4132178,0.0316669562472316
ESP,1995,1,9.97521951086399,8.11,0.4132178,0.0316669562472316
ESP,1996,1,9.99879263982749,8.274,0.4132178,0.0316669562472316
ESP,1997,1,10.0352463864751,8.438,0.4132178,0.0316669562472316
ESP,1998,1,10.0811214689917,8.602,0.4132178,0.0316669562472316
ESP,1999,1,10.1257775187302,8.766,0.4132178,0.0316669562472316
ESP,2000,1,10.1675047484671,8.93,0.4132178,0.0316669562472316
ESP,2001,1,10.1928921276156,9.168,0.4132178,0.0316669562472316
ESP,2002,1,10.2047822672507,9.406,0.4132178,0.0316669562472316
ESP,2003,1,10.2192278666479,9.644,0.4132178,0.0316669562472316
ESP,2004,1,10.2345536879899,9.882,0.4132178,0.0316669562472316
ESP,2005,1,10.2515134100793,10.12,0.4132178,0.0316669562472316
ESP,2006,1,10.2727300022489,10.15,0.4132178,0.0316669562472316
ESP,2007,1,10.2884746770404,10.18,0.4132178,0.0316669562472316
ESP,2008,1,10.2800948912724,10.21,0.4132178,0.0316669562472316
ESP,2009,1,10.2278952760658,10.24,0.4132178,0.0316669562472316
ESP,2010,1,10.215795116533,10.27,0.4132178,0.0316669562472316
ESP,2011,1,,10.27,0.4132178,0.0316669562472316
ESP,2012,1,,10.27,0.4132178,0.0316669562472316
ESP,2013,1,,10.27,0.4132178,0.0316669562472316
EST,1992,0.8,8.91265463027223,9.666,0.4944277,-0.55378446804049
EST,1993,0.8,8.86565419840352,9.904,0.4944277,-0.55378446804049
EST,1994,0.8,8.86045210017749,10.142,0.4944277,-0.55378446804049
EST,1995,0.8,8.94013656743217,10.38,0.4944277,-0.55378446804049
EST,1996,0.8,9.00238096323857,10.586,0.4944277,-0.55378446804049
EST,1997,0.8,9.11429136675556,10.792,0.4944277,-0.55378446804049
EST,1998,0.8,9.18873882365499,10.998,0.4944277,-0.55378446804049
EST,1999,0.85,9.20663188947745,11.204,0.4944277,-0.55378446804049
EST,2000,0.95,9.30417228732217,11.41,0.4944277,-0.55378446804049
EST,2001,0.95,9.36988873606012,11.482,0.4944277,-0.55378446804049
EST,2002,0.95,9.43551845829972,11.554,0.4944277,-0.55378446804049
EST,2003,0.95,9.51717425366448,11.626,0.4944277,-0.55378446804049
EST,2004,0.95,9.58697247641728,11.698,0.4944277,-0.55378446804049
EST,2005,0.95,9.677988385311,11.77,0.4944277,-0.55378446804049
EST,2006,0.95,9.77780622389044,11.838,0.4944277,-0.55378446804049
EST,2007,0.95,9.85572287493556,11.906,0.4944277,-0.55378446804049
EST,2008,0.95,9.81709635901115,11.974,0.4944277,-0.55378446804049
EST,2009,0.95,9.70982161357785,12.042,0.4944277,-0.55378446804049
EST,2010,0.95,9.74168207646992,12.11,0.4944277,-0.55378446804049
EST,2011,0.95,,12.11,0.4944277,-0.55378446804049
EST,2012,0.95,,12.11,0.4944277,-0.55378446804049
EST,2013,0.95,,12.11,0.4944277,-0.55378446804049
ETH,1992,0.5,5.8158103857517,,0.8073233,
ETH,1993,0.55,5.91478455280849,,0.8073233,
ETH,1994,0.55,5.91226938758485,,0.8073233,
ETH,1995,0.55,5.96043595930964,,0.8073233,
ETH,1996,0.55,6.04180593900133,,0.8073233,
ETH,1997,0.55,6.05800097753247,,0.8073233,
ETH,1998,0.55,5.98767160897898,,0.8073233,
ETH,1999,0.55,6.01993690061564,,0.8073233,
ETH,2000,0.55,6.02824922705467,,0.8073233,
ETH,2001,0.55,6.06895558658962,,0.8073233,
ETH,2002,0.55,6.05750329373495,,0.8073233,
ETH,2003,0.55,6.00606626566835,,0.8073233,
ETH,2004,0.55,6.06107053538708,,0.8073233,
ETH,2005,0.35,6.16353932735371,,0.8073233,
ETH,2006,0.35,6.24141728871981,,0.8073233,
ETH,2007,0.35,6.32428168884023,,0.8073233,
ETH,2008,0.35,6.40045599564623,,0.8073233,
ETH,2009,0.35,6.46292089077797,,0.8073233,
ETH,2010,0.35,6.52272312112195,,0.8073233,
ETH,2011,0.35,,,0.8073233,
ETH,2012,0.35,,,0.8073233,
ETH,2013,0.35,,,0.8073233,
FIN,1992,1,9.97113363962264,7.966,0.1412075,-0.753505005590016
FIN,1993,1,9.94268478175982,8.174,0.1412075,-0.753505005590016
FIN,1994,1,9.98296431570867,8.382,0.1412075,-0.753505005590016
FIN,1995,1,10.0406175021682,8.59,0.1412075,-0.753505005590016
FIN,1996,1,10.0639070023455,8.69,0.1412075,-0.753505005590016
FIN,1997,1,10.1284070127502,8.79,0.1412075,-0.753505005590016
FIN,1998,1,10.1896607224669,8.89,0.1412075,-0.753505005590016
FIN,1999,1,10.2239346318699,8.99,0.1412075,-0.753505005590016
FIN,2000,1,10.2729769869121,9.09,0.1412075,-0.753505005590016
FIN,2001,1,10.290793925305,9.174,0.1412075,-0.753505005590016
FIN,2002,1,10.3016364671836,9.258,0.1412075,-0.753505005590016
FIN,2003,1,10.3139691722166,9.342,0.1412075,-0.753505005590016
FIN,2004,1,10.3531060468242,9.426,0.1412075,-0.753505005590016
FIN,2005,1,10.3826102264636,9.51,0.1412075,-0.753505005590016
FIN,2006,1,10.4227520555371,9.576,0.1412075,-0.753505005590016
FIN,2007,1,10.4778480241844,9.642,0.1412075,-0.753505005590016
FIN,2008,1,10.4786313779336,9.708,0.1412075,-0.753505005590016
FIN,2009,1,10.3651536415768,9.774,0.1412075,-0.753505005590016
FIN,2010,1,10.4039247636101,9.84,0.1412075,-0.753505005590016
FIN,2011,1,,9.84,0.1412075,-0.753505005590016
FIN,2012,1,,9.84,0.1412075,-0.753505005590016
FIN,2013,1,,9.84,0.1412075,-0.753505005590016
FJI,1992,0.75,8.15192597632709,9.486,0.547909,
FJI,1993,0.75,8.16747894315685,9.694,0.547909,
FJI,1994,0.75,8.17638099432787,9.902,0.547909,
FJI,1995,0.75,8.21690880611113,10.11,0.547909,
FJI,1996,0.75,8.25177787079099,10.04,0.547909,
FJI,1997,0.75,8.29100890133818,9.97,0.547909,
FJI,1998,0.8,8.2685061558086,9.9,0.547909,
FJI,1999,0.9,8.26681242361585,9.83,0.547909,
FJI,2000,0.8,8.3491385762202,9.76,0.547909,
FJI,2001,0.75,8.32193283468517,9.684,0.547909,
FJI,2002,0.75,8.33367286641871,9.608,0.547909,
FJI,2003,0.75,8.35488593518469,9.532,0.547909,
FJI,2004,0.8,8.34841504017311,9.456,0.547909,
FJI,2005,0.8,8.39647239925579,9.38,0.547909,
FJI,2006,0.35,8.40518285174002,9.496,0.547909,
FJI,2007,0.3,8.38761926153583,9.612,0.547909,
FJI,2008,0.3,8.37423774662003,9.728,0.547909,
FJI,2009,0.3,8.34541497350846,9.844,0.547909,
FJI,2010,0.3,8.33128372308672,9.96,0.547909,
FJI,2011,0.3,,9.96,0.547909,
FJI,2012,0.3,,9.96,0.547909,
FJI,2013,0.3,,9.96,0.547909,
FRA,1992,1,10.1657211283104,8.118,0.1220981,-0.0381257130147221
FRA,1993,1,10.1493002417178,8.352,0.1220981,-0.0381257130147221
FRA,1994,1,10.1684712411992,8.586,0.1220981,-0.0381257130147221
FRA,1995,1,10.1847990069867,8.82,0.1220981,-0.0381257130147221
FRA,1996,1,10.1885268001633,9.006,0.1220981,-0.0381257130147221
FRA,1997,1,10.2040789345222,9.192,0.1220981,-0.0381257130147221
FRA,1998,1,10.2363445918063,9.378,0.1220981,-0.0381257130147221
FRA,1999,1,10.2654590179134,9.564,0.1220981,-0.0381257130147221
FRA,2000,1,10.2978086253033,9.75,0.1220981,-0.0381257130147221
FRA,2001,1,10.3101796404966,9.824,0.1220981,-0.0381257130147221
FRA,2002,1,10.3126872472531,9.898,0.1220981,-0.0381257130147221
FRA,2003,1,10.316213703718,9.972,0.1220981,-0.0381257130147221
FRA,2004,1,10.3363894871322,10.046,0.1220981,-0.0381257130147221
FRA,2005,1,10.3491432080998,10.12,0.1220981,-0.0381257130147221
FRA,2006,1,10.3681917610612,10.232,0.1220981,-0.0381257130147221
FRA,2007,1,10.3860167456379,10.344,0.1220981,-0.0381257130147221
FRA,2008,1,10.378967708633,10.456,0.1220981,-0.0381257130147221
FRA,2009,1,10.3421285530619,10.568,0.1220981,-0.0381257130147221
FRA,2010,1,10.3513503471896,10.68,0.1220981,-0.0381257130147221
FRA,2011,1,,10.68,0.1220981,-0.0381257130147221
FRA,2012,1,,10.68,0.1220981,-0.0381257130147221
FRA,2013,1,,10.68,0.1220981,-0.0381257130147221
FSM,1992,,7.98481051927302,,0.7483131,
FSM,1993,,8.02560278112183,,0.7483131,
FSM,1994,,8.14671228438234,,0.7483131,
FSM,1995,,8.1806375350797,,0.7483131,
FSM,1996,,8.15221581746076,,0.7483131,
FSM,1997,,8.09115306008755,,0.7483131,
FSM,1998,,8.11064075337908,,0.7483131,
FSM,1999,,8.12265198407831,,0.7483131,
FSM,2000,,8.15926604396926,,0.7483131,
FSM,2001,,8.17711520259686,,0.7483131,
FSM,2002,,8.17717839605293,,0.7483131,
FSM,2003,,8.19584726256805,,0.7483131,
FSM,2004,,8.16683950797449,,0.7483131,
FSM,2005,,8.18522061542099,,0.7483131,
FSM,2006,,8.18675343837881,,0.7483131,
FSM,2007,,8.16537074004042,,0.7483131,
FSM,2008,,8.14490292378613,,0.7483131,
FSM,2009,,8.15360004681792,,0.7483131,
FSM,2010,,8.18641949979362,,0.7483131,
FSM,2011,,,,0.7483131,
FSM,2012,,,,0.7483131,
FSM,2013,,,,0.7483131,
GAB,1992,0.3,9.33509882611354,5.65,0.7820833,
GAB,1993,0.3,9.34722121073796,5.85,0.7820833,
GAB,1994,0.3,9.37824003718149,6.05,0.7820833,
GAB,1995,0.3,9.40194749457406,6.25,0.7820833,
GAB,1996,0.3,9.40488977459457,6.404,0.7820833,
GAB,1997,0.3,9.4538308492527,6.558,0.7820833,
GAB,1998,0.3,9.43537866313661,6.712,0.7820833,
GAB,1999,0.3,9.30617976926568,6.866,0.7820833,
GAB,2000,0.3,9.2947345006241,7.02,0.7820833,
GAB,2001,0.3,9.25956734730116,7.158,0.7820833,
GAB,2002,0.3,9.22582099619148,7.296,0.7820833,
GAB,2003,0.3,9.22201303124512,7.434,0.7820833,
GAB,2004,0.3,9.18900987356374,7.572,0.7820833,
GAB,2005,0.3,9.22230021033681,7.71,0.7820833,
GAB,2006,0.3,9.16460246104147,7.846,0.7820833,
GAB,2007,0.3,9.19977172261942,7.982,0.7820833,
GAB,2008,0.3,9.19704274699793,8.118,0.7820833,
GAB,2009,0.65,9.15772453197903,8.254,0.7820833,
GAB,2010,0.65,9.19987160297558,8.39,0.7820833,
GAB,2011,0.65,,8.39,0.7820833,
GAB,2012,0.65,,8.39,0.7820833,
GAB,2013,0.65,,8.39,0.7820833,
GBR,1992,1,10.0316442389381,9.236,0.0531693,-0.140850757840447
GBR,1993,1,10.0513529246498,9.304,0.0531693,-0.140850757840447
GBR,1994,1,10.0892216228685,9.372,0.0531693,-0.140850757840447
GBR,1995,1,10.1140039651123,9.44,0.0531693,-0.140850757840447
GBR,1996,1,10.1415506987213,9.536,0.0531693,-0.140850757840447
GBR,1997,1,10.2041892929544,9.632,0.0531693,-0.140850757840447
GBR,1998,1,10.2419960117198,9.728,0.0531693,-0.140850757840447
GBR,1999,1,10.2746455623664,9.824,0.0531693,-0.140850757840447
GBR,2000,1,10.3141222377252,9.92,0.0531693,-0.140850757840447
GBR,2001,1,10.341738976945,10.156,0.0531693,-0.140850757840447
GBR,2002,1,10.3644829441379,10.392,0.0531693,-0.140850757840447
GBR,2003,1,10.3952546060774,10.628,0.0531693,-0.140850757840447
GBR,2004,1,10.4193560156872,10.864,0.0531693,-0.140850757840447
GBR,2005,1,10.4336129774377,11.1,0.0531693,-0.140850757840447
GBR,2006,1,10.4540788027516,11.328,0.0531693,-0.140850757840447
GBR,2007,1,10.483200898221,11.556,0.0531693,-0.140850757840447
GBR,2008,1,10.4644896209977,11.784,0.0531693,-0.140850757840447
GBR,2009,1,10.4089980281853,12.012,0.0531693,-0.140850757840447
GBR,2010,1,10.4419674983856,12.24,0.0531693,-0.140850757840447
GBR,2011,1,,12.24,0.0531693,-0.140850757840447
GBR,2012,1,,12.24,0.0531693,-0.140850757840447
GBR,2013,1,,12.24,0.0531693,-0.140850757840447
GEO,1992,0.5,,,0.474852,0.413786240196868
GEO,1993,0.5,7.65391113351196,,0.474852,0.413786240196868
GEO,1994,0.6,7.55587010732988,,0.474852,0.413786240196868
GEO,1995,0.7,7.56437612912936,,0.474852,0.413786240196868
GEO,1996,0.7,7.83607517832164,,0.474852,0.413786240196868
GEO,1997,0.7,7.86710734184761,,0.474852,0.413786240196868
GEO,1998,0.7,7.84222370548771,,0.474852,0.413786240196868
GEO,1999,0.7,7.85036738916538,,0.474852,0.413786240196868
GEO,2000,0.6,7.9738425160256,,0.474852,0.413786240196868
GEO,2001,0.6,7.96930399882195,,0.474852,0.413786240196868
GEO,2002,0.6,8.00894022356465,,0.474852,0.413786240196868
GEO,2003,0.6,8.06404786056169,,0.474852,0.413786240196868
GEO,2004,0.8,8.16471456591907,,0.474852,0.413786240196868
GEO,2005,0.8,8.22482541436367,,0.474852,0.413786240196868
GEO,2006,0.8,8.3511612240677,,0.474852,0.413786240196868
GEO,2007,0.8,8.43600567536792,,0.474852,0.413786240196868
GEO,2008,0.8,8.50192735065335,,0.474852,0.413786240196868
GEO,2009,0.8,8.50864873802108,,0.474852,0.413786240196868
GEO,2010,0.8,8.5371208564635,,0.474852,0.413786240196868
GEO,2011,0.8,,,0.474852,0.413786240196868
GEO,2012,0.8,,,0.474852,0.413786240196868
GEO,2013,0.85,,,0.474852,0.413786240196868
GHA,1992,0.45,7.14212975311872,5.746,0.6730879,
GHA,1993,0.45,7.13550007001838,5.794,0.6730879,
GHA,1994,0.45,7.14547903030975,5.842,0.6730879,
GHA,1995,0.45,7.15725957873512,5.89,0.6730879,
GHA,1996,0.6,7.18894513455158,6,0.6730879,
GHA,1997,0.6,7.20606340883346,6.11,0.6730879,
GHA,1998,0.6,7.22873733178185,6.22,0.6730879,
GHA,1999,0.6,7.25479755072265,6.33,0.6730879,
GHA,2000,0.6,7.29838884640759,6.44,0.6730879,
GHA,2001,0.8,7.29692588651554,6.554,0.6730879,
GHA,2002,0.8,7.32064962503394,6.668,0.6730879,
GHA,2003,0.8,7.34760798427561,6.782,0.6730879,
GHA,2004,0.9,7.37270992371769,6.896,0.6730879,
GHA,2005,0.9,7.41342247235372,7.01,0.6730879,
GHA,2006,0.9,7.44233117471403,7.008,0.6730879,
GHA,2007,0.9,7.4674222870915,7.006,0.6730879,
GHA,2008,0.9,7.55290653254279,7.004,0.6730879,
GHA,2009,0.9,7.57797957912029,7.002,0.6730879,
GHA,2010,0.9,7.64696428747047,7,0.6730879,
GHA,2011,0.9,,7,0.6730879,
GHA,2012,0.9,,7,0.6730879,
GHA,2013,0.9,,7,0.6730879,
GIN,1992,0.25,6.54342526282851,,0.7725216,
GIN,1993,0.25,6.56413932463563,,0.7725216,
GIN,1994,0.25,6.56723129521225,,0.7725216,
GIN,1995,0.45,6.57713613045405,,0.7725216,
GIN,1996,0.45,6.59024377628196,,0.7725216,
GIN,1997,0.45,6.63235638689896,,0.7725216,
GIN,1998,0.45,6.66329667503593,,0.7725216,
GIN,1999,0.45,6.67749308568971,,0.7725216,
GIN,2000,0.45,6.68411595041569,,0.7725216,
GIN,2001,0.45,6.71817975400313,,0.7725216,
GIN,2002,0.45,6.75110046324035,,0.7725216,
GIN,2003,0.45,6.73452073930118,,0.7725216,
GIN,2004,0.45,6.72762441974508,,0.7725216,
GIN,2005,0.45,6.72997131071242,,0.7725216,
GIN,2006,0.45,6.71780479659563,,0.7725216,
GIN,2007,0.45,6.71007851237557,,0.7725216,
GIN,2008,0.45,6.69160709998522,,0.7725216,
GIN,2009,0.45,6.64437414353155,,0.7725216,
GIN,2010,0.55,6.66911774498518,,0.7725216,
GIN,2011,0.55,,,0.7725216,
GIN,2012,0.55,,,0.7725216,
GIN,2013,0.7,,,0.7725216,
GMB,1992,0.9,7.12783634776011,2.03,0.8076314,
GMB,1993,0.9,7.1185068352209,2.17,0.8076314,
GMB,1994,0.15,7.10652802787353,2.31,0.8076314,
GMB,1995,0.15,6.9936847486377,2.45,0.8076314,
GMB,1996,0.2,7.04628538173692,2.488,0.8076314,
GMB,1997,0.25,6.99498675613128,2.526,0.8076314,
GMB,1998,0.25,7.02163662181369,2.564,0.8076314,
GMB,1999,0.25,7.05816693461957,2.602,0.8076314,
GMB,2000,0.25,7.11063424432969,2.64,0.8076314,
GMB,2001,0.25,7.12106986945274,2.762,0.8076314,
GMB,2002,0.25,7.10975754403914,2.884,0.8076314,
GMB,2003,0.25,7.09731837715956,3.006,0.8076314,
GMB,2004,0.25,7.03028151266828,3.128,0.8076314,
GMB,2005,0.25,7.01214400704732,3.25,0.8076314,
GMB,2006,0.25,7.03451425030679,3.354,0.8076314,
GMB,2007,0.25,7.02486534895902,3.458,0.8076314,
GMB,2008,0.25,7.09107028672358,3.562,0.8076314,
GMB,2009,0.25,7.13766553363257,3.666,0.8076314,
GMB,2010,0.25,7.1479287387265,3.77,0.8076314,
GMB,2011,0.25,,3.77,0.8076314,
GMB,2012,0.25,,3.77,0.8076314,
GMB,2013,0.25,,3.77,0.8076314,
GNB,1992,0.25,7.02097133178562,,0.8141338,
GNB,1993,0.25,6.9590942060085,,0.8141338,
GNB,1994,0.6,7.00432200645422,,0.8141338,
GNB,1995,0.6,6.99543067943438,,0.8141338,
GNB,1996,0.6,6.97386472666198,,0.8141338,
GNB,1997,0.6,7.05322238911142,,0.8141338,
GNB,1998,0.5,6.67944016327634,,0.8141338,
GNB,1999,0.65,6.73275148916901,,0.8141338,
GNB,2000,0.75,6.71459091273768,,0.8141338,
GNB,2001,0.75,6.64063236798762,,0.8141338,
GNB,2002,0.75,6.64395923048792,,0.8141338,
GNB,2003,0.45,6.63146587358768,,0.8141338,
GNB,2004,0.45,6.63429442086267,,0.8141338,
GNB,2005,0.8,6.65224151210958,,0.8141338,
GNB,2006,0.8,6.6608445979911,,0.8141338,
GNB,2007,0.8,6.68934861722113,,0.8141338,
GNB,2008,0.8,6.70565288160707,,0.8141338,
GNB,2009,0.8,6.7628043604771,,0.8141338,
GNB,2010,0.8,6.68262492399247,,0.8141338,
GNB,2011,0.8,,,0.8141338,
GNB,2012,0.55,,,0.8141338,
GNB,2013,0.55,,,0.8141338,
GNQ,1992,0.15,6.61852990474589,,0.3220486,
GNQ,1993,0.25,6.65790016021097,,0.3220486,
GNQ,1994,0.25,6.41739365575029,,0.3220486,
GNQ,1995,0.25,6.65784506691087,,0.3220486,
GNQ,1996,0.2,7.31676192045121,,0.3220486,
GNQ,1997,0.2,8.08418134408574,,0.3220486,
GNQ,1998,0.2,8.23921319548031,,0.3220486,
GNQ,1999,0.2,8.46772580972978,,0.3220486,
GNQ,2000,0.2,8.68875893439054,,0.3220486,
GNQ,2001,0.2,9.07613134337397,,0.3220486,
GNQ,2002,0.2,9.24198805370751,,0.3220486,
GNQ,2003,0.2,9.32583066958288,,0.3220486,
GNQ,2004,0.2,9.61634179890636,,0.3220486,
GNQ,2005,0.2,9.60996645645027,,0.3220486,
GNQ,2006,0.2,9.57579275628008,,0.3220486,
GNQ,2007,0.2,9.62905475728669,,0.3220486,
GNQ,2008,0.2,9.6483975623257,,0.3220486,
GNQ,2009,0.2,9.6162004523392,,0.3220486,
GNQ,2010,0.2,9.54382627300416,,0.3220486,
GNQ,2011,0.2,,,0.3220486,
GNQ,2012,0.2,,,0.3220486,
GNQ,2013,0.2,,,0.3220486,
GRC,1992,1,9.7830330019782,8.64,0.0299515,-0.109886969673364
GRC,1993,1,9.75827413785319,8.67,0.0299515,-0.109886969673364
GRC,1994,1,9.77417377644975,8.7,0.0299515,-0.109886969673364
GRC,1995,1,9.79131857889552,8.73,0.0299515,-0.109886969673364
GRC,1996,1,9.81445907587719,8.762,0.0299515,-0.109886969673364
GRC,1997,1,9.84800653375275,8.794,0.0299515,-0.109886969673364
GRC,1998,1,9.88095190623552,8.826,0.0299515,-0.109886969673364
GRC,1999,1,9.91292109611538,8.858,0.0299515,-0.109886969673364
GRC,2000,1,9.95426292401976,8.89,0.0299515,-0.109886969673364
GRC,2001,1,9.99280100947603,9.092,0.0299515,-0.109886969673364
GRC,2002,1,10.022090642878,9.294,0.0299515,-0.109886969673364
GRC,2003,1,10.0852948294025,9.496,0.0299515,-0.109886969673364
GRC,2004,1,10.1238131454123,9.698,0.0299515,-0.109886969673364
GRC,2005,1,10.1388820184885,9.9,0.0299515,-0.109886969673364
GRC,2006,1,10.1963313580431,9.98,0.0299515,-0.109886969673364
GRC,2007,1,10.2256965282168,10.06,0.0299515,-0.109886969673364
GRC,2008,1,10.2191183849499,10.14,0.0299515,-0.109886969673364
GRC,2009,1,10.1717710358496,10.22,0.0299515,-0.109886969673364
GRC,2010,1,10.1352496808277,10.3,0.0299515,-0.109886969673364
GRC,2011,1,,10.3,0.0299515,-0.109886969673364
GRC,2012,1,,10.3,0.0299515,-0.109886969673364
GRC,2013,1,,10.3,0.0299515,-0.109886969673364
GRD,1992,,9.10754733145371,,,
GRD,1993,,9.06818760481125,,,
GRD,1994,,9.0939803009178,,,
GRD,1995,,9.10158361213787,,,
GRD,1996,,9.13109337986869,,,
GRD,1997,,9.36733169002482,,,
GRD,1998,,9.43674399045205,,,
GRD,1999,,9.50481381671433,,,
GRD,2000,,9.59488398552157,,,
GRD,2001,,9.53882810425481,,,
GRD,2002,,9.55038236023134,,,
GRD,2003,,9.63307291931569,,,
GRD,2004,,9.56504630576612,,,
GRD,2005,,9.67345668382044,,,
GRD,2006,,9.63995960670904,,,
GRD,2007,,9.6789532145889,,,
GRD,2008,,9.68156767291773,,,
GRD,2009,,9.59284404901249,,,
GRD,2010,,9.59265704169142,,,
GRD,2011,,,,,
GRD,2012,,,,,
GRD,2013,,,,,
GTM,1992,0.65,8.46375355123353,3.638,0.4585927,
GTM,1993,0.65,8.48416074981703,3.692,0.4585927,
GTM,1994,0.65,8.49271852505736,3.746,0.4585927,
GTM,1995,0.65,8.51121798764867,3.8,0.4585927,
GTM,1996,0.9,8.52525606763219,3.86,0.4585927,
GTM,1997,0.9,8.53526303477968,3.92,0.4585927,
GTM,1998,0.9,8.54749794684124,3.98,0.4585927,
GTM,1999,0.9,8.5725505144399,4.04,0.4585927,
GTM,2000,0.9,8.58953816032835,4.1,0.4585927,
GTM,2001,0.9,8.58958369293839,4.074,0.4585927,
GTM,2002,0.9,8.60724805251932,4.048,0.4585927,
GTM,2003,0.9,8.61071816450505,4.022,0.4585927,
GTM,2004,0.9,8.61747565705666,3.996,0.4585927,
GTM,2005,0.9,8.62852624881753,3.97,0.4585927,
GTM,2006,0.9,8.65991110616233,4.09,0.4585927,
GTM,2007,0.9,8.70099507907959,4.21,0.4585927,
GTM,2008,0.9,8.71191892222976,4.33,0.4585927,
GTM,2009,0.9,8.7021469307762,4.45,0.4585927,
GTM,2010,0.9,8.71460299103921,4.57,0.4585927,
GTM,2011,0.9,,4.57,0.4585927,
GTM,2012,0.9,,4.57,0.4585927,
GTM,2013,0.9,,4.57,0.4585927,
GUY,1992,0.8,7.74341284552694,7.326,0.0688036,
GUY,1993,0.8,7.77993036676404,7.444,0.0688036,
GUY,1994,0.8,7.89247328389993,7.562,0.0688036,
GUY,1995,0.8,7.93267374150571,7.68,0.0688036,
GUY,1996,0.8,8.01351274234969,7.77,0.0688036,
GUY,1997,0.8,8.05719087209649,7.86,0.0688036,
GUY,1998,0.8,8.05801158171346,7.95,0.0688036,
GUY,1999,0.8,8.04276761219265,8.04,0.0688036,
GUY,2000,0.8,8.05882888383967,8.13,0.0688036,
GUY,2001,0.8,8.11997097521763,8.206,0.0688036,
GUY,2002,0.8,8.10634936317305,8.282,0.0688036,
GUY,2003,0.8,8.10515502715838,8.358,0.0688036,
GUY,2004,0.8,8.13227306781247,8.434,0.0688036,
GUY,2005,0.8,8.22339487766219,8.51,0.0688036,
GUY,2006,0.8,8.20972626874066,8.566,0.0688036,
GUY,2007,0.8,8.29632552837746,8.622,0.0688036,
GUY,2008,0.8,8.32107113610286,8.678,0.0688036,
GUY,2009,0.8,8.37272389377705,8.734,0.0688036,
GUY,2010,0.8,8.40683164312604,8.79,0.0688036,
GUY,2011,0.8,,8.79,0.0688036,
GUY,2012,0.8,,8.79,0.0688036,
GUY,2013,0.8,,8.79,0.0688036,
HKG,1992,,10.1080686687953,9.398,,
HKG,1993,,10.1404449666725,9.402,,
HKG,1994,,10.1872288860784,9.406,,
HKG,1995,,10.188892136153,9.41,,
HKG,1996,,10.1994343217251,9.39,,
HKG,1997,,10.2404069965024,9.37,,
HKG,1998,,10.1633851671303,9.35,,
HKG,1999,,10.1695509442116,9.33,,
HKG,2000,,10.2403602712751,9.31,,
HKG,2001,,10.2338936184129,9.684,,
HKG,2002,,10.2412654494832,10.058,,
HKG,2003,,10.2603409961378,10.432,,
HKG,2004,,10.3296147899987,10.806,,
HKG,2005,,10.3898303297021,11.18,,
HKG,2006,,10.4546358539348,11.22,,
HKG,2007,,10.5123762267786,11.26,,
HKG,2008,,10.5272280454008,11.3,,
HKG,2009,,10.4933966296106,11.34,,
HKG,2010,,10.5631999784709,11.38,,
HKG,2011,,,11.38,,
HKG,2012,,,11.38,,
HKG,2013,,,11.38,,
HND,1992,0.8,8.03777358119261,5.038,0.055289,
HND,1993,0.8,8.03934946541276,5.112,0.055289,
HND,1994,0.8,7.96710491897502,5.186,0.055289,
HND,1995,0.8,7.99168863080935,5.26,0.055289,
HND,1996,0.8,8.01064389106518,5.338,0.055289,
HND,1997,0.8,8.03869295428461,5.416,0.055289,
HND,1998,0.8,8.03258113597642,5.494,0.055289,
HND,1999,0.85,7.95864283020714,5.572,0.055289,
HND,2000,0.85,8.00521630366678,5.65,0.055289,
HND,2001,0.85,8.00631598165305,5.726,0.055289,
HND,2002,0.85,8.01258813560365,5.802,0.055289,
HND,2003,0.85,8.02943059266341,5.878,0.055289,
HND,2004,0.85,8.06333144200936,5.954,0.055289,
HND,2005,0.85,8.10134328128457,6.03,0.055289,
HND,2006,0.85,8.14316270035117,6.062,0.055289,
HND,2007,0.85,8.19230984875924,6.094,0.055289,
HND,2008,0.85,8.21589187662528,6.126,0.055289,
HND,2009,0.85,8.1756942592874,6.158,0.055289,
HND,2010,0.85,8.18300220734665,6.19,0.055289,
HND,2011,0.85,,6.19,0.055289,
HND,2012,0.85,,6.19,0.055289,
HND,2013,0.85,,6.19,0.055289,
HRV,1992,0.35,9.0839378854778,8.774,0.0762839,-0.0903092602804222
HRV,1993,0.35,9.00913924247877,8.876,0.0762839,-0.0903092602804222
HRV,1994,0.35,9.0377789437778,8.978,0.0762839,-0.0903092602804222
HRV,1995,0.25,9.12547355835125,9.08,0.0762839,-0.0903092602804222
HRV,1996,0.25,9.20053370991666,9.206,0.0762839,-0.0903092602804222
HRV,1997,0.25,9.28913616910285,9.332,0.0762839,-0.0903092602804222
HRV,1998,0.25,9.30917450608083,9.458,0.0762839,-0.0903092602804222
HRV,1999,0.55,9.29512099643649,9.584,0.0762839,-0.0903092602804222
HRV,2000,0.9,9.3332368352163,9.71,0.0762839,-0.0903092602804222
HRV,2001,0.9,9.36935472082384,9.884,0.0762839,-0.0903092602804222
HRV,2002,0.9,9.41319872440727,10.058,0.0762839,-0.0903092602804222
HRV,2003,0.9,9.46512745132977,10.232,0.0762839,-0.0903092602804222
HRV,2004,0.9,9.50595716924703,10.406,0.0762839,-0.0903092602804222
HRV,2005,0.95,9.54883092285875,10.58,0.0762839,-0.0903092602804222
HRV,2006,0.95,9.5984817960997,10.724,0.0762839,-0.0903092602804222
HRV,2007,0.95,9.64842732976838,10.868,0.0762839,-0.0903092602804222
HRV,2008,0.95,9.67109232880135,11.012,0.0762839,-0.0903092602804222
HRV,2009,0.95,9.6075774605139,11.156,0.0762839,-0.0903092602804222
HRV,2010,0.95,9.59388895059044,11.3,0.0762839,-0.0903092602804222
HRV,2011,0.95,,11.3,0.0762839,-0.0903092602804222
HRV,2012,0.95,,11.3,0.0762839,-0.0903092602804222
HRV,2013,0.95,,11.3,0.0762839,-0.0903092602804222
HTI,1992,0.15,7.11525942456868,3.626,,
HTI,1993,0.15,7.16255963095554,3.724,,
HTI,1994,0.8,7.06359357284457,3.822,,
HTI,1995,0.8,7.16911618841112,3.92,,
HTI,1996,0.85,7.12152699479527,4.002,,
HTI,1997,0.85,7.1279137717589,4.084,,
HTI,1998,0.85,7.13827369738906,4.166,,
HTI,1999,0.65,7.17674552843115,4.248,,
HTI,2000,0.4,7.23549837930848,4.33,,
HTI,2001,0.4,7.20463107083178,4.426,,
HTI,2002,0.4,7.18039000112224,4.522,,
HTI,2003,0.4,7.17425736392752,4.618,,
HTI,2004,0.5,7.12649290219423,4.714,,
HTI,2005,0.65,7.1460217730863,4.81,,
HTI,2006,0.75,7.14998346593741,4.87,,
HTI,2007,0.75,7.14943279207861,4.93,,
HTI,2008,0.75,7.16767105303428,4.99,,
HTI,2009,0.75,7.20164267085385,5.05,,
HTI,2010,0.5,7.25135343475494,5.11,,
HTI,2011,0.5,,5.11,,
HTI,2012,0.5,,5.11,,
HTI,2013,0.5,,5.11,,
HUN,1992,1,9.30557332261659,9.438,0.0296651999999999,-0.0396160313283218
HUN,1993,1,9.32886512422613,9.762,0.0296651999999999,-0.0396160313283218
HUN,1994,1,9.35215911707299,10.086,0.0296651999999999,-0.0396160313283218
HUN,1995,1,9.33855098159482,10.41,0.0296651999999999,-0.0396160313283218
HUN,1996,1,9.33629170187629,10.568,0.0296651999999999,-0.0396160313283218
HUN,1997,1,9.368859058756,10.726,0.0296651999999999,-0.0396160313283218
HUN,1998,1,9.41529186575098,10.884,0.0296651999999999,-0.0396160313283218
HUN,1999,1,9.45312335279995,11.042,0.0296651999999999,-0.0396160313283218
HUN,2000,1,9.49259427835518,11.2,0.0296651999999999,-0.0396160313283218
HUN,2001,1,9.52806436184378,11.292,0.0296651999999999,-0.0396160313283218
HUN,2002,1,9.57995918268492,11.384,0.0296651999999999,-0.0396160313283218
HUN,2003,1,9.62463897338115,11.476,0.0296651999999999,-0.0396160313283218
HUN,2004,1,9.66925405078771,11.568,0.0296651999999999,-0.0396160313283218
HUN,2005,1,9.70964912832948,11.66,0.0296651999999999,-0.0396160313283218
HUN,2006,1,9.74887653847966,11.698,0.0296651999999999,-0.0396160313283218
HUN,2007,1,9.75301685961018,11.736,0.0296651999999999,-0.0396160313283218
HUN,2008,1,9.76337141438105,11.774,0.0296651999999999,-0.0396160313283218
HUN,2009,1,9.69952467570927,11.812,0.0296651999999999,-0.0396160313283218
HUN,2010,1,9.71454959862101,11.85,0.0296651999999999,-0.0396160313283218
HUN,2011,1,,11.85,0.0296651999999999,-0.0396160313283218
HUN,2012,1,,11.85,0.0296651999999999,-0.0396160313283218
HUN,2013,1,,11.85,0.0296651999999999,-0.0396160313283218
IDN,1992,0.15,7.80031565494143,4.356,0.7679988,0.361193114610465
IDN,1993,0.15,7.85108071124098,4.444,0.7679988,0.361193114610465
IDN,1994,0.15,7.9081188538876,4.532,0.7679988,0.361193114610465
IDN,1995,0.15,7.96952057870585,4.62,0.7679988,0.361193114610465
IDN,1996,0.15,8.0260901746207,4.726,0.7679988,0.361193114610465
IDN,1997,0.15,8.05570962854428,4.832,0.7679988,0.361193114610465
IDN,1998,0.25,7.89751224169524,4.938,0.7679988,0.361193114610465
IDN,1999,0.8,7.88281087461545,5.044,0.7679988,0.361193114610465
IDN,2000,0.8,7.91930173826902,5.15,0.7679988,0.361193114610465
IDN,2001,0.8,7.94254910592766,5.402,0.7679988,0.361193114610465
IDN,2002,0.8,7.96349367331156,5.654,0.7679988,0.361193114610465
IDN,2003,0.8,8.01590934766515,5.906,0.7679988,0.361193114610465
IDN,2004,0.9,8.03231838063459,6.158,0.7679988,0.361193114610465
IDN,2005,0.9,8.07841388450002,6.41,0.7679988,0.361193114610465
IDN,2006,0.9,8.10479140501816,6.65,0.7679988,0.361193114610465
IDN,2007,0.9,8.13416144776702,6.89,0.7679988,0.361193114610465
IDN,2008,0.9,8.19330081067046,7.13,0.7679988,0.361193114610465
IDN,2009,0.9,8.24663719454856,7.37,0.7679988,0.361193114610465
IDN,2010,0.9,8.28552318245511,7.61,0.7679988,0.361193114610465
IDN,2011,0.9,,7.61,0.7679988,0.361193114610465
IDN,2012,0.9,,7.61,0.7679988,0.361193114610465
IDN,2013,0.9,,7.61,0.7679988,0.361193114610465
IND,1992,0.9,7.2624896360596,3.718,0.8069049,0.152807566842364
IND,1993,0.9,7.26742531618772,3.852,0.8069049,0.152807566842364
IND,1994,0.9,7.31063914341205,3.986,0.8069049,0.152807566842364
IND,1995,0.9,7.3847757840847,4.12,0.8069049,0.152807566842364
IND,1996,0.9,7.40152828745237,4.302,0.8069049,0.152807566842364
IND,1997,0.9,7.42640822497877,4.484,0.8069049,0.152807566842364
IND,1998,0.95,7.4654807973117,4.666,0.8069049,0.152807566842364
IND,1999,0.95,7.55500790951517,4.848,0.8069049,0.152807566842364
IND,2000,0.95,7.56106979880307,5.03,0.8069049,0.152807566842364
IND,2001,0.95,7.59297250217721,5.15,0.8069049,0.152807566842364
IND,2002,0.95,7.62346390158138,5.27,0.8069049,0.152807566842364
IND,2003,0.95,7.67124723494833,5.39,0.8069049,0.152807566842364
IND,2004,0.95,7.74817649017891,5.51,0.8069049,0.152807566842364
IND,2005,0.95,7.82065099338084,5.63,0.8069049,0.152807566842364
IND,2006,0.95,7.89184926143547,5.752,0.8069049,0.152807566842364
IND,2007,0.95,7.9798667701242,5.874,0.8069049,0.152807566842364
IND,2008,0.95,7.98941432526843,5.996,0.8069049,0.152807566842364
IND,2009,0.95,8.07452822981373,6.118,0.8069049,0.152807566842364
IND,2010,0.95,8.15401393485223,6.24,0.8069049,0.152807566842364
IND,2011,0.95,,6.24,0.8069049,0.152807566842364
IND,2012,0.95,,6.24,0.8069049,0.152807566842364
IND,2013,0.95,,6.24,0.8069049,0.152807566842364
IRL,1992,1,9.83732410632259,10.228,0.0312421000000001,-0.134479135680386
IRL,1993,1,9.85065150793173,10.282,0.0312421000000001,-0.134479135680386
IRL,1994,1,9.90942772254058,10.336,0.0312421000000001,-0.134479135680386
IRL,1995,1,10.0100537755466,10.39,0.0312421000000001,-0.134479135680386
IRL,1996,1,10.0911235721892,10.444,0.0312421000000001,-0.134479135680386
IRL,1997,1,10.1923803005369,10.498,0.0312421000000001,-0.134479135680386
IRL,1998,1,10.2625592963888,10.552,0.0312421000000001,-0.134479135680386
IRL,1999,1,10.3527770145137,10.606,0.0312421000000001,-0.134479135680386
IRL,2000,1,10.4399397041603,10.66,0.0312421000000001,-0.134479135680386
IRL,2001,1,10.4731393511336,10.836,0.0312421000000001,-0.134479135680386
IRL,2002,1,10.5152966990369,11.012,0.0312421000000001,-0.134479135680386
IRL,2003,1,10.5520105366241,11.188,0.0312421000000001,-0.134479135680386
IRL,2004,1,10.5709879053497,11.364,0.0312421000000001,-0.134479135680386
IRL,2005,1,10.6027962705524,11.54,0.0312421000000001,-0.134479135680386
IRL,2006,1,10.6251957060939,11.638,0.0312421000000001,-0.134479135680386
IRL,2007,1,10.6508944432287,11.736,0.0312421000000001,-0.134479135680386
IRL,2008,1,10.5967328154608,11.834,0.0312421000000001,-0.134479135680386
IRL,2009,1,10.4829864099103,11.932,0.0312421000000001,-0.134479135680386
IRL,2010,1,10.45957538621,12.03,0.0312421000000001,-0.134479135680386
IRL,2011,1,,12.03,0.0312421000000001,-0.134479135680386
IRL,2012,1,,12.03,0.0312421000000001,-0.134479135680386
IRL,2013,1,,12.03,0.0312421000000001,-0.134479135680386
IRN,1992,0.2,8.80178908131694,5.672,0.7462229,0.0221088966674489
IRN,1993,0.2,8.77305764488169,5.898,0.7462229,0.0221088966674489
IRN,1994,0.2,8.81641087325539,6.124,0.7462229,0.0221088966674489
IRN,1995,0.2,8.75647638579745,6.35,0.7462229,0.0221088966674489
IRN,1996,0.2,8.79483541277773,6.542,0.7462229,0.0221088966674489
IRN,1997,0.65,8.7996098642897,6.734,0.7462229,0.0221088966674489
IRN,1998,0.65,8.84436255622629,6.926,0.7462229,0.0221088966674489
IRN,1999,0.65,8.86683361044745,7.118,0.7462229,0.0221088966674489
IRN,2000,0.65,8.90040747680753,7.31,0.7462229,0.0221088966674489
IRN,2001,0.65,8.89570606736554,7.46,0.7462229,0.0221088966674489
IRN,2002,0.65,8.93639626283351,7.61,0.7462229,0.0221088966674489
IRN,2003,0.65,9.00073523888852,7.76,0.7462229,0.0221088966674489
IRN,2004,0.15,9.02752482974351,7.91,0.7462229,0.0221088966674489
IRN,2005,0.2,9.07348508702846,8.06,0.7462229,0.0221088966674489
IRN,2006,0.2,9.12303514553339,8.224,0.7462229,0.0221088966674489
IRN,2007,0.2,9.17429544274502,8.388,0.7462229,0.0221088966674489
IRN,2008,0.2,9.15797389150935,8.552,0.7462229,0.0221088966674489
IRN,2009,0.15,9.15070420417995,8.716,0.7462229,0.0221088966674489
IRN,2010,0.15,9.15186951019074,8.88,0.7462229,0.0221088966674489
IRN,2011,0.15,,8.88,0.7462229,0.0221088966674489
IRN,2012,0.15,,8.88,0.7462229,0.0221088966674489
IRN,2013,0.15,,8.88,0.7462229,0.0221088966674489
IRQ,1992,0.05,7.33707527119307,4.784,0.3694473,
IRQ,1993,0.05,7.70923130489211,4.886,0.3694473,
IRQ,1994,0.05,7.61412232720412,4.988,0.3694473,
IRQ,1995,0.05,7.37766377889072,5.09,0.3694473,
IRQ,1996,0.05,7.74750624348391,5.252,0.3694473,
IRQ,1997,0.05,7.9226090473267,5.414,0.3694473,
IRQ,1998,0.05,8.19985530965868,5.576,0.3694473,
IRQ,1999,0.05,8.34352346999497,5.738,0.3694473,
IRQ,2000,0.05,8.32787868719598,5.9,0.3694473,
IRQ,2001,0.05,8.32760239890405,5.982,0.3694473,
IRQ,2002,0.05,8.21830491454411,6.064,0.3694473,
IRQ,2003,,7.77354839490636,6.146,0.3694473,
IRQ,2004,,8.19057830071533,6.228,0.3694473,
IRQ,2005,,8.20422986383005,6.31,0.3694473,
IRQ,2006,,8.27068346347139,6.48,0.3694473,
IRQ,2007,,8.25586245093679,6.65,0.3694473,
IRQ,2008,,8.29716211295415,6.82,0.3694473,
IRQ,2009,,8.38022611675518,6.99,0.3694473,
IRQ,2010,0.65,8.41991627225535,7.16,0.3694473,
IRQ,2011,0.65,,7.16,0.3694473,
IRQ,2012,0.65,,7.16,0.3694473,
IRQ,2013,0.65,,7.16,0.3694473,
ISL,1992,,10.4649559086641,8.96,0.0820409,-0.432944759215126
ISL,1993,,10.4861588959891,9.05,0.0820409,-0.432944759215126
ISL,1994,,10.4740174216479,9.14,0.0820409,-0.432944759215126
ISL,1995,,10.4727011727405,9.23,0.0820409,-0.432944759215126
ISL,1996,,10.4891708451509,9.318,0.0820409,-0.432944759215126
ISL,1997,,10.5022130963979,9.406,0.0820409,-0.432944759215126
ISL,1998,,10.5298078611732,9.494,0.0820409,-0.432944759215126
ISL,1999,,10.5129525274878,9.582,0.0820409,-0.432944759215126
ISL,2000,,10.5389940493768,9.67,0.0820409,-0.432944759215126
ISL,2001,,10.5499443822597,9.82,0.0820409,-0.432944759215126
ISL,2002,,10.5361468702605,9.97,0.0820409,-0.432944759215126
ISL,2003,,10.5306619087439,10.12,0.0820409,-0.432944759215126
ISL,2004,,10.5236600722524,10.27,0.0820409,-0.432944759215126
ISL,2005,,10.6077707053283,10.42,0.0820409,-0.432944759215126
ISL,2006,,10.6692841836652,10.546,0.0820409,-0.432944759215126
ISL,2007,,10.6909330135119,10.672,0.0820409,-0.432944759215126
ISL,2008,,10.673132564305,10.798,0.0820409,-0.432944759215126
ISL,2009,,10.5339737087046,10.924,0.0820409,-0.432944759215126
ISL,2010,,10.4804397775945,11.05,0.0820409,-0.432944759215126
ISL,2011,,,11.05,0.0820409,-0.432944759215126
ISL,2012,,,11.05,0.0820409,-0.432944759215126
ISL,2013,,,11.05,0.0820409,-0.432944759215126
ISR,1992,0.8,9.87502769820807,10.926,0.5524736,
ISR,1993,0.8,9.8819027316109,10.974,0.5524736,
ISR,1994,0.8,9.91566184355558,11.022,0.5524736,
ISR,1995,0.8,9.94363407593712,11.07,0.5524736,
ISR,1996,0.8,9.96860918054009,11.124,0.5524736,
ISR,1997,0.8,9.9740678238171,11.178,0.5524736,
ISR,1998,0.8,9.98659334507933,11.232,0.5524736,
ISR,1999,0.8,9.99185076388997,11.286,0.5524736,
ISR,2000,0.8,10.0540195523313,11.34,0.5524736,
ISR,2001,0.8,10.0258563784319,11.366,0.5524736,
ISR,2002,0.8,9.9937541607984,11.392,0.5524736,
ISR,2003,0.8,9.99036224343464,11.418,0.5524736,
ISR,2004,0.8,10.0199139482837,11.444,0.5524736,
ISR,2005,0.8,10.0530794472321,11.47,0.5524736,
ISR,2006,0.8,10.0905121707868,11.64,0.5524736,
ISR,2007,0.8,10.1296203621625,11.81,0.5524736,
ISR,2008,0.8,10.1520594727105,11.98,0.5524736,
ISR,2009,0.8,10.1361996591038,12.15,0.5524736,
ISR,2010,0.8,10.167180167586,12.32,0.5524736,
ISR,2011,0.8,,12.32,0.5524736,
ISR,2012,0.8,,12.32,0.5524736,
ISR,2013,0.8,,12.32,0.5524736,
ITA,1992,1,10.1351324637886,7.928,0.1146823,-0.0275449848773629
ITA,1993,1,10.1172698907396,8.042,0.1146823,-0.0275449848773629
ITA,1994,1,10.140199291627,8.156,0.1146823,-0.0275449848773629
ITA,1995,1,10.1719389151278,8.27,0.1146823,-0.0275449848773629
ITA,1996,1,10.1826220299461,8.372,0.1146823,-0.0275449848773629
ITA,1997,1,10.200053821831,8.474,0.1146823,-0.0275449848773629
ITA,1998,1,10.2120957790165,8.576,0.1146823,-0.0275449848773629
ITA,1999,1,10.2279569849854,8.678,0.1146823,-0.0275449848773629
ITA,2000,1,10.2638555745394,8.78,0.1146823,-0.0275449848773629
ITA,2001,1,10.280136362947,8.854,0.1146823,-0.0275449848773629
ITA,2002,1,10.2835300413897,8.928,0.1146823,-0.0275449848773629
ITA,2003,1,10.2799600399787,9.002,0.1146823,-0.0275449848773629
ITA,2004,1,10.2912357983651,9.076,0.1146823,-0.0275449848773629
ITA,2005,1,10.2942362769471,9.15,0.1146823,-0.0275449848773629
ITA,2006,1,10.3147343603601,9.246,0.1146823,-0.0275449848773629
ITA,2007,1,10.3258661844777,9.342,0.1146823,-0.0275449848773629
ITA,2008,1,10.3056888220465,9.438,0.1146823,-0.0275449848773629
ITA,2009,1,10.2401710079919,9.534,0.1146823,-0.0275449848773629
ITA,2010,1,10.2533504172134,9.63,0.1146823,-0.0275449848773629
ITA,2011,1,,9.63,0.1146823,-0.0275449848773629
ITA,2012,1,,9.63,0.1146823,-0.0275449848773629
ITA,2013,1,,9.63,0.1146823,-0.0275449848773629
JAM,1992,1,9.13137115695234,7.562,0.1098046,
JAM,1993,0.95,9.14296318258954,7.768,0.1098046,
JAM,1994,0.95,9.13810742413134,7.974,0.1098046,
JAM,1995,0.95,9.13333319350854,8.18,0.1098046,
JAM,1996,0.95,9.12600763342195,8.372,0.1098046,
JAM,1997,0.95,9.10674342552672,8.564,0.1098046,
JAM,1998,0.95,9.08479386765926,8.756,0.1098046,
JAM,1999,0.95,9.07833000654024,8.948,0.1098046,
JAM,2000,0.95,9.07610996549839,9.14,0.1098046,
JAM,2001,0.95,9.08483890173129,9.244,0.1098046,
JAM,2002,0.95,9.08841848571314,9.348,0.1098046,
JAM,2003,0.95,9.09872367617051,9.452,0.1098046,
JAM,2004,0.95,9.09502019729635,9.556,0.1098046,
JAM,2005,0.95,9.10417712678386,9.66,0.1098046,
JAM,2006,0.95,9.11991952624976,9.702,0.1098046,
JAM,2007,0.95,9.12191134237723,9.744,0.1098046,
JAM,2008,0.95,9.108659487697,9.786,0.1098046,
JAM,2009,0.95,9.07295134281328,9.828,0.1098046,
JAM,2010,0.95,9.05235688799031,9.87,0.1098046,
JAM,2011,0.95,,9.87,0.1098046,
JAM,2012,0.95,,9.87,0.1098046,
JAM,2013,0.95,,9.87,0.1098046,
JOR,1992,0.4,8.05959161371662,6.998,0.0395558,0.470561417413595
JOR,1993,0.4,8.09182083452206,7.192,0.0395558,0.470561417413595
JOR,1994,0.4,8.09998720596087,7.386,0.0395558,0.470561417413595
JOR,1995,0.4,8.1413081524594,7.58,0.0395558,0.470561417413595
JOR,1996,0.4,8.11630684880397,7.736,0.0395558,0.470561417413595
JOR,1997,0.4,8.10751572721032,7.892,0.0395558,0.470561417413595
JOR,1998,0.4,8.10203143568739,8.048,0.0395558,0.470561417413595
JOR,1999,0.4,8.11844816805417,8.204,0.0395558,0.470561417413595
JOR,2000,0.4,8.12585218223677,8.36,0.0395558,0.470561417413595
JOR,2001,0.4,8.15511827365567,8.502,0.0395558,0.470561417413595
JOR,2002,0.4,8.20457416584404,8.644,0.0395558,0.470561417413595
JOR,2003,0.4,8.22144201029471,8.786,0.0395558,0.470561417413595
JOR,2004,0.4,8.28068739970484,8.928,0.0395558,0.470561417413595
JOR,2005,0.4,8.35438055796815,9.07,0.0395558,0.470561417413595
JOR,2006,0.4,8.34540976202782,9.174,0.0395558,0.470561417413595
JOR,2007,0.35,8.35218760894628,9.278,0.0395558,0.470561417413595
JOR,2008,0.35,8.40387015882606,9.382,0.0395558,0.470561417413595
JOR,2009,0.35,8.37656013539674,9.486,0.0395558,0.470561417413595
JOR,2010,0.35,8.40356444109743,9.59,0.0395558,0.470561417413595
JOR,2011,0.35,,9.59,0.0395558,0.470561417413595
JOR,2012,0.35,,9.59,0.0395558,0.470561417413595
JOR,2013,0.35,,9.59,0.0395558,0.470561417413595
JPN,1992,1,10.260386049685,10.096,0.0177716,-0.652573924934738
JPN,1993,1,10.2574058148521,10.234,0.0177716,-0.652573924934738
JPN,1994,1,10.2598102869814,10.372,0.0177716,-0.652573924934738
JPN,1995,1,10.2740188341148,10.51,0.0177716,-0.652573924934738
JPN,1996,1,10.2967122535872,10.596,0.0177716,-0.652573924934738
JPN,1997,1,10.3088512216995,10.682,0.0177716,-0.652573924934738
JPN,1998,1,10.2823832057451,10.768,0.0177716,-0.652573924934738
JPN,1999,1,10.2753349700211,10.854,0.0177716,-0.652573924934738
JPN,2000,1,10.3019199856883,10.94,0.0177716,-0.652573924934738
JPN,2001,1,10.2996996352045,11.012,0.0177716,-0.652573924934738
JPN,2002,1,10.2967593035609,11.084,0.0177716,-0.652573924934738
JPN,2003,1,10.3086637937929,11.156,0.0177716,-0.652573924934738
JPN,2004,1,10.3347881460855,11.228,0.0177716,-0.652573924934738
JPN,2005,1,10.3539186231047,11.3,0.0177716,-0.652573924934738
JPN,2006,1,10.3743669205545,11.36,0.0177716,-0.652573924934738
JPN,2007,1,10.3974070155015,11.42,0.0177716,-0.652573924934738
JPN,2008,1,10.3853205368497,11.48,0.0177716,-0.652573924934738
JPN,2009,1,10.3118916593534,11.54,0.0177716,-0.652573924934738
JPN,2010,1,10.3560661507429,11.6,0.0177716,-0.652573924934738
JPN,2011,1,,11.6,0.0177716,-0.652573924934738
JPN,2012,1,,11.6,0.0177716,-0.652573924934738
JPN,2013,1,,11.6,0.0177716,-0.652573924934738
KAZ,1992,0.35,,8.614,0.6620897,
KAZ,1993,0.35,8.68671283007239,8.856,0.6620897,
KAZ,1994,0.35,8.55119154048357,9.098,0.6620897,
KAZ,1995,0.2,8.42761107316283,9.34,0.6620897,
KAZ,1996,0.2,8.43167578650528,9.58,0.6620897,
KAZ,1997,0.2,8.4259054681175,9.82,0.6620897,
KAZ,1998,0.2,8.37672281982535,10.06,0.6620897,
KAZ,1999,0.2,8.4293753781661,10.3,0.6620897,
KAZ,2000,0.2,8.49914480622644,10.54,0.6620897,
KAZ,2001,0.2,8.62445739151047,10.752,0.6620897,
KAZ,2002,0.2,8.72412896320723,10.964,0.6620897,
KAZ,2003,0.2,8.8843065105189,11.176,0.6620897,
KAZ,2004,0.2,8.99352915503362,11.388,0.6620897,
KAZ,2005,0.2,9.08149381852987,11.6,0.6620897,
KAZ,2006,0.2,9.20696221652886,11.546,0.6620897,
KAZ,2007,0.2,9.27669852779271,11.492,0.6620897,
KAZ,2008,0.2,9.32302474949364,11.438,0.6620897,
KAZ,2009,0.2,9.35020437505601,11.384,0.6620897,
KAZ,2010,0.2,9.41761371655221,11.33,0.6620897,
KAZ,2011,0.2,,11.33,0.6620897,
KAZ,2012,0.2,,11.33,0.6620897,
KAZ,2013,0.2,,11.33,0.6620897,
KEN,1992,0.25,7.00656690528897,4.972,0.8860157,
KEN,1993,0.25,6.98764697303831,5.068,0.8860157,
KEN,1994,0.25,7.00252712654802,5.164,0.8860157,
KEN,1995,0.25,7.02121665566382,5.26,0.8860157,
KEN,1996,0.25,7.03405490742121,5.346,0.8860157,
KEN,1997,0.7,6.99298098497653,5.432,0.8860157,
KEN,1998,0.7,7.01371470735593,5.518,0.8860157,
KEN,1999,0.7,7.03233677231079,5.604,0.8860157,
KEN,2000,0.7,7.01436593925345,5.69,0.8860157,
KEN,2001,0.7,6.99770424156417,5.802,0.8860157,
KEN,2002,0.9,7.00673437860683,5.914,0.8860157,
KEN,2003,0.9,7.03201591176692,6.026,0.8860157,
KEN,2004,0.9,7.02673300719797,6.138,0.8860157,
KEN,2005,0.9,7.04205114913174,6.25,0.8860157,
KEN,2006,0.9,7.05677444103556,6.228,0.8860157,
KEN,2007,0.85,7.093357221506,6.206,0.8860157,
KEN,2008,0.85,7.06405372014647,6.184,0.8860157,
KEN,2009,0.85,7.05732507042891,6.162,0.8860157,
KEN,2010,0.9,7.12830453105028,6.14,0.8860157,
KEN,2011,0.9,,6.14,0.8860157,
KEN,2012,0.9,,6.14,0.8860157,
KEN,2013,0.95,,6.14,0.8860157,
KGZ,1992,0.35,,8.732,0.5949289,0.168950786178974
KGZ,1993,0.35,7.5868346693128,8.798,0.5949289,0.168950786178974
KGZ,1994,0.35,7.38407770886689,8.864,0.5949289,0.168950786178974
KGZ,1995,0.35,7.1888879780835,8.93,0.5949289,0.168950786178974
KGZ,1996,0.35,7.22988458275438,9.024,0.5949289,0.168950786178974
KGZ,1997,0.35,7.34955488194032,9.118,0.5949289,0.168950786178974
KGZ,1998,0.35,7.37345276075612,9.212,0.5949289,0.168950786178974
KGZ,1999,0.35,7.37610920728174,9.306,0.5949289,0.168950786178974
KGZ,2000,0.35,7.39971562129004,9.4,0.5949289,0.168950786178974
KGZ,2001,0.35,7.44274939945767,9.498,0.5949289,0.168950786178974
KGZ,2002,0.35,7.43562081384417,9.596,0.5949289,0.168950786178974
KGZ,2003,0.35,7.51471137734594,9.694,0.5949289,0.168950786178974
KGZ,2004,0.35,7.56009527131846,9.792,0.5949289,0.168950786178974
KGZ,2005,0.65,7.54415531639522,9.89,0.5949289,0.168950786178974
KGZ,2006,0.7,7.54596539515406,10.054,0.5949289,0.168950786178974
KGZ,2007,0.65,7.59550993980743,10.218,0.5949289,0.168950786178974
KGZ,2008,0.65,7.66253047891619,10.382,0.5949289,0.168950786178974
KGZ,2009,0.55,7.64807514944787,10.546,0.5949289,0.168950786178974
KGZ,2010,0.7,7.64085783300676,10.71,0.5949289,0.168950786178974
KGZ,2011,0.85,,10.71,0.5949289,0.168950786178974
KGZ,2012,0.85,,10.71,0.5949289,0.168950786178974
KGZ,2013,0.85,,10.71,0.5949289,0.168950786178974
KHM,1992,0.45,6.62175125511232,3.162,0.2104394,
KHM,1993,0.55,6.7185693214978,3.198,0.2104394,
KHM,1994,0.55,6.71512064978609,3.234,0.2104394,
KHM,1995,0.55,6.70086787660314,3.27,0.2104394,
KHM,1996,0.55,6.72099455465569,3.316,0.2104394,
KHM,1997,0.15,6.75600008352979,3.362,0.2104394,
KHM,1998,0.6,6.78798748217854,3.408,0.2104394,
KHM,1999,0.6,6.87932822504721,3.454,0.2104394,
KHM,2000,0.6,6.93070244340765,3.5,0.2104394,
KHM,2001,0.6,6.98903866107002,3.62,0.2104394,
KHM,2002,0.6,7.05017537993007,3.74,0.2104394,
KHM,2003,0.6,7.11368367522565,3.86,0.2104394,
KHM,2004,0.6,7.19886584796716,3.98,0.2104394,
KHM,2005,0.6,7.30589156811692,4.1,0.2104394,
KHM,2006,0.6,7.38906899136459,4.224,0.2104394,
KHM,2007,0.6,7.44127365888968,4.348,0.2104394,
KHM,2008,0.6,7.49145402466088,4.472,0.2104394,
KHM,2009,0.6,7.53752767215032,4.596,0.2104394,
KHM,2010,0.6,7.54541661468436,4.72,0.2104394,
KHM,2011,0.6,,4.72,0.2104394,
KHM,2012,0.6,,4.72,0.2104394,
KHM,2013,0.6,,4.72,0.2104394,
KIR,1992,,8.05860502646259,,0.0236725,
KIR,1993,,8.05883984574829,,0.0236725,
KIR,1994,,8.08122785213655,,0.0236725,
KIR,1995,,8.07753615328703,,0.0236725,
KIR,1996,,8.1101797283049,,0.0236725,
KIR,1997,,8.12709188800328,,0.0236725,
KIR,1998,,8.19672318370502,,0.0236725,
KIR,1999,,8.18385759365202,,0.0236725,
KIR,2000,,8.21780386440458,,0.0236725,
KIR,2001,,8.16166758233908,,0.0236725,
KIR,2002,,8.2133498351978,,0.0236725,
KIR,2003,,8.24081295167857,,0.0236725,
KIR,2004,,8.21908087793255,,0.0236725,
KIR,2005,,8.25053528683032,,0.0236725,
KIR,2006,,8.26391504734694,,0.0236725,
KIR,2007,,8.24096374114275,,0.0236725,
KIR,2008,,8.25961421287119,,0.0236725,
KIR,2009,,8.22172030606792,,0.0236725,
KIR,2010,,8.20649290565023,,0.0236725,
KIR,2011,,,,0.0236725,
KIR,2012,,,,0.0236725,
KIR,2013,,,,0.0236725,
KNA,1992,,8.81267257813355,,,
KNA,1993,,8.86429725917665,,,
KNA,1994,,8.91286799656649,,,
KNA,1995,,8.9270799976197,,,
KNA,1996,,8.97391001432087,,,
KNA,1997,,9.03763921596693,,,
KNA,1998,,9.03760125000163,,,
KNA,1999,,9.06594329548088,,,
KNA,2000,,9.00135388684786,,,
KNA,2001,,9.05937765161692,,,
KNA,2002,,9.05093278851166,,,
KNA,2003,,9.12104100110547,,,
KNA,2004,,9.22106462090125,,,
KNA,2005,,9.25863107638873,,,
KNA,2006,,9.27260189681791,,,
KNA,2007,,9.28966774955445,,,
KNA,2008,,9.30458589760096,,,
KNA,2009,,9.20378574333566,,,
KNA,2010,,9.17347519114187,,,
KNA,2011,,,,,
KNA,2012,,,,,
KNA,2013,,,,,
KOR,1992,0.8,9.47860597210486,10.106,0.00211320000000004,-0.0409827111520718
KOR,1993,0.8,9.52672877876177,10.234,0.00211320000000004,-0.0409827111520718
KOR,1994,0.8,9.60412913794833,10.362,0.00211320000000004,-0.0409827111520718
KOR,1995,0.8,9.67339371943607,10.49,0.00211320000000004,-0.0409827111520718
KOR,1996,0.8,9.73531208364754,10.604,0.00211320000000004,-0.0409827111520718
KOR,1997,0.8,9.763923573195,10.718,0.00211320000000004,-0.0409827111520718
KOR,1998,0.9,9.64738230687986,10.832,0.00211320000000004,-0.0409827111520718
KOR,1999,0.9,9.76055890576103,10.946,0.00211320000000004,-0.0409827111520718
KOR,2000,0.9,9.83780885209444,11.06,0.00211320000000004,-0.0409827111520718
KOR,2001,0.9,9.86631927277173,11.14,0.00211320000000004,-0.0409827111520718
KOR,2002,0.9,9.93100023455115,11.22,0.00211320000000004,-0.0409827111520718
KOR,2003,0.9,9.95270499883612,11.3,0.00211320000000004,-0.0409827111520718
KOR,2004,0.9,9.98996500944079,11.38,0.00211320000000004,-0.0409827111520718
KOR,2005,0.9,10.024701791764,11.46,0.00211320000000004,-0.0409827111520718
KOR,2006,0.9,10.0712858823455,11.578,0.00211320000000004,-0.0409827111520718
KOR,2007,0.9,10.1181001259554,11.696,0.00211320000000004,-0.0409827111520718
KOR,2008,0.9,10.1377157011998,11.814,0.00211320000000004,-0.0409827111520718
KOR,2009,0.9,10.1214496117555,11.932,0.00211320000000004,-0.0409827111520718
KOR,2010,0.9,10.1890102412085,12.05,0.00211320000000004,-0.0409827111520718
KOR,2011,0.9,,12.05,0.00211320000000004,-0.0409827111520718
KOR,2012,0.9,,12.05,0.00211320000000004,-0.0409827111520718
KOR,2013,0.9,,12.05,0.00211320000000004,-0.0409827111520718
KWT,1992,0.15,10.4816415182681,5.996,0.3444357,
KWT,1993,0.15,10.7227470349929,6.034,0.3444357,
KWT,1994,0.15,10.6879503191692,6.072,0.3444357,
KWT,1995,0.15,10.6895158129108,6.11,0.3444357,
KWT,1996,0.15,10.6769640482322,6.106,0.3444357,
KWT,1997,0.15,10.6245179397382,6.102,0.3444357,
KWT,1998,0.15,10.6265865861413,6.098,0.3444357,
KWT,1999,0.15,10.5054498020058,6.094,0.3444357,
KWT,2000,0.15,10.5249230739549,6.09,0.3444357,
KWT,2001,0.15,10.5101545608195,6.086,0.3444357,
KWT,2002,0.15,10.4937015482247,6.082,0.3444357,
KWT,2003,0.15,10.6565360115039,6.078,0.3444357,
KWT,2004,0.15,10.7274178214147,6.074,0.3444357,
KWT,2005,0.15,10.7983550455879,6.07,0.3444357,
KWT,2006,0.15,10.8440818376196,6.124,0.3444357,
KWT,2007,0.15,10.8487047904646,6.178,0.3444357,
KWT,2008,0.15,10.869105139107,6.232,0.3444357,
KWT,2009,0.15,10.6998638533662,6.286,0.3444357,
KWT,2010,0.15,10.6271620982407,6.34,0.3444357,
KWT,2011,0.15,,6.34,0.3444357,
KWT,2012,0.15,,6.34,0.3444357,
KWT,2013,0.15,,6.34,0.3444357,
LAO,1992,0.15,6.93967952843359,3.722,0.6382066,
LAO,1993,0.15,6.9679436247499,3.788,0.6382066,
LAO,1994,0.15,7.02051564568385,3.854,0.6382066,
LAO,1995,0.15,7.06322997785207,3.92,0.6382066,
LAO,1996,0.15,7.11431312320906,3.986,0.6382066,
LAO,1997,0.15,7.15846307105205,4.052,0.6382066,
LAO,1998,0.15,7.140038622534,4.118,0.6382066,
LAO,1999,0.15,7.16151872724181,4.184,0.6382066,
LAO,2000,0.15,7.22169631840661,4.25,0.6382066,
LAO,2001,0.15,7.24904870681839,4.324,0.6382066,
LAO,2002,0.15,7.29004892322303,4.398,0.6382066,
LAO,2003,0.15,7.33066213833793,4.472,0.6382066,
LAO,2004,0.15,7.38092097300249,4.546,0.6382066,
LAO,2005,0.15,7.45417840999182,4.62,0.6382066,
LAO,2006,0.15,7.53507877416127,4.7,0.6382066,
LAO,2007,0.15,7.68214898555087,4.78,0.6382066,
LAO,2008,0.15,7.74456215761452,4.86,0.6382066,
LAO,2009,0.15,7.82133388460454,4.94,0.6382066,
LAO,2010,0.15,7.87234656753039,5.02,0.6382066,
LAO,2011,0.15,,5.02,0.6382066,
LAO,2012,0.15,,5.02,0.6382066,
LAO,2013,0.15,,5.02,0.6382066,
LBN,1992,,8.87048802627521,,0.1312225,
LBN,1993,,8.94937628602708,,0.1312225,
LBN,1994,,9.01758194055951,,0.1312225,
LBN,1995,,9.07189674197628,,0.1312225,
LBN,1996,,9.10789589062135,,0.1312225,
LBN,1997,,9.02964806054492,,0.1312225,
LBN,1998,,9.06798583605938,,0.1312225,
LBN,1999,,9.02496746422234,,0.1312225,
LBN,2000,,9.02158872162138,,0.1312225,
LBN,2001,,9.06817638734603,,0.1312225,
LBN,2002,,9.0772647388718,,0.1312225,
LBN,2003,,9.10729150336899,,0.1312225,
LBN,2004,,9.18663013570964,,0.1312225,
LBN,2005,0.8,9.18794198486603,,0.1312225,
LBN,2006,0.8,9.21162589453787,,0.1312225,
LBN,2007,0.8,9.27111805097289,,0.1312225,
LBN,2008,0.8,9.33567016548439,,0.1312225,
LBN,2009,0.8,9.40171806572666,,0.1312225,
LBN,2010,0.8,9.44935387188972,,0.1312225,
LBN,2011,0.8,,,0.1312225,
LBN,2012,0.8,,,0.1312225,
LBN,2013,0.8,,,0.1312225,
LBR,1992,0.5,5.77359853017197,3.044,0.9037815,
LBR,1993,0.5,5.34282781688801,3.056,0.9037815,
LBR,1994,0.5,5.11554765864938,3.068,0.9037815,
LBR,1995,0.5,5.08097839588741,3.08,0.9037815,
LBR,1996,0.5,5.17871372752991,3.162,0.9037815,
LBR,1997,0.5,5.82075533406027,3.244,0.9037815,
LBR,1998,0.5,5.96705257278376,3.326,0.9037815,
LBR,1999,0.5,6.12137983962557,3.408,0.9037815,
LBR,2000,0.5,6.28805124135594,3.49,0.9037815,
LBR,2001,0.5,6.29547888713581,3.562,0.9037815,
LBR,2002,0.5,6.30802686200789,3.634,0.9037815,
LBR,2003,0.55,5.94229697253945,3.706,0.9037815,
LBR,2004,0.65,5.9416072200152,3.778,0.9037815,
LBR,2005,0.75,5.93516964490217,3.85,0.9037815,
LBR,2006,0.8,5.98210357669358,3.92,0.9037815,
LBR,2007,0.8,6.10990696636765,3.99,0.9037815,
LBR,2008,0.8,6.09087536336685,4.06,0.9037815,
LBR,2009,0.8,6.09088832540712,4.13,0.9037815,
LBR,2010,0.8,6.12847522289168,4.2,0.9037815,
LBR,2011,0.8,,4.2,0.9037815,
LBR,2012,0.8,,4.2,0.9037815,
LBR,2013,0.8,,4.2,0.9037815,
LBY,1992,0.15,9.87888973960088,5.458,0.0757887,
LBY,1993,0.15,9.82902608212464,5.602,0.0757887,
LBY,1994,0.15,9.73439751949041,5.746,0.0757887,
LBY,1995,0.15,9.76877925397228,5.89,0.0757887,
LBY,1996,0.15,9.71645593116275,6.07,0.0757887,
LBY,1997,0.15,9.83263739384073,6.25,0.0757887,
LBY,1998,0.15,9.65760660815286,6.43,0.0757887,
LBY,1999,0.15,9.65604879462564,6.61,0.0757887,
LBY,2000,0.15,9.74501394192668,6.79,0.0757887,
LBY,2001,0.15,9.62403998337733,6.916,0.0757887,
LBY,2002,0.15,9.6234583021331,7.042,0.0757887,
LBY,2003,0.15,9.7269933356283,7.168,0.0757887,
LBY,2004,0.15,9.77315092127975,7.294,0.0757887,
LBY,2005,0.15,9.79237526913077,7.42,0.0757887,
LBY,2006,0.15,9.8609348316414,7.536,0.0757887,
LBY,2007,0.15,9.88743582104665,7.652,0.0757887,
LBY,2008,0.15,9.88271809811719,7.768,0.0757887,
LBY,2009,0.15,9.85936967552612,7.884,0.0757887,
LBY,2010,0.15,9.87771341373082,8,0.0757887,
LBY,2011,0.5,,8,0.0757887,
LBY,2012,0.5,,8,0.0757887,
LBY,2013,0.5,,8,0.0757887,
LCA,1992,,9.15764944406955,,0.3169297,
LCA,1993,,9.13336922430458,,0.3169297,
LCA,1994,,9.19167600551967,,0.3169297,
LCA,1995,,9.16796174267424,,0.3169297,
LCA,1996,,9.24217031148436,,0.3169297,
LCA,1997,,9.23946897062547,,0.3169297,
LCA,1998,,9.28715772241893,,0.3169297,
LCA,1999,,9.30197858416979,,0.3169297,
LCA,2000,,9.29105030869521,,0.3169297,
LCA,2001,,9.2221500418995,,0.3169297,
LCA,2002,,9.22442604209945,,0.3169297,
LCA,2003,,9.24814569663189,,0.3169297,
LCA,2004,,9.29713232878663,,0.3169297,
LCA,2005,,9.37040566945935,,0.3169297,
LCA,2006,,9.43560411601251,,0.3169297,
LCA,2007,,9.44366425842322,,0.3169297,
LCA,2008,,9.41986046662899,,0.3169297,
LCA,2009,,9.40949453144234,,0.3169297,
LCA,2010,,9.42149926758327,,0.3169297,
LCA,2011,,,,0.3169297,
LCA,2012,,,,0.3169297,
LCA,2013,,,,0.3169297,
LIE,1992,,,,0.2246094,
LIE,1993,,,,0.2246094,
LIE,1994,,,,0.2246094,
LIE,1995,,,,0.2246094,
LIE,1996,,,,0.2246094,
LIE,1997,,,,0.2246094,
LIE,1998,,,,0.2246094,
LIE,1999,,,,0.2246094,
LIE,2000,,,,0.2246094,
LIE,2001,,,,0.2246094,
LIE,2002,,,,0.2246094,
LIE,2003,,,,0.2246094,
LIE,2004,,,,0.2246094,
LIE,2005,,,,0.2246094,
LIE,2006,,,,0.2246094,
LIE,2007,,,,0.2246094,
LIE,2008,,,,0.2246094,
LIE,2009,,,,0.2246094,
LIE,2010,,,,0.2246094,
LIE,2011,,,,0.2246094,
LIE,2012,,,,0.2246094,
LIE,2013,,,,0.2246094,
LKA,1992,0.75,7.59082035283036,8.846,0.4644557,
LKA,1993,0.75,7.65027382625678,9.014,0.4644557,
LKA,1994,0.75,7.69111013728652,9.182,0.4644557,
LKA,1995,0.75,7.73554129759124,9.35,0.4644557,
LKA,1996,0.75,7.7704302715327,9.528,0.4644557,
LKA,1997,0.75,7.80925275116132,9.706,0.4644557,
LKA,1998,0.75,7.84713420597409,9.884,0.4644557,
LKA,1999,0.75,7.8746323751016,10.062,0.4644557,
LKA,2000,0.75,7.91398252112575,10.24,0.4644557,
LKA,2001,0.8,7.89520000360289,10.254,0.4644557,
LKA,2002,0.8,7.92650771439116,10.268,0.4644557,
LKA,2003,0.75,7.97388232773828,10.282,0.4644557,
LKA,2004,0.75,8.01445033903266,10.296,0.4644557,
LKA,2005,0.75,8.06348896653663,10.31,0.4644557,
LKA,2006,0.8,8.12590849816296,10.26,0.4644557,
LKA,2007,0.8,8.18070640856923,10.21,0.4644557,
LKA,2008,0.8,8.23152152256155,10.16,0.4644557,
LKA,2009,0.75,8.25838662326744,10.11,0.4644557,
LKA,2010,0.65,8.30976316383928,10.06,0.4644557,
LKA,2011,0.65,,10.06,0.4644557,
LKA,2012,0.65,,10.06,0.4644557,
LKA,2013,0.65,,10.06,0.4644557,
LSO,1992,0.3,6.6933541481524,5.336,0.2543454,
LSO,1993,0.75,6.74748796829887,5.444,0.2543454,
LSO,1994,0.75,6.79123779758154,5.552,0.2543454,
LSO,1995,0.75,6.7967458816479,5.66,0.2543454,
LSO,1996,0.75,6.87171698373292,5.77,0.2543454,
LSO,1997,0.75,6.94328509356466,5.88,0.2543454,
LSO,1998,0.8,6.87798128317082,5.99,0.2543454,
LSO,1999,0.8,6.92861413679983,6.1,0.2543454,
LSO,2000,0.8,6.98463251327324,6.21,0.2543454,
LSO,2001,0.8,6.95968452412513,6.354,0.2543454,
LSO,2002,0.9,7.05204088570711,6.498,0.2543454,
LSO,2003,0.9,7.08235023289531,6.642,0.2543454,
LSO,2004,0.9,7.10343121117445,6.786,0.2543454,
LSO,2005,0.9,7.07378693816954,6.93,0.2543454,
LSO,2006,0.9,7.13365921795833,6.714,0.2543454,
LSO,2007,0.9,7.1989362929923,6.498,0.2543454,
LSO,2008,0.9,7.23307039584542,6.282,0.2543454,
LSO,2009,0.9,7.22237709805806,6.066,0.2543454,
LSO,2010,0.9,7.24046205256584,5.85,0.2543454,
LSO,2011,0.9,,5.85,0.2543454,
LSO,2012,0.9,,5.85,0.2543454,
LSO,2013,0.9,,5.85,0.2543454,
LTU,1992,1,,8.954,0.3219138,-0.704655587105534
LTU,1993,1,9.02582041795687,9.026,0.3219138,-0.704655587105534
LTU,1994,1,8.88348585943529,9.098,0.3219138,-0.704655587105534
LTU,1995,1,8.89761770423107,9.17,0.3219138,-0.704655587105534
LTU,1996,1,8.94748334732533,9.234,0.3219138,-0.704655587105534
LTU,1997,1,9.01048314407401,9.298,0.3219138,-0.704655587105534
LTU,1998,1,9.07170317120048,9.362,0.3219138,-0.704655587105534
LTU,1999,1,9.0601029217338,9.426,0.3219138,-0.704655587105534
LTU,2000,1,9.09690530138647,9.49,0.3219138,-0.704655587105534
LTU,2001,1,9.16229809470111,9.672,0.3219138,-0.704655587105534
LTU,2002,1,9.23255347566001,9.854,0.3219138,-0.704655587105534
LTU,2003,1,9.33065564964427,10.036,0.3219138,-0.704655587105534
LTU,2004,1,9.39771851997016,10.218,0.3219138,-0.704655587105534
LTU,2005,1,9.47792669427298,10.4,0.3219138,-0.704655587105534
LTU,2006,1,9.55558831462963,10.498,0.3219138,-0.704655587105534
LTU,2007,1,9.64303710658413,10.596,0.3219138,-0.704655587105534
LTU,2008,1,9.67689372667687,10.694,0.3219138,-0.704655587105534
LTU,2009,1,9.53257711788068,10.792,0.3219138,-0.704655587105534
LTU,2010,1,9.5564872171428,10.89,0.3219138,-0.704655587105534
LTU,2011,1,,10.89,0.3219138,-0.704655587105534
LTU,2012,1,,10.89,0.3219138,-0.704655587105534
LTU,2013,1,,10.89,0.3219138,-0.704655587105534
LUX,1992,1,10.7881632144316,9.034,0.6439541,-0.392488595410303
LUX,1993,1,10.8180518180245,9.096,0.6439541,-0.392488595410303
LUX,1994,1,10.8456707027214,9.158,0.6439541,-0.392488595410303
LUX,1995,1,10.845206422065,9.22,0.6439541,-0.392488595410303
LUX,1996,1,10.8434581553753,9.286,0.6439541,-0.392488595410303
LUX,1997,1,10.8904558607527,9.352,0.6439541,-0.392488595410303
LUX,1998,1,10.944405050434,9.418,0.6439541,-0.392488595410303
LUX,1999,1,11.0167127593267,9.484,0.6439541,-0.392488595410303
LUX,2000,1,11.0840718986542,9.55,0.6439541,-0.392488595410303
LUX,2001,1,11.0975203736165,9.692,0.6439541,-0.392488595410303
LUX,2002,1,11.119951088149,9.834,0.6439541,-0.392488595410303
LUX,2003,1,11.1273087841976,9.976,0.6439541,-0.392488595410303
LUX,2004,1,11.1579499610079,10.118,0.6439541,-0.392488595410303
LUX,2005,1,11.2015375083175,10.26,0.6439541,-0.392488595410303
LUX,2006,1,11.2371537580401,10.406,0.6439541,-0.392488595410303
LUX,2007,1,11.2926693935706,10.552,0.6439541,-0.392488595410303
LUX,2008,1,11.2878398428066,10.698,0.6439541,-0.392488595410303
LUX,2009,1,11.2122385468877,10.844,0.6439541,-0.392488595410303
LUX,2010,1,11.2330543524166,10.99,0.6439541,-0.392488595410303
LUX,2011,1,,10.99,0.6439541,-0.392488595410303
LUX,2012,1,,10.99,0.6439541,-0.392488595410303
LUX,2013,1,,10.99,0.6439541,-0.392488595410303
LVA,1992,0.9,,8.39,0.5795139,-0.563653590701403
LVA,1993,0.9,8.63940854831489,8.59,0.5795139,-0.563653590701403
LVA,1994,0.9,8.67679552765489,8.79,0.5795139,-0.563653590701403
LVA,1995,0.9,8.69871107910467,8.99,0.5795139,-0.563653590701403
LVA,1996,0.9,8.74708934250876,9.06,0.5795139,-0.563653590701403
LVA,1997,0.9,8.83537864807967,9.13,0.5795139,-0.563653590701403
LVA,1998,0.9,8.87550882689222,9.2,0.5795139,-0.563653590701403
LVA,1999,0.9,8.91452543633319,9.27,0.5795139,-0.563653590701403
LVA,2000,0.9,8.98598238743637,9.34,0.5795139,-0.563653590701403
LVA,2001,0.9,9.05763462502211,9.524,0.5795139,-0.563653590701403
LVA,2002,0.9,9.1357202966123,9.708,0.5795139,-0.563653590701403
LVA,2003,0.9,9.20531303142002,9.892,0.5795139,-0.563653590701403
LVA,2004,0.9,9.28741354673251,10.076,0.5795139,-0.563653590701403
LVA,2005,0.9,9.39521092099408,10.26,0.5795139,-0.563653590701403
LVA,2006,0.9,9.5085230708457,10.338,0.5795139,-0.563653590701403
LVA,2007,0.9,9.60618589905209,10.416,0.5795139,-0.563653590701403
LVA,2008,0.9,9.59259670055233,10.494,0.5795139,-0.563653590701403
LVA,2009,0.9,9.42524341247269,10.572,0.5795139,-0.563653590701403
LVA,2010,0.9,9.42697759383903,10.65,0.5795139,-0.563653590701403
LVA,2011,0.9,,10.65,0.5795139,-0.563653590701403
LVA,2012,0.9,,10.65,0.5795139,-0.563653590701403
LVA,2013,0.9,,10.65,0.5795139,-0.563653590701403
MAC,1992,,10.0733333999967,5.87,,
MAC,1993,,10.1033552445,5.97,,
MAC,1994,,10.1211082720118,6.07,,
MAC,1995,,10.1382496344842,6.17,,
MAC,1996,,10.1174250324346,6.272,,
MAC,1997,,10.0989535747539,6.374,,
MAC,1998,,10.0378638247993,6.476,,
MAC,1999,,9.99675930201596,6.578,,
MAC,2000,,10.0207094043138,6.68,,
MAC,2001,,10.0364403943824,6.844,,
MAC,2002,,10.1120363322993,7.008,,
MAC,2003,,10.2413541598206,7.172,,
MAC,2004,,10.459452461774,7.336,,
MAC,2005,,10.5170237081925,7.5,,
MAC,2006,,10.6088804254369,7.708,,
MAC,2007,,10.6959782587869,7.916,,
MAC,2008,,10.6865886816661,8.124,,
MAC,2009,,10.6852531923099,8.332,,
MAC,2010,,10.9112695806979,8.54,,
MAC,2011,,,8.54,,
MAC,2012,,,8.54,,
MAC,2013,,,8.54,,
MAR,1992,0.15,7.7319751723202,3.076,0.468344,0.448612437375135
MAR,1993,0.15,7.68429982787495,3.184,0.468344,0.448612437375135
MAR,1994,0.15,7.75981583667091,3.292,0.468344,0.448612437375135
MAR,1995,0.15,7.67657709838598,3.4,0.468344,0.448612437375135
MAR,1996,0.15,7.7749711348843,3.484,0.468344,0.448612437375135
MAR,1997,0.15,7.74787042578957,3.568,0.468344,0.448612437375135
MAR,1998,0.2,7.8172904595372,3.652,0.468344,0.448612437375135
MAR,1999,0.2,7.8011830939494,3.736,0.468344,0.448612437375135
MAR,2000,0.2,7.8023512872399,3.82,0.468344,0.448612437375135
MAR,2001,0.2,7.86944273191927,3.924,0.468344,0.448612437375135
MAR,2002,0.2,7.89189705540024,4.028,0.468344,0.448612437375135
MAR,2003,0.2,7.96165718487342,4.132,0.468344,0.448612437375135
MAR,2004,0.2,8.00124637630647,4.236,0.468344,0.448612437375135
MAR,2005,0.2,8.00585379996089,4.34,0.468344,0.448612437375135
MAR,2006,0.2,8.07238312284201,4.464,0.468344,0.448612437375135
MAR,2007,0.2,8.09564261770044,4.588,0.468344,0.448612437375135
MAR,2008,0.2,8.14712197160433,4.712,0.468344,0.448612437375135
MAR,2009,0.2,8.1705428717519,4.836,0.468344,0.448612437375135
MAR,2010,0.2,8.19489811120183,4.96,0.468344,0.448612437375135
MAR,2011,0.3,,4.96,0.468344,0.448612437375135
MAR,2012,0.3,,4.96,0.468344,0.448612437375135
MAR,2013,0.3,,4.96,0.468344,0.448612437375135
MCO,1992,,,,0.7304891,
MCO,1993,,,,0.7304891,
MCO,1994,,,,0.7304891,
MCO,1995,,,,0.7304891,
MCO,1996,,,,0.7304891,
MCO,1997,,,,0.7304891,
MCO,1998,,,,0.7304891,
MCO,1999,,,,0.7304891,
MCO,2000,,,,0.7304891,
MCO,2001,,,,0.7304891,
MCO,2002,,,,0.7304891,
MCO,2003,,,,0.7304891,
MCO,2004,,,,0.7304891,
MCO,2005,,,,0.7304891,
MCO,2006,,,,0.7304891,
MCO,2007,,,,0.7304891,
MCO,2008,,,,0.7304891,
MCO,2009,,,,0.7304891,
MCO,2010,,,,0.7304891,
MCO,2011,,,,0.7304891,
MCO,2012,,,,0.7304891,
MCO,2013,,,,0.7304891,
MDA,1992,0.75,7.71683225923925,,0.5533224,0.100345208809995
MDA,1993,0.75,7.68650070986337,,0.5533224,0.100345208809995
MDA,1994,0.85,7.40072978032703,,0.5533224,0.100345208809995
MDA,1995,0.85,7.43914175005227,,0.5533224,0.100345208809995
MDA,1996,0.85,7.41588905908565,,0.5533224,0.100345208809995
MDA,1997,0.85,7.47611490963418,,0.5533224,0.100345208809995
MDA,1998,0.85,7.41051460823078,,0.5533224,0.100345208809995
MDA,1999,0.85,7.29130632801406,,0.5533224,0.100345208809995
MDA,2000,0.85,7.35157208628595,,0.5533224,0.100345208809995
MDA,2001,0.9,7.3931515253402,,0.5533224,0.100345208809995
MDA,2002,0.9,7.48549382155244,,0.5533224,0.100345208809995
MDA,2003,0.9,7.5632895104712,,0.5533224,0.100345208809995
MDA,2004,0.9,7.61409644297261,,0.5533224,0.100345208809995
MDA,2005,0.95,7.69350868244767,,0.5533224,0.100345208809995
MDA,2006,0.95,7.74226796808272,,0.5533224,0.100345208809995
MDA,2007,0.95,7.75700398330671,,0.5533224,0.100345208809995
MDA,2008,0.95,7.83099099453077,,0.5533224,0.100345208809995
MDA,2009,0.95,7.81444115091518,,0.5533224,0.100345208809995
MDA,2010,0.95,7.8798523518776,,0.5533224,0.100345208809995
MDA,2011,0.95,,,0.5533224,0.100345208809995
MDA,2012,0.95,,,0.5533224,0.100345208809995
MDA,2013,0.95,,,0.5533224,0.100345208809995
MDG,1992,0.95,6.70480641407928,,0.020432,
MDG,1993,0.95,6.68623295820072,,0.020432,
MDG,1994,0.95,6.66820200013137,,0.020432,
MDG,1995,0.95,6.65506005498859,,0.020432,
MDG,1996,0.95,6.64585500535824,,0.020432,
MDG,1997,0.95,6.63758005607373,,0.020432,
MDG,1998,0.85,6.63414817650087,,0.020432,
MDG,1999,0.85,6.65992027800594,,0.020432,
MDG,2000,0.85,6.66856471754865,,0.020432,
MDG,2001,0.85,6.6873470222241,,0.020432,
MDG,2002,0.85,6.50474134420757,,0.020432,
MDG,2003,0.85,6.52279390640985,,0.020432,
MDG,2004,0.85,6.53642418088212,,0.020432,
MDG,2005,0.85,6.57577560531666,,0.020432,
MDG,2006,0.85,6.60212038314111,,0.020432,
MDG,2007,0.85,6.61827365136848,,0.020432,
MDG,2008,0.85,6.58244251286053,,0.020432,
MDG,2009,0.5,6.55111300273838,,0.020432,
MDG,2010,0.5,6.55476057212708,,0.020432,
MDG,2011,0.65,,,0.020432,
MDG,2012,0.65,,,0.020432,
MDG,2013,0.65,,,0.020432,
MDV,1992,,7.66947222936081,4.302,,
MDV,1993,,7.691839052781,4.238,,
MDV,1994,,7.72025386976695,4.174,,
MDV,1995,,7.76160133006693,4.11,,
MDV,1996,,7.84017322066126,4.14,,
MDV,1997,,7.90504109111905,4.17,,
MDV,1998,,7.97831342084175,4.2,,
MDV,1999,,7.95408188736153,4.23,,
MDV,2000,,8.03592860322263,4.26,,
MDV,2001,,8.05019651872585,4.346,,
MDV,2002,,8.09329619410504,4.432,,
MDV,2003,,8.26979620452369,4.518,,
MDV,2004,,8.3450883692581,4.604,,
MDV,2005,,8.32679190605227,4.69,,
MDV,2006,,8.3637987703832,4.956,,
MDV,2007,,8.43085775452398,5.222,,
MDV,2008,,8.43941170294682,5.488,,
MDV,2009,,8.3787911092699,5.754,,
MDV,2010,,8.29493106168587,6.02,,
MDV,2011,,,6.02,,
MDV,2012,,,6.02,,
MDV,2013,,,6.02,,
MEX,1992,0.5,9.20301661894841,6.762,0.151119,0.0836136183236711
MEX,1993,0.5,9.19991499929001,6.908,0.151119,0.0836136183236711
MEX,1994,0.7,9.23081332426024,7.054,0.151119,0.0836136183236711
MEX,1995,0.7,9.11855301730742,7.2,0.151119,0.0836136183236711
MEX,1996,0.7,9.15847832820768,7.292,0.151119,0.0836136183236711
MEX,1997,0.8,9.21939133683781,7.384,0.151119,0.0836136183236711
MEX,1998,0.8,9.25665193628661,7.476,0.151119,0.0836136183236711
MEX,1999,0.8,9.28370849073444,7.568,0.151119,0.0836136183236711
MEX,2000,0.9,9.33986093047331,7.66,0.151119,0.0836136183236711
MEX,2001,0.9,9.32391784285135,7.818,0.151119,0.0836136183236711
MEX,2002,0.9,9.31843443435853,7.976,0.151119,0.0836136183236711
MEX,2003,0.9,9.31037515298177,8.134,0.151119,0.0836136183236711
MEX,2004,0.9,9.34096908992621,8.292,0.151119,0.0836136183236711
MEX,2005,0.9,9.36236267893826,8.45,0.151119,0.0836136183236711
MEX,2006,0.9,9.40145192762252,8.518,0.151119,0.0836136183236711
MEX,2007,0.9,9.42336420361575,8.586,0.151119,0.0836136183236711
MEX,2008,0.9,9.42414629001013,8.654,0.151119,0.0836136183236711
MEX,2009,0.9,9.34374459857795,8.722,0.151119,0.0836136183236711
MEX,2010,0.9,9.38759894053181,8.79,0.151119,0.0836136183236711
MEX,2011,0.9,,8.79,0.151119,0.0836136183236711
MEX,2012,0.9,,8.79,0.151119,0.0836136183236711
MEX,2013,0.9,,8.79,0.151119,0.0836136183236711
MHL,1992,,8.92855836212691,,0.0600925425154739,
MHL,1993,,8.97210401538873,,0.0600925425154739,
MHL,1994,,9.01641117459529,,0.0600925425154739,
MHL,1995,,9.08371254127125,,0.0600925425154739,
MHL,1996,,8.96747389597271,,0.0600925425154739,
MHL,1997,,8.89914018057061,,0.0600925425154739,
MHL,1998,,8.84921876456701,,0.0600925425154739,
MHL,1999,,8.80653214810192,,0.0600925425154739,
MHL,2000,,8.84208441588522,,0.0600925425154739,
MHL,2001,,8.86095764564306,,0.0600925425154739,
MHL,2002,,8.87900091756185,,0.0600925425154739,
MHL,2003,,8.88719673599377,,0.0600925425154739,
MHL,2004,,8.92936954850823,,0.0600925425154739,
MHL,2005,,8.9266910902683,,0.0600925425154739,
MHL,2006,,8.91290383682541,,0.0600925425154739,
MHL,2007,,8.90363851066384,,0.0600925425154739,
MHL,2008,,8.89629492186105,,0.0600925425154739,
MHL,2009,,8.8542719248525,,0.0600925425154739,
MHL,2010,,8.8387501882827,,0.0600925425154739,
MHL,2011,,,,0.0600925425154739,
MHL,2012,,,,0.0600925425154739,
MHL,2013,,,,0.0600925425154739,
MKD,1992,,8.64100322061283,,0.5020711,0.286001600545526
MKD,1993,0.8,8.63875892940239,,0.5020711,0.286001600545526
MKD,1994,0.8,8.62917687116222,,0.5020711,0.286001600545526
MKD,1995,0.8,8.60830287094966,,0.5020711,0.286001600545526
MKD,1996,0.8,8.6125662476438,,0.5020711,0.286001600545526
MKD,1997,0.8,8.61276833695041,,0.5020711,0.286001600545526
MKD,1998,0.8,8.64085211252503,,0.5020711,0.286001600545526
MKD,1999,0.8,8.68125687315667,,0.5020711,0.286001600545526
MKD,2000,0.8,8.71734194422093,,0.5020711,0.286001600545526
MKD,2001,0.8,8.67443569464487,,0.5020711,0.286001600545526
MKD,2002,0.95,8.67397600508649,,0.5020711,0.286001600545526
MKD,2003,0.95,8.70438249247949,,0.5020711,0.286001600545526
MKD,2004,0.95,8.74820443845927,,0.5020711,0.286001600545526
MKD,2005,0.95,8.79076314113063,,0.5020711,0.286001600545526
MKD,2006,0.95,8.83664565713148,,0.5020711,0.286001600545526
MKD,2007,0.95,8.89018692505757,,0.5020711,0.286001600545526
MKD,2008,0.95,8.94225532917703,,0.5020711,0.286001600545526
MKD,2009,0.95,8.92876938737205,,0.5020711,0.286001600545526
MKD,2010,0.95,8.93964219924514,,0.5020711,0.286001600545526
MKD,2011,0.95,,,0.5020711,0.286001600545526
MKD,2012,0.95,,,0.5020711,0.286001600545526
MKD,2013,0.95,,,0.5020711,0.286001600545526
MLI,1992,0.7,6.51574315713753,0.938,0.838758,
MLI,1993,0.7,6.55689761119177,0.962,0.838758,
MLI,1994,0.7,6.52680951391258,0.986,0.838758,
MLI,1995,0.7,6.55916516435583,1.01,0.838758,
MLI,1996,0.7,6.57470713841138,1.054,0.838758,
MLI,1997,0.75,6.58642818041814,1.098,0.838758,
MLI,1998,0.75,6.63986232155224,1.142,0.838758,
MLI,1999,0.75,6.65939112135684,1.186,0.838758,
MLI,2000,0.75,6.59091290718159,1.23,0.838758,
MLI,2001,0.75,6.66751067384318,1.33,0.838758,
MLI,2002,0.75,6.6748266911649,1.43,0.838758,
MLI,2003,0.75,6.73099139956476,1.53,0.838758,
MLI,2004,0.75,6.73962832536539,1.63,0.838758,
MLI,2005,0.85,6.76905707021373,1.73,0.838758,
MLI,2006,0.85,6.79997904608312,1.778,0.838758,
MLI,2007,0.85,6.82080728392201,1.826,0.838758,
MLI,2008,0.85,6.8667199493534,1.874,0.838758,
MLI,2009,0.85,6.88865037547989,1.922,0.838758,
MLI,2010,0.85,6.90572314166904,1.97,0.838758,
MLI,2011,0.85,,1.97,0.838758,
MLI,2012,0.5,,1.97,0.838758,
MLI,2013,0.75,,1.97,0.838758,
MLT,1992,,9.57950476616742,8.982,0.090691,0.468751484069485
MLT,1993,,9.61525939787526,9.108,0.090691,0.468751484069485
MLT,1994,,9.66705610581827,9.234,0.090691,0.468751484069485
MLT,1995,,9.70173152998622,9.36,0.090691,0.468751484069485
MLT,1996,,9.72495209838165,9.444,0.090691,0.468751484069485
MLT,1997,,9.76508866657735,9.528,0.090691,0.468751484069485
MLT,1998,,9.80378638031946,9.612,0.090691,0.468751484069485
MLT,1999,,9.8451483790326,9.696,0.090691,0.468751484069485
MLT,2000,,9.9026483029647,9.78,0.090691,0.468751484069485
MLT,2001,,9.87048591628059,9.85,0.090691,0.468751484069485
MLT,2002,,9.88617823400273,9.92,0.090691,0.468751484069485
MLT,2003,,9.89085771424112,9.99,0.090691,0.468751484069485
MLT,2004,,9.88426689805092,10.06,0.090691,0.468751484069485
MLT,2005,,9.91905572127134,10.13,0.090691,0.468751484069485
MLT,2006,,9.93883617033309,10.208,0.090691,0.468751484069485
MLT,2007,,9.97552122130935,10.286,0.090691,0.468751484069485
MLT,2008,,10.0077739236622,10.364,0.090691,0.468751484069485
MLT,2009,,9.97393993634328,10.442,0.090691,0.468751484069485
MLT,2010,,9.99197416141507,10.52,0.090691,0.468751484069485
MLT,2011,,,10.52,0.090691,0.468751484069485
MLT,2012,,,10.52,0.090691,0.468751484069485
MLT,2013,,,10.52,0.090691,0.468751484069485
MMR,1992,0.25,,2.986,0.5072459,
MMR,1993,0.25,,3.064,0.5072459,
MMR,1994,0.25,,3.142,0.5072459,
MMR,1995,0.25,,3.22,0.5072459,
MMR,1996,0.25,,3.314,0.5072459,
MMR,1997,0.25,,3.408,0.5072459,
MMR,1998,0.25,,3.502,0.5072459,
MMR,1999,0.25,,3.596,0.5072459,
MMR,2000,0.25,,3.69,0.5072459,
MMR,2001,0.25,,3.798,0.5072459,
MMR,2002,0.25,,3.906,0.5072459,
MMR,2003,0.25,,4.014,0.5072459,
MMR,2004,0.2,,4.122,0.5072459,
MMR,2005,0.2,,4.23,0.5072459,
MMR,2006,0.2,,4.354,0.5072459,
MMR,2007,0.2,,4.478,0.5072459,
MMR,2008,0.2,,4.602,0.5072459,
MMR,2009,0.2,,4.726,0.5072459,
MMR,2010,0.2,,4.85,0.5072459,
MMR,2011,0.35,,4.85,0.5072459,
MMR,2012,0.35,,4.85,0.5072459,
MMR,2013,0.35,,4.85,0.5072459,
MNE,1992,,8.53584569783179,,,0.293558750866344
MNE,1993,,8.05855252261033,,,0.293558750866344
MNE,1994,,8.04667167164035,,,0.293558750866344
MNE,1995,,8.15367633528543,,,0.293558750866344
MNE,1996,,8.37771634283498,,,0.293558750866344
MNE,1997,,8.42975737595079,,,0.293558750866344
MNE,1998,,8.46024528669534,,,0.293558750866344
MNE,1999,,8.3486231991801,,,0.293558750866344
MNE,2000,,8.47048561793061,,,0.293558750866344
MNE,2001,,8.4780659407352,,,0.293558750866344
MNE,2002,,8.5208046596472,,,0.293558750866344
MNE,2003,,8.55924840804702,,,0.293558750866344
MNE,2004,,8.6074001982641,,,0.293558750866344
MNE,2005,,8.65449594191712,,,0.293558750866344
MNE,2006,0.95,8.73046959693299,,,0.293558750866344
MNE,2007,0.95,8.82802942981697,,,0.293558750866344
MNE,2008,0.95,8.89258655516547,,,0.293558750866344
MNE,2009,0.95,8.85984332052949,,,0.293558750866344
MNE,2010,0.95,8.89736490007641,,,0.293558750866344
MNE,2011,0.95,,,,0.293558750866344
MNE,2012,0.95,,,,0.293558750866344
MNE,2013,0.95,,,,0.293558750866344
MNG,1992,0.95,7.61186480753905,7.792,0.3734279,
MNG,1993,0.95,7.54404534927036,7.808,0.3734279,
MNG,1994,0.95,7.55738250389975,7.824,0.3734279,
MNG,1995,0.95,7.60873311968766,7.84,0.3734279,
MNG,1996,1,7.60925959222581,7.848,0.3734279,
MNG,1997,1,7.61547920695777,7.856,0.3734279,
MNG,1998,1,7.6550305182933,7.864,0.3734279,
MNG,1999,1,7.66721650607925,7.872,0.3734279,
MNG,2000,1,7.70527443456958,7.88,0.3734279,
MNG,2001,1,7.70131188009149,8.018,0.3734279,
MNG,2002,1,7.72754572438388,8.156,0.3734279,
MNG,2003,1,7.76492521979186,8.294,0.3734279,
MNG,2004,1,7.83873860323295,8.432,0.3734279,
MNG,2005,1,7.88275789522916,8.57,0.3734279,
MNG,2006,1,7.96592645103818,8.696,0.3734279,
MNG,2007,1,8.05778032476684,8.822,0.3734279,
MNG,2008,1,8.13882336205134,8.948,0.3734279,
MNG,2009,1,8.09795977745283,9.074,0.3734279,
MNG,2010,1,8.167055236702,9.2,0.3734279,
MNG,2011,1,,9.2,0.3734279,
MNG,2012,1,,9.2,0.3734279,
MNG,2013,1,,9.2,0.3734279,
MOZ,1992,0.2,5.805978594982,0.972,0.8124972,
MOZ,1993,0.2,5.85139922118544,0.958,0.8124972,
MOZ,1994,0.75,5.82943371670575,0.944,0.8124972,
MOZ,1995,0.75,5.78760211874785,0.93,0.8124972,
MOZ,1996,0.75,5.90080880329146,0.96,0.8124972,
MOZ,1997,0.75,5.97765680487446,0.99,0.8124972,
MOZ,1998,0.75,6.05197836207968,1.02,0.8124972,
MOZ,1999,0.75,6.077108737528,1.05,0.8124972,
MOZ,2000,0.75,6.080621475316,1.08,0.8124972,
MOZ,2001,0.75,6.18959312162606,1.12,0.8124972,
MOZ,2002,0.75,6.2762488154155,1.16,0.8124972,
MOZ,2003,0.75,6.32569846903511,1.2,0.8124972,
MOZ,2004,0.75,6.38784232908892,1.24,0.8124972,
MOZ,2005,0.75,6.44328377000616,1.28,0.8124972,
MOZ,2006,0.75,6.50480951646111,1.41,0.8124972,
MOZ,2007,0.75,6.55620360619137,1.54,0.8124972,
MOZ,2008,0.75,6.58921426167677,1.67,0.8124972,
MOZ,2009,0.75,6.62669084435729,1.8,0.8124972,
MOZ,2010,0.75,6.66090404623389,1.93,0.8124972,
MOZ,2011,0.75,,1.93,0.8124972,
MOZ,2012,0.75,,1.93,0.8124972,
MOZ,2013,0.75,,1.93,0.8124972,
MRT,1992,0.2,7.34636938391872,2.904,0.3259653,
MRT,1993,0.2,7.3952271387968,2.976,0.3259653,
MRT,1994,0.2,7.38042834018443,3.048,0.3259653,
MRT,1995,0.2,7.29241721966875,3.12,0.3259653,
MRT,1996,0.2,7.41190730825066,3.206,0.3259653,
MRT,1997,0.2,7.36744843450104,3.292,0.3259653,
MRT,1998,0.2,7.38118276725229,3.378,0.3259653,
MRT,1999,0.2,7.40473349227388,3.464,0.3259653,
MRT,2000,0.2,7.3733851856199,3.55,0.3259653,
MRT,2001,0.2,7.36843310630091,3.652,0.3259653,
MRT,2002,0.2,7.3465234291615,3.754,0.3259653,
MRT,2003,0.2,7.35180647583518,3.856,0.3259653,
MRT,2004,0.2,7.36909113948331,3.958,0.3259653,
MRT,2005,0.25,7.40793495391606,4.06,0.3259653,
MRT,2006,0.35,7.60794567943407,4.154,0.3259653,
MRT,2007,0.7,7.5912715524837,4.248,0.3259653,
MRT,2008,0.25,7.57381333015544,4.342,0.3259653,
MRT,2009,0.4,7.53671551904613,4.436,0.3259653,
MRT,2010,0.4,7.56970868444203,4.53,0.3259653,
MRT,2011,0.4,,4.53,0.3259653,
MRT,2012,0.4,,4.53,0.3259653,
MRT,2013,0.4,,4.53,0.3259653,
MUS,1992,1,8.62091804874602,6.626,0.4546722,
MUS,1993,1,8.65644277768986,6.694,0.4546722,
MUS,1994,1,8.68741165562989,6.762,0.4546722,
MUS,1995,1,8.71214673078022,6.83,0.4546722,
MUS,1996,1,8.74912609662347,6.804,0.4546722,
MUS,1997,1,8.80571875025833,6.778,0.4546722,
MUS,1998,1,8.85313857563224,6.752,0.4546722,
MUS,1999,1,8.86808828158269,6.726,0.4546722,
MUS,2000,1,8.93459916870667,6.7,0.4546722,
MUS,2001,1,8.92992039787395,6.928,0.4546722,
MUS,2002,1,8.95454438172263,7.156,0.4546722,
MUS,2003,1,9.01048173156362,7.384,0.4546722,
MUS,2004,1,9.04825476019449,7.612,0.4546722,
MUS,2005,1,9.0312702656754,7.84,0.4546722,
MUS,2006,1,9.072159191079,8.044,0.4546722,
MUS,2007,1,9.13217313482283,8.248,0.4546722,
MUS,2008,1,9.17841654192952,8.452,0.4546722,
MUS,2009,1,9.19951686437313,8.656,0.4546722,
MUS,2010,1,9.22661263338711,8.86,0.4546722,
MUS,2011,1,,8.86,0.4546722,
MUS,2012,1,,8.86,0.4546722,
MUS,2013,1,,8.86,0.4546722,
MWI,1992,0.05,6.16883670535282,2.964,0.6023255,
MWI,1993,0.2,6.29570747294355,2.996,0.6023255,
MWI,1994,0.8,6.11506540574288,3.028,0.6023255,
MWI,1995,0.8,6.20966591778153,3.06,0.6023255,
MWI,1996,0.8,6.1668179557955,3.144,0.6023255,
MWI,1997,0.8,6.19890491035392,3.228,0.6023255,
MWI,1998,0.8,6.15652558730761,3.312,0.6023255,
MWI,1999,0.8,6.1714494305058,3.396,0.6023255,
MWI,2000,0.8,6.14274335148869,3.48,0.6023255,
MWI,2001,0.7,6.0670828353956,3.666,0.6023255,
MWI,2002,0.7,6.08617824643956,3.852,0.6023255,
MWI,2003,0.75,6.11077395127104,4.038,0.6023255,
MWI,2004,0.8,6.15722505348633,4.224,0.6023255,
MWI,2005,0.8,6.17673508523321,4.41,0.6023255,
MWI,2006,0.8,6.22760524128353,4.49,0.6023255,
MWI,2007,0.8,6.31127619139043,4.57,0.6023255,
MWI,2008,0.8,6.3784990269577,4.65,0.6023255,
MWI,2009,0.8,6.42807328553327,4.73,0.6023255,
MWI,2010,0.8,6.48556422161245,4.81,0.6023255,
MWI,2011,0.8,,4.81,0.6023255,
MWI,2012,0.8,,4.81,0.6023255,
MWI,2013,0.8,,4.81,0.6023255,
MYS,1992,0.7,8.80429615760335,7.538,0.5969522,
MYS,1993,0.7,8.88202231159274,7.822,0.5969522,
MYS,1994,0.7,8.96188636386861,8.106,0.5969522,
MYS,1995,0.7,9.04626031260786,8.39,0.5969522,
MYS,1996,0.65,9.11500968623361,8.53,0.5969522,
MYS,1997,0.65,9.16054251830168,8.67,0.5969522,
MYS,1998,0.65,9.04484905648927,8.81,0.5969522,
MYS,1999,0.65,9.08242223529429,8.95,0.5969522,
MYS,2000,0.65,9.15712059320339,9.09,0.5969522,
MYS,2001,0.65,9.12299810461564,9.214,0.5969522,
MYS,2002,0.65,9.15363840143485,9.338,0.5969522,
MYS,2003,0.65,9.17999812991879,9.462,0.5969522,
MYS,2004,0.65,9.22742954716912,9.586,0.5969522,
MYS,2005,0.65,9.25743376926003,9.71,0.5969522,
MYS,2006,0.65,9.2999221859769,9.856,0.5969522,
MYS,2007,0.65,9.34436363654936,10.002,0.5969522,
MYS,2008,0.8,9.36669392047707,10.148,0.5969522,
MYS,2009,0.8,9.31924999652955,10.294,0.5969522,
MYS,2010,0.8,9.38899275290308,10.44,0.5969522,
MYS,2011,0.8,,10.44,0.5969522,
MYS,2012,0.8,,10.44,0.5969522,
MYS,2013,0.8,,10.44,0.5969522,
NAM,1992,0.8,8.17605874596957,6.11,0.7005488,
NAM,1993,0.8,8.07458186437095,6.09,0.7005488,
NAM,1994,0.8,8.17339680631758,6.07,0.7005488,
NAM,1995,0.8,8.202651754928,6.05,0.7005488,
NAM,1996,0.8,8.20984858618898,5.984,0.7005488,
NAM,1997,0.8,8.18253865306811,5.918,0.7005488,
NAM,1998,0.8,8.18548816436113,5.852,0.7005488,
NAM,1999,0.8,8.17839802004599,5.786,0.7005488,
NAM,2000,0.8,8.19875704502809,5.72,0.7005488,
NAM,2001,0.8,8.25275912282129,5.77,0.7005488,
NAM,2002,0.8,8.22905745175305,5.82,0.7005488,
NAM,2003,0.8,8.26180427436538,5.87,0.7005488,
NAM,2004,0.8,8.35866829684897,5.92,0.7005488,
NAM,2005,0.8,8.35347053787445,5.97,0.7005488,
NAM,2006,0.8,8.46636068678562,6.01,0.7005488,
NAM,2007,0.8,8.44141606468799,6.05,0.7005488,
NAM,2008,0.8,8.50535727595984,6.09,0.7005488,
NAM,2009,0.8,8.44904023871301,6.13,0.7005488,
NAM,2010,0.8,8.47853697804377,6.17,0.7005488,
NAM,2011,0.8,,6.17,0.7005488,
NAM,2012,0.8,,6.17,0.7005488,
NAM,2013,0.8,,6.17,0.7005488,
NER,1992,0.65,6.26519943284348,1.116,0.6519471,
NER,1993,0.8,6.24022331160767,1.154,0.6519471,
NER,1994,0.8,6.2345014200761,1.192,0.6519471,
NER,1995,0.8,6.22060213390491,1.23,0.6519471,
NER,1996,0.35,6.23599444203621,1.26,0.6519471,
NER,1997,0.35,6.2075451314507,1.29,0.6519471,
NER,1998,0.35,6.29221911185463,1.32,0.6519471,
NER,1999,0.75,6.26765021258862,1.35,0.6519471,
NER,2000,0.75,6.1974654055629,1.38,0.6519471,
NER,2001,0.75,6.22939432669949,1.418,0.6519471,
NER,2002,0.75,6.24105294042498,1.456,0.6519471,
NER,2003,0.75,6.2409548493321,1.494,0.6519471,
NER,2004,0.8,6.19857010148324,1.532,0.6519471,
NER,2005,0.8,6.21961008384882,1.57,0.6519471,
NER,2006,0.8,6.23723427750631,1.632,0.6519471,
NER,2007,0.8,6.2324709168777,1.694,0.6519471,
NER,2008,0.8,6.28094997386351,1.756,0.6519471,
NER,2009,0.35,6.23725393518064,1.818,0.6519471,
NER,2010,0.65,6.25764891136724,1.88,0.6519471,
NER,2011,0.8,,1.88,0.6519471,
NER,2012,0.8,,1.88,0.6519471,
NER,2013,0.8,,1.88,0.6519471,
NGA,1992,0.25,7.0016487218703,,0.850346285208298,0.534157888522021
NGA,1993,0.15,7.0126901593101,,0.850346285208298,0.534157888522021
NGA,1994,0.15,6.98728394585164,,0.850346285208298,0.534157888522021
NGA,1995,0.2,6.95441055733225,,0.850346285208298,0.534157888522021
NGA,1996,0.2,6.98494353393288,,0.850346285208298,0.534157888522021
NGA,1997,0.2,7.02698157290674,,0.850346285208298,0.534157888522021
NGA,1998,0.45,7.02460212962071,,0.850346285208298,0.534157888522021
NGA,1999,0.7,6.97573272953037,,0.850346285208298,0.534157888522021
NGA,2000,0.7,7.01004079293451,,0.850346285208298,0.534157888522021
NGA,2001,0.7,7.10650559185306,,0.850346285208298,0.534157888522021
NGA,2002,0.7,7.13313276895627,,0.850346285208298,0.534157888522021
NGA,2003,0.7,7.26102205429656,,0.850346285208298,0.534157888522021
NGA,2004,0.7,7.36442149041839,,0.850346285208298,0.534157888522021
NGA,2005,0.7,7.32035919803565,,0.850346285208298,0.534157888522021
NGA,2006,0.7,7.40813034069359,,0.850346285208298,0.534157888522021
NGA,2007,0.7,7.55620719786866,,0.850346285208298,0.534157888522021
NGA,2008,0.7,7.56558847212436,,0.850346285208298,0.534157888522021
NGA,2009,0.7,7.42927832097687,,0.850346285208298,0.534157888522021
NGA,2010,0.7,7.43570494572058,,0.850346285208298,0.534157888522021
NGA,2011,0.7,,,0.850346285208298,0.534157888522021
NGA,2012,0.7,,,0.850346285208298,0.534157888522021
NGA,2013,0.7,,,0.850346285208298,0.534157888522021
NIC,1992,0.8,7.53764769728668,4.702,0.0473181,
NIC,1993,0.8,7.4679086590176,4.808,0.0473181,
NIC,1994,0.8,7.47666628812717,4.914,0.0473181,
NIC,1995,0.9,7.50832265942135,5.02,0.0473181,
NIC,1996,0.9,7.54392958700005,5.118,0.0473181,
NIC,1997,0.9,7.55304889790603,5.216,0.0473181,
NIC,1998,0.9,7.56688128598785,5.314,0.0473181,
NIC,1999,0.9,7.62333656318106,5.412,0.0473181,
NIC,2000,0.9,7.63418195747078,5.51,0.0473181,
NIC,2001,0.9,7.63591177170116,5.604,0.0473181,
NIC,2002,0.9,7.62338853982225,5.698,0.0473181,
NIC,2003,0.9,7.63010741282725,5.792,0.0473181,
NIC,2004,0.9,7.66288519837055,5.886,0.0473181,
NIC,2005,0.9,7.69139391469159,5.98,0.0473181,
NIC,2006,0.9,7.71253775419354,6.106,0.0473181,
NIC,2007,0.95,7.72124183488727,6.232,0.0473181,
NIC,2008,0.95,7.73364161726889,6.358,0.0473181,
NIC,2009,0.95,7.7060407147969,6.484,0.0473181,
NIC,2010,0.95,7.73622724646079,6.61,0.0473181,
NIC,2011,0.95,,6.61,0.0473181,
NIC,2012,0.95,,6.61,0.0473181,
NIC,2013,0.95,,6.61,0.0473181,
NLD,1992,1,10.2394215853874,10.392,0.5142933,-0.911525080009734
NLD,1993,1,10.2414417346763,10.448,0.5142933,-0.911525080009734
NLD,1994,1,10.2644899774775,10.504,0.5142933,-0.911525080009734
NLD,1995,1,10.291597712873,10.56,0.5142933,-0.911525080009734
NLD,1996,1,10.3222052161175,10.61,0.5142933,-0.911525080009734
NLD,1997,1,10.3613696467621,10.66,0.5142933,-0.911525080009734
NLD,1998,1,10.3964027615,10.71,0.5142933,-0.911525080009734
NLD,1999,1,10.4364314406754,10.76,0.5142933,-0.911525080009734
NLD,2000,1,10.4685803120429,10.81,0.5142933,-0.911525080009734
NLD,2001,1,10.4807346561815,10.808,0.5142933,-0.911525080009734
NLD,2002,1,10.4735261169042,10.806,0.5142933,-0.911525080009734
NLD,2003,1,10.4702377165514,10.804,0.5142933,-0.911525080009734
NLD,2004,1,10.4868410486726,10.802,0.5142933,-0.911525080009734
NLD,2005,1,10.5023922343774,10.8,0.5142933,-0.911525080009734
NLD,2006,1,10.5312883334459,10.918,0.5142933,-0.911525080009734
NLD,2007,1,10.565499962341,11.036,0.5142933,-0.911525080009734
NLD,2008,1,10.5789837766535,11.154,0.5142933,-0.911525080009734
NLD,2009,1,10.5360382944512,11.272,0.5142933,-0.911525080009734
NLD,2010,1,10.5503455697127,11.39,0.5142933,-0.911525080009734
NLD,2011,1,,11.39,0.5142933,-0.911525080009734
NLD,2012,1,,11.39,0.5142933,-0.911525080009734
NLD,2013,1,,11.39,0.5142933,-0.911525080009734
NOR,1992,1,10.4404555990292,10.456,0.0673454,-0.572794335345039
NOR,1993,1,10.4651439999376,10.544,0.0673454,-0.572794335345039
NOR,1994,1,10.5150132738582,10.632,0.0673454,-0.572794335345039
NOR,1995,1,10.5557877022468,10.72,0.0673454,-0.572794335345039
NOR,1996,1,10.6061214133611,10.78,0.0673454,-0.572794335345039
NOR,1997,1,10.6651880557623,10.84,0.0673454,-0.572794335345039
NOR,1998,1,10.6902880405224,10.9,0.0673454,-0.572794335345039
NOR,1999,1,10.6979647853048,10.96,0.0673454,-0.572794335345039
NOR,2000,1,10.7220826745647,11.02,0.0673454,-0.572794335345039
NOR,2001,1,10.7328488773847,11.172,0.0673454,-0.572794335345039
NOR,2002,1,10.740785225228,11.324,0.0673454,-0.572794335345039
NOR,2003,1,10.7432780365038,11.476,0.0673454,-0.572794335345039
NOR,2004,1,10.7810576400066,11.628,0.0673454,-0.572794335345039
NOR,2005,1,10.8055470938601,11.78,0.0673454,-0.572794335345039
NOR,2006,1,10.829906238339,11.742,0.0673454,-0.572794335345039
NOR,2007,1,10.8551082907433,11.704,0.0673454,-0.572794335345039
NOR,2008,1,10.8508165885228,11.666,0.0673454,-0.572794335345039
NOR,2009,1,10.8268509783201,11.628,0.0673454,-0.572794335345039
NOR,2010,1,10.8294815287599,11.59,0.0673454,-0.572794335345039
NOR,2011,1,,11.59,0.0673454,-0.572794335345039
NOR,2012,1,,11.59,0.0673454,-0.572794335345039
NOR,2013,1,,11.59,0.0673454,-0.572794335345039
NPL,1992,0.75,6.61723563778405,2.554,0.716687,
NPL,1993,0.75,6.62772145969425,2.586,0.716687,
NPL,1994,0.75,6.67300205562082,2.618,0.716687,
NPL,1995,0.75,6.68195331999389,2.65,0.716687,
NPL,1996,0.75,6.70935689340175,2.714,0.716687,
NPL,1997,0.75,6.72427752639535,2.778,0.716687,
NPL,1998,0.75,6.67540244902411,2.842,0.716687,
NPL,1999,0.8,6.65966638119585,2.906,0.716687,
NPL,2000,0.8,6.72502879473613,2.97,0.716687,
NPL,2001,0.8,6.82337697368016,3.086,0.716687,
NPL,2002,0.2,6.81167560805344,3.202,0.716687,
NPL,2003,0.2,6.83716200812473,3.318,0.716687,
NPL,2004,0.2,6.86834821002409,3.434,0.716687,
NPL,2005,0.2,6.88854509412467,3.55,0.716687,
NPL,2006,0.8,6.90751960279269,3.686,0.716687,
NPL,2007,0.8,6.93022752037178,3.822,0.716687,
NPL,2008,0.8,6.97918949420286,3.958,0.716687,
NPL,2009,0.8,7.01211698403468,4.094,0.716687,
NPL,2010,0.8,7.04336842665023,4.23,0.716687,
NPL,2011,0.8,,4.23,0.716687,
NPL,2012,0.8,,4.23,0.716687,
NPL,2013,0.8,,4.23,0.716687,
NRU,1992,,,,0.6160586,
NRU,1993,,,,0.6160586,
NRU,1994,,,,0.6160586,
NRU,1995,,,,0.6160586,
NRU,1996,,,,0.6160586,
NRU,1997,,,,0.6160586,
NRU,1998,,,,0.6160586,
NRU,1999,,,,0.6160586,
NRU,2000,,,,0.6160586,
NRU,2001,,,,0.6160586,
NRU,2002,,,,0.6160586,
NRU,2003,,,,0.6160586,
NRU,2004,,,,0.6160586,
NRU,2005,,,,0.6160586,
NRU,2006,,,,0.6160586,
NRU,2007,,,,0.6160586,
NRU,2008,,,,0.6160586,
NRU,2009,,,,0.6160586,
NRU,2010,,,,0.6160586,
NRU,2011,,,,0.6160586,
NRU,2012,,,,0.6160586,
NRU,2013,,,,0.6160586,
NZL,1992,1,9.86606558423492,11.644,0.1656536,-0.310831300142767
NZL,1993,1,9.91159802961865,11.656,0.1656536,-0.310831300142767
NZL,1994,1,9.95122187573971,11.668,0.1656536,-0.310831300142767
NZL,1995,1,9.97694206529604,11.68,0.1656536,-0.310831300142767
NZL,1996,1,9.9942901538192,11.696,0.1656536,-0.310831300142767
NZL,1997,1,10.0123188955679,11.712,0.1656536,-0.310831300142767
NZL,1998,1,10.0196129007209,11.728,0.1656536,-0.310831300142767
NZL,1999,1,10.065107242334,11.744,0.1656536,-0.310831300142767
NZL,2000,1,10.0821943392052,11.76,0.1656536,-0.310831300142767
NZL,2001,1,10.1068079999029,11.762,0.1656536,-0.310831300142767
NZL,2002,1,10.1394585918728,11.764,0.1656536,-0.310831300142767
NZL,2003,1,10.165083303619,11.766,0.1656536,-0.310831300142767
NZL,2004,1,10.1882729361704,11.768,0.1656536,-0.310831300142767
NZL,2005,1,10.2129533107134,11.77,0.1656536,-0.310831300142767
NZL,2006,1,10.2261982044241,11.612,0.1656536,-0.310831300142767
NZL,2007,1,10.2419194999905,11.454,0.1656536,-0.310831300142767
NZL,2008,1,10.226070917621,11.296,0.1656536,-0.310831300142767
NZL,2009,1,10.2222913641148,11.138,0.1656536,-0.310831300142767
NZL,2010,1,10.2324182588487,10.98,0.1656536,-0.310831300142767
NZL,2011,1,,10.98,0.1656536,-0.310831300142767
NZL,2012,1,,10.98,0.1656536,-0.310831300142767
NZL,2013,1,,10.98,0.1656536,-0.310831300142767
OMN,1992,0.05,9.61793693631675,,0.3567431,
OMN,1993,0.05,9.65691040654359,,0.3567431,
OMN,1994,0.05,9.64011046432078,,0.3567431,
OMN,1995,0.05,9.64170314218074,,0.3567431,
OMN,1996,0.05,9.65409794889828,,0.3567431,
OMN,1997,0.05,9.73212349604175,,0.3567431,
OMN,1998,0.05,9.76046622596466,,0.3567431,
OMN,1999,0.05,9.71758803932331,,0.3567431,
OMN,2000,0.05,9.74196364807201,,0.3567431,
OMN,2001,0.05,9.78208876185271,,0.3567431,
OMN,2002,0.1,9.77516030869365,,0.3567431,
OMN,2003,0.1,9.77206690489271,,0.3567431,
OMN,2004,0.1,9.80989175445431,,0.3567431,
OMN,2005,0.1,9.7940778327943,,0.3567431,
OMN,2006,0.1,9.84009234178342,,0.3567431,
OMN,2007,0.1,9.90779968979415,,0.3567431,
OMN,2008,0.1,10.0218456773304,,0.3567431,
OMN,2009,0.1,9.97238263943566,,0.3567431,
OMN,2010,0.1,10.0163651022575,,0.3567431,
OMN,2011,0.1,,,0.3567431,
OMN,2012,0.1,,,0.3567431,
OMN,2013,0.1,,,0.3567431,
PAK,1992,0.9,7.40533384457563,3.096,0.7190371,0.49147439469878
PAK,1993,0.9,7.40097991945856,3.184,0.7190371,0.49147439469878
PAK,1994,0.9,7.41483516622801,3.272,0.7190371,0.49147439469878
PAK,1995,0.9,7.44162959117678,3.36,0.7190371,0.49147439469878
PAK,1996,0.9,7.46205232557077,3.462,0.7190371,0.49147439469878
PAK,1997,0.85,7.4509616911473,3.564,0.7190371,0.49147439469878
PAK,1998,0.85,7.45669323697252,3.666,0.7190371,0.49147439469878
PAK,1999,0.2,7.47338548092923,3.768,0.7190371,0.49147439469878
PAK,2000,0.2,7.48427363293009,3.87,0.7190371,0.49147439469878
PAK,2001,0.2,7.47093068959393,4.082,0.7190371,0.49147439469878
PAK,2002,0.25,7.48155050037486,4.294,0.7190371,0.49147439469878
PAK,2003,0.25,7.50336022030044,4.506,0.7190371,0.49147439469878
PAK,2004,0.25,7.56232630768653,4.718,0.7190371,0.49147439469878
PAK,2005,0.25,7.61369677584793,4.93,0.7190371,0.49147439469878
PAK,2006,0.25,7.658285827814,4.948,0.7190371,0.49147439469878
PAK,2007,0.6,7.69190252938021,4.966,0.7190371,0.49147439469878
PAK,2008,0.75,7.7013370179444,4.984,0.7190371,0.49147439469878
PAK,2009,0.75,7.7168097427632,5.002,0.7190371,0.49147439469878
PAK,2010,0.8,7.73938307306158,5.02,0.7190371,0.49147439469878
PAK,2011,0.8,,5.02,0.7190371,0.49147439469878
PAK,2012,0.8,,5.02,0.7190371,0.49147439469878
PAK,2013,0.85,,5.02,0.7190371,0.49147439469878
PAN,1992,0.9,8.74267542357927,7.962,0.3873154,
PAN,1993,0.9,8.74613029895419,8.118,0.3873154,
PAN,1994,0.95,8.74336137213171,8.274,0.3873154,
PAN,1995,0.95,8.75308472616497,8.43,0.3873154,
PAN,1996,0.95,8.74130360759793,8.492,0.3873154,
PAN,1997,0.95,8.77993795548457,8.554,0.3873154,
PAN,1998,0.95,8.8201434199713,8.616,0.3873154,
PAN,1999,0.95,8.8329190037198,8.678,0.3873154,
PAN,2000,0.95,8.84786961451158,8.74,0.3873154,
PAN,2001,0.95,8.83127740220086,8.828,0.3873154,
PAN,2002,0.95,8.83244998269484,8.916,0.3873154,
PAN,2003,0.95,8.84718593839573,9.004,0.3873154,
PAN,2004,0.95,8.90780365799257,9.092,0.3873154,
PAN,2005,0.95,8.96007926295829,9.18,0.3873154,
PAN,2006,0.95,9.02799724205353,9.198,0.3873154,
PAN,2007,0.95,9.13873963176797,9.216,0.3873154,
PAN,2008,0.95,9.22994869412183,9.234,0.3873154,
PAN,2009,0.95,9.24197856156927,9.252,0.3873154,
PAN,2010,0.95,9.29257400695319,9.27,0.3873154,
PAN,2011,0.95,,9.27,0.3873154,
PAN,2012,0.95,,9.27,0.3873154,
PAN,2013,0.95,,9.27,0.3873154,
PER,1992,0.3,8.22750878373528,7.49,0.3358169,0.26582066974359
PER,1993,0.45,8.25457351106089,7.62,0.3358169,0.26582066974359
PER,1994,0.45,8.35996861451445,7.75,0.3358169,0.26582066974359
PER,1995,0.45,8.42361686000369,7.88,0.3358169,0.26582066974359
PER,1996,0.45,8.43036154131476,8.074,0.3358169,0.26582066974359
PER,1997,0.45,8.48255093113193,8.268,0.3358169,0.26582066974359
PER,1998,0.45,8.46056814990327,8.462,0.3358169,0.26582066974359
PER,1999,0.45,8.45646982525224,8.656,0.3358169,0.26582066974359
PER,2000,0.7,8.47236790180923,8.85,0.3358169,0.26582066974359
PER,2001,0.95,8.4620509114941,8.99,0.3358169,0.26582066974359
PER,2002,0.95,8.50004726464635,9.13,0.3358169,0.26582066974359
PER,2003,0.95,8.52790184945873,9.27,0.3358169,0.26582066974359
PER,2004,0.95,8.56717867639074,9.41,0.3358169,0.26582066974359
PER,2005,0.95,8.62361340892167,9.55,0.3358169,0.26582066974359
PER,2006,0.95,8.68560306676279,9.416,0.3358169,0.26582066974359
PER,2007,0.95,8.76038160617528,9.282,0.3358169,0.26582066974359
PER,2008,0.95,8.84461752445813,9.148,0.3358169,0.26582066974359
PER,2009,0.95,8.838178932922,9.014,0.3358169,0.26582066974359
PER,2010,0.95,8.91125580295053,8.88,0.3358169,0.26582066974359
PER,2011,0.95,,8.88,0.3358169,0.26582066974359
PER,2012,0.95,,8.88,0.3358169,0.26582066974359
PER,2013,0.95,,8.88,0.3358169,0.26582066974359
PHL,1992,0.9,7.72630202560477,7.284,0.8359525,0.56352272312887
PHL,1993,0.9,7.72972776238937,7.376,0.8359525,0.56352272312887
PHL,1994,0.9,7.77040440167145,7.468,0.8359525,0.56352272312887
PHL,1995,0.9,7.76726607338513,7.56,0.8359525,0.56352272312887
PHL,1996,0.9,7.79538040380513,7.622,0.8359525,0.56352272312887
PHL,1997,0.9,7.84823227923704,7.684,0.8359525,0.56352272312887
PHL,1998,0.9,7.7794622216085,7.746,0.8359525,0.56352272312887
PHL,1999,0.9,7.78769178394059,7.808,0.8359525,0.56352272312887
PHL,2000,0.9,7.80859895600703,7.87,0.8359525,0.56352272312887
PHL,2001,0.9,7.81957024325524,7.932,0.8359525,0.56352272312887
PHL,2002,0.9,7.83665059491228,7.994,0.8359525,0.56352272312887
PHL,2003,0.9,7.86399941856181,8.056,0.8359525,0.56352272312887
PHL,2004,0.9,7.90654791177849,8.118,0.8359525,0.56352272312887
PHL,2005,0.9,7.93302510151945,8.18,0.8359525,0.56352272312887
PHL,2006,0.9,7.9600437362652,8.23,0.8359525,0.56352272312887
PHL,2007,0.9,8.00213101619257,8.28,0.8359525,0.56352272312887
PHL,2008,0.9,8.02555682743058,8.33,0.8359525,0.56352272312887
PHL,2009,0.9,8.01716288852748,8.38,0.8359525,0.56352272312887
PHL,2010,0.9,8.06899838308638,8.43,0.8359525,0.56352272312887
PHL,2011,0.9,,8.43,0.8359525,0.56352272312887
PHL,2012,0.9,,8.43,0.8359525,0.56352272312887
PHL,2013,0.9,,8.43,0.8359525,0.56352272312887
PLW,1992,,9.69863088593647,,0.3157247,
PLW,1993,,9.37489060719984,,0.3157247,
PLW,1994,,9.39598894710172,,0.3157247,
PLW,1995,,9.53034777573825,,0.3157247,
PLW,1996,,9.66944714372308,,0.3157247,
PLW,1997,,9.67023448981707,,0.3157247,
PLW,1998,,9.58678512060381,,0.3157247,
PLW,1999,,9.48847022396409,,0.3157247,
PLW,2000,,9.49819336252063,,0.3157247,
PLW,2001,,9.55070013934823,,0.3157247,
PLW,2002,,9.54651515543402,,0.3157247,
PLW,2003,,9.49608363991055,,0.3157247,
PLW,2004,,9.54714364258531,,0.3157247,
PLW,2005,,9.55454764371739,,0.3157247,
PLW,2006,,9.60835654915621,,0.3157247,
PLW,2007,,9.61916042602092,,0.3157247,
PLW,2008,,9.60017845792627,,0.3157247,
PLW,2009,,9.62408597436781,,0.3157247,
PLW,2010,,9.64201211526469,,0.3157247,
PLW,2011,,,,0.3157247,
PLW,2012,,,,0.3157247,
PLW,2013,,,,0.3157247,
PNG,1992,0.7,7.66461873496265,3.154,0.3525709,
PNG,1993,0.7,7.85801453387468,3.206,0.3525709,
PNG,1994,0.7,7.85794803095853,3.258,0.3525709,
PNG,1995,0.7,7.7854213232381,3.31,0.3525709,
PNG,1996,0.7,7.83301498219508,3.344,0.3525709,
PNG,1997,0.7,7.75757319820917,3.378,0.3525709,
PNG,1998,0.7,7.77088843375206,3.412,0.3525709,
PNG,1999,0.7,7.76498926235637,3.446,0.3525709,
PNG,2000,0.7,7.70381067349451,3.48,0.3525709,
PNG,2001,0.7,7.68299810618594,3.582,0.3525709,
PNG,2002,0.7,7.6918223876884,3.684,0.3525709,
PNG,2003,0.7,7.68910620255988,3.786,0.3525709,
PNG,2004,0.7,7.69437311641561,3.888,0.3525709,
PNG,2005,0.7,7.71171731062631,3.99,0.3525709,
PNG,2006,0.7,7.72191741655413,4.044,0.3525709,
PNG,2007,0.7,7.79234324275916,4.098,0.3525709,
PNG,2008,0.7,7.83340743059277,4.152,0.3525709,
PNG,2009,0.7,7.8547500131835,4.206,0.3525709,
PNG,2010,0.7,7.928215256778,4.26,0.3525709,
PNG,2011,0.7,,4.26,0.3525709,
PNG,2012,0.75,,4.26,0.3525709,
PNG,2013,0.75,,4.26,0.3525709,
POL,1992,0.9,8.93284998725526,9.38,0.0468132,0.0865691030542124
POL,1993,0.9,8.97240535027784,9.54,0.0468132,0.0865691030542124
POL,1994,0.9,9.01878384368945,9.7,0.0468132,0.0865691030542124
POL,1995,0.95,9.0793526031845,9.86,0.0468132,0.0865691030542124
POL,1996,0.95,9.1369508461181,9.94,0.0468132,0.0865691030542124
POL,1997,0.95,9.20040937903134,10.02,0.0468132,0.0865691030542124
POL,1998,0.95,9.24532104065895,10.1,0.0468132,0.0865691030542124
POL,1999,0.95,9.29011893655162,10.18,0.0468132,0.0865691030542124
POL,2000,0.95,9.33111638269977,10.26,0.0468132,0.0865691030542124
POL,2001,0.95,9.34774197772982,10.396,0.0468132,0.0865691030542124
POL,2002,1,9.36464045121422,10.532,0.0468132,0.0865691030542124
POL,2003,1,9.40409719690455,10.668,0.0468132,0.0865691030542124
POL,2004,1,9.45635417457398,10.804,0.0468132,0.0865691030542124
POL,2005,1,9.49175032393953,10.94,0.0468132,0.0865691030542124
POL,2006,1,9.55140561244505,11.016,0.0468132,0.0865691030542124
POL,2007,1,9.61604014474844,11.092,0.0468132,0.0865691030542124
POL,2008,1,9.66661921507167,11.168,0.0468132,0.0865691030542124
POL,2009,1,9.68588847033143,11.244,0.0468132,0.0865691030542124
POL,2010,1,9.72347357946172,11.32,0.0468132,0.0865691030542124
POL,2011,1,,11.32,0.0468132,0.0865691030542124
POL,2012,1,,11.32,0.0468132,0.0865691030542124
POL,2013,1,,11.32,0.0468132,0.0865691030542124
PRI,1992,,9.82101312258359,,,0.507155648587589
PRI,1993,,9.85316984153337,,,0.507155648587589
PRI,1994,,9.88907348276317,,,0.507155648587589
PRI,1995,,9.87150389366564,,,0.507155648587589
PRI,1996,,9.89742026028701,,,0.507155648587589
PRI,1997,,9.95579723777595,,,0.507155648587589
PRI,1998,,10.0091631975355,,,0.507155648587589
PRI,1999,,10.0468112654429,,,0.507155648587589
PRI,2000,,10.1379958819408,,,0.507155648587589
PRI,2001,,10.1252482523918,,,0.507155648587589
PRI,2002,,10.1476479535624,,,0.507155648587589
PRI,2003,,10.1752705102183,,,0.507155648587589
PRI,2004,,10.171204065671,,,0.507155648587589
PRI,2005,,10.1679134467684,,,0.507155648587589
PRI,2006,,10.1418482793466,,,0.507155648587589
PRI,2007,,10.1099626160192,,,0.507155648587589
PRI,2008,,10.0846587124189,,,0.507155648587589
PRI,2009,,10.0547051693077,,,0.507155648587589
PRI,2010,,10.0353253973177,,,0.507155648587589
PRI,2011,,,,,0.507155648587589
PRI,2012,,,,,0.507155648587589
PRI,2013,,,,,0.507155648587589
PRK,1992,0.05,,,0.00276370000000004,
PRK,1993,0.05,,,0.00276370000000004,
PRK,1994,0,,,0.00276370000000004,
PRK,1995,0,,,0.00276370000000004,
PRK,1996,0,,,0.00276370000000004,
PRK,1997,0,,,0.00276370000000004,
PRK,1998,0,,,0.00276370000000004,
PRK,1999,0,,,0.00276370000000004,
PRK,2000,0,,,0.00276370000000004,
PRK,2001,0,,,0.00276370000000004,
PRK,2002,0,,,0.00276370000000004,
PRK,2003,0,,,0.00276370000000004,
PRK,2004,0,,,0.00276370000000004,
PRK,2005,0,,,0.00276370000000004,
PRK,2006,0,,,0.00276370000000004,
PRK,2007,0,,,0.00276370000000004,
PRK,2008,0,,,0.00276370000000004,
PRK,2009,0,,,0.00276370000000004,
PRK,2010,0,,,0.00276370000000004,
PRK,2011,0,,,0.00276370000000004,
PRK,2012,0,,,0.00276370000000004,
PRK,2013,0,,,0.00276370000000004,
PRT,1992,1,9.67296655642446,6.276,0.0197805,-0.0104473925245505
PRT,1993,1,9.65170509583987,6.414,0.0197805,-0.0104473925245505
PRT,1994,1,9.68440212283417,6.552,0.0197805,-0.0104473925245505
PRT,1995,1,9.70006099948439,6.69,0.0197805,-0.0104473925245505
PRT,1996,1,9.73273328726301,6.838,0.0197805,-0.0104473925245505
PRT,1997,1,9.77732208498261,6.986,0.0197805,-0.0104473925245505
PRT,1998,1,9.82750368499034,7.134,0.0197805,-0.0104473925245505
PRT,1999,1,9.8646469574968,7.282,0.0197805,-0.0104473925245505
PRT,2000,1,9.89504941956669,7.43,0.0197805,-0.0104473925245505
PRT,2001,1,9.90869045995874,7.348,0.0197805,-0.0104473925245505
PRT,2002,1,9.9068031496641,7.266,0.0197805,-0.0104473925245505
PRT,2003,1,9.88821583944096,7.184,0.0197805,-0.0104473925245505
PRT,2004,1,9.89974964736476,7.102,0.0197805,-0.0104473925245505
PRT,2005,1,9.9009588030926,7.02,0.0197805,-0.0104473925245505
PRT,2006,1,9.91097454125776,7.12,0.0197805,-0.0104473925245505
PRT,2007,1,9.93065188410592,7.22,0.0197805,-0.0104473925245505
PRT,2008,1,9.92663597049582,7.32,0.0197805,-0.0104473925245505
PRT,2009,1,9.88192525087875,7.42,0.0197805,-0.0104473925245505
PRT,2010,1,9.89255023009297,7.52,0.0197805,-0.0104473925245505
PRT,2011,1,,7.52,0.0197805,-0.0104473925245505
PRT,2012,1,,7.52,0.0197805,-0.0104473925245505
PRT,2013,1,,7.52,0.0197805,-0.0104473925245505
PRY,1992,0.85,8.16392446783094,6.166,0.5975008,
PRY,1993,0.85,8.18172895372137,6.194,0.5975008,
PRY,1994,0.85,8.13572751120388,6.222,0.5975008,
PRY,1995,0.85,8.15796008345003,6.25,0.5975008,
PRY,1996,0.85,8.14624264206052,6.246,0.5975008,
PRY,1997,0.85,8.15833246373461,6.242,0.5975008,
PRY,1998,0.8,8.15514288785503,6.238,0.5975008,
PRY,1999,0.85,8.15291118837367,6.234,0.5975008,
PRY,2000,0.85,8.09746121633816,6.23,0.5975008,
PRY,2001,0.85,8.10355393473822,6.502,0.5975008,
PRY,2002,0.85,8.09142308579991,6.774,0.5975008,
PRY,2003,0.9,8.1141514977757,7.046,0.5975008,
PRY,2004,0.9,8.1383005204085,7.318,0.5975008,
PRY,2005,0.9,8.1418744471151,7.59,0.5975008,
PRY,2006,0.9,8.1602216941099,7.586,0.5975008,
PRY,2007,0.9,8.20487986767011,7.582,0.5975008,
PRY,2008,0.9,8.23456439446091,7.578,0.5975008,
PRY,2009,0.9,8.19296463504765,7.574,0.5975008,
PRY,2010,0.9,8.31135929721005,7.57,0.5975008,
PRY,2011,0.9,,7.57,0.5975008,
PRY,2012,0.9,,7.57,0.5975008,
PRY,2013,0.95,,7.57,0.5975008,
QAT,1992,0,10.7635404008018,5.8,0.48,
QAT,1993,0,10.700891196595,5.91,0.48,
QAT,1994,0,10.6953386941182,6.02,0.48,
QAT,1995,0,10.6626939239838,6.13,0.48,
QAT,1996,0,10.6532794736577,6.224,0.48,
QAT,1997,0,10.8686425481771,6.318,0.48,
QAT,1998,0,10.9941507100274,6.412,0.48,
QAT,1999,0,11.0063765441095,6.506,0.48,
QAT,2000,0,11.0411191851578,6.6,0.48,
QAT,2001,0,11.002967456717,6.738,0.48,
QAT,2002,0,11.0108442112515,6.876,0.48,
QAT,2003,0,10.9775971898809,7.014,0.48,
QAT,2004,0,11.1444228361524,7.152,0.48,
QAT,2005,0,11.1726591647436,7.29,0.48,
QAT,2006,0,11.3085474027097,7.518,0.48,
QAT,2007,0,11.513826423685,7.746,0.48,
QAT,2008,0,11.6071698236253,7.974,0.48,
QAT,2009,0,11.6849481070377,8.202,0.48,
QAT,2010,0,11.8222330355145,8.43,0.48,
QAT,2011,0,,8.43,0.48,
QAT,2012,0,,8.43,0.48,
QAT,2013,0,,8.43,0.48,
ROU,1992,0.75,8.52212703634136,9.472,0.1723278,0.0954005935378298
ROU,1993,0.75,8.53220405145223,9.548,0.1723278,0.0954005935378298
ROU,1994,0.75,8.56299862112268,9.624,0.1723278,0.0954005935378298
ROU,1995,0.75,8.63477589703457,9.7,0.1723278,0.0954005935378298
ROU,1996,0.9,8.67300003856668,9.768,0.1723278,0.0954005935378298
ROU,1997,0.9,8.63727810178728,9.836,0.1723278,0.0954005935378298
ROU,1998,0.9,8.6339151739548,9.904,0.1723278,0.0954005935378298
ROU,1999,0.9,8.63235150300724,9.972,0.1723278,0.0954005935378298
ROU,2000,0.9,8.67045648126945,10.04,0.1723278,0.0954005935378298
ROU,2001,0.9,8.73676868960898,10.094,0.1723278,0.0954005935378298
ROU,2002,0.9,8.79107232041815,10.148,0.1723278,0.0954005935378298
ROU,2003,0.9,8.85138213035328,10.202,0.1723278,0.0954005935378298
ROU,2004,0.95,8.95243554186733,10.256,0.1723278,0.0954005935378298
ROU,2005,0.95,9.00419283290011,10.31,0.1723278,0.0954005935378298
ROU,2006,0.95,9.08972107616518,10.382,0.1723278,0.0954005935378298
ROU,2007,0.95,9.15156187234331,10.454,0.1723278,0.0954005935378298
ROU,2008,0.95,9.22736822087811,10.526,0.1723278,0.0954005935378298
ROU,2009,0.95,9.17190970270723,10.598,0.1723278,0.0954005935378298
ROU,2010,0.95,9.14608109923715,10.67,0.1723278,0.0954005935378298
ROU,2011,0.95,,10.67,0.1723278,0.0954005935378298
ROU,2012,0.95,,10.67,0.1723278,0.0954005935378298
ROU,2013,0.95,,10.67,0.1723278,0.0954005935378298
RUS,1992,0.75,9.21075874014801,9.652,0.2485198,-0.276137223420744
RUS,1993,0.65,9.04818982847478,9.748,0.2485198,-0.276137223420744
RUS,1994,0.65,9.03018567715623,9.844,0.2485198,-0.276137223420744
RUS,1995,0.65,8.99770465646404,9.94,0.2485198,-0.276137223420744
RUS,1996,0.65,8.95774917024684,10.132,0.2485198,-0.276137223420744
RUS,1997,0.65,8.96991012545172,10.324,0.2485198,-0.276137223420744
RUS,1998,0.65,8.90885450591002,10.516,0.2485198,-0.276137223420744
RUS,1999,0.65,8.94988628168881,10.708,0.2485198,-0.276137223420744
RUS,2000,0.8,9.0503883326892,10.9,0.2485198,-0.276137223420744
RUS,2001,0.8,9.11266619483271,10.96,0.2485198,-0.276137223420744
RUS,2002,0.8,9.17150690805944,11.02,0.2485198,-0.276137223420744
RUS,2003,0.8,9.25126789923166,11.08,0.2485198,-0.276137223420744
RUS,2004,0.8,9.33721438452839,11.14,0.2485198,-0.276137223420744
RUS,2005,0.8,9.41040862439687,11.2,0.2485198,-0.276137223420744
RUS,2006,0.8,9.49016040205829,11.266,0.2485198,-0.276137223420744
RUS,2007,0.7,9.57330830656825,11.332,0.2485198,-0.276137223420744
RUS,2008,0.7,9.62519322103032,11.398,0.2485198,-0.276137223420744
RUS,2009,0.7,9.58487319088595,11.464,0.2485198,-0.276137223420744
RUS,2010,0.7,9.62030196280363,11.53,0.2485198,-0.276137223420744
RUS,2011,0.7,,11.53,0.2485198,-0.276137223420744
RUS,2012,0.7,,11.53,0.2485198,-0.276137223420744
RUS,2013,0.7,,11.53,0.2485198,-0.276137223420744
RWA,1992,0.15,6.70501583150406,2.372,,
RWA,1993,0.15,6.52426089024728,2.468,,
RWA,1994,0.2,5.81185421025343,2.564,,
RWA,1995,0.2,6.4227133477931,2.66,,
RWA,1996,0.2,6.42806318349514,2.774,,
RWA,1997,0.2,6.34315932841001,2.888,,
RWA,1998,0.2,6.38324742592064,3.002,,
RWA,1999,0.2,6.42689853147264,3.116,,
RWA,2000,0.3,6.45006673767298,3.23,,
RWA,2001,0.3,6.49732095561433,3.35,,
RWA,2002,0.3,6.59616000848787,3.47,,
RWA,2003,0.35,6.5998086954799,3.59,,
RWA,2004,0.35,6.64113390420246,3.71,,
RWA,2005,0.35,6.70182865321331,3.83,,
RWA,2006,0.35,6.75956139688813,3.936,,
RWA,2007,0.35,6.78875066507652,4.042,,
RWA,2008,0.35,6.85122260306972,4.148,,
RWA,2009,0.35,6.88887112485851,4.254,,
RWA,2010,0.3,6.93266114863648,4.36,,
RWA,2011,0.3,,4.36,,
RWA,2012,0.3,,4.36,,
RWA,2013,0.35,,4.36,,
SAU,1992,0,9.81704043564909,6.04,0.0949183,0.384540654349001
SAU,1993,0,9.78903558407876,6.14,0.0949183,0.384540654349001
SAU,1994,0,9.75567565909446,6.24,0.0949183,0.384540654349001
SAU,1995,0,9.75048177243598,6.34,0.0949183,0.384540654349001
SAU,1996,0,9.746376089538,6.488,0.0949183,0.384540654349001
SAU,1997,0,9.75583572796961,6.636,0.0949183,0.384540654349001
SAU,1998,0,9.76938331335205,6.784,0.0949183,0.384540654349001
SAU,1999,0,9.72521844251673,6.932,0.0949183,0.384540654349001
SAU,2000,0,9.74274958236486,7.08,0.0949183,0.384540654349001
SAU,2001,0,9.71606089041868,7.202,0.0949183,0.384540654349001
SAU,2002,0,9.68589634041864,7.324,0.0949183,0.384540654349001
SAU,2003,0,9.77511495157726,7.446,0.0949183,0.384540654349001
SAU,2004,0,9.8182626741889,7.568,0.0949183,0.384540654349001
SAU,2005,0,9.88085890101446,7.69,0.0949183,0.384540654349001
SAU,2006,0,9.89980052996436,7.858,0.0949183,0.384540654349001
SAU,2007,0,9.92155790315018,8.026,0.0949183,0.384540654349001
SAU,2008,0,9.93607962122641,8.194,0.0949183,0.384540654349001
SAU,2009,0,9.89475121623928,8.362,0.0949183,0.384540654349001
SAU,2010,0,9.91290807083569,8.53,0.0949183,0.384540654349001
SAU,2011,0,,8.53,0.0949183,0.384540654349001
SAU,2012,0,,8.53,0.0949183,0.384540654349001
SAU,2013,0,,8.53,0.0949183,0.384540654349001
SCG,1992,0.25,,,,
SCG,1993,0.15,,,,
SCG,1994,0.15,,,,
SCG,1995,0.15,,,,
SCG,1996,0.15,,,,
SCG,1997,0.2,,,,
SCG,1998,0.2,,,,
SCG,1999,0.2,,,,
SCG,2000,0.85,,,,
SCG,2001,0.85,,,,
SCG,2002,0.85,,,,
SCG,2003,0.8,,,,
SCG,2004,0.8,,,,
SCG,2005,0.8,,,,
SCG,2006,,,,,
SCG,2007,,,,,
SCG,2008,,,,,
SCG,2009,,,,,
SCG,2010,,,,,
SCG,2011,,,,,
SCG,2012,,,,,
SCG,2013,,,,,
SDN,1992,0.15,7.08458403861491,2.298,0.7189638,
SDN,1993,0.15,7.05708906389026,2.372,0.7189638,
SDN,1994,0.15,7.06007874352499,2.446,0.7189638,
SDN,1995,0.15,7.06494140910804,2.52,0.7189638,
SDN,1996,0.15,7.06442981548772,2.58,0.7189638,
SDN,1997,0.15,7.12594212602944,2.64,0.7189638,
SDN,1998,0.15,7.14346308357866,2.7,0.7189638,
SDN,1999,0.2,7.22636177239555,2.76,0.7189638,
SDN,2000,0.2,7.28780767908178,2.82,0.7189638,
SDN,2001,0.2,7.31134178983092,2.886,0.7189638,
SDN,2002,0.2,7.32540684123574,2.952,0.7189638,
SDN,2003,0.2,7.3656952976644,3.018,0.7189638,
SDN,2004,0.2,7.40394019792013,3.084,0.7189638,
SDN,2005,0.35,7.51355858624532,3.15,0.7189638,
SDN,2006,0.35,7.56812879215193,3.162,0.7189638,
SDN,2007,0.35,7.60335607651057,3.174,0.7189638,
SDN,2008,0.35,7.62730503570132,3.186,0.7189638,
SDN,2009,0.35,7.70264358938823,3.198,0.7189638,
SDN,2010,0.4,7.73553048956495,3.21,0.7189638,
SDN,2011,0.4,,3.21,0.7189638,
SDN,2012,0.3,,3.21,0.7189638,
SDN,2013,0.3,,3.21,0.7189638,
SEN,1992,0.45,7.05313978568492,2.278,0.696083530910792,
SEN,1993,0.45,7.00690890934951,2.252,0.696083530910792,
SEN,1994,0.45,7.02649380219264,2.226,0.696083530910792,
SEN,1995,0.45,7.03863658041487,2.2,0.696083530910792,
SEN,1996,0.45,7.06154899739196,2.144,0.696083530910792,
SEN,1997,0.45,7.07460733346935,2.088,0.696083530910792,
SEN,1998,0.45,7.10458736941788,2.032,0.696083530910792,
SEN,1999,0.45,7.14451756467844,1.976,0.696083530910792,
SEN,2000,0.9,7.15632128708076,1.92,0.696083530910792,
SEN,2001,0.9,7.17735852621386,1.85,0.696083530910792,
SEN,2002,0.9,7.15108260526025,1.78,0.696083530910792,
SEN,2003,0.9,7.19336060338471,1.71,0.696083530910792,
SEN,2004,0.9,7.22496032580064,1.64,0.696083530910792,
SEN,2005,0.9,7.25523822373245,1.57,0.696083530910792,
SEN,2006,0.9,7.25108237889468,1.804,0.696083530910792,
SEN,2007,0.85,7.27464331591241,2.038,0.696083530910792,
SEN,2008,0.85,7.28130790301088,2.272,0.696083530910792,
SEN,2009,0.85,7.27509348642863,2.506,0.696083530910792,
SEN,2010,0.85,7.29254624403857,2.74,0.696083530910792,
SEN,2011,0.85,,2.74,0.696083530910792,
SEN,2012,0.85,,2.74,0.696083530910792,
SEN,2013,0.85,,2.74,0.696083530910792,
SGP,1992,0.3,10.1414029247755,7.188,0.383518,0.420368414537482
SGP,1993,0.3,10.2378978338235,7.452,0.383518,0.420368414537482
SGP,1994,0.3,10.284938483248,7.716,0.383518,0.420368414537482
SGP,1995,0.3,10.3497640903087,7.98,0.383518,0.420368414537482
SGP,1996,0.3,10.4004582277159,8.214,0.383518,0.420368414537482
SGP,1997,0.3,10.4658662134206,8.448,0.383518,0.420368414537482
SGP,1998,0.3,10.3890313759465,8.682,0.383518,0.420368414537482
SGP,1999,0.3,10.4434332384375,8.916,0.383518,0.420368414537482
SGP,2000,0.3,10.5243487887757,9.15,0.383518,0.420368414537482
SGP,2001,0.3,10.4778367361344,9.086,0.383518,0.420368414537482
SGP,2002,0.3,10.5007004480761,9.022,0.383518,0.420368414537482
SGP,2003,0.3,10.4985501744595,8.958,0.383518,0.420368414537482
SGP,2004,0.3,10.5936002101098,8.894,0.383518,0.420368414537482
SGP,2005,0.4,10.6451538300301,8.83,0.383518,0.420368414537482
SGP,2006,0.4,10.7177194705314,9.226,0.383518,0.420368414537482
SGP,2007,0.4,10.8104682655656,9.622,0.383518,0.420368414537482
SGP,2008,0.4,10.8285053648432,10.018,0.383518,0.420368414537482
SGP,2009,0.4,10.7934690001117,10.414,0.383518,0.420368414537482
SGP,2010,0.4,10.9306471238828,10.81,0.383518,0.420368414537482
SGP,2011,0.4,,10.81,0.383518,0.420368414537482
SGP,2012,0.4,,10.81,0.383518,0.420368414537482
SGP,2013,0.4,,10.81,0.383518,0.420368414537482
SLB,1992,0.9,7.4648116317846,,0.5254309,
SLB,1993,0.9,7.50381823443453,,0.5254309,
SLB,1994,0.9,7.55747376432978,,0.5254309,
SLB,1995,0.9,7.60771117489296,,0.5254309,
SLB,1996,0.9,7.45182631730893,,0.5254309,
SLB,1997,0.9,7.38810261980313,,0.5254309,
SLB,1998,0.9,7.40361048694528,,0.5254309,
SLB,1999,0.9,7.4223684758088,,0.5254309,
SLB,2000,0.5,7.2455931683179,,0.5254309,
SLB,2001,0.5,7.10544168386645,,0.5254309,
SLB,2002,0.5,7.08917665648626,,0.5254309,
SLB,2003,,7.12298077087835,,0.5254309,
SLB,2004,0.9,7.17153966129708,,0.5254309,
SLB,2005,0.9,7.36902505145812,,0.5254309,
SLB,2006,0.9,7.35279097441509,,0.5254309,
SLB,2007,0.9,7.37162656164187,,0.5254309,
SLB,2008,0.9,7.51042133570058,,0.5254309,
SLB,2009,0.9,7.43879288336545,,0.5254309,
SLB,2010,0.9,7.587749831502,,0.5254309,
SLB,2011,0.9,,,0.5254309,
SLB,2012,0.9,,,0.5254309,
SLB,2013,0.9,,,0.5254309,
SLE,1992,0.15,6.62778221842117,2.238,0.7633926,
SLE,1993,0.15,6.69699681681781,2.312,0.7633926,
SLE,1994,0.15,6.75413234079143,2.386,0.7633926,
SLE,1995,0.15,6.68464224265234,2.46,0.7633926,
SLE,1996,0.7,6.40063345796268,2.524,0.7633926,
SLE,1997,0.5,6.24073497529047,2.588,0.7633926,
SLE,1998,0.5,6.23671484318021,2.652,0.7633926,
SLE,1999,0.5,6.16509871123088,2.716,0.7633926,
SLE,2000,0.5,6.16677827602195,2.78,0.7633926,
SLE,2001,0.6,6.27417233185377,2.868,0.7633926,
SLE,2002,0.75,6.45466635859965,2.956,0.7633926,
SLE,2003,0.75,6.46318068671732,3.044,0.7633926,
SLE,2004,0.75,6.52841392458586,3.132,0.7633926,
SLE,2005,0.75,6.58906239474753,3.22,0.7633926,
SLE,2006,0.75,6.65484782671345,3.422,0.7633926,
SLE,2007,0.85,6.69507782623263,3.624,0.7633926,
SLE,2008,0.85,6.72240185683382,3.826,0.7633926,
SLE,2009,0.85,6.74399602475251,4.028,0.7633926,
SLE,2010,0.85,6.83898436702106,4.23,0.7633926,
SLE,2011,0.85,,4.23,0.7633926,
SLE,2012,0.85,,4.23,0.7633926,
SLE,2013,0.85,,4.23,0.7633926,
SLV,1992,0.8,8.35009862148264,4.97,,0.510030850714742
SLV,1993,0.8,8.40791420666509,5.12,,0.510030850714742
SLV,1994,0.85,8.45974504669541,5.27,,0.510030850714742
SLV,1995,0.85,8.51574173197844,5.42,,0.510030850714742
SLV,1996,0.85,8.50490902824543,5.654,,0.510030850714742
SLV,1997,0.85,8.52748569211867,5.888,,0.510030850714742
SLV,1998,0.85,8.55376731077393,6.122,,0.510030850714742
SLV,1999,0.85,8.56896707637464,6.356,,0.510030850714742
SLV,2000,0.85,8.58008263638107,6.59,,0.510030850714742
SLV,2001,0.85,8.59808004290934,6.74,,0.510030850714742
SLV,2002,0.85,8.61221139709117,6.89,,0.510030850714742
SLV,2003,0.85,8.63096129343343,7.04,,0.510030850714742
SLV,2004,0.85,8.64608790683257,7.19,,0.510030850714742
SLV,2005,0.85,8.68073535449094,7.34,,0.510030850714742
SLV,2006,0.85,8.7198579281723,7.426,,0.510030850714742
SLV,2007,0.85,8.75735865918033,7.512,,0.510030850714742
SLV,2008,0.85,8.76209237074526,7.598,,0.510030850714742
SLV,2009,0.9,8.71335956719189,7.684,,0.510030850714742
SLV,2010,0.9,8.72723030250316,7.77,,0.510030850714742
SLV,2011,0.9,,7.77,,0.510030850714742
SLV,2012,0.9,,7.77,,0.510030850714742
SLV,2013,0.9,,7.77,,0.510030850714742
SMR,1992,,,,,
SMR,1993,,,,,
SMR,1994,,,,,
SMR,1995,,,,,
SMR,1996,,,,,
SMR,1997,,,,,
SMR,1998,,,,,
SMR,1999,,,,,
SMR,2000,,,,,
SMR,2001,,,,,
SMR,2002,,,,,
SMR,2003,,,,,
SMR,2004,,,,,
SMR,2005,,,,,
SMR,2006,,,,,
SMR,2007,,,,,
SMR,2008,,,,,
SMR,2009,,,,,
SMR,2010,,,,,
SMR,2011,,,,,
SMR,2012,,,,,
SMR,2013,,,,,
SOM,1992,0.5,6.46700716779389,,0.0325556,
SOM,1993,0.5,6.47181186573783,,0.0325556,
SOM,1994,0.5,6.20996557157185,,0.0325556,
SOM,1995,0.5,6.18818797574814,,0.0325556,
SOM,1996,0.5,6.19464771500717,,0.0325556,
SOM,1997,0.5,6.13944385222279,,0.0325556,
SOM,1998,0.5,6.12887988965271,,0.0325556,
SOM,1999,0.5,6.12970800416765,,0.0325556,
SOM,2000,0.5,6.1187480039305,,0.0325556,
SOM,2001,0.5,6.11475341923532,,0.0325556,
SOM,2002,0.5,6.11622288748607,,0.0325556,
SOM,2003,0.5,6.11732386328011,,0.0325556,
SOM,2004,0.5,6.11424784779866,,0.0325556,
SOM,2005,0.5,6.11319107496794,,0.0325556,
SOM,2006,0.5,6.11402329191238,,0.0325556,
SOM,2007,0.5,6.11384451185479,,0.0325556,
SOM,2008,0.5,6.1160886179652,,0.0325556,
SOM,2009,0.5,6.12541697381334,,0.0325556,
SOM,2010,0.5,6.13501376326467,,0.0325556,
SOM,2011,,,,0.0325556,
SOM,2012,0.75,,,0.0325556,
SOM,2013,0.75,,,0.0325556,
SRB,1992,,8.82669491309241,,,0.109357060702941
SRB,1993,,8.46459392843334,,,0.109357060702941
SRB,1994,,8.4909139722756,,,0.109357060702941
SRB,1995,,8.54730144278005,,,0.109357060702941
SRB,1996,,8.59081957228492,,,0.109357060702941
SRB,1997,,8.66394617751974,,,0.109357060702941
SRB,1998,,8.67465312872021,,,0.109357060702941
SRB,1999,,8.55735017098146,,,0.109357060702941
SRB,2000,,8.6177447624629,,,0.109357060702941
SRB,2001,,8.67975303170315,,,0.109357060702941
SRB,2002,,8.71764168400225,,,0.109357060702941
SRB,2003,,8.74219121653047,,,0.109357060702941
SRB,2004,,8.81984915690755,,,0.109357060702941
SRB,2005,,8.87867003904533,,,0.109357060702941
SRB,2006,0.9,8.93277806431326,,,0.109357060702941
SRB,2007,0.9,9.00202361426222,,,0.109357060702941
SRB,2008,0.9,9.06046922941909,,,0.109357060702941
SRB,2009,0.9,9.03577835842757,,,0.109357060702941
SRB,2010,0.9,9.05884162461058,,,0.109357060702941
SRB,2011,0.9,,,,0.109357060702941
SRB,2012,0.9,,,,0.109357060702941
SRB,2013,0.9,,,,0.109357060702941
SSD,1992,,,,,
SSD,1993,,,,,
SSD,1994,,,,,
SSD,1995,,,,,
SSD,1996,,,,,
SSD,1997,,,,,
SSD,1998,,,,,
SSD,1999,,,,,
SSD,2000,,,,,
SSD,2001,,,,,
SSD,2002,,,,,
SSD,2003,,,,,
SSD,2004,,,,,
SSD,2005,,,,,
SSD,2006,,,,,
SSD,2007,,,,,
SSD,2008,,,,,
SSD,2009,,,,,
SSD,2010,,,,,
SSD,2011,0.5,,,,
SSD,2012,0.5,,,,
SSD,2013,0.5,,,,
STP,1992,,7.27208240598488,,0.2321874,
STP,1993,,7.26063895133461,,0.2321874,
STP,1994,,7.19680478399671,,0.2321874,
STP,1995,,7.21625402250212,,0.2321874,
STP,1996,,7.22187902997966,,0.2321874,
STP,1997,,7.17777822679711,,0.2321874,
STP,1998,,7.16581240804485,,0.2321874,
STP,1999,,7.14385658070269,,0.2321874,
STP,2000,,7.23612457289669,,0.2321874,
STP,2001,,7.09905370047304,,0.2321874,
STP,2002,,7.09641415473353,,0.2321874,
STP,2003,,7.13845262989976,,0.2321874,
STP,2004,,7.16302988077002,,0.2321874,
STP,2005,,7.16827186369406,,0.2321874,
STP,2006,,7.27215038070654,,0.2321874,
STP,2007,,7.26798283931961,,0.2321874,
STP,2008,,7.33949440421089,,0.2321874,
STP,2009,,7.36812548311915,,0.2321874,
STP,2010,,7.38753237325556,,0.2321874,
STP,2011,,,,0.2321874,
STP,2012,,,,0.2321874,
STP,2013,,,,0.2321874,
SUR,1992,0.75,9.05503005760929,,0.3309897,
SUR,1993,0.75,8.79197579305113,,0.3309897,
SUR,1994,0.75,8.82641327607122,,0.3309897,
SUR,1995,0.75,8.82950262029999,,0.3309897,
SUR,1996,0.75,8.96768559388504,,0.3309897,
SUR,1997,0.75,9.09141451307726,,0.3309897,
SUR,1998,0.75,9.14248487519761,,0.3309897,
SUR,1999,0.75,8.85200795950936,,0.3309897,
SUR,2000,0.75,8.80333101855475,,0.3309897,
SUR,2001,0.75,8.81166121172427,,0.3309897,
SUR,2002,0.75,8.90864292191846,,0.3309897,
SUR,2003,0.75,8.99073918359188,,0.3309897,
SUR,2004,0.75,9.03120950861778,,0.3309897,
SUR,2005,0.75,9.17559501811679,,0.3309897,
SUR,2006,0.75,9.19642034943255,,0.3309897,
SUR,2007,0.75,9.27191040181241,,0.3309897,
SUR,2008,0.75,9.29888339486381,,0.3309897,
SUR,2009,0.75,9.27754326567499,,0.3309897,
SUR,2010,0.75,9.27317789702107,,0.3309897,
SUR,2011,0.75,,,0.3309897,
SUR,2012,0.75,,,0.3309897,
SUR,2013,0.75,,,0.3309897,
SVK,1992,,9.0567239169038,10.91,0.2551231,-0.237668025561087
SVK,1993,0.85,9.15478411531554,11.02,0.2551231,-0.237668025561087
SVK,1994,0.85,9.17800122613273,11.13,0.2551231,-0.237668025561087
SVK,1995,0.85,9.23187343874701,11.24,0.2551231,-0.237668025561087
SVK,1996,0.85,9.30636324384608,11.232,0.2551231,-0.237668025561087
SVK,1997,0.85,9.36428133438571,11.224,0.2551231,-0.237668025561087
SVK,1998,0.95,9.40712911676277,11.216,0.2551231,-0.237668025561087
SVK,1999,0.95,9.40279005050074,11.208,0.2551231,-0.237668025561087
SVK,2000,0.95,9.4163751047959,11.2,0.2551231,-0.237668025561087
SVK,2001,0.95,9.45081391976083,11.404,0.2551231,-0.237668025561087
SVK,2002,0.95,9.49593780362341,11.608,0.2551231,-0.237668025561087
SVK,2003,0.95,9.53930873187558,11.812,0.2551231,-0.237668025561087
SVK,2004,0.95,9.58101673303618,12.016,0.2551231,-0.237668025561087
SVK,2005,0.95,9.64055554520315,12.22,0.2551231,-0.237668025561087
SVK,2006,1,9.71859582038936,12.34,0.2551231,-0.237668025561087
SVK,2007,1,9.81690137210127,12.46,0.2551231,-0.237668025561087
SVK,2008,1,9.87270770628117,12.58,0.2551231,-0.237668025561087
SVK,2009,1,9.82701724338336,12.7,0.2551231,-0.237668025561087
SVK,2010,1,9.86704608256612,12.82,0.2551231,-0.237668025561087
SVK,2011,1,,12.82,0.2551231,-0.237668025561087
SVK,2012,1,,12.82,0.2551231,-0.237668025561087
SVK,2013,1,,12.82,0.2551231,-0.237668025561087
SVN,1992,1,9.47160591044989,10.882,0.2201092,-0.0543268776035055
SVN,1993,1,9.52946949591109,10.938,0.2201092,-0.0543268776035055
SVN,1994,1,9.58765494295651,10.994,0.2201092,-0.0543268776035055
SVN,1995,1,9.64741448201267,11.05,0.2201092,-0.0543268776035055
SVN,1996,1,9.6802102326503,11.11,0.2201092,-0.0543268776035055
SVN,1997,1,9.72861336241607,11.17,0.2201092,-0.0543268776035055
SVN,1998,1,9.76538878514587,11.23,0.2201092,-0.0543268776035055
SVN,1999,1,9.82157454955854,11.29,0.2201092,-0.0543268776035055
SVN,2000,1,9.86210967713647,11.35,0.2201092,-0.0543268776035055
SVN,2001,1,9.88763612496116,11.398,0.2201092,-0.0543268776035055
SVN,2002,1,9.92494912111621,11.446,0.2201092,-0.0543268776035055
SVN,2003,1,9.95721532794854,11.494,0.2201092,-0.0543268776035055
SVN,2004,1,10.0014739638996,11.542,0.2201092,-0.0543268776035055
SVN,2005,1,10.0392738614998,11.59,0.2201092,-0.0543268776035055
SVN,2006,1,10.0993853506144,11.65,0.2201092,-0.0543268776035055
SVN,2007,1,10.1737182671175,11.71,0.2201092,-0.0543268776035055
SVN,2008,1,10.2087831615754,11.77,0.2201092,-0.0543268776035055
SVN,2009,1,10.1082510305259,11.83,0.2201092,-0.0543268776035055
SVN,2010,1,10.1227382175916,11.89,0.2201092,-0.0543268776035055
SVN,2011,1,,11.89,0.2201092,-0.0543268776035055
SVN,2012,1,,11.89,0.2201092,-0.0543268776035055
SVN,2013,1,,11.89,0.2201092,-0.0543268776035055
SWE,1992,1,10.1310823790889,10.82,0.196756,-0.661424776991693
SWE,1993,1,10.0954210895498,10.94,0.196756,-0.661424776991693
SWE,1994,1,10.1237423780567,11.06,0.196756,-0.661424776991693
SWE,1995,1,10.1528913479811,11.18,0.196756,-0.661424776991693
SWE,1996,1,10.1656104322188,11.22,0.196756,-0.661424776991693
SWE,1997,1,10.1868733359534,11.26,0.196756,-0.661424776991693
SWE,1998,1,10.2255884194892,11.3,0.196756,-0.661424776991693
SWE,1999,1,10.26911212059,11.34,0.196756,-0.661424776991693
SWE,2000,1,10.3087180903015,11.38,0.196756,-0.661424776991693
SWE,2001,1,10.3197578619322,11.466,0.196756,-0.661424776991693
SWE,2002,1,10.342966134662,11.552,0.196756,-0.661424776991693
SWE,2003,1,10.3639706793108,11.638,0.196756,-0.661424776991693
SWE,2004,1,10.4034473303743,11.724,0.196756,-0.661424776991693
SWE,2005,1,10.4328949806972,11.81,0.196756,-0.661424776991693
SWE,2006,1,10.4735582886799,11.776,0.196756,-0.661424776991693
SWE,2007,1,10.5053539976608,11.742,0.196756,-0.661424776991693
SWE,2008,1,10.4973541453836,11.708,0.196756,-0.661424776991693
SWE,2009,1,10.4418790621694,11.674,0.196756,-0.661424776991693
SWE,2010,1,10.494944830488,11.64,0.196756,-0.661424776991693
SWE,2011,1,,11.64,0.196756,-0.661424776991693
SWE,2012,1,,11.64,0.196756,-0.661424776991693
SWE,2013,1,,11.64,0.196756,-0.661424776991693
SWZ,1992,0.2,8.16448806266668,5.054,0.1722421,
SWZ,1993,0.15,8.16433569975436,5.036,0.1722421,
SWZ,1994,0.15,8.16036673285689,5.018,0.1722421,
SWZ,1995,0.15,8.20033974114251,5,0.1722421,
SWZ,1996,0.15,8.19573823826548,4.888,0.1722421,
SWZ,1997,0.15,8.19659228561463,4.776,0.1722421,
SWZ,1998,0.15,8.20263328495328,4.664,0.1722421,
SWZ,1999,0.15,8.15046992792789,4.552,0.1722421,
SWZ,2000,0.15,8.13706136567939,4.44,0.1722421,
SWZ,2001,0.15,8.07794840322299,4.15,0.1722421,
SWZ,2002,0.15,7.9807814907278,3.86,0.1722421,
SWZ,2003,0.15,8.1098329127563,3.57,0.1722421,
SWZ,2004,0.15,8.03753057195353,3.28,0.1722421,
SWZ,2005,0.15,8.0968500609974,2.99,0.1722421,
SWZ,2006,0.15,8.07836514954138,3.404,0.1722421,
SWZ,2007,0.15,8.10212093226398,3.818,0.1722421,
SWZ,2008,0.15,8.14358537053229,4.232,0.1722421,
SWZ,2009,0.15,8.20719747119266,4.646,0.1722421,
SWZ,2010,0.15,8.21401411091939,5.06,0.1722421,
SWZ,2011,0.15,,5.06,0.1722421,
SWZ,2012,0.15,,5.06,0.1722421,
SWZ,2013,0.15,,5.06,0.1722421,
SYC,1992,,10.0296639993802,,0.1606187,
SYC,1993,,10.089362773579,,0.1606187,
SYC,1994,,10.043666905001,,0.1606187,
SYC,1995,,10.0087199829164,,0.1606187,
SYC,1996,,10.0424753320202,,0.1606187,
SYC,1997,,10.1023476978365,,0.1606187,
SYC,1998,,10.2075264339565,,0.1606187,
SYC,1999,,10.1663879990016,,0.1606187,
SYC,2000,,10.165588022636,,0.1606187,
SYC,2001,,10.2013380495693,,0.1606187,
SYC,2002,,10.1183471909931,,0.1606187,
SYC,2003,,9.98883025499165,,0.1606187,
SYC,2004,,9.97889271748921,,0.1606187,
SYC,2005,,10.0371998318934,,0.1606187,
SYC,2006,,10.0892965210264,,0.1606187,
SYC,2007,,10.1598613813879,,0.1606187,
SYC,2008,,10.1721027803825,,0.1606187,
SYC,2009,,10.219129535484,,0.1606187,
SYC,2010,,10.3809971372356,,0.1606187,
SYC,2011,,,,0.1606187,
SYC,2012,,,,0.1606187,
SYC,2013,,,,0.1606187,
SYR,1992,0.05,7.93698893909003,4.506,0.1816702,
SYR,1993,0.05,7.96285009710327,4.524,0.1816702,
SYR,1994,0.05,8.01299907352897,4.542,0.1816702,
SYR,1995,0.05,8.05100728369295,4.56,0.1816702,
SYR,1996,0.05,8.12228542838587,4.564,0.1816702,
SYR,1997,0.05,8.15737673924662,4.568,0.1816702,
SYR,1998,0.05,8.18895710211831,4.572,0.1816702,
SYR,1999,0.05,8.14375547890889,4.576,0.1816702,
SYR,2000,0.2,8.12618158095604,4.58,0.1816702,
SYR,2001,0.2,8.14828351200383,4.844,0.1816702,
SYR,2002,0.2,8.19726912716753,5.108,0.1816702,
SYR,2003,0.2,8.13967663823389,5.372,0.1816702,
SYR,2004,0.2,8.20345804844005,5.636,0.1816702,
SYR,2005,0.2,8.22221724393332,5.9,0.1816702,
SYR,2006,0.2,8.26784295502968,6.06,0.1816702,
SYR,2007,0.2,8.25175574335977,6.22,0.1816702,
SYR,2008,0.2,8.23821602244961,6.38,0.1816702,
SYR,2009,0.2,8.24320042646444,6.54,0.1816702,
SYR,2010,0.2,8.2408235367526,6.7,0.1816702,
SYR,2011,0.2,,6.7,0.1816702,
SYR,2012,0.05,,6.7,0.1816702,
SYR,2013,0.05,,6.7,0.1816702,
TCD,1992,0.35,6.67636911452498,,0.8635251,
TCD,1993,0.35,6.65388893729108,,0.8635251,
TCD,1994,0.4,6.6743771190923,,0.8635251,
TCD,1995,0.45,6.66494978938908,,0.8635251,
TCD,1996,0.45,6.57001760623425,,0.8635251,
TCD,1997,0.45,6.60461737509922,,0.8635251,
TCD,1998,0.45,6.64841377150108,,0.8635251,
TCD,1999,0.45,6.61518721577427,,0.8635251,
TCD,2000,0.45,6.58729507655945,,0.8635251,
TCD,2001,0.45,6.64651332664371,,0.8635251,
TCD,2002,0.45,6.71453274074738,,0.8635251,
TCD,2003,0.45,6.8136595707326,,0.8635251,
TCD,2004,0.45,7.12614950182913,,0.8635251,
TCD,2005,0.45,7.16681436227419,,0.8635251,
TCD,2006,0.45,7.14089507312525,,0.8635251,
TCD,2007,0.45,7.10029305949444,,0.8635251,
TCD,2008,0.45,7.07404807403789,,0.8635251,
TCD,2009,0.45,7.16493882010903,,0.8635251,
TCD,2010,0.45,7.1934146283582,,0.8635251,
TCD,2011,0.45,,,0.8635251,
TCD,2012,0.45,,,0.8635251,
TCD,2013,0.45,,,0.8635251,
TGO,1992,0.25,6.7443047969593,4.118,0.8980154,
TGO,1993,0.4,6.57276251628546,4.182,0.8980154,
TGO,1994,0.4,6.69732698454326,4.246,0.8980154,
TGO,1995,0.4,6.71505624104668,4.31,0.8980154,
TGO,1996,0.4,6.74509778121364,4.398,0.8980154,
TGO,1997,0.4,6.73287978084685,4.486,0.8980154,
TGO,1998,0.4,6.69292597914015,4.574,0.8980154,
TGO,1999,0.4,6.69545557043328,4.662,0.8980154,
TGO,2000,0.4,6.65585856398522,4.75,0.8980154,
TGO,2001,0.4,6.61307890897202,4.832,0.8980154,
TGO,2002,0.4,6.57578113845738,4.914,0.8980154,
TGO,2003,0.4,6.60367954693153,4.996,0.8980154,
TGO,2004,0.4,6.59778148423626,5.078,0.8980154,
TGO,2005,0.3,6.58676288815216,5.16,0.8980154,
TGO,2006,0.3,6.60416794774859,5.226,0.8980154,
TGO,2007,0.3,6.59194711064554,5.292,0.8980154,
TGO,2008,0.3,6.58236085520693,5.358,0.8980154,
TGO,2009,0.3,6.58210070357237,5.424,0.8980154,
TGO,2010,0.4,6.59694453234919,5.49,0.8980154,
TGO,2011,0.4,,5.49,0.8980154,
TGO,2012,0.4,,5.49,0.8980154,
TGO,2013,0.4,,5.49,0.8980154,
THA,1992,0.95,8.53393739422215,5.11,0.634444,
THA,1993,0.95,8.59411302327735,5.24,0.634444,
THA,1994,0.95,8.66098960236721,5.37,0.634444,
THA,1995,0.95,8.71680590343486,5.5,0.634444,
THA,1996,0.95,8.75006222725411,5.53,0.634444,
THA,1997,0.95,8.71466781430444,5.56,0.634444,
THA,1998,0.95,8.58592071987351,5.59,0.634444,
THA,1999,0.95,8.62423503960803,5.62,0.634444,
THA,2000,0.95,8.63960358902917,5.65,0.634444,
THA,2001,0.95,8.67109552244749,5.926,0.634444,
THA,2002,0.95,8.70695499690333,6.202,0.634444,
THA,2003,0.95,8.76801735204226,6.478,0.634444,
THA,2004,0.95,8.8149755296388,6.754,0.634444,
THA,2005,0.95,8.84874874404582,7.03,0.634444,
THA,2006,0.25,8.89294495192014,7.222,0.634444,
THA,2007,0.45,8.93495098600195,7.414,0.634444,
THA,2008,0.7,8.94576959813236,7.606,0.634444,
THA,2009,0.7,8.93297125621163,7.798,0.634444,
THA,2010,0.7,8.9952545748896,7.99,0.634444,
THA,2011,0.85,,7.99,0.634444,
THA,2012,0.85,,7.99,0.634444,
THA,2013,0.85,,7.99,0.634444,
TJK,1992,0.2,,10.14,0.5473368,
TJK,1993,0.2,7.49740838771602,10.25,0.5473368,
TJK,1994,0.2,7.2206340821549,10.36,0.5473368,
TJK,1995,0.2,6.97586012200851,10.47,0.5473368,
TJK,1996,0.2,6.70997549539793,10.502,0.5473368,
TJK,1997,0.25,7.04341558242953,10.534,0.5473368,
TJK,1998,0.45,6.967599272517,10.566,0.5473368,
TJK,1999,0.45,6.89978892627803,10.598,0.5473368,
TJK,2000,0.45,6.93469964140674,10.63,0.5473368,
TJK,2001,0.45,6.99364210953137,10.58,0.5473368,
TJK,2002,0.45,7.05903526373287,10.53,0.5473368,
TJK,2003,0.35,7.18612244501013,10.48,0.5473368,
TJK,2004,0.35,7.24092603284464,10.43,0.5473368,
TJK,2005,0.35,7.30884287501646,10.38,0.5473368,
TJK,2006,0.35,7.29756803594309,10.364,0.5473368,
TJK,2007,0.35,7.38931971273527,10.348,0.5473368,
TJK,2008,0.35,7.35374376205217,10.332,0.5473368,
TJK,2009,0.35,7.45312288874596,10.316,0.5473368,
TJK,2010,0.35,7.47559290269008,10.3,0.5473368,
TJK,2011,0.35,,10.3,0.5473368,
TJK,2012,0.35,,10.3,0.5473368,
TJK,2013,0.35,,10.3,0.5473368,
TKM,1992,0.05,,,0.3983544,
TKM,1993,0.05,9.2281863563926,,0.3983544,
TKM,1994,0.05,9.01988073984108,,0.3983544,
TKM,1995,0.05,8.88748430864121,,0.3983544,
TKM,1996,0.05,9.00524276745443,,0.3983544,
TKM,1997,0.05,8.82149457277832,,0.3983544,
TKM,1998,0.05,8.88568529471382,,0.3983544,
TKM,1999,0.05,9.00288617135861,,0.3983544,
TKM,2000,0.05,9.07706432004088,,0.3983544,
TKM,2001,0.05,9.08067638776912,,0.3983544,
TKM,2002,0.05,9.07107871394144,,0.3983544,
TKM,2003,0.05,9.08550611248275,,0.3983544,
TKM,2004,0.05,9.12116037807578,,0.3983544,
TKM,2005,0.05,9.24459061654143,,0.3983544,
TKM,2006,0.05,9.3316810247792,,0.3983544,
TKM,2007,0.05,9.41672390669861,,0.3983544,
TKM,2008,0.05,9.52435141155724,,0.3983544,
TKM,2009,0.05,9.58002250018376,,0.3983544,
TKM,2010,0.05,9.65729285114453,,0.3983544,
TKM,2011,0.05,,,0.3983544,
TKM,2012,0.05,,,0.3983544,
TKM,2013,0.1,,,0.3983544,
TLS,1992,,,,0.5260933,
TLS,1993,,,,0.5260933,
TLS,1994,,,,0.5260933,
TLS,1995,,,,0.5260933,
TLS,1996,,,,0.5260933,
TLS,1997,,,,0.5260933,
TLS,1998,,,,0.5260933,
TLS,1999,,,,0.5260933,
TLS,2000,,7.13819722903239,,0.5260933,
TLS,2001,,7.18598726796866,,0.5260933,
TLS,2002,0.8,7.04624390337976,,0.5260933,
TLS,2003,0.8,6.9470148621492,,0.5260933,
TLS,2004,0.8,6.77164299355144,,0.5260933,
TLS,2005,0.8,6.82364132989314,,0.5260933,
TLS,2006,0.85,6.73511921747254,,0.5260933,
TLS,2007,0.85,6.79200048533286,,0.5260933,
TLS,2008,0.85,6.88445547080947,,0.5260933,
TLS,2009,0.85,6.98249455057443,,0.5260933,
TLS,2010,0.85,7.02058929026169,,0.5260933,
TLS,2011,0.85,,,0.5260933,
TLS,2012,0.9,,,0.5260933,
TLS,2013,0.9,,,0.5260933,
TON,1992,,8.75367440630279,8.994,0.3782248,
TON,1993,,8.75718321503618,9.106,0.3782248,
TON,1994,,8.8143108814523,9.218,0.3782248,
TON,1995,,8.8129820207439,9.33,0.3782248,
TON,1996,,8.82436503127276,9.338,0.3782248,
TON,1997,,8.86217935576307,9.346,0.3782248,
TON,1998,,8.80163067726009,9.354,0.3782248,
TON,1999,,8.8952566939069,9.362,0.3782248,
TON,2000,,8.92298753798614,9.37,0.3782248,
TON,2001,,8.91724589473114,9.362,0.3782248,
TON,2002,,8.92842593868345,9.354,0.3782248,
TON,2003,,8.9545544817502,9.346,0.3782248,
TON,2004,,8.95874944869692,9.338,0.3782248,
TON,2005,,8.94118249055731,9.33,0.3782248,
TON,2006,,8.95219705467827,9.628,0.3782248,
TON,2007,,8.89777617193386,9.926,0.3782248,
TON,2008,,8.95610038997461,10.224,0.3782248,
TON,2009,,8.90618405385401,10.522,0.3782248,
TON,2010,,8.92781078813407,10.82,0.3782248,
TON,2011,,,10.82,0.3782248,
TON,2012,,,10.82,0.3782248,
TON,2013,,,10.82,0.3782248,
TTO,1992,0.9,9.29509482919565,8.676,0.1251202,
TTO,1993,0.9,9.26557815805754,8.784,0.1251202,
TTO,1994,0.9,9.34913183959301,8.892,0.1251202,
TTO,1995,0.95,9.39940311565967,9,0.1251202,
TTO,1996,0.95,9.38967154853669,9.102,0.1251202,
TTO,1997,0.95,9.44451028143434,9.204,0.1251202,
TTO,1998,0.95,9.45319756341165,9.306,0.1251202,
TTO,1999,0.95,9.4985454027864,9.408,0.1251202,
TTO,2000,0.95,9.6654209486123,9.51,0.1251202,
TTO,2001,0.95,9.64433616933862,9.624,0.1251202,
TTO,2002,0.95,9.61408630561708,9.738,0.1251202,
TTO,2003,0.95,9.89886826347908,9.852,0.1251202,
TTO,2004,0.95,9.96701566760412,9.966,0.1251202,
TTO,2005,0.95,10.0576134422275,10.08,0.1251202,
TTO,2006,0.95,10.0760377223613,10.19,0.1251202,
TTO,2007,0.95,10.1903926468561,10.3,0.1251202,
TTO,2008,0.95,10.3803695830599,10.41,0.1251202,
TTO,2009,0.95,10.3253281888713,10.52,0.1251202,
TTO,2010,0.95,10.3336240796117,10.63,0.1251202,
TTO,2011,0.95,,10.63,0.1251202,
TTO,2012,0.95,,10.63,0.1251202,
TTO,2013,0.95,,10.63,0.1251202,
TUN,1992,0.2,8.38878807960765,4.662,0.012422,
TUN,1993,0.35,8.38908035840608,4.798,0.012422,
TUN,1994,0.35,8.39317804986173,4.934,0.012422,
TUN,1995,0.35,8.40360447725506,5.07,0.012422,
TUN,1996,0.35,8.45248974986404,5.236,0.012422,
TUN,1997,0.35,8.49508486969081,5.402,0.012422,
TUN,1998,0.35,8.53145552300945,5.568,0.012422,
TUN,1999,0.35,8.57697949493971,5.734,0.012422,
TUN,2000,0.35,8.59065007272345,5.9,0.012422,
TUN,2001,0.35,8.62014873998365,6.076,0.012422,
TUN,2002,0.3,8.5976172010311,6.252,0.012422,
TUN,2003,0.3,8.61675690861775,6.428,0.012422,
TUN,2004,0.3,8.64240593631063,6.604,0.012422,
TUN,2005,0.3,8.64248180464558,6.78,0.012422,
TUN,2006,0.3,8.6650592477539,6.92,0.012422,
TUN,2007,0.3,8.6893430344183,7.06,0.012422,
TUN,2008,0.3,8.69970011511202,7.2,0.012422,
TUN,2009,0.3,8.69744480921386,7.34,0.012422,
TUN,2010,0.3,8.71691614176256,7.48,0.012422,
TUN,2011,0.7,,7.48,0.012422,
TUN,2012,0.75,,7.48,0.012422,
TUN,2013,0.8,,7.48,0.012422,
TUR,1992,0.95,8.83462265403448,5.182,0.2216339,0.276014018009978
TUR,1993,0.9,8.90625406025831,5.268,0.2216339,0.276014018009978
TUR,1994,0.9,8.82138068679642,5.354,0.2216339,0.276014018009978
TUR,1995,0.9,8.86787762095954,5.44,0.2216339,0.276014018009978
TUR,1996,0.9,8.92988536175093,5.572,0.2216339,0.276014018009978
TUR,1997,0.85,8.99520808227702,5.704,0.2216339,0.276014018009978
TUR,1998,0.85,9.00332263847441,5.836,0.2216339,0.276014018009978
TUR,1999,0.85,8.96224459916331,5.968,0.2216339,0.276014018009978
TUR,2000,0.85,9.00797947601736,6.1,0.2216339,0.276014018009978
TUR,2001,0.85,8.93511943836572,6.174,0.2216339,0.276014018009978
TUR,2002,0.85,8.97793139930874,6.248,0.2216339,0.276014018009978
TUR,2003,0.85,9.02032081553036,6.322,0.2216339,0.276014018009978
TUR,2004,0.85,9.09591429193898,6.396,0.2216339,0.276014018009978
TUR,2005,0.85,9.16240433588499,6.47,0.2216339,0.276014018009978
TUR,2006,0.85,9.21335902266229,6.586,0.2216339,0.276014018009978
TUR,2007,0.85,9.24672500832055,6.702,0.2216339,0.276014018009978
TUR,2008,0.85,9.23879313647275,6.818,0.2216339,0.276014018009978
TUR,2009,0.85,9.18370812580922,6.934,0.2216339,0.276014018009978
TUR,2010,0.85,9.25320487212094,7.05,0.2216339,0.276014018009978
TUR,2011,0.95,,7.05,0.2216339,0.276014018009978
TUR,2012,0.95,,7.05,0.2216339,0.276014018009978
TUR,2013,0.95,,7.05,0.2216339,0.276014018009978
TUV,1992,,,,0.1371742,
TUV,1993,,,,0.1371742,
TUV,1994,,,,0.1371742,
TUV,1995,,,,0.1371742,
TUV,1996,,,,0.1371742,
TUV,1997,,,,0.1371742,
TUV,1998,,,,0.1371742,
TUV,1999,,,,0.1371742,
TUV,2000,,,,0.1371742,
TUV,2001,,,,0.1371742,
TUV,2002,,,,0.1371742,
TUV,2003,,,,0.1371742,
TUV,2004,,,,0.1371742,
TUV,2005,,,,0.1371742,
TUV,2006,,,,0.1371742,
TUV,2007,,,,0.1371742,
TUV,2008,,,,0.1371742,
TUV,2009,,,,0.1371742,
TUV,2010,,,,0.1371742,
TUV,2011,,,,0.1371742,
TUV,2012,,,,0.1371742,
TUV,2013,,,,0.1371742,
TWN,1992,0.85,9.65560538579374,8.35,0.5027927,0.0652035722441186
TWN,1993,0.85,9.71184258246491,8.49,0.5027927,0.0652035722441186
TWN,1994,0.85,9.77458778120356,8.63,0.5027927,0.0652035722441186
TWN,1995,0.85,9.82780335680984,8.77,0.5027927,0.0652035722441186
TWN,1996,0.9,9.87102574355405,8.932,0.5027927,0.0652035722441186
TWN,1997,0.95,9.91984093193191,9.094,0.5027927,0.0652035722441186
TWN,1998,0.95,9.94636941832012,9.256,0.5027927,0.0652035722441186
TWN,1999,0.95,9.99459766548621,9.418,0.5027927,0.0652035722441186
TWN,2000,0.95,10.0460520206432,9.58,0.5027927,0.0652035722441186
TWN,2001,0.95,10.0106111081503,9.772,0.5027927,0.0652035722441186
TWN,2002,0.95,10.0567249238098,9.964,0.5027927,0.0652035722441186
TWN,2003,0.95,10.0895587699328,10.156,0.5027927,0.0652035722441186
TWN,2004,1,10.1507212587459,10.348,0.5027927,0.0652035722441186
TWN,2005,1,10.1921563150242,10.54,0.5027927,0.0652035722441186
TWN,2006,1,10.2410667999804,10.65,0.5027927,0.0652035722441186
TWN,2007,1,10.2944173076427,10.76,0.5027927,0.0652035722441186
TWN,2008,1,10.2964271005148,10.87,0.5027927,0.0652035722441186
TWN,2009,1,10.2687969184689,10.98,0.5027927,0.0652035722441186
TWN,2010,1,10.3767645685571,11.09,0.5027927,0.0652035722441186
TWN,2011,1,,11.09,0.5027927,0.0652035722441186
TWN,2012,1,,11.09,0.5027927,0.0652035722441186
TWN,2013,1,,11.09,0.5027927,0.0652035722441186
TZA,1992,0.25,6.59526050294568,4.206,0.8982636,0.204777289717958
TZA,1993,0.25,6.56849539241477,4.264,0.8982636,0.204777289717958
TZA,1994,0.25,6.52796790282124,4.322,0.8982636,0.204777289717958
TZA,1995,0.45,6.50881736838677,4.38,0.8982636,0.204777289717958
TZA,1996,0.45,6.49868168925822,4.45,0.8982636,0.204777289717958
TZA,1997,0.45,6.50653896638534,4.52,0.8982636,0.204777289717958
TZA,1998,0.45,6.54311298604349,4.59,0.8982636,0.204777289717958
TZA,1999,0.45,6.56534689749612,4.66,0.8982636,0.204777289717958
TZA,2000,0.45,6.58583264549405,4.73,0.8982636,0.204777289717958
TZA,2001,0.45,6.62271513541419,4.806,0.8982636,0.204777289717958
TZA,2002,0.45,6.67253249524757,4.882,0.8982636,0.204777289717958
TZA,2003,0.45,6.72624678461932,4.958,0.8982636,0.204777289717958
TZA,2004,0.45,6.78247526988888,5.034,0.8982636,0.204777289717958
TZA,2005,0.45,6.83707059804586,5.11,0.8982636,0.204777289717958
TZA,2006,0.45,6.88243332292771,5.25,0.8982636,0.204777289717958
TZA,2007,0.45,6.93559225322341,5.39,0.8982636,0.204777289717958
TZA,2008,0.45,6.98957595221468,5.53,0.8982636,0.204777289717958
TZA,2009,0.45,7.02912511499467,5.67,0.8982636,0.204777289717958
TZA,2010,0.45,7.07198616991234,5.81,0.8982636,0.204777289717958
TZA,2011,0.45,,5.81,0.8982636,0.204777289717958
TZA,2012,0.45,,5.81,0.8982636,0.204777289717958
TZA,2013,0.45,,5.81,0.8982636,0.204777289717958
UGA,1992,0.15,6.36690330051482,3.676,0.9226795,0.314120747021905
UGA,1993,0.3,6.4102252287744,3.774,0.9226795,0.314120747021905
UGA,1994,0.3,6.58574147544423,3.872,0.9226795,0.314120747021905
UGA,1995,0.3,6.56115540357619,3.97,0.9226795,0.314120747021905
UGA,1996,0.3,6.60576980121901,4.042,0.9226795,0.314120747021905
UGA,1997,0.3,6.64025017325606,4.114,0.9226795,0.314120747021905
UGA,1998,0.3,6.6737038006276,4.186,0.9226795,0.314120747021905
UGA,1999,0.3,6.72175184676794,4.258,0.9226795,0.314120747021905
UGA,2000,0.3,6.73756576186216,4.33,0.9226795,0.314120747021905
UGA,2001,0.3,6.75799933812256,4.458,0.9226795,0.314120747021905
UGA,2002,0.3,6.78495279096577,4.586,0.9226795,0.314120747021905
UGA,2003,0.3,6.80531300473502,4.714,0.9226795,0.314120747021905
UGA,2004,0.3,6.82150852825678,4.842,0.9226795,0.314120747021905
UGA,2005,0.45,6.8710143206419,4.97,0.9226795,0.314120747021905
UGA,2006,0.45,6.90069783523844,5.116,0.9226795,0.314120747021905
UGA,2007,0.45,6.93179788885431,5.262,0.9226795,0.314120747021905
UGA,2008,0.45,6.99626035751896,5.408,0.9226795,0.314120747021905
UGA,2009,0.45,7.00861700394933,5.554,0.9226795,0.314120747021905
UGA,2010,0.45,7.00465288851656,5.7,0.9226795,0.314120747021905
UGA,2011,0.45,,5.7,0.9226795,0.314120747021905
UGA,2012,0.45,,5.7,0.9226795,0.314120747021905
UGA,2013,0.45,,5.7,0.9226795,0.314120747021905
UKR,1992,0.8,,9.778,0.4741077,0.00386562412769788
UKR,1993,0.75,8.57359599919337,9.902,0.4741077,0.00386562412769788
UKR,1994,0.85,8.36743252151241,10.026,0.4741077,0.00386562412769788
UKR,1995,0.85,8.23782568014755,10.15,0.4741077,0.00386562412769788
UKR,1996,0.85,8.13688024640601,10.21,0.4741077,0.00386562412769788
UKR,1997,0.85,8.12810094004204,10.27,0.4741077,0.00386562412769788
UKR,1998,0.85,8.13665373354306,10.33,0.4741077,0.00386562412769788
UKR,1999,0.85,8.16147538413318,10.39,0.4741077,0.00386562412769788
UKR,2000,0.8,8.22440915769253,10.45,0.4741077,0.00386562412769788
UKR,2001,0.8,8.31731608908241,10.554,0.4741077,0.00386562412769788
UKR,2002,0.8,8.39109606750577,10.658,0.4741077,0.00386562412769788
UKR,2003,0.8,8.4904051921738,10.762,0.4741077,0.00386562412769788
UKR,2004,0.8,8.62299049142389,10.866,0.4741077,0.00386562412769788
UKR,2005,0.8,8.67865124623842,10.97,0.4741077,0.00386562412769788
UKR,2006,0.85,8.76662753587552,11.006,0.4741077,0.00386562412769788
UKR,2007,0.85,8.86037191854403,11.042,0.4741077,0.00386562412769788
UKR,2008,0.85,8.9117291530643,11.078,0.4741077,0.00386562412769788
UKR,2009,0.85,8.80841984766688,11.114,0.4741077,0.00386562412769788
UKR,2010,0.8,8.85998335299472,11.15,0.4741077,0.00386562412769788
UKR,2011,0.8,,11.15,0.4741077,0.00386562412769788
UKR,2012,0.8,,11.15,0.4741077,0.00386562412769788
UKR,2013,0.8,,11.15,0.4741077,0.00386562412769788
URY,1992,1,8.88623996273831,7.498,0.0817223,0.0439395969848354
URY,1993,1,8.92500909611564,7.522,0.0817223,0.0439395969848354
URY,1994,1,9.00147813074307,7.546,0.0817223,0.0439395969848354
URY,1995,1,8.98416357401712,7.57,0.0817223,0.0439395969848354
URY,1996,1,9.03183356628217,7.67,0.0817223,0.0439395969848354
URY,1997,1,9.0809975715446,7.77,0.0817223,0.0439395969848354
URY,1998,1,9.11981774523779,7.87,0.0817223,0.0439395969848354
URY,1999,1,9.08738472621239,7.97,0.0817223,0.0439395969848354
URY,2000,1,9.06210302556279,8.07,0.0817223,0.0439395969848354
URY,2001,1,9.01975502483279,8.048,0.0817223,0.0439395969848354
URY,2002,1,8.93852137886418,8.026,0.0817223,0.0439395969848354
URY,2003,1,8.95157467874448,8.004,0.0817223,0.0439395969848354
URY,2004,1,8.99855947915632,7.982,0.0817223,0.0439395969848354
URY,2005,1,9.07220222886063,7.96,0.0817223,0.0439395969848354
URY,2006,1,9.11469832643252,8.002,0.0817223,0.0439395969848354
URY,2007,1,9.18375479033714,8.044,0.0817223,0.0439395969848354
URY,2008,1,9.26935069622102,8.086,0.0817223,0.0439395969848354
URY,2009,1,9.28786990722964,8.128,0.0817223,0.0439395969848354
URY,2010,1,9.36885264299216,8.17,0.0817223,0.0439395969848354
URY,2011,1,,8.17,0.0817223,0.0439395969848354
URY,2012,1,,8.17,0.0817223,0.0439395969848354
URY,2013,1,,8.17,0.0817223,0.0439395969848354
USA,1992,1,10.3566297673093,12.356,0.25137066389756,0.0310756045647183
USA,1993,1,10.374912580803,12.434,0.25137066389756,0.0310756045647183
USA,1994,1,10.4070074299179,12.512,0.25137066389756,0.0310756045647183
USA,1995,1,10.4210940280647,12.59,0.25137066389756,0.0310756045647183
USA,1996,1,10.4491833846314,12.6,0.25137066389756,0.0310756045647183
USA,1997,1,10.4851575787193,12.61,0.25137066389756,0.0310756045647183
USA,1998,1,10.5193786953217,12.62,0.25137066389756,0.0310756045647183
USA,1999,1,10.5572217885235,12.63,0.25137066389756,0.0310756045647183
USA,2000,1,10.5883173800127,12.64,0.25137066389756,0.0310756045647183
USA,2001,1,10.5847361595202,12.684,0.25137066389756,0.0310756045647183
USA,2002,1,10.5910220134632,12.728,0.25137066389756,0.0310756045647183
USA,2003,1,10.607511290191,12.772,0.25137066389756,0.0310756045647183
USA,2004,1,10.6344225416702,12.816,0.25137066389756,0.0310756045647183
USA,2005,1,10.6568448600331,12.86,0.25137066389756,0.0310756045647183
USA,2006,1,10.6739538415536,12.924,0.25137066389756,0.0310756045647183
USA,2007,1,10.6807826819627,12.988,0.25137066389756,0.0310756045647183
USA,2008,1,10.6625113185871,13.052,0.25137066389756,0.0310756045647183
USA,2009,1,10.6063551785425,13.116,0.25137066389756,0.0310756045647183
USA,2010,1,10.6301903133697,13.18,0.25137066389756,0.0310756045647183
USA,2011,1,,13.18,0.25137066389756,0.0310756045647183
USA,2012,1,,13.18,0.25137066389756,0.0310756045647183
USA,2013,1,,13.18,0.25137066389756,0.0310756045647183
UZB,1992,0.05,7.40285297400562,,0.4119866,
UZB,1993,0.05,7.32271486085509,,0.4119866,
UZB,1994,0.05,7.24652377190204,,0.4119866,
UZB,1995,0.05,7.2441275699661,,0.4119866,
UZB,1996,0.05,7.23377436399844,,0.4119866,
UZB,1997,0.05,7.25068335560866,,0.4119866,
UZB,1998,0.05,7.2863100127049,,0.4119866,
UZB,1999,0.05,7.29969325775793,,0.4119866,
UZB,2000,0.05,7.35314164102553,,0.4119866,
UZB,2001,0.05,7.34866147902992,,0.4119866,
UZB,2002,0.05,7.38918549553649,,0.4119866,
UZB,2003,0.05,7.42507314953261,,0.4119866,
UZB,2004,0.05,7.49076933005961,,0.4119866,
UZB,2005,0.05,7.55306214144851,,0.4119866,
UZB,2006,0.05,7.58607303753179,,0.4119866,
UZB,2007,0.05,7.67722785216872,,0.4119866,
UZB,2008,0.05,7.74079597543498,,0.4119866,
UZB,2009,0.05,7.83235431233662,,0.4119866,
UZB,2010,0.05,7.89357676599389,,0.4119866,
UZB,2011,0.05,,,0.4119866,
UZB,2012,0.05,,,0.4119866,
UZB,2013,0.05,,,0.4119866,
VCT,1992,,8.36591562817053,,0.0175425,
VCT,1993,,8.385179777302,,0.0175425,
VCT,1994,,8.37237417849851,,0.0175425,
VCT,1995,,8.42501058908065,,0.0175425,
VCT,1996,,8.44275749146101,,0.0175425,
VCT,1997,,8.50065004403951,,0.0175425,
VCT,1998,,8.54911621282379,,0.0175425,
VCT,1999,,8.57746924244658,,0.0175425,
VCT,2000,,8.5822583283736,,0.0175425,
VCT,2001,,8.58984921805704,,0.0175425,
VCT,2002,,8.63041999696225,,0.0175425,
VCT,2003,,8.66584331303844,,0.0175425,
VCT,2004,,8.72729666709806,,0.0175425,
VCT,2005,,8.75118189954702,,0.0175425,
VCT,2006,,8.84586764960527,,0.0175425,
VCT,2007,,8.87731561506595,,0.0175425,
VCT,2008,,8.89993166332738,,0.0175425,
VCT,2009,,8.88059598465256,,0.0175425,
VCT,2010,,8.84884026259899,,0.0175425,
VCT,2011,,,,0.0175425,
VCT,2012,,,,0.0175425,
VCT,2013,,,,0.0175425,
VEN,1992,0.9,9.12768448797203,5.326,0.0685801,0.534510215468447
VEN,1993,0.9,9.10705325806792,5.504,0.0685801,0.534510215468447
VEN,1994,0.9,9.05735447419519,5.682,0.0685801,0.534510215468447
VEN,1995,0.9,9.09081178721125,5.86,0.0685801,0.534510215468447
VEN,1996,0.9,9.07119544081645,6.03,0.0685801,0.534510215468447
VEN,1997,0.9,9.13150970877822,6.2,0.0685801,0.534510215468447
VEN,1998,0.9,9.12742396030523,6.37,0.0685801,0.534510215468447
VEN,1999,0.85,9.03894807496175,6.54,0.0685801,0.534510215468447
VEN,2000,0.85,9.06626199122868,6.71,0.0685801,0.534510215468447
VEN,2001,0.8,9.0712843857973,6.87,0.0685801,0.534510215468447
VEN,2002,0.8,8.97717427949795,7.03,0.0685801,0.534510215468447
VEN,2003,0.8,8.87790190773698,7.19,0.0685801,0.534510215468447
VEN,2004,0.8,9.01992760852066,7.35,0.0685801,0.534510215468447
VEN,2005,0.8,9.09615223287175,7.51,0.0685801,0.534510215468447
VEN,2006,0.75,9.15669938307765,7.69,0.0685801,0.534510215468447
VEN,2007,0.75,9.20718394087468,7.87,0.0685801,0.534510215468447
VEN,2008,0.75,9.22704892058306,8.05,0.0685801,0.534510215468447
VEN,2009,0.35,9.15993237141092,8.23,0.0685801,0.534510215468447
VEN,2010,0.35,9.11279436473544,8.41,0.0685801,0.534510215468447
VEN,2011,0.35,,8.41,0.0685801,0.534510215468447
VEN,2012,0.35,,8.41,0.0685801,0.534510215468447
VEN,2013,0.7,,8.41,0.0685801,0.534510215468447
VNM,1992,0.15,6.91980032626535,4.4,0.2377085,0.394961487012244
VNM,1993,0.15,6.96355243446352,4.55,0.2377085,0.394961487012244
VNM,1994,0.15,7.00532529207506,4.7,0.2377085,0.394961487012244
VNM,1995,0.15,7.08023152141267,4.85,0.2377085,0.394961487012244
VNM,1996,0.15,7.15928196299076,5.008,0.2377085,0.394961487012244
VNM,1997,0.15,7.22215728325737,5.166,0.2377085,0.394961487012244
VNM,1998,0.15,7.26197778910188,5.324,0.2377085,0.394961487012244
VNM,1999,0.15,7.28958136150384,5.482,0.2377085,0.394961487012244
VNM,2000,0.15,7.3383307323857,5.64,0.2377085,0.394961487012244
VNM,2001,0.15,7.38652483411368,5.796,0.2377085,0.394961487012244
VNM,2002,0.15,7.42838345264262,5.952,0.2377085,0.394961487012244
VNM,2003,0.15,7.47938527832789,6.108,0.2377085,0.394961487012244
VNM,2004,0.15,7.55595563339068,6.264,0.2377085,0.394961487012244
VNM,2005,0.15,7.64414009261677,6.42,0.2377085,0.394961487012244
VNM,2006,0.15,7.71415227638191,6.566,0.2377085,0.394961487012244
VNM,2007,0.15,7.74434421842788,6.712,0.2377085,0.394961487012244
VNM,2008,0.15,7.79582824319939,6.858,0.2377085,0.394961487012244
VNM,2009,0.15,7.84375276045831,7.004,0.2377085,0.394961487012244
VNM,2010,0.15,7.93022392739098,7.15,0.2377085,0.394961487012244
VNM,2011,0.15,,7.15,0.2377085,0.394961487012244
VNM,2012,0.15,,7.15,0.2377085,0.394961487012244
VNM,2013,0.15,,7.15,0.2377085,0.394961487012244
VUT,1992,,8.59489092455409,,0.5793877,
VUT,1993,,8.61827632137712,,0.5793877,
VUT,1994,,8.61027246784146,,0.5793877,
VUT,1995,,8.63533422255792,,0.5793877,
VUT,1996,,8.68062613245317,,0.5793877,
VUT,1997,,8.62506054485101,,0.5793877,
VUT,1998,,8.62112383262666,,0.5793877,
VUT,1999,,8.55612425612546,,0.5793877,
VUT,2000,,8.62157538656658,,0.5793877,
VUT,2001,,8.53440456484151,,0.5793877,
VUT,2002,,8.53532815701575,,0.5793877,
VUT,2003,,8.55449867954253,,0.5793877,
VUT,2004,,8.57036806140267,,0.5793877,
VUT,2005,,8.58123235886626,,0.5793877,
VUT,2006,,8.63734138595793,,0.5793877,
VUT,2007,,8.7072591738656,,0.5793877,
VUT,2008,,8.76256896323214,,0.5793877,
VUT,2009,,8.76864823013992,,0.5793877,
VUT,2010,,8.80952359047906,,0.5793877,
VUT,2011,,,,0.5793877,
VUT,2012,,,,0.5793877,
VUT,2013,,,,0.5793877,
WSM,1992,,8.39549118619528,,0.0111107,
WSM,1993,,8.42769186265344,,0.0111107,
WSM,1994,,8.39202997221556,,0.0111107,
WSM,1995,,8.43370343260746,,0.0111107,
WSM,1996,,8.49574482111324,,0.0111107,
WSM,1997,,8.47379773682382,,0.0111107,
WSM,1998,,8.50294941246874,,0.0111107,
WSM,1999,,8.52154758940984,,0.0111107,
WSM,2000,,8.58251734357742,,0.0111107,
WSM,2001,,8.64799933078673,,0.0111107,
WSM,2002,,8.6680430260374,,0.0111107,
WSM,2003,,8.71230898563179,,0.0111107,
WSM,2004,,8.74476327866848,,0.0111107,
WSM,2005,,8.78582871593039,,0.0111107,
WSM,2006,,8.78023535081488,,0.0111107,
WSM,2007,,8.83520712748274,,0.0111107,
WSM,2008,,8.79018978958086,,0.0111107,
WSM,2009,,8.76446933518662,,0.0111107,
WSM,2010,,8.7701544862011,,0.0111107,
WSM,2011,,,,0.0111107,
WSM,2012,,,,0.0111107,
WSM,2013,,,,0.0111107,
YEM,1992,0.5,7.28096977992442,1.388,0.00798169999999998,
YEM,1993,0.4,7.27176507873584,1.482,0.00798169999999998,
YEM,1994,0.4,7.26558094419711,1.576,0.00798169999999998,
YEM,1995,0.4,7.4004244318683,1.67,0.00798169999999998,
YEM,1996,0.4,7.56886349624018,1.804,0.00798169999999998,
YEM,1997,0.4,7.59737846651604,1.938,0.00798169999999998,
YEM,1998,0.4,7.60206226251053,2.072,0.00798169999999998,
YEM,1999,0.4,7.59587695954413,2.206,0.00798169999999998,
YEM,2000,0.4,7.62399349062668,2.34,0.00798169999999998,
YEM,2001,0.4,7.65512600739798,2.472,0.00798169999999998,
YEM,2002,0.4,7.65975537747648,2.604,0.00798169999999998,
YEM,2003,0.4,7.67839014901167,2.736,0.00798169999999998,
YEM,2004,0.4,7.69440076270703,2.868,0.00798169999999998,
YEM,2005,0.4,7.71429452150146,3,0.00798169999999998,
YEM,2006,0.4,7.71002825094391,3.136,0.00798169999999998,
YEM,2007,0.4,7.72514937038361,3.272,0.00798169999999998,
YEM,2008,0.4,7.7327008127647,3.408,0.00798169999999998,
YEM,2009,0.4,7.7389486510756,3.544,0.00798169999999998,
YEM,2010,0.4,7.78025900728786,3.68,0.00798169999999998,
YEM,2011,0.4,,3.68,0.00798169999999998,
YEM,2012,0.65,,3.68,0.00798169999999998,
YEM,2013,0.65,,3.68,0.00798169999999998,
ZAF,1992,0.8,8.53669620881425,7.402,0.86524,0.29642710482203
ZAF,1993,0.9,8.53966531697825,7.698,0.86524,0.29642710482203
ZAF,1994,0.95,8.5616920535057,7.994,0.86524,0.29642710482203
ZAF,1995,0.95,8.59205686910402,8.29,0.86524,0.29642710482203
ZAF,1996,0.95,8.60849187639603,8.168,0.86524,0.29642710482203
ZAF,1997,0.95,8.62501100750684,8.046,0.86524,0.29642710482203
ZAF,1998,0.95,8.62669084263871,7.924,0.86524,0.29642710482203
ZAF,1999,0.95,8.64490420018411,7.802,0.86524,0.29642710482203
ZAF,2000,0.95,8.67844701647575,7.68,0.86524,0.29642710482203
ZAF,2001,0.95,8.69890550651015,7.874,0.86524,0.29642710482203
ZAF,2002,0.95,8.72297709703553,8.068,0.86524,0.29642710482203
ZAF,2003,0.95,8.73973290671417,8.262,0.86524,0.29642710482203
ZAF,2004,0.95,8.78009987459425,8.456,0.86524,0.29642710482203
ZAF,2005,0.95,8.81978277267092,8.65,0.86524,0.29642710482203
ZAF,2006,0.95,8.86672789470441,8.858,0.86524,0.29642710482203
ZAF,2007,0.95,8.91513378592276,9.066,0.86524,0.29642710482203
ZAF,2008,0.95,8.93618971237191,9.274,0.86524,0.29642710482203
ZAF,2009,0.95,8.89645291006388,9.482,0.86524,0.29642710482203
ZAF,2010,0.95,8.92441563525173,9.69,0.86524,0.29642710482203
ZAF,2011,0.95,,9.69,0.86524,0.29642710482203
ZAF,2012,0.95,,9.69,0.86524,0.29642710482203
ZAF,2013,0.95,,9.69,0.86524,0.29642710482203
ZMB,1992,0.8,6.67929145171517,5.338,0.8734083,
ZMB,1993,0.8,6.66676585997885,5.562,0.8734083,
ZMB,1994,0.8,6.60170861184148,5.786,0.8734083,
ZMB,1995,0.8,6.86920045063275,6.01,0.8734083,
ZMB,1996,0.55,6.85028413164499,6.04,0.8734083,
ZMB,1997,0.55,6.91305476984187,6.07,0.8734083,
ZMB,1998,0.55,6.89196535401355,6.1,0.8734083,
ZMB,1999,0.55,6.84808970780583,6.13,0.8734083,
ZMB,2000,0.55,6.88088267618185,6.16,0.8734083,
ZMB,2001,0.75,6.93694372002708,6.212,0.8734083,
ZMB,2002,0.75,6.95850924752965,6.264,0.8734083,
ZMB,2003,0.75,6.91989517830649,6.316,0.8734083,
ZMB,2004,0.75,6.96408052101416,6.368,0.8734083,
ZMB,2005,0.75,6.97227120998955,6.42,0.8734083,
ZMB,2006,0.75,7.02175600993373,6.6,0.8734083,
ZMB,2007,0.75,7.24774490048876,6.78,0.8734083,
ZMB,2008,0.85,7.27133964117943,6.96,0.8734083,
ZMB,2009,0.85,7.24650487316924,7.14,0.8734083,
ZMB,2010,0.85,7.32464732781238,7.32,0.8734083,
ZMB,2011,0.85,,7.32,0.8734083,
ZMB,2012,0.85,,7.32,0.8734083,
ZMB,2013,0.85,,7.32,0.8734083,
ZWE,1992,0.2,6.17950371021482,6.118,0.4472268,0.572044200869815
ZWE,1993,0.2,6.05369942388539,6.312,0.4472268,0.572044200869815
ZWE,1994,0.2,6.08487019375804,6.506,0.4472268,0.572044200869815
ZWE,1995,0.2,5.99666788632805,6.7,0.4472268,0.572044200869815
ZWE,1996,0.2,6.01773539287683,6.76,0.4472268,0.572044200869815
ZWE,1997,0.2,6.00308786330973,6.82,0.4472268,0.572044200869815
ZWE,1998,0.2,5.98900419627556,6.88,0.4472268,0.572044200869815
ZWE,1999,0.35,6.04467582106248,6.94,0.4472268,0.572044200869815
ZWE,2000,0.35,5.97359439265529,7,0.4472268,0.572044200869815
ZWE,2001,0.3,5.92435400427657,7.094,0.4472268,0.572044200869815
ZWE,2002,0.3,5.80499753130972,7.188,0.4472268,0.572044200869815
ZWE,2003,0.3,5.92717297424951,7.282,0.4472268,0.572044200869815
ZWE,2004,0.3,5.83875009073871,7.376,0.4472268,0.572044200869815
ZWE,2005,0.3,5.77845810372653,7.47,0.4472268,0.572044200869815
ZWE,2006,0.3,5.88892988501791,7.498,0.4472268,0.572044200869815
ZWE,2007,0.3,5.68542632989556,7.526,0.4472268,0.572044200869815
ZWE,2008,0.3,5.61983771210345,7.554,0.4472268,0.572044200869815
ZWE,2009,0.55,5.70358639486715,7.582,0.4472268,0.572044200869815
ZWE,2010,0.55,5.76532626797564,7.61,0.4472268,0.572044200869815
ZWE,2011,0.55,,7.61,0.4472268,0.572044200869815
ZWE,2012,0.55,,7.61,0.4472268,0.572044200869815
ZWE,2013,0.7,,7.61,0.4472268,0.572044200869815
