iso3,year,aid,oil,polity
AFG,1992,9.16491980710452,,0.5
AFG,1993,8.88020011395891,,0.5
AFG,1994,9.02211593624394,,0.5
AFG,1995,8.73474829927432,,0.5
AFG,1996,8.46545238945426,,0.15
AFG,1997,8.80775300470531,,0.15
AFG,1998,8.43577455465134,,0.15
AFG,1999,8.56376865000157,,0.15
AFG,2000,8.37831028074343,,0.15
AFG,2001,9.67766399785937,,
AFG,2002,10.7450010536529,4.02711206531138,
AFG,2003,10.8964607618021,3.95078669985274,
AFG,2004,11.2046279968249,4.05669353980502,
AFG,2005,11.4024450679801,4.20021362608019,
AFG,2006,11.4649085967693,4.08936665850316,
AFG,2007,11.6727664715423,4.01369368060887,
AFG,2008,11.9292948699308,4.11203287289473,
AFG,2009,12.1392544963816,3.20661986137314,
AFG,2010,12.1888413108039,3.39681967281968,
AFG,2011,12.22022992657,3.71494628368092,
AFG,2012,12.1229211885475,6.57425485900705,
AFG,2013,11.8137130141898,6.06308016967911,
AGO,1992,9.65095474153675,12.1047217498631,0.5
AGO,1993,9.36984202413788,11.9527304379649,0.45
AGO,1994,9.73082734607883,11.8198088139948,0.4
AGO,1995,9.77887402319823,12.0187663638368,0.35
AGO,1996,9.94219222345801,12.2430301406186,0.3
AGO,1997,9.64801538133856,12.1799952823976,0.2
AGO,1998,9.55765670576219,11.4439982392868,0.2
AGO,1999,9.68492074142559,11.9269911246608,0.2
AGO,2000,9.40989345851291,12.6891897476851,0.2
AGO,2001,9.28551345271543,12.3338666330829,0.2
AGO,2002,9.71296872034212,12.6676489856158,0.4
AGO,2003,9.94090811113783,12.6359316500625,0.4
AGO,2004,10.9082572606429,13.0782965930497,0.4
AGO,2005,9.46254171482825,13.7168042032517,0.4
AGO,2006,7.78308548087978,13.9813168680087,0.4
AGO,2007,8.528086981343,14.2828560008682,0.4
AGO,2008,9.22343867125485,14.6848279435941,0.4
AGO,2009,8.74766273217177,13.8975183133721,0.4
AGO,2010,8.78065932077271,14.2516129955618,0.4
AGO,2011,8.49255065373583,14.5096770588239,0.4
AGO,2012,8.57212161792792,14.4873396269639,0.4
AGO,2013,8.61135794903578,14.3161485093447,0.4
ALB,1992,10.9971131890887,9.14816222792969,0.75
ALB,1993,10.370873753396,9.18308240228787,0.75
ALB,1994,9.97901040535381,9.09693919031374,0.75
ALB,1995,10.0636907479597,9.26557703346052,0.75
ALB,1996,10.5352220173156,9.38020946869126,0.5
ALB,1997,10.5006272878924,8.97843002561861,0.75
ALB,1998,10.3109455245077,7.57134480322237,0.75
ALB,1999,11.3131528958186,8.56159395206141,0.75
ALB,2000,10.738420359484,9.42826327108572,0.75
ALB,2001,10.799739507788,9.13614286060226,0.75
ALB,2002,10.9705941198566,9.2272094328414,0.85
ALB,2003,11.2407898598458,9.48971246592568,0.85
ALB,2004,10.9547833383967,9.87347876375154,0.85
ALB,2005,10.9992943671287,10.239699290728,0.95
ALB,2006,11.0812035587873,10.5040638872292,0.95
ALB,2007,11.1481940544694,10.7529546283981,0.95
ALB,2008,11.4215461929642,11.1870079039693,0.95
ALB,2009,11.3427167235801,10.5692842237857,0.95
ALB,2010,11.260350635884,10.9029393452573,0.95
ALB,2011,11.1699214234736,11.6048590991202,0.95
ALB,2012,10.9182227618341,11.7175593433932,0.95
ALB,2013,10.6424022672144,11.8337764493388,0.95
AND,1992,,,
AND,1993,,,
AND,1994,,,
AND,1995,,,
AND,1996,,,
AND,1997,,,
AND,1998,,,
AND,1999,,,
AND,2000,,,
AND,2001,,,
AND,2002,,,
AND,2003,,,
AND,2004,,,
AND,2005,,,
AND,2006,,,
AND,2007,,,
AND,2008,,,
AND,2009,,,
AND,2010,,,
AND,2011,,,
AND,2012,,,
AND,2013,,,
ARE,1992,-8.50179814029567,15.6038822020796,0.1
ARE,1993,-8.46848116652633,15.4655038582956,0.1
ARE,1994,-8.27667329005709,15.2792034146221,0.1
ARE,1995,7.59742791227578,15.3003615851938,0.1
ARE,1996,,15.5042994591255,0.1
ARE,1997,,15.3730598190033,0.1
ARE,1998,,14.807316380933,0.1
ARE,1999,,15.0562232410795,0.1
ARE,2000,,15.6441134102909,0.1
ARE,2001,,15.2938071357053,0.1
ARE,2002,,15.2178276097232,0.1
ARE,2003,,15.4796431724999,0.1
ARE,2004,,15.7588189439203,0.1
ARE,2005,,16.0423022741469,0.1
ARE,2006,,16.2558352065037,0.1
ARE,2007,,16.2020676978295,0.1
ARE,2008,,16.4070621957186,0.1
ARE,2009,,15.7560734758181,0.1
ARE,2010,,16.1339155013681,0.1
ARE,2011,,16.5134557037194,0.1
ARE,2012,,16.4815366374071,0.1
ARE,2013,,16.452878669378,0.1
ARG,1992,8.93117840427966,11.0331324285255,0.85
ARG,1993,8.81174436070116,11.0432244671963,0.85
ARG,1994,8.34117344027623,11.0915738978108,0.85
ARG,1995,8.05420233357546,11.3137614648584,0.85
ARG,1996,7.78113826950789,11.5980944773294,0.85
ARG,1997,7.36849235061498,11.5482392120429,0.85
ARG,1998,6.67868612153816,10.9256215797498,0.85
ARG,1999,6.75006281797307,11.4196930118563,0.9
ARG,2000,7.1381756516414,11.9559172141497,0.9
ARG,2001,5.60518358267354,11.6326103322296,0.9
ARG,2002,7.22194819552397,11.677584474187,0.9
ARG,2003,7.84768387279673,11.7442108423484,0.9
ARG,2004,7.61556903744722,11.9441096759873,0.9
ARG,2005,7.5968864132755,12.3058852797589,0.9
ARG,2006,7.62773848768212,12.4821442660142,0.9
ARG,2007,7.37874544472577,12.4922678048507,0.9
ARG,2008,7.68453257983434,12.7973357606681,0.9
ARG,2009,7.56971729481745,12.0619458402548,0.9
ARG,2010,7.87069763764919,12.3737865366263,0.9
ARG,2011,7.30158255021871,12.7621842543025,0.9
ARG,2012,7.27436117968721,12.7100560012671,0.9
ARG,2013,6.4526157393063,12.5851451334107,0.9
ARM,1992,8.48500339422549,0,0.8
ARM,1993,9.92280006029229,0,0.8
ARM,1994,10.2979456637383,0,0.8
ARM,1995,10.2190217405603,0,0.55
ARM,1996,10.4952382305501,0,0.2
ARM,1997,9.59293364768325,0,0.2
ARM,1998,9.94582722092835,0,0.75
ARM,1999,10.0789223618559,0,0.75
ARM,2000,10.6766933532672,0,0.75
ARM,2001,10.5671810700591,0,0.75
ARM,2002,10.8935744015794,0,0.75
ARM,2003,10.6002666411167,0,0.75
ARM,2004,10.6507322900273,0,0.75
ARM,2005,10.6063379051483,0,0.75
ARM,2006,10.6792971820593,0,0.75
ARM,2007,11.2195552256177,0,0.75
ARM,2008,11.128264218156,0,0.75
ARM,2009,11.2511415467464,0,0.75
ARM,2010,11.1248773163814,0,0.75
ARM,2011,11.003524609836,0,0.75
ARM,2012,10.4725024452117,0,0.75
ARM,2013,10.3932425293929,0,0.75
ATG,1992,11.0416327383797,0,
ATG,1993,10.5117870140394,0,
ATG,1994,10.1079009708732,0,
ATG,1995,9.47677009410918,0,
ATG,1996,9.70366291539237,0,
ATG,1997,9.55215553100235,0,
ATG,1998,11.1465828847514,0,
ATG,1999,11.6201123328177,0,
ATG,2000,10.8129402723725,0,
ATG,2001,11.2756418821426,0,
ATG,2002,11.8881027468084,0,
ATG,2003,10.5754571437419,0,
ATG,2004,9.69654758381227,0,
ATG,2005,11.3871328422784,0,
ATG,2006,10.1914676135609,0,
ATG,2007,10.1638622252524,0,
ATG,2008,8.95157319256528,0,
ATG,2009,10.4264700433374,0,
ATG,2010,11.3193005066677,0,
ATG,2011,11.7660632815289,0,
ATG,2012,9.85949426682942,0,
ATG,2013,9.1018358687774,0,
AUS,1992,,11.6469784537957,1
AUS,1993,,11.5918870309995,1
AUS,1994,,11.3482172915476,1
AUS,1995,,11.480298231857,1
AUS,1996,,11.5940839691582,1
AUS,1997,,11.4340033032051,1
AUS,1998,,10.7413902970622,1
AUS,1999,,11.0456270992295,1
AUS,2000,,12.1657042443856,1
AUS,2001,,11.8647971097154,1
AUS,2002,,12.0044652221199,1
AUS,2003,,12.1006827856915,1
AUS,2004,,12.336689037327,1
AUS,2005,,12.6328130845406,1
AUS,2006,,12.6681181731778,1
AUS,2007,,12.7900519841604,1
AUS,2008,,13.0524010246684,1
AUS,2009,,12.3782219527208,1
AUS,2010,,12.8206745560204,1
AUS,2011,,13.2199838512523,1
AUS,2012,,13.0477070402442,1
AUS,2013,,12.8178973245087,1
AUT,1992,,9.07582258316655,1
AUT,1993,,9.00855258897982,1
AUT,1994,,8.84238506319153,1
AUT,1995,,8.8911697176648,1
AUT,1996,,9.18397070945287,1
AUT,1997,,8.91602856816213,1
AUT,1998,,7.73193427434945,1
AUT,1999,,8.87074874014742,1
AUT,2000,,9.61229858629476,1
AUT,2001,,9.2847068884018,1
AUT,2002,,9.31250842806485,1
AUT,2003,,9.44064054268948,1
AUT,2004,,9.78539963175275,1
AUT,2005,,10.0469196763709,1
AUT,2006,,10.1948149039146,1
AUT,2007,,10.2169834192839,1
AUT,2008,,10.7281433955707,1
AUT,2009,,10.1492276760409,1
AUT,2010,,10.2373862791226,1
AUT,2011,,10.5387080898348,1
AUT,2012,,10.6138018433546,1
AUT,2013,,10.5375464570588,1
AZE,1992,4.95499766620724,,0.55
AZE,1993,6.49242717969807,11.2158000822698,0.35
AZE,1994,8.14075411364411,11.0050217963319,0.35
AZE,1995,8.32632422529449,11.0538523909423,0.2
AZE,1996,8.09147133745773,11.3898676136359,0.2
AZE,1997,7.60162546223409,11.2377213915798,0.2
AZE,1998,8.41378011620369,10.2199259701695,0.15
AZE,1999,8.79124706040635,11.4888405163801,0.15
AZE,2000,9.08124071359216,12.2822356208318,0.15
AZE,2001,9.81521636807479,12.0244612427789,0.15
AZE,2002,10.2551986269211,12.0864565662861,0.15
AZE,2003,9.86590843619792,12.2501051018541,0.15
AZE,2004,9.31736657779336,12.5440580988816,0.15
AZE,2005,9.34169577645624,13.2896497500511,0.15
AZE,2006,9.33133765209282,13.7941130692355,0.15
AZE,2007,9.46885778279432,14.1661131553696,0.15
AZE,2008,9.52881081211948,14.6048579737911,0.15
AZE,2009,9.53974277044592,14.0936797779087,0.15
AZE,2010,8.82969370506481,14.214960812332,0.15
AZE,2011,9.86610041841647,14.577446560408,0.15
AZE,2012,10.0516158876644,14.4757559371532,0.15
AZE,2013,9.2791857551966,14.3913100661962,0.15
BDI,1992,10.1437289467737,0,0.35
BDI,1993,10.0054623761909,0,0.5
BDI,1994,9.85212505970824,0,0.5
BDI,1995,9.79144114865113,0,0.5
BDI,1996,9.32125995836893,0,0.25
BDI,1997,8.74712238649805,0,0.25
BDI,1998,8.87776513431842,0,0.45
BDI,1999,9.01365188836317,0,0.45
BDI,2000,8.75257054388746,0,0.45
BDI,2001,9.01802553808175,0,0.5
BDI,2002,9.42625015579931,0,0.6
BDI,2003,9.75319938155415,0,0.65
BDI,2004,10.1429171417232,0,0.75
BDI,2005,10.0771078234723,0,0.8
BDI,2006,10.2510342811464,0,0.8
BDI,2007,10.1168865550131,0,0.8
BDI,2008,10.3090286686685,0,0.8
BDI,2009,10.2924992917605,0,0.8
BDI,2010,10.3119913267166,0,0.8
BDI,2011,10.2277814680287,0,0.8
BDI,2012,10.0130369865848,0,0.8
BDI,2013,10.0781816552794,0,0.8
BEL,1992,,0,1
BEL,1993,,0,1
BEL,1994,,0,1
BEL,1995,,0,1
BEL,1996,,0,1
BEL,1997,,0,1
BEL,1998,,0,1
BEL,1999,,0,1
BEL,2000,,0,1
BEL,2001,,0,1
BEL,2002,,0,1
BEL,2003,,0,1
BEL,2004,,0,1
BEL,2005,,3.09742707071595,1
BEL,2006,,6.38879706076597,1
BEL,2007,,0,0.9
BEL,2008,,0,0.9
BEL,2009,,0,0.9
BEL,2010,,9.41225691518717,0.9
BEL,2011,,10.0095958688381,0.9
BEL,2012,,9.90719460718681,0.9
BEL,2013,,9.83521799387405,0.9
BEN,1992,10.3261317636075,8.36191453562126,0.8
BEN,1993,10.1336777295026,8.26876872420099,0.8
BEN,1994,10.0585115820656,8.03150887877719,0.8
BEN,1995,10.2578464089802,7.54567084083016,0.8
BEN,1996,10.1588356977984,7.2879198044038,0.8
BEN,1997,10.0206686943057,6.95486237899477,0.8
BEN,1998,9.96210115368343,5.9035547854582,0.8
BEN,1999,9.74289118236883,,0.8
BEN,2000,10.1805761593513,,0.8
BEN,2001,9.87332518441243,,0.8
BEN,2002,9.81257086973834,,0.8
BEN,2003,10.1186181787595,,0.8
BEN,2004,10.156196991348,0,0.8
BEN,2005,10.1125031789205,0,0.8
BEN,2006,10.1772211155998,0,0.85
BEN,2007,10.1885967058715,0,0.85
BEN,2008,10.4060011708915,0,0.85
BEN,2009,10.4413551696148,0,0.85
BEN,2010,10.4556329469374,0,0.85
BEN,2011,10.6453020578598,0,0.85
BEN,2012,10.1262038881382,0,0.85
BEN,2013,10.0741807958405,0,0.85
BFA,1992,10.2329249668666,0,0.25
BFA,1993,10.1583640528876,0,0.25
BFA,1994,10.1715772953878,0,0.25
BFA,1995,10.0986397996057,0,0.25
BFA,1996,10.1373174997815,0,0.25
BFA,1997,9.90054050044678,0,0.25
BFA,1998,9.91171805022678,0,0.3
BFA,1999,9.90583045721892,0,0.3
BFA,2000,9.85759285768338,0,0.35
BFA,2001,9.79691658528205,0,0.5
BFA,2002,9.80553214367655,0,0.5
BFA,2003,9.91900736060544,0,0.5
BFA,2004,10.1097197209119,0,0.5
BFA,2005,10.0990682095301,0,0.5
BFA,2006,10.1980738038171,0,0.5
BFA,2007,10.2341050526648,0,0.5
BFA,2008,10.3466445517472,0,0.5
BFA,2009,10.2693583559835,0,0.5
BFA,2010,10.2127784146225,0,0.5
BFA,2011,10.205735228176,0,0.5
BFA,2012,10.3224462055412,0,0.5
BFA,2013,10.299499703036,0,0.5
BGD,1992,8.90351966943183,3.67396764129113,0.8
BGD,1993,8.67378275479594,3.57167427899432,0.8
BGD,1994,8.85572655687968,3.89746776731044,0.8
BGD,1995,8.68989878998452,3.73379601952218,0.8
BGD,1996,8.55111952494572,4.20775099372925,0.8
BGD,1997,8.39179701905182,4.20070543543274,0.8
BGD,1998,8.49821809560017,3.46228230589522,0.8
BGD,1999,8.4528412530396,4.25796515456916,0.8
BGD,2000,8.4407846599569,4.94958642788901,0.8
BGD,2001,8.35147374188259,5.37332652125453,0.8
BGD,2002,8.2333764057942,5.80175673242994,0.8
BGD,2003,8.51790119653193,5.71478332194143,0.8
BGD,2004,8.43301986082567,6.00382171777069,0.8
BGD,2005,8.29686425484647,6.01894456005219,0.8
BGD,2006,8.09254291246753,6.20825802603875,0.8
BGD,2007,8.42476204264495,6.67179453247013,0.2
BGD,2008,8.61334356694656,7.14970682887544,0.2
BGD,2009,8.4677411255805,6.31106020531632,0.75
BGD,2010,8.6541641122811,6.73001971682766,0.75
BGD,2011,8.86052104932699,7.12467747548375,0.75
BGD,2012,9.0425188795356,7.25948927965,0.75
BGD,2013,9.13204327823747,7.17738912894625,0.7
BGR,1992,,5.69582085248523,0.9
BGR,1993,,5.48521781160425,0.9
BGR,1994,,5.74744720597555,0.9
BGR,1995,,5.79890533715137,0.9
BGR,1996,,5.77170066273838,0.9
BGR,1997,,5.39641133965333,0.9
BGR,1998,,4.52749173493492,0.9
BGR,1999,,5.6087425427406,0.9
BGR,2000,,7.09256539278689,0.9
BGR,2001,,5.83339903317593,0.95
BGR,2002,,6.0904674447656,0.95
BGR,2003,,6.08926418337448,0.95
BGR,2004,,6.87968239628649,0.95
BGR,2005,,7.27982335470481,0.95
BGR,2006,,7.4290039109562,0.95
BGR,2007,,7.54398430478705,0.95
BGR,2008,,7.93994380205597,0.95
BGR,2009,,7.32263950833611,0.95
BGR,2010,,7.45994208174039,0.95
BGR,2011,,7.96692736863478,0.95
BGR,2012,,7.94040872055641,0.95
BGR,2013,,7.88309626129694,0.95
BHR,1992,7.98756664141241,14.5910232612122,0
BHR,1993,8.28914832059162,14.5099856151682,0.05
BHR,1994,8.05270040575953,14.3505610063785,0.05
BHR,1995,8.08872109652426,14.4112728437342,0.05
BHR,1996,8.00590143184757,14.6178987032276,0.05
BHR,1997,7.90726090554368,14.5146704940817,0.05
BHR,1998,7.52441186810489,14.0279059956291,0.05
BHR,1999,7.89138881172658,14.3997016600761,0.05
BHR,2000,7.85291259754953,14.7937179278078,0.05
BHR,2001,7.50415127047109,14.5269871816073,0.1
BHR,2002,7.37231326092579,14.4866433965602,0.15
BHR,2003,7.31669281497291,14.5907770648266,0.15
BHR,2004,7.50766851589345,14.7932654225781,0.15
BHR,2005,,15.0992085138846,0.15
BHR,2006,,15.182668045111,0.15
BHR,2007,,15.1944361930922,0.15
BHR,2008,,15.4352353481544,0.15
BHR,2009,,14.8486388107892,0.15
BHR,2010,,15.1447466024204,0.25
BHR,2011,,15.5831799192546,0.1
BHR,2012,,15.4855908278834,0
BHR,2013,,15.5439197852597,0
BHS,1992,7.110768500758,0,
BHS,1993,7.27421587647222,0,
BHS,1994,6.46426113628847,0,
BHS,1995,8.34612414656635,0,
BHS,1996,,0,
BHS,1997,,0,
BHS,1998,,0,
BHS,1999,,0,
BHS,2000,,0,
BHS,2001,,0,
BHS,2002,,0,
BHS,2003,,0,
BHS,2004,,0,
BHS,2005,,0,
BHS,2006,,0,
BHS,2007,,0,
BHS,2008,,0,
BHS,2009,,0,
BHS,2010,,0,
BHS,2011,,0,
BHS,2012,,0,
BHS,2013,,0,
BIH,1992,,,0.5
BIH,1993,,,0.5
BIH,1994,11.2711919733276,0,0.5
BIH,1995,12.1937252620531,0,
BIH,1996,11.9534100168947,0,
BIH,1997,11.7737465431886,0,
BIH,1998,11.8996818490806,0,
BIH,1999,12.0444964866949,0,
BIH,2000,11.5989468259257,0,
BIH,2001,11.4114514762895,0,
BIH,2002,11.15349754824,0,
BIH,2003,11.2949805614344,0,
BIH,2004,11.2519311505244,0,
BIH,2005,11.0911231450562,0,
BIH,2006,11.3221158718681,0,
BIH,2007,11.220505427149,0,
BIH,2008,11.3273518910445,0,
BIH,2009,11.2013835590529,0,
BIH,2010,11.0716256282382,0,
BIH,2011,11.2328007487539,0,
BIH,2012,10.9704840389957,0,
BIH,2013,10.8663690256247,0,
BLR,1992,,9.32779882028221,0.8
BLR,1993,,9.29362105710552,0.8
BLR,1994,,9.17778709568158,0.9
BLR,1995,,9.25729174220499,0.5
BLR,1996,,9.52781325007001,0.15
BLR,1997,,9.29863442027421,0.15
BLR,1998,,8.13637499369513,0.15
BLR,1999,,9.24146559645374,0.15
BLR,2000,,10.0356865305443,0.15
BLR,2001,,9.72813783911973,0.15
BLR,2002,,9.76563941826039,0.15
BLR,2003,,9.93270061211932,0.15
BLR,2004,,10.2377733374759,0.15
BLR,2005,8.30598168735802,10.5993223086417,0.15
BLR,2006,8.4985929119034,10.7491324639369,0.15
BLR,2007,8.84440196492552,10.8543265904387,0.15
BLR,2008,9.02965039513316,11.2450973074499,0.15
BLR,2009,9.01626698937719,10.5736094164034,0.15
BLR,2010,9.25781621831072,10.7501574852831,0.15
BLR,2011,9.09879168471145,11.2441280606391,0.15
BLR,2012,8.80472504625228,11.1932369650055,0.15
BLR,2013,8.86714351742982,11.1059595276407,0.15
BLZ,1992,11.1995359170858,0,
BLZ,1993,11.2649796100896,0,
BLZ,1994,11.2449986543199,0,
BLZ,1995,10.6782449394876,0,
BLZ,1996,10.9543489372305,0,
BLZ,1997,9.33380975284395,0,
BLZ,1998,9.35807805310796,0,
BLZ,1999,11.9882993648619,0,
BLZ,2000,9.39978382391931,0,
BLZ,2001,10.6317514399971,0,
BLZ,2002,10.5099705147055,0,
BLZ,2003,9.68265948601852,0,
BLZ,2004,9.56418091706239,0,
BLZ,2005,10.1952882749572,7.37434372591205,
BLZ,2006,9.57615147871749,11.6880649639857,
BLZ,2007,10.2707792367847,12.0002821872369,
BLZ,2008,9.59026855064809,12.4674068933715,
BLZ,2009,10.0515859424206,11.985387276612,
BLZ,2010,10.5008991844937,12.2466408170311,
BLZ,2011,9.79284494200793,12.6172794579301,
BLZ,2012,9.40193026066902,12.2419503156094,
BLZ,2013,10.8008065376794,11.8612998625301,
BOL,1992,11.1210182165099,9.28677368514681,0.95
BOL,1993,10.9496797086808,9.26355433487679,0.95
BOL,1994,10.8172947247541,9.23241555592105,0.95
BOL,1995,11.0946919496983,9.56717276913901,0.95
BOL,1996,11.207852928807,9.86295412601316,0.95
BOL,1997,10.9249094641827,9.67839381569432,0.95
BOL,1998,10.8215296161969,9.44770254299392,0.95
BOL,1999,10.7573936548464,9.79464923418585,0.95
BOL,2000,10.5731382903448,10.3492267713369,0.95
BOL,2001,11.0232294815397,10.1319509533664,0.95
BOL,2002,10.9007463789288,10.2554401646942,0.95
BOL,2003,11.0214080550973,10.3721368765766,0.9
BOL,2004,11.0124793032745,10.7894405966591,0.9
BOL,2005,10.762017373821,11.2223622687045,0.9
BOL,2006,11.0074211637533,11.3271928892553,0.9
BOL,2007,10.5277262381727,11.0979090073298,0.9
BOL,2008,10.836183570217,11.3724655338378,0.9
BOL,2009,10.7879815515551,10.4518298495111,0.85
BOL,2010,10.6547154378711,10.901379656795,0.85
BOL,2011,10.6320968479523,11.3250207500951,0.85
BOL,2012,10.3599520051349,11.4334223109938,0.85
BOL,2013,10.1488323316039,11.4641504206204,0.85
BRA,1992,-7.49967151485936,9.63908201444119,0.9
BRA,1993,6.85492978653544,9.59870141910818,0.9
BRA,1994,7.14703272929571,9.59243359675245,0.9
BRA,1995,7.14114886280256,9.75386565427867,0.9
BRA,1996,7.0589499890117,10.1029020029071,0.9
BRA,1997,7.05508398652362,10.0230211345588,0.9
BRA,1998,7.16629978334355,9.52993503901481,0.9
BRA,1999,6.35394190155438,10.1806537817358,0.9
BRA,2000,7.15466302193502,10.8813826439627,0.9
BRA,2001,6.79222938286598,10.6062580882353,0.9
BRA,2002,7.01085091811493,10.778158641421,0.9
BRA,2003,6.92953971543486,10.8915688780083,0.9
BRA,2004,6.69450216302666,11.1438879424326,0.9
BRA,2005,6.85298490054105,11.647259064172,0.9
BRA,2006,6.00007191855266,11.8853467501467,0.9
BRA,2007,7.26886828538082,11.9392738787126,0.9
BRA,2008,7.59723377338763,12.2903285134194,0.9
BRA,2009,7.38551896125223,11.6567595192087,0.9
BRA,2010,7.63228336220132,12.0459507695421,0.9
BRA,2011,8.10252411324701,12.5213739593472,0.9
BRA,2012,8.60944024589652,12.4525752144805,0.9
BRA,2013,8.59383290660707,12.3334405941419,0.9
BRB,1992,8.05566894049293,9.8806537750902,
BRB,1993,7.33524833051238,9.76803741754367,
BRB,1994,6.13053174605599,9.72650695741689,
BRB,1995,6.282774311628,9.90140615734774,
BRB,1996,-6.63795532021398,9.87255163839124,
BRB,1997,5.59015240141581,9.65390607046051,
BRB,1998,7.53268886760504,9.57236370888428,
BRB,1999,8.59603644177816,10.286349124139,
BRB,2000,8.28639829015788,10.6653259602484,
BRB,2001,9.28944168211563,10.2122144898468,
BRB,2002,9.30034890447782,10.2198857434211,
BRB,2003,9.12496366717897,10.1691267198249,
BRB,2004,9.16334459349901,10.3021101779931,
BRB,2005,10.0219953981277,10.799736779276,
BRB,2006,9.36773865920553,10.995995362823,
BRB,2007,10.1906061287674,10.9697390014154,
BRB,2008,8.39793264864801,11.1117469242463,
BRB,2009,9.25981911841007,10.368414315375,
BRB,2010,9.09405657643899,10.9451601744114,
BRB,2011,,11.4248627669888,
BRB,2012,,11.3821714406398,
BRB,2013,,11.1644685087404,
BRN,1992,9.87596454630501,15.3164115954789,
BRN,1993,9.79507331752563,15.2527883569212,
BRN,1994,9.82259166129521,15.1113462835218,
BRN,1995,9.56710248274027,15.1098745227829,
BRN,1996,,15.2332612859121,
BRN,1997,,15.1471027366156,
BRN,1998,,14.2610212824332,
BRN,1999,,14.8864353764767,
BRN,2000,,15.36912367223,
BRN,2001,,14.934537709331,
BRN,2002,,14.9140679462914,
BRN,2003,,15.0540727385027,
BRN,2004,,15.390440408553,
BRN,2005,,15.8472989813213,
BRN,2006,,16.1740920288386,
BRN,2007,,16.1149251358133,
BRN,2008,,16.2218677840978,
BRN,2009,,15.457521849296,
BRN,2010,,15.7784989340889,
BRN,2011,,16.2333155441006,
BRN,2012,,16.0675073153008,
BRN,2013,,15.7977352651395,
BTN,1992,10.9938195745538,0,0
BTN,1993,11.2715133777129,0,0
BTN,1994,11.5471546355681,0,0
BTN,1995,11.5261886277567,0,0
BTN,1996,11.2526056960816,0,0
BTN,1997,11.3005701481098,0,0
BTN,1998,11.1881036818562,0,0
BTN,1999,11.423430016615,0,0
BTN,2000,10.944892943184,0,0
BTN,2001,11.1530887655776,0,0
BTN,2002,11.1403845937125,0,0
BTN,2003,11.3133698784628,0,0
BTN,2004,11.3127116433261,0,0
BTN,2005,11.367014419701,0,0.25
BTN,2006,11.245329463622,0,0.25
BTN,2007,11.0727819204539,0,0.25
BTN,2008,11.1771794280502,0,0.65
BTN,2009,11.2852987107631,0,0.65
BTN,2010,11.5874347892476,0,0.65
BTN,2011,11.5241817981361,0,0.65
BTN,2012,11.627441830643,0,0.65
BTN,2013,11.3114153125439,0,0.75
BWA,1992,11.1233031605894,0,0.85
BWA,1993,10.9404358418653,0,0.85
BWA,1994,10.5672793970799,0,0.85
BWA,1995,10.5018449671259,0,0.85
BWA,1996,10.6965410070326,0,0.85
BWA,1997,10.4790167632169,0,0.9
BWA,1998,10.7251625876937,0,0.9
BWA,1999,10.1286197985642,0,0.9
BWA,2000,9.54929339032758,0,0.9
BWA,2001,9.55636803273872,0,0.9
BWA,2002,9.9547779102698,0,0.9
BWA,2003,9.64268728738996,0,0.9
BWA,2004,9.77678659019855,0,0.9
BWA,2005,9.69964852379178,0,0.9
BWA,2006,9.87072307815389,0,0.9
BWA,2007,10.4129813654745,0,0.9
BWA,2008,12.7661022003291,0,0.9
BWA,2009,11.6282105405009,0,0.9
BWA,2010,10.8369094763962,0,0.9
BWA,2011,10.660169559762,0,0.9
BWA,2012,10.2951617995395,0,0.9
BWA,2013,10.647463741106,0,0.9
CAF,1992,10.4618319616089,0,0.2
CAF,1993,10.5204955182029,0,0.75
CAF,1994,10.2730655793611,0,0.75
CAF,1995,10.5067800116597,0,0.75
CAF,1996,10.4696069172731,0,0.75
CAF,1997,9.76213958449107,0,0.75
CAF,1998,9.65368148499111,0,0.75
CAF,1999,9.67146508309762,0,0.75
CAF,2000,9.53530609017906,0,0.75
CAF,2001,9.41161788615343,0,0.75
CAF,2002,9.19937796940756,0,0.75
CAF,2003,8.97337472119739,0,0.45
CAF,2004,9.47814701183936,0,0.45
CAF,2005,9.55512111746689,0,0.45
CAF,2006,9.60970581510522,0,0.45
CAF,2007,10.1825385738605,0,0.45
CAF,2008,10.2467754938707,0,0.45
CAF,2009,9.98876650960996,0,0.45
CAF,2010,10.1309805765458,0,0.45
CAF,2011,10.0747410239951,0,0.45
CAF,2012,9.67423979857882,0,0.45
CAF,2013,10.0958696768195,0,0.5
CAN,1992,,12.334032151457,1
CAN,1993,,12.2251720866437,1
CAN,1994,,12.1741198700926,1
CAN,1995,,12.273270508677,1
CAN,1996,,12.5287638992728,1
CAN,1997,,12.0819412326704,1
CAN,1998,,11.2098410616898,1
CAN,1999,,12.0464885398109,1
CAN,2000,,12.7856899206496,1
CAN,2001,,12.2288065710749,1
CAN,2002,,12.3539529553673,1
CAN,2003,,12.6717524464249,1
CAN,2004,,13.0844529512205,1
CAN,2005,,13.3838727132252,1
CAN,2006,,13.4983320500628,1
CAN,2007,,13.5948325910034,1
CAN,2008,,13.9864782411917,1
CAN,2009,,13.2071053085932,1
CAN,2010,,13.3800972415601,1
CAN,2011,,13.6679055415457,1
CAN,2012,,13.0386156789375,1
CAN,2013,,13.3970008323941,1
CHE,1992,,0,1
CHE,1993,,0,1
CHE,1994,,0,1
CHE,1995,,0,1
CHE,1996,,0,1
CHE,1997,,0,1
CHE,1998,,0,1
CHE,1999,,0,1
CHE,2000,,0,1
CHE,2001,,0,1
CHE,2002,,0,1
CHE,2003,,0,1
CHE,2004,,4.62758859473214,1
CHE,2005,,5.19140297173394,1
CHE,2006,,5.93216747438577,1
CHE,2007,,6.1900605574337,1
CHE,2008,,6.56961049110959,1
CHE,2009,,4.98653818194916,1
CHE,2010,,5.44513305824678,1
CHE,2011,,5.77979328948409,1
CHE,2012,,5.88151637787754,1
CHE,2013,,5.46027880580944,1
CHL,1992,9.04599786992694,8.32533805324207,0.9
CHL,1993,9.33141766221653,8.19060638430481,0.9
CHL,1994,9.13101069669281,8.02240024729877,0.9
CHL,1995,9.19683154666521,7.9854628228537,0.9
CHL,1996,9.42552051494727,8.066171624143,0.9
CHL,1997,8.93350772228768,7.69601585904403,0.9
CHL,1998,8.74683480439412,7.14916103398314,0.9
CHL,1999,8.33023691994216,7.63262454381743,0.9
CHL,2000,7.88160566483234,8.09432039076209,0.95
CHL,2001,7.83737344373131,7.75332482326973,0.95
CHL,2002,-6.76482344052916,7.70706166809378,0.95
CHL,2003,8.25308100411607,7.79056934408087,0.95
CHL,2004,7.25099719003573,7.98665540307995,0.95
CHL,2005,8.6345898241647,8.1582094385577,0.95
CHL,2006,8.47324144465278,7.95333732971945,1
CHL,2007,8.50765585303155,7.83589456922727,1
CHL,2008,8.55279969804795,8.34562649733594,1
CHL,2009,8.16859770448784,7.80161139027995,1
CHL,2010,9.12345869166622,7.7138417108655,1
CHL,2011,8.10544909822951,7.98680950013123,1
CHL,2012,8.75288864084976,8.55095782973413,1
CHL,2013,8.11766396000613,8.67011537834543,1
CHN,1992,7.46394511451523,9.29550155572869,0.15
CHN,1993,7.5277339508612,9.2736374799739,0.15
CHN,1994,7.57195667926739,9.11771757370846,0.15
CHN,1995,7.63113933728496,9.20506636842027,0.15
CHN,1996,7.24970218582626,9.48364215906323,0.15
CHN,1997,6.92748902160827,9.33732301652579,0.15
CHN,1998,7.25625180224225,8.57554604784067,0.15
CHN,1999,7.30070574131022,9.16759008610611,0.15
CHN,2000,6.91556353357568,9.89159105238775,0.15
CHN,2001,6.76069280307918,9.55184217226425,0.15
CHN,2002,6.87845676151399,9.58030066638518,0.15
CHN,2003,6.80279000756867,9.72933293815091,0.15
CHN,2004,7.12842822303928,10.1279356879441,0.15
CHN,2005,7.16857703712621,10.5879322409173,0.15
CHN,2006,6.80048859506402,10.7661271535418,0.15
CHN,2007,6.97194793410842,10.7816103179939,0.15
CHN,2008,6.95680920032048,11.1580716383061,0.15
CHN,2009,6.79700294182481,10.4644792235335,0.15
CHN,2010,6.32854118794727,10.9437101029041,0.15
CHN,2011,6.05964428272265,11.3866366667371,0.15
CHN,2012,4.4343465887821,11.3170208678651,0.15
CHN,2013,-5.01418541424686,11.2504323142898,0.15
CIV,1992,10.5959731667917,7.50038105984267,0.15
CIV,1993,10.8511763000191,7.52865180319933,0.2
CIV,1994,10.9583346880451,7.33499402387367,0.2
CIV,1995,10.7984651871606,7.44432432866246,0.2
CIV,1996,10.2789031931532,8.40113293503332,0.2
CIV,1997,9.58483100764559,8.18823293376592,0.2
CIV,1998,10.2884571948682,7.08778934888434,0.2
CIV,1999,9.96402633277859,7.48846971615585,0.45
CIV,2000,9.5559785893917,7.9676140738169,0.7
CIV,2001,9.07367763469909,7.44229815077555,0.7
CIV,2002,10.7044740448482,8.37906393912367,0.5
CIV,2003,9.59629135393716,8.71359267421525,0.5
CIV,2004,9.21481920174015,9.2514613378344,0.5
CIV,2005,8.77159213805102,10.1456238431758,0.5
CIV,2006,9.18291997109274,10.727753381501,0.5
CIV,2007,8.58367391203521,10.5983278764544,0.5
CIV,2008,9.13860513652449,10.8448958987535,0.5
CIV,2009,11.2675149069682,10.0827998542673,0.5
CIV,2010,9.87551003375753,10.3320274924661,0.5
CIV,2011,10.3545883671488,10.5477481085492,0.7
CIV,2012,11.4026650039507,10.3478236047023,0.7
CIV,2013,10.3160573235287,10.0687575019595,0.7
CMR,1992,10.784074243128,10.7722529957489,0.25
CMR,1993,10.663628048969,10.6078637973821,0.25
CMR,1994,10.350415427321,10.2326406177158,0.25
CMR,1995,10.1841842089572,10.3520849796038,0.25
CMR,1996,9.94695141772649,10.4592509988084,0.25
CMR,1997,10.085895732224,10.4922945944482,0.25
CMR,1998,9.97317302190644,9.7043453654021,0.25
CMR,1999,9.77174289128749,9.99026566337124,0.25
CMR,2000,9.57018964992862,10.5981278970418,0.25
CMR,2001,10.0415071977998,10.1557120100169,0.25
CMR,2002,10.2308818595731,10.0902558776485,0.25
CMR,2003,10.7479795948588,10.0387270079961,0.25
CMR,2004,10.4482691923343,10.3505996274502,0.25
CMR,2005,9.8760124454454,11.0084428968332,0.25
CMR,2006,11.3596830554417,11.2074019344108,0.25
CMR,2007,11.4514259142099,11.2906086758614,0.25
CMR,2008,9.68539098291643,11.5736217377326,0.25
CMR,2009,9.54805803382609,10.7486477151025,0.25
CMR,2010,9.51649316243198,10.9669781425899,0.25
CMR,2011,9.68875225326457,11.2848409697497,0.25
CMR,2012,9.42348363378485,11.2417501179908,0.25
CMR,2013,9.73529350366871,11.099326494796,0.25
COD,1992,8.33177997721253,7.81503613385376,0.5
COD,1993,7.80105483581223,7.70029979897472,0.5
COD,1994,7.7354572892685,7.54323884021665,0.5
COD,1995,7.88329209551178,7.73750279211853,0.5
COD,1996,7.76329171948817,7.9366524818055,0.5
COD,1997,7.72876083963195,7.78725579209753,0.5
COD,1998,7.43141175536112,6.95544978954454,0.5
COD,1999,7.48567513999544,7.42459508821829,0.5
COD,2000,7.61861940908278,8.08981871987927,0.5
COD,2001,7.92024413269936,7.80433066705152,0.5
COD,2002,8.78488229157186,7.76599226751768,0.5
COD,2003,11.413319812564,7.85337839269013,0.55
COD,2004,9.92540625632204,8.25913501711483,0.65
COD,2005,9.73235614033447,8.6511331577316,0.7
COD,2006,10.1171184646279,8.79482461595098,0.75
COD,2007,9.44493020142805,8.92133312693317,0.75
COD,2008,9.63712671231997,9.21018439110408,0.75
COD,2009,9.7151117633293,8.25968473310129,0.75
COD,2010,10.4564228580393,8.7586595152587,0.75
COD,2011,10.9995494460998,9.11613294159681,0.75
COD,2012,10.0251426098865,9.04011691172248,0.75
COD,2013,9.66130024982299,8.88101659173798,0.75
COG,1992,10.606939994057,12.5133704325984,0.75
COG,1993,10.711862843073,12.5503867452186,0.75
COG,1994,11.4579000256808,12.2784447521289,0.75
COG,1995,10.5509081720859,12.3949750504357,0.75
COG,1996,11.8465456953398,12.6372304012076,0.75
COG,1997,11.4082776712475,12.6520930689759,0.2
COG,1998,9.91480065781411,11.9482550188668,0.2
COG,1999,10.5974428218392,12.4973938577162,0.2
COG,2000,8.89555715469285,13.2588717262924,0.2
COG,2001,9.11108755613327,12.8211974065708,0.25
COG,2002,9.422650941081,12.8157201483913,0.3
COG,2003,9.19353938999865,12.7180749745261,0.3
COG,2004,9.50395435870267,13.0817291562966,0.3
COG,2005,12.8037986305749,13.6030544930737,0.3
COG,2006,10.6954203905532,13.8684192700391,0.3
COG,2007,9.41315226927755,13.7848711534787,0.3
COG,2008,11.4405822483024,14.140323388868,0.3
COG,2009,10.875530523745,13.4969707541714,0.3
COG,2010,12.517923998133,14.0031115244053,0.3
COG,2011,10.5514034107788,14.3179712183336,0.3
COG,2012,9.2419064192818,14.1672598655446,0.3
COG,2013,9.68254547788149,13.9086448330526,0.3
COL,1992,8.78731990467684,10.799794295935,0.95
COL,1993,7.81319523642257,10.7661166374297,0.95
COL,1994,7.54153145484916,10.7206358577569,0.95
COL,1995,8.4109312426787,11.0916650764992,0.85
COL,1996,8.38661593172448,11.3814974690169,0.85
COL,1997,8.43755162780517,11.2703987437927,0.85
COL,1998,8.35685776928079,10.7541538506495,0.85
COL,1999,8.93652434889279,11.3762539012946,0.85
COL,2000,8.42697786757085,11.7848557761001,0.85
COL,2001,9.14640707606565,11.3364715959489,0.85
COL,2002,9.26661571623126,11.3426342871821,0.85
COL,2003,9.83888928794201,11.35697094905,0.85
COL,2004,9.35984043011649,11.5937183398006,0.85
COL,2005,9.51659916445784,11.9898953505517,0.85
COL,2006,9.97560596755394,12.1809469310299,0.85
COL,2007,9.58539164563217,12.21655268518,0.85
COL,2008,9.93129462063554,12.6335671024053,0.85
COL,2009,10.0239320100992,12.0537002143553,0.85
COL,2010,9.435729484378,12.546178481648,0.85
COL,2011,9.92702968466191,13.1481974358486,0.85
COL,2012,9.63684234499857,13.128674647397,0.85
COL,2013,9.72740381710314,13.094633636251,0.85
COM,1992,10.8143807558345,0,0.7
COM,1993,11.0174473137987,0,0.7
COM,1994,10.5181813540562,0,0.7
COM,1995,10.7004653729819,0,0.5
COM,1996,10.6960252932164,0,0.7
COM,1997,10.3140075586235,0,0.7
COM,1998,10.4919743138972,0,0.7
COM,1999,10.1299249347414,0,0.4
COM,2000,9.90896944767177,0,0.45
COM,2001,9.77143759140607,0,0.5
COM,2002,9.8892613616761,0,0.7
COM,2003,9.88440607817022,0,0.7
COM,2004,10.0803182880912,0,0.8
COM,2005,10.1429425713698,0,0.8
COM,2006,10.4034485404686,0,0.95
COM,2007,10.3658105788785,0,0.95
COM,2008,10.4058745854166,0,0.95
COM,2009,10.6871530338189,0,0.95
COM,2010,10.4384286692637,0,0.95
COM,2011,10.6533170192691,0,0.95
COM,2012,10.7442022602631,0,0.95
COM,2013,10.9241911001771,0,0.95
CPV,1992,12.2240511247555,0,0.9
CPV,1993,12.2188942296048,0,0.9
CPV,1994,12.2058874902229,0,0.9
CPV,1995,12.1224216958887,0,0.9
CPV,1996,12.1123386915025,0,0.9
CPV,1997,11.9681301455434,0,0.9
CPV,1998,12.1762267631924,0,0.9
CPV,1999,12.2007580627995,0,0.9
CPV,2000,11.9435560402075,0,0.9
CPV,2001,11.5756810654255,0,1
CPV,2002,11.4370152542447,0,1
CPV,2003,12.1579729843606,0,1
CPV,2004,12.1515922435014,0,1
CPV,2005,12.2761929928004,0,1
CPV,2006,12.2118117849841,0,1
CPV,2007,12.3461569596764,0,1
CPV,2008,12.6902301383571,0,1
CPV,2009,12.6758007833328,0,1
CPV,2010,13.0931784874747,0,1
CPV,2011,12.9718964658632,0,1
CPV,2012,12.9634212488689,0,1
CPV,2013,12.9589018039543,0,1
CRI,1992,10.617448491997,0,1
CRI,1993,10.2226853818281,0,1
CRI,1994,9.93670159508619,0,1
CRI,1995,8.45881493546285,0,1
CRI,1996,-8.12492400706268,0,1
CRI,1997,-6.07127466022828,0,1
CRI,1998,8.6689495072345,0,1
CRI,1999,-6.93376277108713,0,1
CRI,2000,8.40185704052044,0,1
CRI,2001,7.37458811558083,0,1
CRI,2002,7.10493865915005,7.05259831383819,1
CRI,2003,8.93842398399228,7.35515834998479,1
CRI,2004,7.95707538855129,7.9086345751719,1
CRI,2005,8.69860776366354,8.73854528719216,1
CRI,2006,8.48175092492133,8.94344100725948,1
CRI,2007,9.34734959297446,9.29700691094552,1
CRI,2008,9.54526149103574,9.42030891543129,1
CRI,2009,9.99828341249224,8.01446645773721,1
CRI,2010,9.87888196345487,0,1
CRI,2011,8.66327581861546,0,1
CRI,2012,8.35381344316211,8.79209895521893,1
CRI,2013,8.32227926319535,8.73886067941354,1
CSK,1992,,,0.85
CUB,1992,6.99514541416496,8.65947137734462,0.15
CUB,1993,7.19170378659928,8.77440451621268,0.15
CUB,1994,7.45151679564206,9.18942009460955,0.15
CUB,1995,8.03537990653936,9.24048784225256,0.15
CUB,1996,7.80770958838733,9.64307523279775,0.15
CUB,1997,7.97550239066649,9.57849205124768,0.15
CUB,1998,8.54696784539473,8.85463072719879,0.15
CUB,1999,8.07203260473761,9.54221256368598,0.15
CUB,2000,7.92786518687178,10.2558377239487,0.15
CUB,2001,8.01644891158965,10.0066373839615,0.15
CUB,2002,8.39868046524236,10.1265405766045,0.15
CUB,2003,8.57447658153927,10.3680467726105,0.15
CUB,2004,8.73360898944342,10.6043282319808,0.15
CUB,2005,8.70682699655163,10.8593294042991,0.15
CUB,2006,8.52792628555901,11.0733477796477,0.15
CUB,2007,8.52908133242196,11.2318891343828,0.15
CUB,2008,9.01090445509706,11.5230018745157,0.15
CUB,2009,8.95049175612601,10.8247739664913,0.15
CUB,2010,8.960987864726,11.1664108917743,0.15
CUB,2011,8.58183550199058,11.6292480980218,0.15
CUB,2012,8.44882864074577,11.5881850713529,0.15
CUB,2013,8.58875032671781,11.4980485325873,0.15
CYP,1992,9.477097426508,0,1
CYP,1993,9.93448661946278,0,1
CYP,1994,10.3590136430071,0,1
CYP,1995,9.12998672040862,0,1
CYP,1996,9.70462953440876,0,1
CYP,1997,,0,1
CYP,1998,,0,1
CYP,1999,,0,1
CYP,2000,,0,1
CYP,2001,,0,1
CYP,2002,,0,1
CYP,2003,,0,1
CYP,2004,,0,1
CYP,2005,,5.70695519838523,1
CYP,2006,,5.83370071293046,1
CYP,2007,,5.91256779426314,1
CYP,2008,,8.58042519274432,1
CYP,2009,,7.9371902327568,1
CYP,2010,,7.44452665647762,1
CYP,2011,,8.08694388045487,1
CYP,2012,,8.03018596231926,1
CYP,2013,,6.7787458435715,1
CZE,1993,,6.34698722616638,1
CZE,1994,,6.37242803134804,1
CZE,1995,,6.69209390840273,1
CZE,1996,,7.36176305021403,1
CZE,1997,,6.87276904508952,1
CZE,1998,,5.80620975310864,1
CZE,1999,,6.92599064760412,1
CZE,2000,,7.6627144022575,1
CZE,2001,,7.39764176340616,1
CZE,2002,,7.81148790418258,1
CZE,2003,,8.15081454691867,1
CZE,2004,,8.41565538704567,1
CZE,2005,,8.82922266436725,1
CZE,2006,,8.80314062263024,0.95
CZE,2007,,8.82200698633911,0.95
CZE,2008,,9.18884976380097,0.95
CZE,2009,,8.48416255217549,0.95
CZE,2010,,8.38715945258669,0.95
CZE,2011,,8.81755578774233,0.95
CZE,2012,,8.7180651092068,0.95
CZE,2013,,8.62551474013225,0.95
DEU,1992,,7.77619172225512,1
DEU,1993,,7.66418622432843,1
DEU,1994,,7.50624016736889,1
DEU,1995,,7.60766231276804,1
DEU,1996,,7.92580930405258,1
DEU,1997,,7.65220139898893,1
DEU,1998,,6.52981275139411,1
DEU,1999,,7.56226414406937,1
DEU,2000,,8.48126558520784,1
DEU,2001,,8.20557234031225,1
DEU,2002,,8.31707849974883,1
DEU,2003,,8.53099351099688,1
DEU,2004,,8.76565902098762,1
DEU,2005,,9.1661769020016,1
DEU,2006,,9.28631448552749,1
DEU,2007,,9.38134094247091,1
DEU,2008,,9.66746882477032,1
DEU,2009,,8.96670038836389,1
DEU,2010,,8.995949764125,1
DEU,2011,,9.57073634759396,1
DEU,2012,,9.51491058502475,1
DEU,2013,,9.45312273738165,1
DJI,1992,11.8976134561184,0,0.15
DJI,1993,11.9384180033742,0,0.15
DJI,1994,11.9186471895302,0,0.15
DJI,1995,11.742196507753,0,0.15
DJI,1996,11.6012335702411,0,0.2
DJI,1997,11.4358903765591,0,0.2
DJI,1998,11.3978104368533,0,0.2
DJI,1999,11.2450107721241,0,0.55
DJI,2000,10.940509390441,0,0.55
DJI,2001,10.5028573998775,0,0.55
DJI,2002,10.7446798023421,0,0.55
DJI,2003,10.726161648501,0,0.55
DJI,2004,10.7753403880878,0,0.55
DJI,2005,11.0670879476598,0,0.6
DJI,2006,11.5633350995435,0,0.6
DJI,2007,11.3729657473032,0,0.6
DJI,2008,11.2128578950789,0,0.6
DJI,2009,11.5820955043072,0,0.6
DJI,2010,11.5612504672819,0,0.6
DJI,2011,11.439731726128,0,0.6
DJI,2012,11.3925545147886,0,0.6
DJI,2013,11.2570779440891,0,0.65
DMA,1992,11.6893478581715,0,
DMA,1993,11.3916116708185,0,
DMA,1994,11.803460826901,0,
DMA,1995,11.8290819552122,0,
DMA,1996,12.8027231030813,0,
DMA,1997,12.2197074099677,0,
DMA,1998,11.3305580401028,0,
DMA,1999,11.5133709690291,0,
DMA,2000,11.3668642632797,0,
DMA,2001,11.2012280722258,0,
DMA,2002,12.2473820102829,0,
DMA,2003,10.8295127558445,0,
DMA,2004,11.9604854734585,0,
DMA,2005,11.1178382891198,0,
DMA,2006,10.2048330870392,0,
DMA,2007,10.8919753334981,0,
DMA,2008,8.96746359701941,0,
DMA,2009,11.2243269380059,0,
DMA,2010,11.3326614525942,0,
DMA,2011,11.6823368245411,0,
DMA,2012,12.347275891062,0,
DMA,2013,11.7515203917072,0,
DNK,1992,,11.3863785579084,1
DNK,1993,,11.4065272604517,1
DNK,1994,,11.3871174728306,1
DNK,1995,,11.498120406617,1
DNK,1996,,11.9469797684531,1
DNK,1997,,11.7926716817556,1
DNK,1998,,10.6538712400122,1
DNK,1999,,12.0683947222224,1
DNK,2000,,12.9479080870912,1
DNK,2001,,12.5885371346619,1
DNK,2002,,12.6920095625567,1
DNK,2003,,12.8428488757732,1
DNK,2004,,13.1987342486765,1
DNK,2005,,13.5552086604439,1
DNK,2006,,13.5967603868916,1
DNK,2007,,13.600183347881,1
DNK,2008,,13.9115282495658,1
DNK,2009,,13.1888620603496,1
DNK,2010,,13.2557370589608,1
DNK,2011,,13.6480405685707,1
DNK,2012,,13.5102226103941,1
DNK,2013,,13.2945000818536,1
DOM,1992,8.85587140196669,0,0.75
DOM,1993,-7.99639329474961,0,0.75
DOM,1994,8.44013632762981,0,0.75
DOM,1995,9.24039511046078,0,0.75
DOM,1996,8.87804600722752,0,0.9
DOM,1997,8.25798603902918,0,0.9
DOM,1998,8.89451911996143,0,0.9
DOM,1999,9.79882863233908,0,0.9
DOM,2000,8.55710357968375,0,0.9
DOM,2001,9.36667161572146,0,0.9
DOM,2002,9.65628530394215,0,0.9
DOM,2003,8.81613899124977,0,0.9
DOM,2004,9.1368671135708,0,0.9
DOM,2005,8.70849005299841,0,0.9
DOM,2006,7.3556677658171,0,0.9
DOM,2007,7.93939763644465,0,0.9
DOM,2008,9.18364549565385,0,0.9
DOM,2009,8.59042773227314,0,0.9
DOM,2010,9.14205483340183,0,0.9
DOM,2011,9.84653254220224,0,0.9
DOM,2012,9.84122302315498,0,0.9
DOM,2013,8.99415630189491,0,0.9
DZA,1992,9.1166347412966,12.3680485888871,0.15
DZA,1993,8.55660161485589,12.2762261665538,0.15
DZA,1994,9.09300487104474,12.1732346006937,0.15
DZA,1995,9.1771167003155,12.2451841615102,0.35
DZA,1996,9.12544145494788,12.4828114842225,0.35
DZA,1997,8.78124184531601,12.392124531229,0.35
DZA,1998,8.50527307048516,11.8816267581269,0.35
DZA,1999,7.94545514334465,12.2394531064515,0.35
DZA,2000,7.66289861194409,12.7888513540665,0.35
DZA,2001,7.61624618085147,12.6668401882352,0.35
DZA,2002,8.26341598441347,12.745497287178,0.35
DZA,2003,8.5743493153717,13.0157049048926,0.35
DZA,2004,8.88187448300129,13.3428096587249,0.6
DZA,2005,8.9944535774798,13.7129256831988,0.6
DZA,2006,8.72342876759505,13.8935405092656,0.6
DZA,2007,9.05212774582845,13.9672295113043,0.6
DZA,2008,8.85888768093748,14.2263584949207,0.6
DZA,2009,8.63978216860019,13.6447785787978,0.6
DZA,2010,8.28449304836568,13.8929521204185,0.6
DZA,2011,8.0701106231508,14.2079702756173,0.6
DZA,2012,7.87451921873698,14.1257552626208,0.6
DZA,2013,7.84244169428196,14.0371242976721,0.6
ECU,1992,9.83783115305434,11.6136390520442,0.95
ECU,1993,9.62329047735302,11.6153372475807,0.95
ECU,1994,9.63138503839584,11.6643714964825,0.95
ECU,1995,9.53860978135856,11.8207367454631,0.95
ECU,1996,9.80616022675639,12.0217775179354,0.95
ECU,1997,9.37947396532634,11.8808803456266,0.95
ECU,1998,9.44711950131044,11.2032275332442,0.95
ECU,1999,9.26316325045013,11.7270030632625,0.95
ECU,2000,9.29456654755857,12.3272026768582,0.8
ECU,2001,9.34584605200579,12.0005412670055,0.8
ECU,2002,9.6563571526228,12.0212561853148,0.8
ECU,2003,9.47059354091664,12.1772404103267,0.8
ECU,2004,9.36080235012024,12.6661299840409,0.8
ECU,2005,9.53866776239512,13.0837392923387,0.8
ECU,2006,9.40378409986537,13.2766900764265,0.85
ECU,2007,9.46060797499745,13.2612631319573,0.75
ECU,2008,9.50794826027531,13.5702685994643,0.75
ECU,2009,9.20584684244967,12.7874301223513,0.75
ECU,2010,9.03346366318087,13.1343139611901,0.75
ECU,2011,9.01562436018262,13.6233843899952,0.75
ECU,2012,8.90236774901436,13.5756487565425,0.75
ECU,2013,8.98107949998652,13.5295776231553,0.75
EGY,1992,10.7922958729557,11.234802600029,0.2
EGY,1993,10.2704245938062,11.1994378715591,0.2
EGY,1994,10.48611596171,11.0628375944345,0.2
EGY,1995,10.1567638936715,11.139082886062,0.2
EGY,1996,10.2700864969617,11.3478990962929,0.2
EGY,1997,9.99410399980821,11.1549688959152,0.2
EGY,1998,9.95543228124761,10.6354974909444,0.2
EGY,1999,9.80703901164764,11.0951339715882,0.2
EGY,2000,9.6547049879306,11.3898257551556,0.2
EGY,2001,9.58977182502073,11.1119729771439,0.2
EGY,2002,9.60036597312924,11.0967849267447,0.2
EGY,2003,9.20833765436647,11.2569022242713,0.2
EGY,2004,9.60388042062626,11.4522794727115,0.2
EGY,2005,9.0154511541666,11.7830876380623,0.35
EGY,2006,8.7911908553013,11.934049033061,0.35
EGY,2007,9.14972366278597,12.0250082541696,0.35
EGY,2008,9.32984761907505,12.3722923424819,0.35
EGY,2009,8.79981100509579,11.81340537925,0.35
EGY,2010,8.31203489446652,12.1123867853289,0.35
EGY,2011,7.84352051046571,12.438683127061,0.4
EGY,2012,8.09036550039665,12.4339056121603,0.35
EGY,2013,8.07538020223949,12.3752169860056,0.3
ERI,1993,10.1655554379631,0,0.2
ERI,1994,10.8207826720676,0,0.2
ERI,1995,10.7523666546849,0,0.2
ERI,1996,11.0017418387597,0,0.2
ERI,1997,10.5344117186832,0,0.2
ERI,1998,10.7100597380073,0,0.2
ERI,1999,10.5020387169338,0,0.2
ERI,2000,10.8163072240919,0,0.2
ERI,2001,11.0893506042177,0,0.15
ERI,2002,10.8297865717573,0,0.15
ERI,2003,11.2171902592821,0,0.15
ERI,2004,11.1317202729841,0,0.15
ERI,2005,11.3496962414537,0,0.15
ERI,2006,10.0600289371517,0,0.15
ERI,2007,9.74669830163278,0,0.15
ERI,2008,9.83356939716145,0,0.15
ERI,2009,9.61844781818965,0,0.15
ERI,2010,9.41727606893223,0,0.15
ERI,2011,9.32158149591995,0,0.15
ERI,2012,8.52885347294234,,0.15
ERI,2013,8.43176015678603,,0.15
ESP,1992,,7.39394280218925,1
ESP,1993,,7.14614206038415,1
ESP,1994,,6.94727599656401,1
ESP,1995,,6.83849104348501,1
ESP,1996,,6.93203586458266,1
ESP,1997,,6.3760239062073,1
ESP,1998,,5.54675440689851,1
ESP,1999,,6.06609759432255,1
ESP,2000,,6.5706670876194,1
ESP,2001,,6.84992911455004,1
ESP,2002,,6.63103926686399,1
ESP,2003,,6.76205630722532,1
ESP,2004,,6.81850109737232,1
ESP,2005,,6.76518585534356,1
ESP,2006,,6.72098182893712,1
ESP,2007,,6.83570808434727,1
ESP,2008,,7.09209262404276,1
ESP,2009,,6.28541547403347,1
ESP,2010,,6.52341237761743,1
ESP,2011,,6.82232974183896,1
ESP,2012,,7.13938642473722,1
ESP,2013,,8.01479897689509,1
EST,1992,,,0.8
EST,1993,,,0.8
EST,1994,,,0.8
EST,1995,,10.3675622943517,0.8
EST,1996,,10.6716696636735,0.8
EST,1997,,10.3811003372071,0.8
EST,1998,,9.16405306982344,0.8
EST,1999,,10.1982774257921,0.85
EST,2000,,11.0396489731512,0.95
EST,2001,,10.6536181245929,0.95
EST,2002,,10.6239511965491,0.95
EST,2003,,10.7203195679233,0.95
EST,2004,,11.0677722521824,0.95
EST,2005,,11.5625966816323,0.95
EST,2006,,11.8037416211074,0.95
EST,2007,,12.1429631364371,0.95
EST,2008,,12.5714290439385,0.95
EST,2009,,11.8548490353593,0.95
EST,2010,,11.5683682497162,0.95
EST,2011,,11.9655132819853,0.95
EST,2012,,12.0895001934314,0.95
EST,2013,,12.0749253475483,0.95
ETH,1992,9.08515273209305,0,0.5
ETH,1993,8.95823060350517,0,0.55
ETH,1994,9.23017513681418,0,0.55
ETH,1995,9.12078885721815,0,0.55
ETH,1996,8.92898835470978,0,0.55
ETH,1997,8.71514585627467,0,0.55
ETH,1998,8.66096284523112,0,0.55
ETH,1999,8.51450526452762,0,0.55
ETH,2000,8.637419924091,0,0.55
ETH,2001,8.57395220850365,0,0.55
ETH,2002,8.83126664402417,0,0.55
ETH,2003,9.5479695284592,0,0.55
ETH,2004,9.51945335498088,0,0.55
ETH,2005,9.62606841029533,0,0.35
ETH,2006,9.45148819124672,0,0.35
ETH,2007,9.61510317343242,0,0.35
ETH,2008,9.97905799414707,3.37995318053935,0.35
ETH,2009,9.93602087478384,2.6497668795012,0.35
ETH,2010,9.92865471993593,3.01357250975973,0.35
ETH,2011,9.93872814955634,3.36871397322126,0.35
ETH,2012,9.84033370878354,3.30651051969745,0.35
ETH,2013,9.87511897102979,3.67016424546803,0.35
FIN,1992,,0,1
FIN,1993,,0,1
FIN,1994,,0,1
FIN,1995,,0,1
FIN,1996,,0,1
FIN,1997,,0,1
FIN,1998,,0,1
FIN,1999,,0,1
FIN,2000,,0,1
FIN,2001,,0,1
FIN,2002,,0,1
FIN,2003,,0,1
FIN,2004,,4.28440091713637,1
FIN,2005,,6.14298116408303,1
FIN,2006,,6.87960570236122,1
FIN,2007,,0,1
FIN,2008,,0,1
FIN,2009,,0,1
FIN,2010,,9.70047022277857,1
FIN,2011,,9.82620010504463,1
FIN,2012,,10.0269152036187,1
FIN,2013,,10.1644587865779,1
FJI,1992,11.1439248628879,0,0.75
FJI,1993,11.0644053933515,0,0.75
FJI,1994,10.699944610818,0,0.75
FJI,1995,10.8105590009491,0,0.75
FJI,1996,10.8501984180746,0,0.75
FJI,1997,10.802486318301,0,0.75
FJI,1998,10.6911560376136,0,0.8
FJI,1999,10.7394430331045,0,0.9
FJI,2000,10.4448978002566,0,0.8
FJI,2001,10.2554831534313,0,0.75
FJI,2002,10.5118160374695,0,0.75
FJI,2003,10.8178501873616,0,0.75
FJI,2004,10.6475331105023,0,0.8
FJI,2005,10.7003118496381,0,0.8
FJI,2006,10.7170216800013,0,0.35
FJI,2007,10.5144836005901,0,0.3
FJI,2008,10.5448094286842,0,0.3
FJI,2009,10.9113290070705,0,0.3
FJI,2010,11.1371066923541,0,0.3
FJI,2011,11.1606483840851,0,0.3
FJI,2012,11.4622498656637,0,0.3
FJI,2013,11.2004131124461,0,0.3
FRA,1992,,7.95454551228059,1
FRA,1993,,7.87323948519854,1
FRA,1994,,7.78357101206711,1
FRA,1995,,7.7656749055037,1
FRA,1996,,7.94688131487799,1
FRA,1997,,7.53629256435581,1
FRA,1998,,6.30983714081221,1
FRA,1999,,7.29848570872544,1
FRA,2000,,7.96005086633695,1
FRA,2001,,7.64553396280111,1
FRA,2002,,7.60445380116521,1
FRA,2003,,7.68539241346775,1
FRA,2004,,7.91116972560078,1
FRA,2005,,8.26013113601858,1
FRA,2006,,8.37209163433326,1
FRA,2007,,8.38815801886096,1
FRA,2008,,8.77622954757629,1
FRA,2009,,8.07218980951998,1
FRA,2010,,8.19698146211096,1
FRA,2011,,8.46671674248112,1
FRA,2012,,8.55412714090278,1
FRA,2013,,8.4479180204963,1
FSM,1992,11.6907352725309,,
FSM,1993,13.2565407736179,,
FSM,1994,13.7421544510817,,
FSM,1995,13.3872452166702,,
FSM,1996,13.8262029927758,,
FSM,1997,13.5342524668636,,
FSM,1998,13.4042209213485,,
FSM,1999,13.7274903857789,,
FSM,2000,13.667612800256,,
FSM,2001,13.9962891665079,,
FSM,2002,13.7941372140389,,
FSM,2003,13.8119875252832,,
FSM,2004,13.5423321271258,,
FSM,2005,13.7506020397083,,
FSM,2006,13.7715818633664,,
FSM,2007,13.8224947562749,,
FSM,2008,13.5855890777422,,
FSM,2009,13.9150844471887,,
FSM,2010,13.2844282594268,,
FSM,2011,13.9928871933447,,
FSM,2012,14.0950034850591,,
FSM,2013,14.0790324563866,,
GAB,1992,11.0426488869036,14.0316040735625,0.3
GAB,1993,11.423222847629,13.9756634282951,0.3
GAB,1994,11.9004054287334,13.8219922700177,0.3
GAB,1995,11.7020904833123,14.0074935433519,0.3
GAB,1996,11.497703201297,14.1813109811354,0.3
GAB,1997,10.1518787204923,14.1098936349158,0.3
GAB,1998,10.3368694550392,13.2594956548991,0.3
GAB,1999,10.231499749923,13.6249006195088,0.3
GAB,2000,-9.11719809276124,14.369548464316,0.3
GAB,2001,-8.71514443834849,13.9067901759397,0.3
GAB,2002,10.5140684754136,13.8910539303406,0.3
GAB,2003,-10.301470824743,13.8165615181065,0.3
GAB,2004,9.71515213445224,14.1316720455734,0.3
GAB,2005,9.91272268700486,14.6401736789458,0.3
GAB,2006,9.95908733758406,14.6578172823349,0.3
GAB,2007,9.98065196713336,14.8249012563971,0.3
GAB,2008,10.0603240930853,15.0972740992781,0.3
GAB,2009,10.3616071746018,14.3985748077427,0.65
GAB,2010,10.7933580458316,14.8452440763552,0.65
GAB,2011,10.4623383627421,15.1569708508908,0.65
GAB,2012,10.4031877266669,15.0848548569549,0.65
GAB,2013,10.5753646781223,14.8384971828236,0.65
GBR,1992,,11.4324646891221,1
GBR,1993,,11.4446695160031,1
GBR,1994,,11.5392414300831,1
GBR,1995,,11.6835693852873,1
GBR,1996,,12.0422345159713,1
GBR,1997,,11.7822665456226,1
GBR,1998,,10.6307961707584,1
GBR,1999,,11.7576880454812,1
GBR,2000,,12.450368760867,1
GBR,2001,,12.0699491535177,1
GBR,2002,,12.1011065744385,1
GBR,2003,,12.1726881589276,1
GBR,2004,,12.3586693380473,1
GBR,2005,,12.6255263183473,1
GBR,2006,,12.6651401564271,1
GBR,2007,,12.7519287341437,1
GBR,2008,,13.0704904858482,1
GBR,2009,,12.3918785315753,1
GBR,2010,,12.4462636028814,1
GBR,2011,,12.7585377576793,1
GBR,2012,,12.5431954643582,1
GBR,2013,,12.361933595204,1
GEO,1992,5.14346785157291,7.70303694850622,0.5
GEO,1993,9.86839493169893,7.53388153643662,0.5
GEO,1994,9.5420716394557,6.88547044662342,0.6
GEO,1995,9.77148269035249,6.89702872176159,0.7
GEO,1996,10.132597788944,7.60753236019312,0.7
GEO,1997,9.69057533600797,7.53454700868612,0.7
GEO,1998,9.82613105135758,6.19255539267153,0.7
GEO,1999,9.83582419168094,7.3000757195836,0.7
GEO,2000,10.2942112673791,8.01468195308488,0.6
GEO,2001,10.5436214011162,7.56555675436751,0.6
GEO,2002,10.8774906696661,7.47047891088947,0.6
GEO,2003,10.6373855770287,8.27571427038517,0.6
GEO,2004,10.8939419289819,8.24724015129743,0.8
GEO,2005,10.7646291247184,8.643201058604,0.8
GEO,2006,10.9092368251719,8.2576003901831,0.8
GEO,2007,11.0696039982402,8.3181783919072,0.8
GEO,2008,11.9314470533016,8.71183457999325,0.8
GEO,2009,11.6854633091412,8.09690071521546,0.8
GEO,2010,11.4729313199259,8.1823539551731,0.8
GEO,2011,11.342060657616,8.68433756688962,0.8
GEO,2012,11.4770408812916,8.68197471655936,0.8
GEO,2013,11.3583870223488,8.55734330123689,0.85
GHA,1992,9.93914089128577,5.63119382207141,0.45
GHA,1993,9.8647600204776,5.94508255117964,0.45
GHA,1994,9.886493671554,5.60066546700607,0.45
GHA,1995,9.93423879435375,6.74290719508274,0.45
GHA,1996,9.88802398369866,7.28568204293255,0.6
GHA,1997,9.69573066893726,7.00166448944366,0.6
GHA,1998,9.90618074971566,6.24149535379908,0.6
GHA,1999,9.82822273901771,6.90124027447432,0.6
GHA,2000,9.85909867606489,7.82860533165726,0.6
GHA,2001,9.86145731701466,7.48735354106772,0.8
GHA,2002,9.88019050384171,7.51447265992705,0.8
GHA,2003,10.0310218685249,7.50450091791581,0.8
GHA,2004,10.6564081271793,7.83238727450516,0.9
GHA,2005,10.2186848906859,8.11624634822162,0.9
GHA,2006,10.1592443467426,8.28968999714541,0.9
GHA,2007,10.3100028710198,8.39590557470464,0.9
GHA,2008,10.3069793978625,8.70045839441292,0.9
GHA,2009,10.404758715751,7.93526034360808,0.9
GHA,2010,10.4698665127108,8.50664428180699,0.9
GHA,2011,10.4463409260762,11.2461705395886,0.9
GHA,2012,10.3602065012122,11.2093510237943,0.9
GHA,2013,10.1951312487292,11.297963366261,0.9
GIN,1992,10.4272372072217,0,0.25
GIN,1993,10.1620921870368,0,0.25
GIN,1994,10.1413332807433,0,0.25
GIN,1995,10.2813465613677,0,0.45
GIN,1996,9.76081105537019,0,0.45
GIN,1997,9.66937812440017,0,0.45
GIN,1998,9.81889119431867,0,0.45
GIN,1999,9.50648572368272,0,0.45
GIN,2000,9.30706543543847,0,0.45
GIN,2001,9.56815492893344,0,0.45
GIN,2002,9.58050932183065,0,0.45
GIN,2003,9.62744004328236,0,0.45
GIN,2004,9.8877764357161,0,0.45
GIN,2005,9.52088826760453,0,0.45
GIN,2006,9.29827223221364,0,0.45
GIN,2007,9.46471168001049,0,0.45
GIN,2008,9.96310816378028,0,0.45
GIN,2009,9.73416091752907,0,0.45
GIN,2010,9.08703122914435,0,0.55
GIN,2011,8.9446181956832,0,0.55
GIN,2012,9.50302184914615,0,0.55
GIN,2013,10.009824249751,0,0.7
GMB,1992,10.6924514262825,0,0.9
GMB,1993,10.6458226910229,0,0.9
GMB,1994,10.3492638373904,0,0.15
GMB,1995,9.89813455350644,0,0.15
GMB,1996,9.4898732136721,0,0.2
GMB,1997,9.47475830008648,0,0.25
GMB,1998,9.18768212123215,0,0.25
GMB,1999,9.14719376603529,0,0.25
GMB,2000,9.21449746394156,0,0.25
GMB,2001,9.09949449751861,0,0.25
GMB,2002,9.34789660920899,0,0.25
GMB,2003,9.43406387837161,0,0.25
GMB,2004,8.88510120433057,0,0.25
GMB,2005,9.09144729196097,0,0.25
GMB,2006,9.59310795737405,0,0.25
GMB,2007,9.84297324834734,0,0.25
GMB,2008,9.63699793188689,0,0.25
GMB,2009,9.3676287955178,0,0.25
GMB,2010,9.75278206268682,0,0.25
GMB,2011,9.80632318906306,0,0.25
GMB,2012,9.60944304202475,0,0.25
GMB,2013,9.56892775028912,0,0.25
GNB,1992,10.9243012780001,0,0.25
GNB,1993,10.8854612339762,0,0.25
GNB,1994,11.6366944852637,0,0.6
GNB,1995,11.1369925705379,0,0.6
GNB,1996,11.6006730145522,0,0.6
GNB,1997,10.8246382630826,0,0.6
GNB,1998,10.9067886258713,0,0.5
GNB,1999,10.1855468532108,0,0.65
GNB,2000,10.4250238955958,0,0.75
GNB,2001,10.0907754985231,0,0.75
GNB,2002,9.90523693522025,0,0.75
GNB,2003,11.2115095883395,0,0.45
GNB,2004,9.96142834686885,0,0.45
GNB,2005,9.87446867379782,0,0.8
GNB,2006,10.2342133735895,0,0.8
GNB,2007,10.3119775379753,0,0.8
GNB,2008,10.4849361548767,0,0.8
GNB,2009,10.4289907877339,0,0.8
GNB,2010,10.4537463347958,0,0.8
GNB,2011,10.3905084659437,0,0.8
GNB,2012,10.0208605913215,0,0.55
GNB,2013,10.105473879755,0,0.55
GNQ,1992,11.1597854395289,9.68107105086485,0.15
GNQ,1993,10.8654846776507,10.2051497023738,0.25
GNQ,1994,10.308735124167,9.98009811793233,0.25
GNQ,1995,10.5440756344373,10.7173296513041,0.25
GNQ,1996,10.5783947369209,12.1189359605975,0.2
GNQ,1997,10.272292674629,12.9118173616881,0.2
GNQ,1998,10.2603159618308,12.5816510321219,0.2
GNQ,1999,9.99483581427925,13.1763897947778,0.2
GNQ,2000,10.1612171093706,14.0234636980365,0.2
GNQ,2001,9.7675619034097,,0.2
GNQ,2002,9.7472538249887,,0.2
GNQ,2003,9.94017143021657,,0.2
GNQ,2004,10.1522134531992,,0.2
GNQ,2005,10.3553569976503,15.3815514224747,0.2
GNQ,2006,9.8587875850223,15.4900142103413,0.2
GNQ,2007,10.1219848496054,15.6210884937291,0.2
GNQ,2008,9.74659762075325,15.8876179449551,0.2
GNQ,2009,10.0022470634572,14.9891757100834,0.2
GNQ,2010,11.0995939232632,15.327183701486,0.2
GNQ,2011,9.76530380547606,15.5793632436571,0.2
GNQ,2012,9.24874827081956,15.6167277146917,0.2
GNQ,2013,8.35640654469834,15.3691211368964,0.2
GRC,1992,,8.2319278754733,1
GRC,1993,,7.96008419241765,1
GRC,1994,,7.75151868742889,1
GRC,1995,,7.67119477728857,1
GRC,1996,,8.24554946276146,1
GRC,1997,,7.86434123681423,1
GRC,1998,,6.43642850844414,1
GRC,1999,,4.70058698701334,1
GRC,2000,,7.90384044155268,1
GRC,2001,,7.4811205237872,1
GRC,2002,,7.42493377653246,1
GRC,2003,,7.26708212110417,1
GRC,2004,,7.16040409275006,1
GRC,2005,,7.74489777817591,1
GRC,2006,,7.74043692878974,1
GRC,2007,,7.36228731353507,1
GRC,2008,,7.67676515467228,1
GRC,2009,,7.18449745523746,1
GRC,2010,,8.00110651331593,1
GRC,2011,,8.25401383888575,1
GRC,2012,,8.29822269593875,1
GRC,2013,,8.02423915139196,1
GRD,1992,10.9136543224455,0,
GRD,1993,10.5400806040491,0,
GRD,1994,10.9662068639505,0,
GRD,1995,10.8987302139531,0,
GRD,1996,10.919941758343,0,
GRD,1997,10.4885154823017,0,
GRD,1998,10.372847753791,0,
GRD,1999,10.0207495916926,0,
GRD,2000,11.4310212389828,0,
GRD,2001,10.3395028463586,0,
GRD,2002,9.96260182326886,0,
GRD,2003,11.2402905660427,0,
GRD,2004,11.4792338975011,0,
GRD,2005,12.3809222086352,0,
GRD,2006,10.3522098256503,0,
GRD,2007,10.6385477929253,0,
GRD,2008,9.40710446705044,0,
GRD,2009,10.2946160625191,0,
GRD,2010,10.9953485982916,0,
GRD,2011,11.3295536057154,0,
GRD,2012,9.25572588061457,0,
GRD,2013,10.2375896526115,0,
GTM,1992,9.83201935201431,7.62004537990676,0.65
GTM,1993,9.82061805800765,7.72944356095974,0.65
GTM,1994,9.66270677946724,7.75693667726639,0.65
GTM,1995,9.6604661217192,8.11624887754683,0.65
GTM,1996,9.50019495011191,8.85860241737195,0.9
GTM,1997,9.8870785508414,8.99196983112235,0.9
GTM,1998,9.70196186323866,8.60642922177092,0.9
GTM,1999,9.91351385202672,9.03502186866202,0.9
GTM,2000,9.88854372653896,9.49209147662028,0.9
GTM,2001,9.73070280685929,9.18052841986905,0.9
GTM,2002,9.70030969208057,9.38034606538701,0.9
GTM,2003,9.76115987784972,9.45505065942458,0.9
GTM,2004,9.6787536924084,9.50510830833195,0.9
GTM,2005,9.73277021096271,9.8075785132899,0.9
GTM,2006,10.4185489801723,9.84954545429949,0.9
GTM,2007,10.3227558612214,9.82271834188848,0.9
GTM,2008,10.4254842817449,10.0469142530898,0.9
GTM,2009,10.0865988666399,9.28504296240019,0.9
GTM,2010,10.0910305059224,9.48796537285982,0.9
GTM,2011,9.84971618260828,9.83974307905196,0.9
GTM,2012,9.7680467564618,9.74831402981295,0.9
GTM,2013,9.86930652918827,9.57671676500401,0.9
GUY,1992,10.4567535160432,0,0.8
GUY,1993,10.503521054885,0,0.8
GUY,1994,10.5270534390263,0,0.8
GUY,1995,10.3332304173296,0,0.8
GUY,1996,10.8992285672463,0,0.8
GUY,1997,12.5076562367372,0,0.8
GUY,1998,11.124696624703,0,0.8
GUY,1999,10.8551591927988,0,0.8
GUY,2000,11.1246096895234,0,0.8
GUY,2001,11.0058458064129,0,0.8
GUY,2002,10.7055444657204,0,0.8
GUY,2003,10.5367844727599,0,0.8
GUY,2004,11.4319404760653,0,0.8
GUY,2005,10.872136122306,0,0.8
GUY,2006,11.025599490668,0,0.8
GUY,2007,10.8906101296343,0,0.8
GUY,2008,10.9239024016956,0,0.8
GUY,2009,10.896189501552,0,0.8
GUY,2010,11.3556370817325,0,0.8
GUY,2011,11.442780301138,0,0.8
GUY,2012,10.6363438180148,0,0.8
GUY,2013,9.83666070288634,0,0.8
HND,1992,10.5783908882051,0,0.8
HND,1993,10.5240668182662,0,0.8
HND,1994,10.3720889965273,0,0.8
HND,1995,10.6113365594866,0,0.8
HND,1996,10.177851622369,0,0.8
HND,1997,10.1523198886823,0,0.8
HND,1998,10.3430293708549,0,0.8
HND,1999,10.9244780371508,0,0.85
HND,2000,10.7630367583121,0,0.85
HND,2001,11.0430690768696,0,0.85
HND,2002,10.6676340243337,0,0.85
HND,2003,10.3909931461158,0,0.85
HND,2004,10.7272518130918,0,0.85
HND,2005,11.0227589368824,1.00262149760767,0.85
HND,2006,10.8273144506879,3.73668776105106,0.85
HND,2007,10.528491791627,3.76221797777314,0.85
HND,2008,10.7011609983061,4.05979473208833,0.85
HND,2009,10.5244707893168,3.35640305724371,0.85
HND,2010,10.4130061806704,3.67092082906732,0.85
HND,2011,9.83827818450282,4.10117354663082,0.85
HND,2012,10.0210130450743,4.04212464528395,0.85
HND,2013,10.0330016641006,3.93196718285763,0.85
HRV,1992,,,0.35
HRV,1993,,,0.35
HRV,1994,9.25066839372875,,0.35
HRV,1995,9.11656108843982,9.89827160063783,0.25
HRV,1996,10.2303196536551,10.133074281723,0.25
HRV,1997,8.52989890202929,9.86961068666027,0.25
HRV,1998,8.67651546670382,8.56423713144639,0.25
HRV,1999,8.73823486090561,9.63067775438911,0.55
HRV,2000,9.16622051990072,10.3500025577052,0.9
HRV,2001,9.92626823786324,9.99249711594026,0.9
HRV,2002,10.0650841606861,10.0058899635225,0.9
HRV,2003,9.8750429748248,10.1134511209421,0.9
HRV,2004,9.92477477247249,10.3837491188711,0.9
HRV,2005,9.58505442897338,10.6943471484484,0.95
HRV,2006,9.67781490667427,10.7844657048732,0.95
HRV,2007,9.47040851114434,10.8389034404462,0.95
HRV,2008,9.4392772003826,11.1573343978482,0.95
HRV,2009,9.01730836402804,10.525163191567,0.95
HRV,2010,9.16070570236865,10.5680790968971,0.95
HRV,2011,,11.0354358116488,0.95
HRV,2012,,10.9573903478287,0.95
HRV,2013,,10.8923783225517,0.95
HTI,1992,9.284601302477,0,0.15
HTI,1993,9.49373539481381,0,0.15
HTI,1994,11.2960892307907,0,0.8
HTI,1995,11.1191493795319,0,0.8
HTI,1996,9.87750647944758,0,0.85
HTI,1997,10.0171661845716,0,0.85
HTI,1998,10.353092388753,0,0.85
HTI,1999,9.86708546568894,0,0.65
HTI,2000,9.82728224840061,0,0.4
HTI,2001,9.68567930952594,0,0.4
HTI,2002,9.58867374836849,0,0.4
HTI,2003,9.77015379345573,0,0.4
HTI,2004,10.0636936291761,0,0.5
HTI,2005,10.3527870141387,0,0.65
HTI,2006,10.5821175968929,0,0.75
HTI,2007,10.7440389549484,0,0.75
HTI,2008,10.975991212119,0,0.75
HTI,2009,11.1937234579185,0,0.75
HTI,2010,12.367321569396,0,0.5
HTI,2011,11.6742439931363,0,0.5
HTI,2012,11.3078509527372,0,0.5
HTI,2013,11.098986321189,0,0.5
HUN,1992,,9.6296695580571,1
HUN,1993,,9.56558807036473,1
HUN,1994,,9.41857324497452,1
HUN,1995,,9.52719629354806,1
HUN,1996,,9.70993691432836,1
HUN,1997,,9.22019325505225,1
HUN,1998,,7.99558342791225,1
HUN,1999,,9.05582491335898,1
HUN,2000,,9.75843843526578,1
HUN,2001,,9.42395723993995,1
HUN,2002,,9.43333880286741,1
HUN,2003,,9.62346847737305,1
HUN,2004,,9.87451677416156,1
HUN,2005,,10.0861077378357,1
HUN,2006,,10.2167782493776,1
HUN,2007,,10.2088025406532,1
HUN,2008,,10.5446155477546,1
HUN,2009,,9.87527678034652,1
HUN,2010,,9.91000830257778,1
HUN,2011,,10.3818454996181,1
HUN,2012,,10.3332040482148,1
HUN,2013,,10.1923572595185,1
IDN,1992,9.19312999725288,10.4961205534779,0.15
IDN,1993,9.15502254781819,10.4484569184355,0.15
IDN,1994,8.91764580908094,10.2636475337048,0.15
IDN,1995,8.71540639203959,10.3112181709215,0.15
IDN,1996,8.51685993864144,10.5161386071125,0.15
IDN,1997,8.22162505218548,10.3367456923277,0.15
IDN,1998,8.68254749920062,9.5557430881754,0.25
IDN,1999,9.18847744571019,10.1199379708078,0.8
IDN,2000,8.87683977760642,10.8147425600521,0.8
IDN,2001,8.73962609399422,10.4035126634086,0.8
IDN,2002,8.57532876371655,10.3367997719311,0.8
IDN,2003,8.87598055684659,10.3713930995052,0.8
IDN,2004,-6.08827130809544,10.7015636104337,0.9
IDN,2005,9.18977460072915,11.0739090953298,0.9
IDN,2006,7.89041477248741,11.1697225802216,0.9
IDN,2007,7.41470903401277,11.1160321481283,0.9
IDN,2008,7.81318670141575,11.490408949643,0.9
IDN,2009,7.22395091120498,10.7595052832765,0.9
IDN,2010,8.29470411872308,11.170383618323,0.9
IDN,2011,6.09315567670878,11.570894079263,0.9
IDN,2012,-5.84905458007767,11.4242497599237,0.9
IDN,2013,3.9114935850509,11.289463281238,0.9
IND,1992,7.19101725217362,8.02921312719143,0.9
IND,1993,6.78102786063868,7.86498697389923,0.9
IND,1994,7.28946273408704,7.92751849159856,0.9
IND,1995,7.00822018183923,8.086225524994,0.9
IND,1996,6.95481091003332,8.25689659554806,0.9
IND,1997,6.83617929216339,8.17275192781376,0.9
IND,1998,6.80198029315923,7.48353886005199,0.95
IND,1999,6.69554116432805,8.04934793399986,0.95
IND,2000,6.42307434747407,8.57710778926695,0.95
IND,2001,6.73552358649637,8.27347279673189,0.95
IND,2002,6.57673667417286,8.34673383602327,0.95
IND,2003,5.84828215106716,8.45161052924284,0.95
IND,2004,2.76541773395372,8.7979768648252,0.95
IND,2005,6.6188107979701,9.1215883879795,0.95
IND,2006,6.32552939647681,9.27565603029445,0.95
IND,2007,6.644928025625,9.37370343184528,0.95
IND,2008,7.16197191622375,9.66346890325629,0.95
IND,2009,7.16157396621133,8.85301727307513,0.95
IND,2010,7.49024109027339,9.305046011704,0.95
IND,2011,7.39624021661738,9.87783309292228,0.95
IND,2012,7.07857281776518,9.84057238818972,0.95
IND,2013,7.25786198120406,9.74682807716233,0.95
IRL,1992,,0,1
IRL,1993,,0,1
IRL,1994,,0,1
IRL,1995,,0,1
IRL,1996,,0,1
IRL,1997,,0,1
IRL,1998,,0,1
IRL,1999,,0,1
IRL,2000,,0,1
IRL,2001,,0,1
IRL,2002,,0,1
IRL,2003,,0,1
IRL,2004,,0,1
IRL,2005,,3.99365655560145,1
IRL,2006,,4.79338612747943,1
IRL,2007,,0,1
IRL,2008,,0,1
IRL,2009,,0,1
IRL,2010,,8.31924574503592,1
IRL,2011,,7.91097833033263,1
IRL,2012,,7.9608259077203,1
IRL,2013,,7.71380342745909,1
IRN,1992,6.95212991012327,,0.2
IRN,1993,7.29973310111335,12.6282407740177,0.2
IRN,1994,7.25752199685583,12.5525719678241,0.2
IRN,1995,7.84616596106176,12.6089201983231,0.2
IRN,1996,7.7192504659583,12.8389678901704,0.2
IRN,1997,7.86411598397509,12.6853925407397,0.65
IRN,1998,7.7008574146402,12.2016053549777,0.65
IRN,1999,7.65802627890666,12.5847564754244,0.65
IRN,2000,7.43877932167556,13.1342080150185,0.65
IRN,2001,7.20750010245552,12.9096631776291,0.65
IRN,2002,7.09428822019128,12.8652617370169,0.65
IRN,2003,7.31084013407642,13.0959627784265,0.65
IRN,2004,7.60656293978548,13.4201316752892,0.15
IRN,2005,6.98364706375537,13.8054293967697,0.2
IRN,2006,6.88111549199417,13.9483493655621,0.2
IRN,2007,6.87646706397726,14.0182473636095,0.2
IRN,2008,6.7458350572258,14.3124355324453,0.2
IRN,2009,6.76213115466257,13.7647365213066,0.15
IRN,2010,6.85819564462459,14.0564034766963,0.15
IRN,2011,6.81832980085804,14.3998798513813,0.15
IRN,2012,7.22405175848335,14.2169485435283,0.15
IRN,2013,7.07769754564442,14.09521762718,0.15
IRQ,1992,8.18998238176026,,0.05
IRQ,1993,8.20596985460194,,0.05
IRQ,1994,9.13776933054049,11.7669273090508,0.05
IRQ,1995,9.34790127221258,11.8345169225132,0.05
IRQ,1996,9.49037943447896,12.0531086588947,0.05
IRQ,1997,9.00357394309621,12.5971412821155,0.05
IRQ,1998,8.09242364631796,12.7063609231445,0.05
IRQ,1999,8.11559443233021,13.2585678606001,0.05
IRQ,2000,8.14519664740302,13.7767604866162,0.05
IRQ,2001,8.29705962821267,13.467804280793,0.05
IRQ,2002,8.09694001720931,13.2894747142558,0.05
IRQ,2003,11.3056445578454,12.979695073771,
IRQ,2004,11.9988978491462,13.6633622217894,
IRQ,2005,13.5591690336051,13.9538230072386,
IRQ,2006,12.6161333890539,14.1849119960416,
IRQ,2007,12.6728807677706,14.3199720677471,
IRQ,2008,12.7279785052884,14.7381270340845,
IRQ,2009,11.3791343646178,14.1891378427109,
IRQ,2010,11.0703446110062,14.473023692903,0.65
IRQ,2011,10.9403114547313,14.8943536516673,0.65
IRQ,2012,10.4070626642691,14.9829047520694,0.65
IRQ,2013,10.5473083769704,14.919009684484,0.65
ISL,1992,,0,
ISL,1993,,0,
ISL,1994,,0,
ISL,1995,,0,
ISL,1996,,0,
ISL,1997,,0,
ISL,1998,,0,
ISL,1999,,0,
ISL,2000,,0,
ISL,2001,,0,
ISL,2002,,0,
ISL,2003,,0,
ISL,2004,,0,
ISL,2005,,0,
ISL,2006,,0,
ISL,2007,,0,
ISL,2008,,0,
ISL,2009,,0,
ISL,2010,,0,
ISL,2011,,0,
ISL,2012,,0,
ISL,2013,,0,
ISR,1992,12.9038038393453,,0.8
ISR,1993,12.3910796108404,,0.8
ISR,1994,12.3265031985046,,0.8
ISR,1995,10.9966614097348,4.84328565028067,0.8
ISR,1996,12.8724349587534,4.48539067649198,0.8
ISR,1997,,5.55397989511343,0.8
ISR,1998,,4.09749537617509,0.8
ISR,1999,,4.27769103863698,0.8
ISR,2000,,4.76888261329835,0.8
ISR,2001,,4.54204567640843,0.8
ISR,2002,,4.76085700109437,0.8
ISR,2003,,4.39106906800537,0.8
ISR,2004,,4.25074389877369,0.8
ISR,2005,,4.62018494303808,0.8
ISR,2006,,6.02485660030103,0.8
ISR,2007,,5.53635915092871,0.8
ISR,2008,,6.22853768175748,0.8
ISR,2009,,5.6940243178895,0.8
ISR,2010,,5.56762528602734,0.8
ISR,2011,,7.52303920916606,0.8
ISR,2012,,7.00100554921803,0.8
ISR,2013,,8.38993658319392,0.8
ITA,1992,,8.42807814947945,1
ITA,1993,,8.42808684859663,1
ITA,1994,,8.35711514198194,1
ITA,1995,,8.52510360434089,1
ITA,1996,,8.93381828353278,1
ITA,1997,,8.7772050398976,1
ITA,1998,,7.56283590054091,1
ITA,1999,,8.56719027725371,1
ITA,2000,,9.20194235744373,1
ITA,2001,,8.80118499826667,1
ITA,2002,,9.12248813717052,1
ITA,2003,,9.3106753605248,1
ITA,2004,,9.58453545375945,1
ITA,2005,,10.0843848347884,1
ITA,2006,,10.1687745429364,1
ITA,2007,,10.2803219418168,1
ITA,2008,,10.5505498231109,1
ITA,2009,,9.78820862384335,1
ITA,2010,,10.0291323812231,1
ITA,2011,,10.5668472683461,1
ITA,2012,,10.538819528487,1
ITA,2013,,10.4811396161139,1
JAM,1992,10.7475962410665,0,1
JAM,1993,10.5326468266109,0,0.95
JAM,1994,10.3102429618343,0,0.95
JAM,1995,10.2047532249615,0,0.95
JAM,1996,7.3884424501465,0,0.95
JAM,1997,-7.54994719477958,0,0.95
JAM,1998,7.22880448700862,0,0.95
JAM,1999,-9.07424104939453,0,0.95
JAM,2000,-9.22004636744286,0,0.95
JAM,2001,-5.78346568417769,0,0.95
JAM,2002,-7.26453489188463,8.35101371369301,0.95
JAM,2003,6.21787392248404,8.75353492684804,0.95
JAM,2004,8.54534957323058,8.74598163013477,0.95
JAM,2005,8.36795314543454,9.26534108279669,0.95
JAM,2006,-4.61476561225715,10.3152701608017,0.95
JAM,2007,-8.70502156875944,10.2903854338526,0.95
JAM,2008,-7.1895163614943,10.8926284997156,0.95
JAM,2009,7.84719574766367,10.2605406461065,0.95
JAM,2010,-6.34312140369789,9.36347498074817,0.95
JAM,2011,-7.96712136522702,10.2245756097753,0.95
JAM,2012,-6.90787878394152,10.1804144627104,0.95
JAM,2013,-8.64226487427096,10.0839130880361,0.95
JOR,1992,11.236476615914,4.35871408337377,0.4
JOR,1993,10.6491280296999,3.57534355505984,0.4
JOR,1994,10.8402377663211,3.43274373448651,0.4
JOR,1995,11.3281938633022,3.37790958722884,0.4
JOR,1996,11.1035254498041,3.82210803721175,0.4
JOR,1997,10.9562734661738,3.69857307915094,0.4
JOR,1998,10.8917202424886,3.29190397753833,0.4
JOR,1999,11.0295128392066,3.61722822221656,0.4
JOR,2000,11.1774496636269,4.11216442631676,0.4
JOR,2001,10.91732221522,3.81006108613867,0.4
JOR,2002,11.1107168055882,3.7224846386867,0.4
JOR,2003,12.1560695266093,3.76066416985736,0.4
JOR,2004,11.2111616438117,3.91179414173078,0.4
JOR,2005,11.2017439700772,4.15126788487901,0.4
JOR,2006,10.9478714674015,4.38046848945064,0.4
JOR,2007,10.6633056141997,4.4051943226194,0.35
JOR,2008,11.0242774829933,5.05297481166242,0.35
JOR,2009,11.1292746718928,4.35261216637636,0.35
JOR,2010,10.9402829260062,4.42760385906511,0.35
JOR,2011,11.0364865219145,4.51878812005063,0.35
JOR,2012,11.6302231160132,4.64635808803497,0.35
JOR,2013,11.4539715853687,4.42436457381162,0.35
JPN,1992,,6.42786237526967,1
JPN,1993,,6.41774005088231,1
JPN,1994,,6.213739960964,1
JPN,1995,,6.33162256693944,1
JPN,1996,,6.49084288594666,1
JPN,1997,,6.17621027881041,1
JPN,1998,,5.44987898689764,1
JPN,1999,,5.99116819063216,1
JPN,2000,,6.68761714468033,1
JPN,2001,,5.97011619096367,1
JPN,2002,,5.91466323131521,1
JPN,2003,,6.01190300096388,1
JPN,2004,,6.06722384863029,1
JPN,2005,,6.5826720823193,1
JPN,2006,,6.65132837369921,1
JPN,2007,,6.79297517072005,1
JPN,2008,,6.92225697626507,1
JPN,2009,,6.21805236739491,1
JPN,2010,,6.56787081549928,1
JPN,2011,,7.04309246518454,1
JPN,2012,,7.10901446062404,1
JPN,2013,,7.04377671297882,1
KAZ,1992,6.31247338929874,11.2378296990278,0.35
KAZ,1993,6.55150478408402,11.1266208179464,0.35
KAZ,1994,7.48236027329546,11.0122127624203,0.35
KAZ,1995,7.51500159250683,11.1702915057683,0.2
KAZ,1996,8.65784740275939,11.6114851648246,0.2
KAZ,1997,8.68155396229367,11.5019341031537,0.2
KAZ,1998,9.34517839156672,10.3691155321888,0.2
KAZ,1999,9.08407743066093,11.6664216567313,0.2
KAZ,2000,9.25829411446689,12.5827887388712,0.2
KAZ,2001,8.99448276076971,12.3885478188384,0.2
KAZ,2002,9.21058871234007,12.5902587591996,0.2
KAZ,2003,9.60227314078388,12.8296689812923,0.2
KAZ,2004,9.48300693830177,13.2719388892178,0.2
KAZ,2005,9.16515150780524,13.6881979518568,0.2
KAZ,2006,8.74438107112494,13.8769570013341,0.2
KAZ,2007,9.3452138677491,14.0038402067691,0.2
KAZ,2008,9.56514615487371,14.4379004040383,0.2
KAZ,2009,9.27390967877434,13.8869813398338,0.2
KAZ,2010,8.69818717911004,14.0506758064966,0.2
KAZ,2011,7.07124081603629,14.5437959586838,0.2
KAZ,2012,7.63373013066189,14.4769371548553,0.2
KAZ,2013,6.41421410476667,14.419687874652,0.2
KEN,1992,9.967690035034,0,0.25
KEN,1993,9.74036637261061,0,0.25
KEN,1994,9.65392146168518,0,0.25
KEN,1995,9.76255220221694,0,0.25
KEN,1996,9.46207828975861,0,0.25
KEN,1997,9.28601229986533,0,0.7
KEN,1998,9.165737841388,0,0.7
KEN,1999,9.05230529171881,0,0.7
KEN,2000,9.16382148199291,0,0.7
KEN,2001,9.05275292845283,0,0.7
KEN,2002,9.08719859157902,0,0.9
KEN,2003,9.16032101920839,0,0.9
KEN,2004,9.51502882058642,0,0.9
KEN,2005,9.5875268226079,0,0.9
KEN,2006,9.95431791581412,0,0.9
KEN,2007,9.98718461707566,0,0.85
KEN,2008,10.1003652248443,0,0.85
KEN,2009,10.3193202647798,0,0.85
KEN,2010,10.2331470144037,5.20734875827682,0.9
KEN,2011,10.5070448005012,5.75835127443945,0.9
KEN,2012,10.5459458855659,5.69601806207663,0.9
KEN,2013,10.711488868095,5.8475649723972,0.95
KGZ,1992,6.63413734103538,7.22595808741372,0.35
KGZ,1993,9.63990854121563,7.05448889925852,0.35
KGZ,1994,9.86675446509513,6.73981886336049,0.35
KGZ,1995,9.96405968030628,7.04681409714719,0.35
KGZ,1996,9.97553897698491,7.36708739891926,0.35
KGZ,1997,9.28460363798393,7.30028694434368,0.35
KGZ,1998,9.72707658182722,5.7605997701358,0.35
KGZ,1999,10.1873422951937,6.79640426014796,0.35
KGZ,2000,9.839935115529,7.83124122746674,0.35
KGZ,2001,9.57940982262478,7.50648912110399,0.35
KGZ,2002,9.85956619302365,7.26947946347092,0.35
KGZ,2003,10.0223329354784,7.32485085734366,0.35
KGZ,2004,9.99157173435572,7.63014937108137,0.35
KGZ,2005,10.1023919680343,8.36477529095405,0.65
KGZ,2006,10.0885541704907,8.49687794961119,0.7
KGZ,2007,10.0373098822984,7.89734314889139,0.65
KGZ,2008,10.2262411295593,8.30838661991629,0.65
KGZ,2009,10.1664558678056,7.64626111582945,0.55
KGZ,2010,10.2911357617335,7.85519422599014,0.7
KGZ,2011,10.3669611899856,8.37138101539649,0.85
KGZ,2012,10.1088791765158,8.34146424605706,0.85
KGZ,2013,10.2113368142071,8.27347056716461,0.85
KHM,1992,9.37286011646036,,0.45
KHM,1993,10.0351525547112,0,0.55
KHM,1994,9.88285216513905,0,0.55
KHM,1995,10.4359082908223,0,0.55
KHM,1996,10.0603768862457,0,0.55
KHM,1997,9.89812330323458,0,0.15
KHM,1998,9.86013613849325,0,0.6
KHM,1999,9.52134569535504,0,0.6
KHM,2000,9.90110049119014,0,0.6
KHM,2001,9.95282113251632,0,0.6
KHM,2002,10.0426821900765,0,0.6
KHM,2003,10.1379645682852,0,0.6
KHM,2004,10.0981579314358,0,0.6
KHM,2005,10.2077037040026,0,0.6
KHM,2006,10.1869160413027,0,0.6
KHM,2007,10.3956117926953,0,0.6
KHM,2008,10.3961205995509,0,0.6
KHM,2009,10.4162248219121,,0.6
KHM,2010,10.4818595586603,0,0.6
KHM,2011,10.4255627357405,0,0.6
KHM,2012,10.6446142611175,0,0.6
KHM,2013,10.4693140635751,0,0.6
KIR,1992,12.5544609022761,0,
KIR,1993,11.8675632506082,0,
KIR,1994,11.9613536129778,0,
KIR,1995,11.8570464789664,0,
KIR,1996,11.8409646003498,0,
KIR,1997,12.0383036140232,0,
KIR,1998,12.1501761382646,0,
KIR,1999,12.3216463300788,0,
KIR,2000,12.0251892523721,0,
KIR,2001,11.6538000679057,0,
KIR,2002,12.2199195965812,0,
KIR,2003,11.822149323205,0,
KIR,2004,11.5608401364197,0,
KIR,2005,12.2917106039319,0,
KIR,2006,12.1887615884653,0,
KIR,2007,12.3122407210018,0,
KIR,2008,12.1712037355776,0,
KIR,2009,12.2598613043563,0,
KIR,2010,12.1832439768258,0,
KIR,2011,13.1904267954294,0,
KIR,2012,13.2028928465732,0,
KIR,2013,12.9778488765062,0,
KNA,1992,11.4386487637827,0,
KNA,1993,10.5343349417053,0,
KNA,1994,11.4694933510729,0,
KNA,1995,10.6182548776324,0,
KNA,1996,11.031750826203,0,
KNA,1997,9.74335975557525,0,
KNA,1998,10.3165784025141,0,
KNA,1999,8.81393013228873,0,
KNA,2000,7.88346554708497,0,
KNA,2001,10.2232263965425,0,
KNA,2002,11.8238117818358,0,
KNA,2003,-8.71024960024877,0,
KNA,2004,-7.77319071890834,0,
KNA,2005,10.5427541960655,0,
KNA,2006,11.2527406485342,0,
KNA,2007,11.2718423103009,0,
KNA,2008,13.474438574745,0,
KNA,2009,10.4309153120201,0,
KNA,2010,8.07183720481677,0,
KNA,2011,10.386532614972,0,
KNA,2012,11.1371577733998,0,
KNA,2013,9.68952103300644,0,
KOR,1992,4.26192065133565,0,0.8
KOR,1993,-6.66888995055041,0,0.8
KOR,1994,-7.78242983600945,0,0.8
KOR,1995,7.20126004892211,0,0.8
KOR,1996,-8.09475835241608,0,0.8
KOR,1997,-8.14490574145391,6.36927803616697,0.8
KOR,1998,-6.9668919335559,5.89894296622125,0.9
KOR,1999,-7.05119337250308,6.60774467947905,0.9
KOR,2000,,7.68520458358564,0.9
KOR,2001,,7.24697109458918,0.9
KOR,2002,,7.17565887447591,0.9
KOR,2003,,7.21354077517478,0.9
KOR,2004,,7.48598358908495,0.9
KOR,2005,,8.03320473311378,0.9
KOR,2006,,8.34709238640507,0.9
KOR,2007,,8.51145779030158,0.9
KOR,2008,,8.89554090998639,0.9
KOR,2009,,8.47163616003181,0.9
KOR,2010,,9.26435489149183,0.9
KOR,2011,,9.65629762620953,0.9
KOR,2012,,9.62504887858634,0.9
KOR,2013,,9.48243374931956,0.9
KWT,1992,6.86186965248996,15.0443501405202,0.15
KWT,1993,6.87710226626839,15.5448783933673,0.15
KWT,1994,6.94739701740698,15.5139064964134,0.15
KWT,1995,7.14027023642448,15.5831912296232,0.15
KWT,1996,,15.8041061936011,0.15
KWT,1997,,15.6900959891707,0.15
KWT,1998,,15.1837641306178,0.15
KWT,1999,,15.4965794158454,0.15
KWT,2000,,16.0880473875269,0.15
KWT,2001,,15.8218203946326,0.15
KWT,2002,,15.7451190765037,0.15
KWT,2003,,16.0165838783339,0.15
KWT,2004,,16.3575171391887,0.15
KWT,2005,,16.7735050689092,0.15
KWT,2006,,16.9028977151418,0.15
KWT,2007,,16.9070696817678,0.15
KWT,2008,,17.1964959279368,0.15
KWT,2009,,16.5053118621174,0.15
KWT,2010,,16.754493804567,0.15
KWT,2011,,17.1723998034821,0.15
KWT,2012,,17.2148348540079,0.15
KWT,2013,,17.1327862544261,0.15
LAO,1992,9.73281536156245,0,0.15
LAO,1993,9.88738749991479,0,0.15
LAO,1994,10.1556842300775,0,0.15
LAO,1995,10.4488928658963,0,0.15
LAO,1996,10.2857937283253,0,0.15
LAO,1997,10.3777933375392,0,0.15
LAO,1998,10.3622985311023,0,0.15
LAO,1999,10.5838396447576,0,0.15
LAO,2000,10.4919480736304,0,0.15
LAO,2001,10.2213138934957,0,0.15
LAO,2002,10.3729182635886,0,0.15
LAO,2003,10.4215223568547,0,0.15
LAO,2004,10.345336831563,0,0.15
LAO,2005,10.2693344159951,0,0.15
LAO,2006,10.4268746287036,0,0.15
LAO,2007,10.5859967620063,0,0.15
LAO,2008,10.5088422208751,0,0.15
LAO,2009,10.643734649813,0,0.15
LAO,2010,10.7184008769348,0,0.15
LAO,2011,10.6456458542604,0,0.15
LAO,2012,10.6830202630313,0,0.15
LAO,2013,10.6121727842216,0,0.15
LBN,1992,9.70855910357972,0,
LBN,1993,9.58270576647397,0,
LBN,1994,9.84264635252395,0,
LBN,1995,9.57759911721148,0,
LBN,1996,10.0216170955616,0,
LBN,1997,9.77518635533423,0,
LBN,1998,9.81552816479277,0,
LBN,1999,9.84666252030843,0,
LBN,2000,9.98397751214562,0,
LBN,2001,10.0689936848734,0,
LBN,2002,10.0427026069156,0,
LBN,2003,10.1785305484776,0,
LBN,2004,10.2491947681053,0,
LBN,2005,10.2326991592258,0,0.8
LBN,2006,11.317042112035,0,0.8
LBN,2007,11.4832223318026,0,0.8
LBN,2008,11.9335988885669,0,0.8
LBN,2009,11.2640701031816,0,0.8
LBN,2010,10.8639004889556,0,0.8
LBN,2011,10.853709634659,0,0.8
LBN,2012,11.5342989176568,0,0.8
LBN,2013,10.9694176955608,0,0.8
LBR,1992,9.441033204797,,0.5
LBR,1993,9.34639167540973,,0.5
LBR,1994,9.7107868542508,,0.5
LBR,1995,9.57197718349111,,0.5
LBR,1996,10.8269894766242,,0.5
LBR,1997,9.45966303559596,,0.5
LBR,1998,9.36901425448033,,0.5
LBR,1999,9.66911493498492,,0.5
LBR,2000,9.00488338301962,0,0.5
LBR,2001,8.55342839467479,0,0.5
LBR,2002,9.07213593648729,0,0.5
LBR,2003,10.0231729027502,0,0.55
LBR,2004,10.8524275153826,0,0.65
LBR,2005,10.6837086590702,0,0.75
LBR,2006,10.8925981532218,0,0.8
LBR,2007,11.0441335962516,0,0.8
LBR,2008,12.306843794593,0,0.8
LBR,2009,11.3693997785422,0,0.8
LBR,2010,12.0564450647785,0,0.8
LBR,2011,11.7189555832927,0,0.8
LBR,2012,11.2433903781189,0,0.8
LBR,2013,11.1730075685493,0,0.8
LBY,1992,5.76137918446047,14.30651568874,0.15
LBY,1993,6.02854290152169,14.181820738277,0.15
LBY,1994,5.93054623775774,14.0766580938837,0.15
LBY,1995,6.4911246484338,14.1475331374617,0.15
LBY,1996,6.08245200936723,14.3665977339874,0.15
LBY,1997,5.9194345288255,14.283344412219,0.15
LBY,1998,6.59369099953263,13.7579385737497,0.15
LBY,1999,6.48971420887053,14.1215771530363,0.15
LBY,2000,,14.7004662768533,0.15
LBY,2001,,14.4370219565355,0.15
LBY,2002,,14.4027398791734,0.15
LBY,2003,,14.6202846326775,0.15
LBY,2004,,14.9671168428243,0.15
LBY,2005,7.96924401229701,15.4107949308766,0.15
LBY,2006,8.63102336402167,15.6275172154168,0.15
LBY,2007,7.84576989651788,15.7144917900208,0.15
LBY,2008,9.03443212488515,16.0142302261583,0.15
LBY,2009,8.53503110210155,15.3772592254253,0.15
LBY,2010,7.89312919442907,15.6601093410595,0.15
LBY,2011,11.1999247735504,14.830337164711,0.5
LBY,2012,9.72733574540829,15.9708269690764,0.5
LBY,2013,9.34752092936623,15.515534528799,0.5
LCA,1992,11.571110407858,0,
LCA,1993,11.7777360387457,0,
LCA,1994,11.8666556512199,0,
LCA,1995,11.3608669203736,0,
LCA,1996,11.1898315643797,0,
LCA,1997,11.086485994881,0,
LCA,1998,7.88295055683981,0,
LCA,1999,11.0587529454331,0,
LCA,2000,10.7133578515901,0,
LCA,2001,8.46463055893199,0,
LCA,2002,11.2693824832116,0,
LCA,2003,10.29263857355,0,
LCA,2004,-11.8792478249104,0,
LCA,2005,10.5939362404966,0,
LCA,2006,9.59174709363498,0,
LCA,2007,10.7185234243064,0,
LCA,2008,-7.54784168627976,0,
LCA,2009,10.5781283334245,0,
LCA,2010,9.04607827590227,0,
LCA,2011,9.64756443525936,0,
LCA,2012,8.98681765520025,0,
LCA,2013,9.25351091166237,0,
LIE,1992,,,
LIE,1993,,,
LIE,1994,,,
LIE,1995,,,
LIE,1996,,,
LIE,1997,,,
LIE,1998,,,
LIE,1999,,,
LIE,2000,,,
LIE,2001,,,
LIE,2002,,,
LIE,2003,,,
LIE,2004,,,
LIE,2005,,,
LIE,2006,,,
LIE,2007,,,
LIE,2008,,,
LIE,2009,,,
LIE,2010,,,
LIE,2011,,,
LIE,2012,,,
LIE,2013,,,
LKA,1992,9.61675082936472,0,0.75
LKA,1993,9.84370241560594,0,0.75
LKA,1994,9.8908816859316,0,0.75
LKA,1995,9.97265225573422,0,0.75
LKA,1996,9.66062994544595,0,0.75
LKA,1997,9.44163008204378,0,0.75
LKA,1998,9.68521404603392,0,0.75
LKA,1999,9.35461117535219,0,0.75
LKA,2000,9.47122669227988,0,0.75
LKA,2001,9.60528855827719,0,0.8
LKA,2002,9.21799706359136,0,0.8
LKA,2003,9.577410209757,0,0.75
LKA,2004,9.74849770045926,0,0.75
LKA,2005,10.6581527458679,0,0.75
LKA,2006,10.1291437690702,0,0.8
LKA,2007,9.70563972846735,0,0.8
LKA,2008,9.89424221898172,0,0.8
LKA,2009,9.80315944557711,0,0.75
LKA,2010,9.83235736195919,0,0.65
LKA,2011,9.82011765134129,0,0.65
LKA,2012,9.73119665521602,0,0.65
LKA,2013,9.49087008114586,0,0.65
LSO,1992,10.5166619012642,0,0.3
LSO,1993,10.5683730596973,0,0.75
LSO,1994,10.071593320135,0,0.75
LSO,1995,10.3637712147311,0,0.75
LSO,1996,10.1266619775191,0,0.75
LSO,1997,10.0199074219569,0,0.75
LSO,1998,9.69719326647937,0,0.8
LSO,1999,9.45878288769293,0,0.8
LSO,2000,9.2928190192132,0,0.8
LSO,2001,9.59830075839797,0,0.8
LSO,2002,9.61016832161974,0,0.9
LSO,2003,9.71685462816843,0,0.9
LSO,2004,9.78740609035901,0,0.9
LSO,2005,9.92427363107014,0,0.9
LSO,2006,9.89239018769155,0,0.9
LSO,2007,10.3707255995755,0,0.9
LSO,2008,10.4207090195013,0,0.9
LSO,2009,10.4829690022507,0,0.9
LSO,2010,10.7577770971323,0,0.9
LSO,2011,11.1726521854614,0,0.9
LSO,2012,11.2213392740225,0,0.9
LSO,2013,11.4110529039275,0,0.9
LTU,1992,,,1
LTU,1993,,,1
LTU,1994,,,1
LTU,1995,,7.59035043946145,1
LTU,1996,,8.13104487799773,1
LTU,1997,,8.25482638970626,1
LTU,1998,,7.35578147893802,1
LTU,1999,,8.26941802737723,1
LTU,2000,,9.35578914880146,1
LTU,2001,,9.4422861174063,1
LTU,2002,,9.4232412622283,1
LTU,2003,,9.47380753715566,1
LTU,2004,,9.57259864131592,1
LTU,2005,,9.65754120234165,1
LTU,2006,,9.62176524385938,1
LTU,2007,,9.52250073304623,1
LTU,2008,,9.79849896474223,1
LTU,2009,,9.0461159949785,1
LTU,2010,,9.15995049015891,1
LTU,2011,,9.67533416845865,1
LTU,2012,,9.54165005006112,1
LTU,2013,,9.35546624672156,1
LUX,1992,,0,1
LUX,1993,,0,1
LUX,1994,,0,1
LUX,1995,,0,1
LUX,1996,,0,1
LUX,1997,,0,1
LUX,1998,,0,1
LUX,1999,,0,1
LUX,2000,,0,1
LUX,2001,,0,1
LUX,2002,,0,1
LUX,2003,,0,1
LUX,2004,,0,1
LUX,2005,,0,1
LUX,2006,,0,1
LUX,2007,,0,1
LUX,2008,,0,1
LUX,2009,,0,1
LUX,2010,,0,1
LUX,2011,,0,1
LUX,2012,,0,1
LUX,2013,,0,1
LVA,1992,,,0.9
LVA,1993,,,0.9
LVA,1994,,,0.9
LVA,1995,,0,0.9
LVA,1996,,0,0.9
LVA,1997,,0,0.9
LVA,1998,,0,0.9
LVA,1999,,0,0.9
LVA,2000,,0,0.9
LVA,2001,,0,0.9
LVA,2002,,0,0.9
LVA,2003,,0,0.9
LVA,2004,,6.45274244429631,0.9
LVA,2005,,7.26153337988071,0.9
LVA,2006,,7.40220630661894,0.9
LVA,2007,,8.0213068438529,0.9
LVA,2008,,9.01721395921731,0.9
LVA,2009,,8.72245037077542,0.9
LVA,2010,,8.87361137506141,0.9
LVA,2011,,9.41584871925966,0.9
LVA,2012,,9.81750649302094,0.9
LVA,2013,,9.4712791256233,0.9
MAR,1992,10.2787420224262,3.88179298371006,0.15
MAR,1993,9.70963563886653,3.72307887616816,0.15
MAR,1994,9.41188603707522,3.39547326915997,0.15
MAR,1995,9.48631763051362,3.00626152052439,0.15
MAR,1996,9.58971772271194,3.20610236603831,0.15
MAR,1997,8.97671760863829,3.94749133852525,0.15
MAR,1998,9.11396126995283,3.57701207411607,0.2
MAR,1999,9.38457726837024,3.8980157259788,0.2
MAR,2000,9.2414249969435,4.56053397178622,0.2
MAR,2001,9.38281855977018,4.0892518313495,0.2
MAR,2002,8.91478733100355,4.35598098881374,0.2
MAR,2003,9.3394250911929,4.23875527119926,0.2
MAR,2004,9.49009468552148,4.59261746351219,0.2
MAR,2005,9.15969869811047,4.51287817454645,0.2
MAR,2006,9.82530461088167,5.03084165909321,0.2
MAR,2007,9.91487269601061,5.19187982332385,0.2
MAR,2008,9.87513048398282,5.28434957953578,0.2
MAR,2009,9.99907429563686,4.63130425740537,0.2
MAR,2010,9.8185301491911,5.12860319846665,0.2
MAR,2011,10.157538580584,5.48483971616769,0.3
MAR,2012,10.1854309959525,5.12522353529601,0.3
MAR,2013,10.4297856516014,5.20451578669913,0.3
MCO,1992,,,
MCO,1993,,,
MCO,1994,,,
MCO,1995,,,
MCO,1996,,,
MCO,1997,,,
MCO,1998,,,
MCO,1999,,,
MCO,2000,,,
MCO,2001,,,
MCO,2002,,,
MCO,2003,,,
MCO,2004,,,
MCO,2005,,,
MCO,2006,,,
MCO,2007,,,
MCO,2008,,,
MCO,2009,,,
MCO,2010,,,
MCO,2011,,,
MCO,2012,,,
MCO,2013,,,
MDA,1992,,,0.75
MDA,1993,,,0.75
MDA,1994,,,0.85
MDA,1995,,4.77819056699782,0.85
MDA,1996,,5.06516141786342,0.85
MDA,1997,8.50767191638962,4.77175493057273,0.85
MDA,1998,8.91895988502752,3.56814954421887,0.85
MDA,1999,9.77301364175621,4.59434266676691,0.85
MDA,2000,9.95949535397638,5.32134208349387,0.85
MDA,2001,10.2182485035005,4.96097533314719,0.9
MDA,2002,10.3164962638589,4.95235147761125,0.9
MDA,2003,10.2531989291104,5.06511992261882,0.9
MDA,2004,10.208698176465,5.31203674117893,0.9
MDA,2005,10.2991357919232,5.96525318400311,0.95
MDA,2006,10.308650297081,5.86850438679439,0.95
MDA,2007,10.4406098997059,6.67986198404185,0.95
MDA,2008,10.6452745247788,7.69681044248819,0.95
MDA,2009,10.46748542267,7.2056858155523,0.95
MDA,2010,10.4383487780776,6.90813892367413,0.95
MDA,2011,10.5331829843449,7.56882370310702,0.95
MDA,2012,10.6940768876579,7.3681319616457,0.95
MDA,2013,10.9205870104735,7.18979991198782,0.95
MDG,1992,9.7313088500644,0,0.95
MDG,1993,9.75657281132547,0,0.95
MDG,1994,9.54392121448436,0,0.95
MDG,1995,9.53831884616915,0,0.95
MDG,1996,9.67053226449154,0,0.95
MDG,1997,10.5086437510409,0,0.95
MDG,1998,9.97780058488022,0,0.85
MDG,1999,9.39505444962292,0,0.85
MDG,2000,9.03576551390973,0,0.85
MDG,2001,9.05646646120517,0,0.85
MDG,2002,8.87936550237087,0,0.85
MDG,2003,9.42953585511259,0,0.85
MDG,2004,10.513275661782,0,0.85
MDG,2005,10.1648813171486,0,0.85
MDG,2006,9.49050963194487,0,0.85
MDG,2007,9.85386941541881,0,0.85
MDG,2008,9.48200285886812,0,0.85
MDG,2009,9.32508525012002,0,0.5
MDG,2010,9.18638379741891,0,0.5
MDG,2011,9.1986601946839,0,0.65
MDG,2012,8.97088956609752,0,0.65
MDG,2013,9.14398409443171,0,0.65
MDV,1992,11.0496935081767,0,
MDV,1993,11.3044524481905,0,
MDV,1994,11.2299422267372,0,
MDV,1995,11.685864075979,0,
MDV,1996,11.0498246509963,0,
MDV,1997,11.0588465505088,0,
MDV,1998,11.0188797547639,0,
MDV,1999,11.4283038936858,0,
MDV,2000,10.758309366342,0,
MDV,2001,10.8801265144377,0,
MDV,2002,10.6980974826351,0,
MDV,2003,10.2960038701022,0,
MDV,2004,10.2964792878259,0,
MDV,2005,11.8470697391752,0,
MDV,2006,10.8435659167717,0,
MDV,2007,10.9297719277127,0,
MDV,2008,11.0265932107994,0,
MDV,2009,10.8803077179547,0,
MDV,2010,11.9626941301028,0,
MDV,2011,10.9418913614009,0,
MDV,2012,10.7395814382576,0,
MDV,2013,10.4693647455709,0,
MEX,1992,8.159585452202,11.7624985959071,0.5
MEX,1993,8.41841654270711,11.7583473997387,0.5
MEX,1994,8.39984282783026,11.6981145562919,0.7
MEX,1995,8.2988285271732,11.799908815939,0.7
MEX,1996,7.99569037135619,12.0663232518877,0.7
MEX,1997,6.85235453636306,11.9721720017989,0.8
MEX,1998,3.74299029134835,11.3575080034292,0.8
MEX,1999,5.42412638224621,11.8387875779657,0.8
MEX,2000,-6.54177763303119,12.4339295158844,0.9
MEX,2001,6.01297154800502,12.1562700597032,0.9
MEX,2002,6.81800408666123,12.2281518338115,0.9
MEX,2003,6.57598803655431,12.3709391388575,0.9
MEX,2004,6.64987908675089,12.6351486721511,0.9
MEX,2005,7.33020364367975,13.0187932753789,0.9
MEX,2006,7.5766484444188,13.1745971547292,0.9
MEX,2007,6.59648286522752,13.1517479624472,0.9
MEX,2008,6.86287689023666,13.3631048495669,0.9
MEX,2009,7.25842721528923,12.5756982992567,0.9
MEX,2010,8.21690889747928,12.8928333282377,0.9
MEX,2011,8.90159988157195,13.322961414815,0.9
MEX,2012,7.99648075909493,13.2715923238802,0.9
MEX,2013,8.53617719708163,13.1527421960729,0.9
MHL,1992,11.6555749843943,,
MHL,1993,13.3592375414624,,
MHL,1994,13.7691392905517,,
MHL,1995,13.4088860409815,,
MHL,1996,14.1655832142994,,
MHL,1997,13.8757981145677,,
MHL,1998,13.6501622192151,,
MHL,1999,13.9717259013683,,
MHL,2000,13.7419526802172,,
MHL,2001,14.0916250608757,,
MHL,2002,13.8901471333857,,
MHL,2003,13.8126219739581,,
MHL,2004,13.7698637631975,,
MHL,2005,13.888388456575,,
MHL,2006,13.8723001332372,,
MHL,2007,13.8045941135159,,
MHL,2008,13.786060410033,,
MHL,2009,13.9478598668751,,
MHL,2010,13.0431423178796,,
MHL,2011,14.2997273861336,,
MHL,2012,14.3279885013334,,
MHL,2013,14.3551782795592,,
MKD,1993,,0,0.8
MKD,1994,9.50713111331005,0,0.8
MKD,1995,9.45134953316263,0,0.8
MKD,1996,9.4798958634083,0,0.8
MKD,1997,9.63002504982875,0,0.8
MKD,1998,9.68226117897402,0,0.8
MKD,1999,11.1356580453253,0,0.8
MKD,2000,10.9132273790997,0,0.8
MKD,2001,11.2997539527963,0,0.8
MKD,2002,11.397325877316,0,0.95
MKD,2003,11.3991070502139,0,0.95
MKD,2004,11.2999420797241,0,0.95
MKD,2005,11.3240067502447,0,0.95
MKD,2006,11.0964907031877,0,0.95
MKD,2007,11.1302438572648,5.87926893084652,0.95
MKD,2008,11.2065387267839,4.67509002047024,0.95
MKD,2009,11.1422760397047,4.06891833143811,0.95
MKD,2010,10.8060904675266,5.58319427304253,0.95
MKD,2011,10.5741374483605,7.00237222770294,0.95
MKD,2012,10.6176461420468,7.06004186198704,0.95
MKD,2013,10.9270502078616,6.89384010787541,0.95
MLI,1992,10.1280998611775,0,0.7
MLI,1993,10.0284302912334,0,0.7
MLI,1994,10.1016984359327,0,0.7
MLI,1995,10.2400648551405,0,0.7
MLI,1996,10.2611023826264,0,0.7
MLI,1997,10.0902793196661,0,0.75
MLI,1998,9.98221984630375,0,0.75
MLI,1999,9.9589377400412,0,0.75
MLI,2000,10.1634199779056,0,0.75
MLI,2001,9.7713422434802,0,0.75
MLI,2002,9.94751239309629,0,0.75
MLI,2003,9.97329761739962,0,0.75
MLI,2004,10.127555323108,0,0.75
MLI,2005,10.2180680809545,0,0.85
MLI,2006,10.2578976727474,0,0.85
MLI,2007,10.5608182114525,0,0.85
MLI,2008,10.4804263089741,0,0.85
MLI,2009,10.5256013143088,0,0.85
MLI,2010,10.6679812820578,0,0.85
MLI,2011,10.7620171178448,0,0.85
MLI,2012,10.6734771823951,0,0.5
MLI,2013,10.6311183317403,0,0.75
MLT,1992,9.71023666369147,0,
MLT,1993,11.2723175562624,0,
MLT,1994,11.6639623763479,0,
MLT,1995,10.0682482643031,0,
MLT,1996,12.0663098725622,0,
MLT,1997,10.962257974156,0,
MLT,1998,11.0308035663622,0,
MLT,1999,11.026135274016,0,
MLT,2000,10.9045744166706,0,
MLT,2001,3.27500961955517,0,
MLT,2002,6.36621878662916,0,
MLT,2003,,0,
MLT,2004,,0,
MLT,2005,,7.4388005067302,
MLT,2006,,7.61162461042764,
MLT,2007,,7.00285784348288,
MLT,2008,,7.31262781466398,
MLT,2009,,6.78670747756479,
MLT,2010,,0,
MLT,2011,,0,
MLT,2012,,0,
MLT,2013,,0,
MMR,1992,7.61388566772381,7.43903013474413,0.25
MMR,1993,7.53462048839286,7.37517676966452,0.25
MMR,1994,8.17353872591331,7.23164763447304,0.25
MMR,1995,8.00962157235192,6.87663968761703,0.25
MMR,1996,6.97730609035728,6.92309920327105,0.25
MMR,1997,6.82017744739313,6.61361437124345,0.25
MMR,1998,6.8250387267424,6.56077955725217,0.25
MMR,1999,7.06653507818932,7.07310131793161,0.25
MMR,2000,7.32839878907502,7.86827236438749,0.25
MMR,2001,7.57974444227431,7.23421525069106,0.25
MMR,2002,7.5328972744698,7.59051647980401,0.25
MMR,2003,7.5657080475295,8.02902331319335,0.25
MMR,2004,7.49262563476816,8.27354037951579,0.2
MMR,2005,7.50054621966333,8.9047163166749,0.2
MMR,2006,7.65256845602352,9.180847024097,0.2
MMR,2007,7.90408462854534,9.17877455399772,0.2
MMR,2008,9.07680650436303,9.55955545573269,0.2
MMR,2009,8.48263852207717,8.60011237587701,0.2
MMR,2010,8.5342109200592,9.19697257680403,0.2
MMR,2011,8.63857757998861,9.41045546816656,0.35
MMR,2012,8.83359421214574,9.13560534072934,0.35
MMR,2013,11.1799262281006,8.97817616435473,0.35
MNE,2006,11.4999662002071,0,0.95
MNE,2007,11.4926376896455,0,0.95
MNE,2008,11.6054916096616,0,0.95
MNE,2009,11.2775182056239,0,0.95
MNE,2010,11.1738679460305,0,0.95
MNE,2011,10.7665906284131,0,0.95
MNE,2012,10.868757749376,0,0.95
MNE,2013,11.0283979423777,0,0.95
MNG,1992,10.3527039332067,0,0.95
MNG,1993,10.5478569628689,0,0.95
MNG,1994,10.8202572006311,0,0.95
MNG,1995,10.9897807098535,0,0.95
MNG,1996,11.0137732320589,0,1
MNG,1997,10.8851806061674,0,1
MNG,1998,11.0229932540709,4.48140893533202,1
MNG,1999,11.0043149062426,5.75166348956861,1
MNG,2000,11.067235185325,6.34460659450977,1
MNG,2001,10.9969673186428,6.10355299261375,1
MNG,2002,11.0788434596122,6.74564488922309,1
MNG,2003,11.0563079080579,7.14434977775833,1
MNG,2004,11.0199312969523,7.67538450620243,1
MNG,2005,10.885554231138,8.01862705117699,1
MNG,2006,10.8944680366248,8.80038811110871,1
MNG,2007,11.0158514230393,9.61235103900237,1
MNG,2008,11.1514209811651,10.278450806971,1
MNG,2009,11.2863550275335,10.0409125286829,1
MNG,2010,11.3151232740678,10.5924494042751,1
MNG,2011,11.4402208727677,11.1813894965706,1
MNG,2012,11.7455731922418,11.4317291115243,1
MNG,2013,11.7370523826611,11.681773222348,1
MOZ,1992,11.2114115367302,0,0.2
MOZ,1993,10.965722637295,0,0.2
MOZ,1994,10.7947942997996,0,0.75
MOZ,1995,10.6864083814812,0,0.75
MOZ,1996,10.4183018672061,0,0.75
MOZ,1997,10.510327228116,0,0.75
MOZ,1998,10.6243024354795,0,0.75
MOZ,1999,10.4187817927443,0,0.75
MOZ,2000,10.4476189936565,0,0.75
MOZ,2001,10.5694023023569,0,0.75
MOZ,2002,11.381372025254,0,0.75
MOZ,2003,10.491646990845,0,0.75
MOZ,2004,10.516871056775,5.75255354740169,0.75
MOZ,2005,10.5328956690395,6.92261005839373,0.75
MOZ,2006,10.7205691706994,7.42876970484669,0.75
MOZ,2007,10.847865699618,7.54376857725603,0.75
MOZ,2008,11.0291305585895,7.95541748640522,0.75
MOZ,2009,10.9609660200285,6.0576100724076,0.75
MOZ,2010,10.9794302296375,6.57304495772334,0.75
MOZ,2011,11.1779714641115,7.16419671836339,0.75
MOZ,2012,11.0057592914862,7.40400058648152,0.75
MOZ,2013,11.0903504261866,7.48907809944749,0.75
MRT,1992,10.9290497521894,0,0.2
MRT,1993,11.4090083091363,0,0.2
MRT,1994,10.9510667823802,0,0.2
MRT,1995,10.9079965595852,0,0.2
MRT,1996,10.6443991915031,0,0.2
MRT,1997,10.5990182661743,0,0.2
MRT,1998,10.1547798507558,0,0.2
MRT,1999,10.4612255739473,0,0.2
MRT,2000,10.3604022217013,0,0.2
MRT,2001,10.3219322977007,0,0.2
MRT,2002,10.8894462430082,0,0.2
MRT,2003,10.7915503808857,0,0.2
MRT,2004,10.2817792856413,0,0.2
MRT,2005,10.4870767693342,0,0.25
MRT,2006,10.3456903640438,11.9097584765055,0.35
MRT,2007,10.6716701416072,11.3330305985481,0.7
MRT,2008,10.6852782501954,11.4000871560889,0.25
MRT,2009,10.5243244292276,10.5497743893617,0.4
MRT,2010,10.3087997029566,10.605235308538,0.4
MRT,2011,10.5161198267643,10.8998664145232,0.4
MRT,2012,10.732171256441,10.6845444222884,0.4
MRT,2013,10.4198927209898,10.5233841832228,0.4
MUS,1992,10.3740377553321,0,1
MUS,1993,10.104769423019,0,1
MUS,1994,8.84738003686135,0,1
MUS,1995,9.19747822740282,0,1
MUS,1996,-6.68894229519918,0,1
MUS,1997,7.81720844472237,0,1
MUS,1998,9.75276081519098,0,1
MUS,1999,8.37768929447043,0,1
MUS,2000,9.25422534509163,0,1
MUS,2001,8.82424074319332,0,1
MUS,2002,7.98322934947355,0,1
MUS,2003,-9.58685635105747,0,1
MUS,2004,9.40008616638552,0,1
MUS,2005,9.77027169184973,0,1
MUS,2006,8.84005876056017,0,1
MUS,2007,10.467569105029,0,1
MUS,2008,9.46884344335072,0,1
MUS,2009,10.839932450399,0,1
MUS,2010,10.7476830321649,8.90253088681839,1
MUS,2011,11.4141517647735,9.229428610469,1
MUS,2012,11.1385720983008,9.07856843741479,1
MUS,2013,10.8451100320068,8.92299688358714,1
MWI,1992,9.93303441730995,0,0.05
MWI,1993,9.64443308876033,0,0.2
MWI,1994,10.1163384247258,0,0.8
MWI,1995,9.98843342724715,0,0.8
MWI,1996,10.1464281937346,0,0.8
MWI,1997,9.71379168220856,0,0.8
MWI,1998,9.84733594968024,0,0.8
MWI,1999,9.93684555837796,0,0.8
MWI,2000,10.0810430763277,5.20481171067484,0.8
MWI,2001,9.73056164183968,4.86801989824605,0.7
MWI,2002,9.85583590010621,4.89795496647689,0.7
MWI,2003,10.1474056195276,4.8899440924258,0.75
MWI,2004,10.1206747926947,5.21653353373011,0.8
MWI,2005,10.1473253036036,5.65217947573812,0.8
MWI,2006,10.3239227657485,5.80212090713261,0.8
MWI,2007,10.3036926822705,5.927085741304,0.8
MWI,2008,10.3508752074744,6.22729583987452,0.8
MWI,2009,10.3250328729452,5.45958288752532,0.8
MWI,2010,10.4492068505168,6.33434276492853,0.8
MWI,2011,10.2860135822963,6.75706277408222,0.8
MWI,2012,10.6143522948255,6.69197932531983,0.8
MWI,2013,10.5960367282781,6.55332583859634,0.8
MYS,1992,9.24582368339785,11.9506963232457,0.7
MYS,1993,8.43048791016063,11.8844140670996,0.7
MYS,1994,8.09481017959018,11.7175340437043,0.7
MYS,1995,8.56799271460778,11.8376384328518,0.7
MYS,1996,-9.99100408976187,12.0575883211191,0.65
MYS,1997,-9.34072778728697,11.8815922831246,0.65
MYS,1998,9.11029885377454,11.1081497286363,0.65
MYS,1999,8.74033935844225,11.597703601022,0.65
MYS,2000,7.54786877476575,12.2273550395757,0.65
MYS,2001,6.97064081597184,11.9191024184474,0.65
MYS,2002,8.17529068182528,11.9751229589812,0.65
MYS,2003,8.34486710072078,12.1504023998583,0.65
MYS,2004,9.36280266848442,12.5323530192689,0.65
MYS,2005,6.57406980834576,12.8837525044546,0.65
MYS,2006,9.07676448109707,12.9767570880096,0.65
MYS,2007,8.87169493407883,12.954315882217,0.65
MYS,2008,8.59970877228492,13.2989796982734,0.8
MYS,2009,8.46106332469554,12.5516226310326,0.8
MYS,2010,-6.25030959157326,12.9299609699547,0.8
MYS,2011,6.72079213295205,13.2358193574997,0.8
MYS,2012,5.64486083107514,13.1603994803506,0.8
MYS,2013,-8.39111630869143,13.0513599467163,0.8
NAM,1992,11.1217285745324,0,0.8
NAM,1993,11.3086242325928,0,0.8
NAM,1994,11.196905568126,0,0.8
NAM,1995,11.4324701213889,0,0.8
NAM,1996,11.3260475055373,0,0.8
NAM,1997,11.20359623534,0,0.8
NAM,1998,11.2240565762829,0,0.8
NAM,1999,11.1081967829398,0,0.8
NAM,2000,10.8931167406904,0,0.8
NAM,2001,10.6513797580277,0,0.8
NAM,2002,10.7295092027943,0,0.8
NAM,2003,10.9724961434825,0,0.8
NAM,2004,11.0806094107216,0,0.8
NAM,2005,10.7306229151044,0,0.8
NAM,2006,10.9034112065917,0,0.8
NAM,2007,11.1891769803034,0,0.8
NAM,2008,11.2262384541907,0,0.8
NAM,2009,11.6946643810832,0,0.8
NAM,2010,11.5247099433273,0,0.8
NAM,2011,11.6060154220536,0,0.8
NAM,2012,11.3737539828089,0,0.8
NAM,2013,11.3934394725929,0,0.8
NER,1992,10.3003336820433,0,0.65
NER,1993,10.2377873240418,0,0.8
NER,1994,10.2343510097225,0,0.8
NER,1995,9.90296827022149,0,0.8
NER,1996,9.69701886293711,0,0.35
NER,1997,9.76852946412422,0,0.35
NER,1998,9.5087309546622,0,0.35
NER,1999,9.28832596196787,0,0.75
NER,2000,9.12632500611707,0,0.75
NER,2001,9.1625357982904,0,0.75
NER,2002,9.13485120001584,0,0.75
NER,2003,9.85797698500891,0,0.75
NER,2004,10.045309019644,0,0.8
NER,2005,9.8261317628184,0,0.8
NER,2006,9.71044722577782,0,0.8
NER,2007,9.66321341376275,0,0.8
NER,2008,9.77104118502231,0,0.8
NER,2009,9.68142982850589,0,0.35
NER,2010,10.0288629382224,0,0.65
NER,2011,9.76000015858495,8.430325942198,0.8
NER,2012,10.0511939277113,9.55431077195308,0.8
NER,2013,9.80580795627104,10.0586644196218,0.8
NGA,1992,7.2289744845389,11.389634386775,0.25
NGA,1993,6.65843872676457,11.9504566405647,0.15
NGA,1994,6.08585248948756,11.844293754185,0.15
NGA,1995,6.47958153913966,12.2415119480842,0.2
NGA,1996,6.01860477748466,12.5165678147288,0.2
NGA,1997,6.09016859416043,12.4296283467164,0.2
NGA,1998,5.63785119546143,11.7702970277277,0.45
NGA,1999,6.06930195730484,10.7912527566486,0.7
NGA,2000,6.50597912128889,11.7009332278525,0.7
NGA,2001,6.70414994815058,11.3655733658864,0.7
NGA,2002,7.37639200238428,11.2818658155554,0.7
NGA,2003,7.28024012252261,11.435238365511,0.7
NGA,2004,7.70785985202126,11.8406082391059,0.7
NGA,2005,10.6188835497382,12.2754303423484,0.7
NGA,2006,11.1924886885017,12.3801033026111,0.7
NGA,2007,9.10941245258531,12.4338758465494,0.7
NGA,2008,8.30598287960933,12.72048892447,0.7
NGA,2009,8.35437195189422,11.9697790728095,0.7
NGA,2010,8.5326657519188,12.4929170370586,0.7
NGA,2011,8.51186143826627,12.8350262319756,0.7
NGA,2012,8.5331079045468,12.7504267938788,0.7
NGA,2013,8.74670761500733,12.5561520194126,0.7
NIC,1992,11.5949644515179,0,0.8
NIC,1993,11.0312364369085,0,0.8
NIC,1994,11.427720318307,0,0.8
NIC,1995,11.5713040020655,0,0.9
NIC,1996,11.9924619078613,0,0.9
NIC,1997,10.9068447948172,0,0.9
NIC,1998,11.1033912485203,0,0.9
NIC,1999,11.0872960983765,0,0.9
NIC,2000,11.0811124562633,0,0.9
NIC,2001,11.8531945066978,0,0.9
NIC,2002,10.9368802344118,0,0.9
NIC,2003,11.5230618826528,0,0.9
NIC,2004,11.9992814643741,0,0.9
NIC,2005,11.4674386639695,0,0.9
NIC,2006,11.190293688697,0,0.9
NIC,2007,11.4852247080376,0,0.95
NIC,2008,11.486867586023,8.21176149321962,0.95
NIC,2009,11.3385534996971,7.60352343271206,0.95
NIC,2010,11.1271069728083,5.95639449650906,0.95
NIC,2011,10.9561284689247,6.77190958062699,0.95
NIC,2012,10.6516264150819,6.71809069117926,0.95
NIC,2013,10.3083432448862,6.61187996514475,0.95
NLD,1992,,9.30031948510444,1
NLD,1993,,9.19387262298634,1
NLD,1994,,9.32609492463044,1
NLD,1995,,9.19789014363066,1
NLD,1996,,9.32889068336119,1
NLD,1997,,9.00564961831084,1
NLD,1998,,7.64252300802017,1
NLD,1999,,8.65822833509691,1
NLD,2000,,9.32747661684866,1
NLD,2001,,8.96018240918971,1
NLD,2002,,9.48737871128808,1
NLD,2003,,9.67745429257968,1
NLD,2004,,9.8820703717701,1
NLD,2005,,9.92968450710822,1
NLD,2006,,9.9712979596996,1
NLD,2007,,10.4983038828184,1
NLD,2008,,10.7072028188507,1
NLD,2009,,9.80934555236641,1
NLD,2010,,9.68502414568058,1
NLD,2011,,10.2422535744237,1
NLD,2012,,10.221058370431,1
NLD,2013,,10.1556331886478,1
NOR,1992,,14.1827553156452,1
NOR,1993,,14.2018587304283,1
NOR,1994,,14.1994167027976,1
NOR,1995,,14.3778298434515,1
NOR,1996,,14.8278502185948,1
NOR,1997,,14.5846602255394,1
NOR,1998,,13.3676494548478,1
NOR,1999,,14.4580500890766,1
NOR,2000,,15.300466226534,1
NOR,2001,,14.9827668318087,1
NOR,2002,,14.9920507704553,1
NOR,2003,,15.1201314251037,1
NOR,2004,,15.3900936708841,1
NOR,2005,,15.6802873309737,1
NOR,2006,,15.7389234771175,1
NOR,2007,,15.7361824950195,1
NOR,2008,,16.0800861380485,1
NOR,2009,,15.3872342631046,1
NOR,2010,,15.4155049118869,1
NOR,2011,,15.8431491201756,1
NOR,2012,,15.7037691928472,1
NOR,2013,,15.5640977444537,1
NPL,1992,9.50130863009506,0,0.75
NPL,1993,9.36351658674061,0,0.75
NPL,1994,9.4278439333009,0,0.75
NPL,1995,9.39246328195406,0,0.75
NPL,1996,9.25296890662801,0,0.75
NPL,1997,9.2202337464402,0,0.75
NPL,1998,9.11974650857137,0,0.75
NPL,1999,9.07300553006966,0,0.8
NPL,2000,9.16081534800565,0,0.8
NPL,2001,9.29646435069622,0,0.8
NPL,2002,9.31617053994273,0,0.2
NPL,2003,9.43608467755369,0,0.2
NPL,2004,9.41798292137462,0,0.2
NPL,2005,9.48803391142885,0,0.2
NPL,2006,9.44402466299399,0,0.8
NPL,2007,9.57467885069605,0,0.8
NPL,2008,9.69031265576855,0,0.8
NPL,2009,9.82992455972848,0,0.8
NPL,2010,9.76327364426062,0,0.8
NPL,2011,9.79327382103374,0,0.8
NPL,2012,9.8433899967051,0,0.8
NPL,2013,9.79947054637861,0,0.8
NRU,1992,10.0837530645429,,
NRU,1993,10.0757028690591,,
NRU,1994,12.3913206553687,,
NRU,1995,12.303040514687,,
NRU,1996,12.5697967932243,,
NRU,1997,12.448932365525,,
NRU,1998,12.2062737421945,,
NRU,1999,13.3631202427872,,
NRU,2000,12.8598049985825,,
NRU,2001,13.4643218948862,,
NRU,2002,13.9660565466912,,
NRU,2003,14.2802569571153,,
NRU,2004,14.1170139257403,,
NRU,2005,13.7074828790512,,
NRU,2006,14.3579234989015,,
NRU,2007,14.7357857572628,,
NRU,2008,14.8803559925451,,
NRU,2009,14.6257309916381,,
NRU,2010,14.7929240232527,,
NRU,2011,15.1232385820749,,
NRU,2012,14.8054782001716,,
NRU,2013,14.7734258564331,0,
NZL,1992,,10.7833366224452,1
NZL,1993,,10.8009563055266,1
NZL,1994,,10.5755199228736,1
NZL,1995,,10.4997662672384,1
NZL,1996,,11.0043797639866,1
NZL,1997,,11.1151569055373,1
NZL,1998,,10.1243643882261,1
NZL,1999,,10.5853658271724,1
NZL,2000,,11.1695647906484,1
NZL,2001,,10.7429255276135,1
NZL,2002,,10.8454083399311,1
NZL,2003,,10.6892073414925,1
NZL,2004,,10.890286920773,1
NZL,2005,,11.2538945846776,1
NZL,2006,,11.21516620065,1
NZL,2007,,12.0107682287619,1
NZL,2008,,12.7109272383712,1
NZL,2009,,11.9450108845806,1
NZL,2010,,12.315640066336,1
NZL,2011,,12.6080866369405,1
NZL,2012,,12.4025559338841,1
NZL,2013,,12.1798743516902,1
OMN,1992,9.20462602659061,14.6582449057871,0.05
OMN,1993,9.48669391121094,14.6105531531693,0.05
OMN,1994,10.5482746971379,14.5245746833326,0.05
OMN,1995,8.63364657823454,14.6438393681997,0.05
OMN,1996,8.89031863488764,14.887281168659,0.05
OMN,1997,9.13326821861999,14.7854206041937,0.05
OMN,1998,9.09492171829026,14.3024378142415,0.05
OMN,1999,8.26940399143549,14.7177598356598,0.05
OMN,2000,8.30318323136044,15.2829472346672,0.05
OMN,2001,8.17360975533282,15.0647631947785,0.05
OMN,2002,-4.8951552217049,15.0116911961089,0.1
OMN,2003,8.40193926058295,15.0645609404495,0.1
OMN,2004,6.76859384303319,15.2839194273601,0.1
OMN,2005,7.32205910694297,15.6374951905824,0.1
OMN,2006,-8.65643242335932,15.7469832235159,0.1
OMN,2007,8.23204135448356,15.7760812545768,0.1
OMN,2008,7.31647237830781,16.1256750649162,0.1
OMN,2009,8.04756201343862,15.6564992004145,0.1
OMN,2010,7.92982228885479,15.8536796293504,0.1
OMN,2011,,16.1357224044536,0.1
OMN,2012,,16.0402032958317,0.1
OMN,2013,,15.9487804861638,0.1
PAK,1992,8.24502336795993,7.7157715459156,0.9
PAK,1993,8.25886978142133,7.48927064191719,0.9
PAK,1994,8.26716805222559,7.39201466261126,0.9
PAK,1995,7.89311212637477,7.58363303762987,0.9
PAK,1996,7.80267514192996,7.77606329418702,0.9
PAK,1997,6.31653016493314,7.64537372935646,0.85
PAK,1998,8.20822487440985,6.90640913428252,0.85
PAK,1999,7.97100143053033,7.44828755902373,0.2
PAK,2000,8.02976079132396,8.21498662090419,0.2
PAK,2001,8.85360526090978,8.02281822848457,0.2
PAK,2002,8.36817283556356,8.10701559499672,0.25
PAK,2003,8.07604350499822,8.16483063484511,0.25
PAK,2004,7.71511858829769,8.53804635075248,0.25
PAK,2005,8.41826632997999,8.93096757445183,0.25
PAK,2006,8.76414932529696,8.98231967703072,0.25
PAK,2007,8.57798533327273,9.15423370782752,0.6
PAK,2008,8.48659122200624,9.35658345682849,0.75
PAK,2009,8.83240574835415,8.53038251902509,0.75
PAK,2010,9.40563570258752,8.88113216412281,0.8
PAK,2011,9.46412216946684,9.35264332396771,0.8
PAK,2012,8.94433130341932,9.45775857270026,0.8
PAK,2013,9.01164931658708,9.47223046763133,0.85
PAN,1992,11.2341177949515,0,0.9
PAN,1993,10.2517691897267,0,0.9
PAN,1994,9.36986965195431,0,0.95
PAN,1995,9.41975894537127,0,0.95
PAN,1996,9.75731456864228,0,0.95
PAN,1997,9.63771188772201,0,0.95
PAN,1998,8.95254843148496,0,0.95
PAN,1999,8.54813694942061,0,0.95
PAN,2000,8.79102148008347,0,0.95
PAN,2001,9.10306809805343,0,0.95
PAN,2002,8.9363287370358,0,0.95
PAN,2003,9.20168557168818,0,0.95
PAN,2004,8.97614025825555,0,0.95
PAN,2005,8.59432037690725,0,0.95
PAN,2006,8.67163512955855,0,0.95
PAN,2007,-10.5965171803178,0,0.95
PAN,2008,8.96072274331556,0,0.95
PAN,2009,9.70721905865986,0,0.95
PAN,2010,10.4139200633003,0,0.95
PAN,2011,10.101141216079,0,0.95
PAN,2012,9.26900183532789,0,0.95
PAN,2013,7.66337081409447,7.50966208607419,0.95
PER,1992,9.70955173069791,9.85697294893245,0.3
PER,1993,9.99669922945165,9.87364997346301,0.45
PER,1994,9.42099571851308,9.83616540463477,0.45
PER,1995,9.50649431554155,9.912512501349,0.45
PER,1996,9.32532195675467,10.1190235905272,0.45
PER,1997,9.57750143692659,9.94878441337351,0.45
PER,1998,9.60686655002842,9.29208164527408,0.45
PER,1999,9.64791847447089,9.7388984703622,0.45
PER,2000,9.5527298229489,10.2617183152027,0.7
PER,2001,9.66881215007077,9.91896190306213,0.95
PER,2002,9.74130829227385,9.9287815303142,0.95
PER,2003,9.69942206823861,10.0411106202272,0.95
PER,2004,9.67375375677908,10.1500577017037,0.95
PER,2005,9.54297108718235,10.4990667256226,0.95
PER,2006,9.50385312039375,10.7137160955746,0.95
PER,2007,9.00130494241323,10.749566722121,0.95
PER,2008,9.52066236698413,11.0620778306322,0.95
PER,2009,9.37140636407981,10.2813919118093,0.95
PER,2010,-9.41601489691571,10.6010351538262,0.95
PER,2011,9.84513186491735,11.0094949508739,0.95
PER,2012,9.31439695869573,10.9188046333572,0.95
PER,2013,9.21071131470346,10.7592583789054,0.95
PHL,1992,10.0572999238866,6.40042641554545,0.9
PHL,1993,9.88677478818419,6.3696571205791,0.9
PHL,1994,9.51979047233438,5.50002971400458,0.9
PHL,1995,9.29197755045437,4.99805862814749,0.9
PHL,1996,9.25839761253089,4.15757923534177,0.9
PHL,1997,8.93555978765996,3.87442524604621,0.9
PHL,1998,8.82154291235664,3.09524348972681,0.9
PHL,1999,8.96904621908287,3.7443448927789,0.9
PHL,2000,8.75529664845549,4.70340905558433,0.9
PHL,2001,8.73407078316686,4.95229905611004,0.9
PHL,2002,8.73404269054923,6.87567252290229,0.9
PHL,2003,8.99352040361172,6.93154285321207,0.9
PHL,2004,8.49399385091486,7.1934511384909,0.9
PHL,2005,8.70824809951104,7.8405770117965,0.9
PHL,2006,8.68031222163874,7.90264378011948,0.9
PHL,2007,8.68608428282825,8.00873603184513,0.9
PHL,2008,4.64459762767398,8.44386671080788,0.9
PHL,2009,7.86324771091904,7.98284066309231,0.9
PHL,2010,8.45408432080344,8.23368658113727,0.9
PHL,2011,-7.74528453982281,8.58951554639684,0.9
PHL,2012,-5.68251219231043,8.32808160424876,0.9
PHL,2013,7.62800827204017,8.20219717917412,0.9
PLW,1995,15.9243924448449,,
PLW,1996,15.0773121266358,,
PLW,1997,14.5614690209678,,
PLW,1998,15.3860906720029,,
PLW,1999,14.2356295617778,,
PLW,2000,14.5245393807054,,
PLW,2001,14.378193136508,,
PLW,2002,14.2795750445454,,
PLW,2003,14.070937546111,,
PLW,2004,13.7971811243193,,
PLW,2005,13.980751288156,,
PLW,2006,14.456916267286,,
PLW,2007,13.9367538752546,,
PLW,2008,14.57559731036,,
PLW,2009,14.411984199384,,
PLW,2010,14.226253386331,,
PLW,2011,14.1017818314422,,
PLW,2012,13.6719994306624,,
PLW,2013,14.4904748889153,,
PNG,1992,11.3374041213707,10.9441078968614,0.7
PNG,1993,11.0286748717896,11.7439117096757,0.7
PNG,1994,11.0298787456247,11.5060894942351,0.7
PNG,1995,11.0785803864609,11.3581637174737,0.7
PNG,1996,11.196190505803,11.613892034862,0.7
PNG,1997,10.9796697649854,11.0924538707997,0.7
PNG,1998,11.0093057082119,10.3679502523104,0.7
PNG,1999,10.5897035013769,11.0149565093648,0.7
PNG,2000,10.7961027532407,11.4746926156125,0.7
PNG,2001,10.469023595531,10.8976959480839,0.7
PNG,2002,10.4151188472178,10.6461421131043,0.7
PNG,2003,10.4824916191507,10.8050318418253,0.7
PNG,2004,10.5818880697907,11.0341305762809,0.7
PNG,2005,10.531484422349,11.5235929025741,0.7
PNG,2006,10.5112805130638,11.656333654719,0.7
PNG,2007,10.6306353626324,11.6183892203121,0.7
PNG,2008,10.5084093118616,11.839063873239,0.7
PNG,2009,10.6804459229733,11.048150690386,0.7
PNG,2010,10.9636328838248,11.3638338183076,0.7
PNG,2011,11.1700843742628,11.617460785322,0.7
PNG,2012,11.0970843815463,11.4505457289614,0.75
PNG,2013,11.0036171170588,11.3850202603778,0.75
POL,1992,,5.48646509828184,0.9
POL,1993,,5.87501662279404,0.9
POL,1994,,5.78619532433824,0.9
POL,1995,,6.02766732362182,0.95
POL,1996,,6.32288274423048,0.95
POL,1997,,6.1741249219654,0.95
POL,1998,,5.20614203529381,0.95
POL,1999,,6.50049358445096,0.95
POL,2000,,7.65185393364896,0.95
POL,2001,,7.5167583845689,0.95
POL,2002,,7.41970172460838,1
POL,2003,,7.65622976445927,1
POL,2004,,8.10652964165832,1
POL,2005,,8.4461306364299,1
POL,2006,,8.62738681506092,1
POL,2007,,8.58208537838448,1
POL,2008,,8.94859028474399,1
POL,2009,,8.21129864370035,1
POL,2010,,8.37910227307781,1
POL,2011,,8.80796865158501,1
POL,2012,,8.81495044411722,1
POL,2013,,9.13416742455189,1
PRK,1992,5.31237127990233,,0.05
PRK,1993,5.81243873102653,,0.05
PRK,1994,3.65092026434615,,0
PRK,1995,4.23313896761993,,0
PRK,1996,5.98539672662006,,0
PRK,1997,7.3283042885451,,0
PRK,1998,6.91722266330636,,0
PRK,1999,8.85785345532557,,0
PRK,2000,7.03746790151305,,0
PRK,2001,7.69449393210563,,0
PRK,2002,8.96780986321866,,0
PRK,2003,8.08244752469742,,0
PRK,2004,8.34855125303961,,0
PRK,2005,7.39251094437553,,0
PRK,2006,7.07553421096933,,0
PRK,2007,7.97985577357099,,0
PRK,2008,8.88496935343156,,0
PRK,2009,7.53674986690897,,0
PRK,2010,7.02248577833758,,0
PRK,2011,7.38763362851093,,0
PRK,2012,7.3880297225775,,0
PRK,2013,7.07949270522286,,0
PRT,1992,,0,1
PRT,1993,,0,1
PRT,1994,,0,1
PRT,1995,,0,1
PRT,1996,,0,1
PRT,1997,,0,1
PRT,1998,,0,1
PRT,1999,,0,1
PRT,2000,,0,1
PRT,2001,,0,1
PRT,2002,,0,1
PRT,2003,,0,1
PRT,2004,,0,1
PRT,2005,,3.09517793857648,1
PRT,2006,,7.5734195650395,1
PRT,2007,,8.01227636070578,1
PRT,2008,,8.91576426481748,1
PRT,2009,,6.97225115025077,1
PRT,2010,,8.94161794410053,1
PRT,2011,,9.7176565393134,1
PRT,2012,,9.364385016547,1
PRT,2013,,9.45461204202092,1
PRY,1992,9.6462180748596,0,0.85
PRY,1993,9.97970685877001,0,0.85
PRY,1994,9.85157667715147,0,0.85
PRY,1995,10.0524070080333,0,0.85
PRY,1996,9.50780022298881,0,0.85
PRY,1997,9.603896264133,0,0.85
PRY,1998,9.34929653738797,0,0.8
PRY,1999,9.48408245950345,0,0.85
PRY,2000,9.57065298519608,4.09053196804183,0.85
PRY,2001,9.33416538777676,3.10162960467855,0.85
PRY,2002,9.18730685400248,3.15125483767775,0.85
PRY,2003,9.26319446990242,3.23055388792635,0.9
PRY,2004,8.53974663589317,5.0702095166153,0.9
PRY,2005,9.26262811899775,7.25985066564977,0.9
PRY,2006,9.36431631926358,7.73179954417373,0.9
PRY,2007,9.67826633848699,8.08943911982759,0.9
PRY,2008,9.8137526690112,8.84101142072673,0.9
PRY,2009,9.97321403210514,8.3891227073385,0.9
PRY,2010,9.36751506614095,8.83045115539842,0.9
PRY,2011,8.86959184282059,9.35144670444431,0.9
PRY,2012,8.73706457246442,9.407234326925,0.9
PRY,2013,8.4090421118553,9.41814120764036,0.95
QAT,1992,7.92623339075746,15.3417841638931,0
QAT,1993,7.70041164345399,15.2289810512593,0
QAT,1994,8.12107609158164,15.2295550479779,0
QAT,1995,8.30527033138523,15.2625971544729,0
QAT,1996,,15.6582638387356,0
QAT,1997,,15.7554077352126,0
QAT,1998,,15.3582802911132,0
QAT,1999,,15.7108459649237,0
QAT,2000,,16.2336568562503,0
QAT,2001,,16.0167116692357,0
QAT,2002,,15.9750974757545,0
QAT,2003,,16.1867834726803,0
QAT,2004,,16.4751146810821,0
QAT,2005,,16.8406294460887,0
QAT,2006,,16.8776467502844,0
QAT,2007,,16.8268295511805,0
QAT,2008,,17.0865243576274,0
QAT,2009,,16.4539096249668,0
QAT,2010,,16.8281514147206,0
QAT,2011,,17.2470299387373,0
QAT,2012,,17.2410559309242,0
QAT,2013,,17.0849710443263,0
ROU,1992,,9.7547026893588,0.75
ROU,1993,,9.69666390308564,0.75
ROU,1994,,9.61969186013771,0.75
ROU,1995,,9.71219698373952,0.75
ROU,1996,,10.0557823555031,0.9
ROU,1997,,9.80479204326542,0.9
ROU,1998,,8.61664467990781,0.9
ROU,1999,,9.66181793148769,0.9
ROU,2000,,10.4359306376938,0.9
ROU,2001,,10.1342949585031,0.9
ROU,2002,,10.1701004216524,0.9
ROU,2003,,10.3054660771622,0.9
ROU,2004,,10.5782454845282,0.95
ROU,2005,,10.9201532870745,0.95
ROU,2006,,10.9910972130047,0.95
ROU,2007,,11.1245544767048,0.95
ROU,2008,,11.4604743057291,0.95
ROU,2009,,10.7988898272179,0.95
ROU,2010,,10.9097155752358,0.95
ROU,2011,,11.3939315519719,0.95
ROU,2012,,11.3421959238904,0.95
ROU,2013,,11.2605421288377,0.95
RUS,1992,,11.9100465631571,0.75
RUS,1993,,11.7453243050606,0.65
RUS,1994,,11.5396498685362,0.65
RUS,1995,,11.705078715687,0.65
RUS,1996,,12.0265403313764,0.65
RUS,1997,,11.7918058075532,0.65
RUS,1998,,10.616638499713,0.65
RUS,1999,,11.6663375874513,0.65
RUS,2000,,12.5137296938431,0.8
RUS,2001,,12.2846292838156,0.8
RUS,2002,,12.4241909840332,0.8
RUS,2003,,12.692551599377,0.8
RUS,2004,,13.0811325458505,0.8
RUS,2005,,13.4989008078288,0.8
RUS,2006,,13.666106163558,0.8
RUS,2007,,13.7920397466724,0.7
RUS,2008,,14.1817098764964,0.7
RUS,2009,,13.5761209906984,0.7
RUS,2010,,13.7266629579476,0.7
RUS,2011,,14.239148783187,0.7
RUS,2012,,14.2079530607977,0.7
RUS,2013,,14.1403407476502,0.7
RWA,1992,10.1027970039865,0,0.15
RWA,1993,10.1361069267065,0,0.15
RWA,1994,11.1812212030983,0,0.2
RWA,1995,10.9988299528008,0,0.2
RWA,1996,10.5344706146703,0,0.2
RWA,1997,10.0449707263232,0,0.2
RWA,1998,10.1607196649289,0,0.2
RWA,1999,10.0060464558633,0,0.2
RWA,2000,9.96921058732119,0,0.3
RWA,2001,9.79652080952697,0,0.3
RWA,2002,10.0738536586307,0,0.3
RWA,2003,10.1210569362573,0,0.35
RWA,2004,10.1108449381614,0,0.35
RWA,2005,10.3445128258108,0,0.35
RWA,2006,10.4509728306568,0,0.35
RWA,2007,10.5788657077998,0,0.35
RWA,2008,10.7395699983312,0,0.35
RWA,2009,10.8535700768253,2.52652702643747,0.35
RWA,2010,10.8785956739937,0,0.3
RWA,2011,10.9290311929741,0,0.3
RWA,2012,10.5763112047731,0,0.3
RWA,2013,10.8420184653771,0,0.35
SAU,1992,8.32386971225605,15.0990336523149,0
SAU,1993,7.47410570534758,14.9884432860195,0
SAU,1994,7.00076021132443,14.8503380595684,0
SAU,1995,6.99517568568598,14.9253580499905,0
SAU,1996,6.81563608968087,15.1607096875825,0
SAU,1997,-5.09428747506447,15.0334437084405,0
SAU,1998,6.89512658241979,14.5535418374987,0
SAU,1999,7.12026228215029,14.8575994767146,0
SAU,2000,7.01483507415588,15.4009348386069,0
SAU,2001,6.42984963239816,15.0975160635562,0
SAU,2002,6.63226142598073,15.0148515203784,0
SAU,2003,6.28701783451966,15.2634262610022,0
SAU,2004,6.08967053273411,15.5399188886419,0
SAU,2005,6.46694248556334,15.8703842741081,0
SAU,2006,6.25586140372453,15.9815729805978,0
SAU,2007,-8.76980076963256,15.9927490823399,0
SAU,2008,,16.3064171889591,0
SAU,2009,,15.6297085608184,0
SAU,2010,,15.9376535389991,0
SAU,2011,,16.4059658468038,0
SAU,2012,,16.4272221711144,0
SAU,2013,,16.3322397332223,0
SCG,1992,,,0.25
SCG,1993,,,0.15
SCG,1994,,,0.15
SCG,1995,,,0.15
SCG,1996,,,0.15
SCG,1997,,,0.2
SCG,1998,,,0.2
SCG,1999,,,0.2
SCG,2000,,,0.85
SCG,2001,,,0.85
SCG,2002,,,0.85
SCG,2003,,,0.8
SCG,2004,,,0.8
SCG,2005,,,0.8
SDN,1992,9.01081769410673,3.80780474976079,0.15
SDN,1993,8.85557867844443,3.75397810294091,0.15
SDN,1994,8.89843574352305,2.50435649404435,0.15
SDN,1995,8.58241476104469,3.24454591110764,0.15
SDN,1996,8.45731472631802,5.64553278670916,0.15
SDN,1997,8.11377711878069,6.45775900723191,0.15
SDN,1998,8.64596560504172,6.39389010721526,0.15
SDN,1999,8.67383802023177,8.80323207516653,0.2
SDN,2000,8.08611594878499,10.563604705553,0.2
SDN,2001,8.23752684299602,10.3375885367578,0.2
SDN,2002,8.98183418765066,10.4964625310214,0.2
SDN,2003,9.3169095361327,10.6085449920816,0.2
SDN,2004,10.233963158901,11.1754217263,0.2
SDN,2005,10.7604493569908,11.6336483343689,0.35
SDN,2006,10.7775129236715,11.8605189661107,0.35
SDN,2007,10.8477118097668,12.1890816989864,0.35
SDN,2008,10.9008388170947,12.5180081112269,0.35
SDN,2009,10.9205347891511,11.6357810528464,0.35
SDN,2010,10.6597500563188,11.918786396178,0.4
SDN,2011,10.5018836781196,12.2122479540201,0.4
SDN,2012,,,0.3
SDN,2013,,,0.3
SEN,1992,10.9258402868196,1.48807920279764,0.45
SEN,1993,10.6770326160462,1.55502666629794,0.45
SEN,1994,10.9170984294014,1.67987992243632,0.45
SEN,1995,10.7180636323402,2.0304512326748,0.45
SEN,1996,10.6749838049886,2.35620491013534,0.45
SEN,1997,10.3573296184805,2.44362237579256,0.45
SEN,1998,10.3232695633855,1.46182608160042,0.45
SEN,1999,10.6639758319017,1.55740014834166,0.45
SEN,2000,10.2732175049688,1.91794858468635,0.9
SEN,2001,9.99561260451401,0,0.9
SEN,2002,10.0531188575964,0,0.9
SEN,2003,10.2873471627212,0,0.9
SEN,2004,11.1399815593741,0,0.9
SEN,2005,10.5848670021231,0,0.9
SEN,2006,10.7001274121743,0,0.9
SEN,2007,10.5592154048608,0,0.85
SEN,2008,10.7377668361656,0,0.85
SEN,2009,10.6385541774143,0,0.85
SEN,2010,10.6535982877771,0,0.85
SEN,2011,10.7266255347799,0,0.85
SEN,2012,10.8783548545734,0,0.85
SEN,2013,10.7426316178718,0,0.85
SGP,1992,8.66000364934276,0,0.3
SGP,1993,8.81449425212088,0,0.3
SGP,1994,8.37998378216755,0,0.3
SGP,1995,8.28087634751837,0,0.3
SGP,1996,,0,0.3
SGP,1997,,0,0.3
SGP,1998,,0,0.3
SGP,1999,,0,0.3
SGP,2000,,0,0.3
SGP,2001,,0,0.3
SGP,2002,,0,0.3
SGP,2003,,0,0.3
SGP,2004,,0,0.3
SGP,2005,,4.19936007232225,0.4
SGP,2006,,7.0265221919296,0.4
SGP,2007,,7.8432093720976,0.4
SGP,2008,,9.20124514895224,0.4
SGP,2009,,7.79053833291612,0.4
SGP,2010,,9.79694762151433,0.4
SGP,2011,,11.325139823689,0.4
SGP,2012,,11.2819739161585,0.4
SGP,2013,,11.1252267418508,0.4
SLB,1992,11.2611228488878,0,0.9
SLB,1993,11.7605812671171,0,0.9
SLB,1994,11.5684342542813,0,0.9
SLB,1995,11.4681974973617,0,0.9
SLB,1996,11.3471222865903,0,0.9
SLB,1997,11.3937747424243,0,0.9
SLB,1998,10.939158301988,0,0.9
SLB,1999,10.7710091200204,0,0.9
SLB,2000,10.761682671861,0,0.5
SLB,2001,10.9117866754032,0,0.5
SLB,2002,10.7480885319776,0,0.5
SLB,2003,11.7050663896064,0,
SLB,2004,12.4133965508991,0,0.9
SLB,2005,12.7848003594285,0,0.9
SLB,2006,12.8051341997847,0,0.9
SLB,2007,13.0689058916818,0,0.9
SLB,2008,12.9729601268046,0,0.9
SLB,2009,12.8747702697916,0,0.9
SLB,2010,13.2288283386677,0,0.9
SLB,2011,13.2022013241368,0,0.9
SLB,2012,13.0702539456594,0,0.9
SLB,2013,12.9789564273855,0,0.9
SLE,1992,9.78807029308059,0,0.15
SLE,1993,10.1444256389331,0,0.15
SLE,1994,9.46667377392497,0,0.15
SLE,1995,9.56737741299711,0,0.15
SLE,1996,9.67836010242845,0,0.7
SLE,1997,9.1843115653987,0,0.5
SLE,1998,9.42613789384843,0,0.5
SLE,1999,9.53753463186826,0,0.5
SLE,2000,10.170973170141,0,0.5
SLE,2001,10.4790468708217,0,0.6
SLE,2002,10.7216348051848,0,0.75
SLE,2003,10.6028810020471,0,0.75
SLE,2004,10.3215930808187,0,0.75
SLE,2005,10.0647191128784,0,0.75
SLE,2006,10.3715597594176,0,0.75
SLE,2007,11.1012200936708,0,0.85
SLE,2008,10.2988032260519,0,0.85
SLE,2009,10.3871011807709,0,0.85
SLE,2010,10.3313314599133,0,0.85
SLE,2011,10.2076464653094,0,0.85
SLE,2012,10.2649212527258,0,0.85
SLE,2013,10.3396798404598,0,0.85
SLV,1992,10.9408503376354,0,0.8
SLV,1993,10.8066815239377,0,0.8
SLV,1994,10.6335725118315,0,0.85
SLV,1995,10.653229837333,0,0.85
SLV,1996,10.5850454288231,0,0.85
SLV,1997,10.5993375368656,0,0.85
SLV,1998,10.1785605857354,0,0.85
SLV,1999,10.2882739285149,0,0.85
SLV,2000,10.275273467029,0,0.85
SLV,2001,10.5652476498332,0,0.85
SLV,2002,10.5053144297322,5.68980442958662,0.85
SLV,2003,10.2562306859137,6.06941940387683,0.85
SLV,2004,10.4247518574757,6.21035119498724,0.85
SLV,2005,10.2201996315327,8.10463509590755,0.85
SLV,2006,10.1328627461818,9.62251201106691,0.85
SLV,2007,9.40078386259221,9.47202845189247,0.85
SLV,2008,10.4389332063306,9.75507918771453,0.85
SLV,2009,10.6681093274401,8.30178725511973,0.9
SLV,2010,10.566464324886,0,0.9
SLV,2011,10.6107017400014,2.60250052108816,0.9
SLV,2012,10.4394938028689,2.56205282226326,0.9
SLV,2013,10.0429154419562,2.473327289958,0.9
SMR,1992,,,
SMR,1993,,,
SMR,1994,,,
SMR,1995,,,
SMR,1996,,,
SMR,1997,,,
SMR,1998,,,
SMR,1999,,,
SMR,2000,,,
SMR,2001,,,
SMR,2002,,,
SMR,2003,,,
SMR,2004,,,
SMR,2005,,,
SMR,2006,,,
SMR,2007,,,
SMR,2008,,,
SMR,2009,,,
SMR,2010,,,
SMR,2011,,,
SMR,2012,,,
SMR,2013,,,
SOM,1992,11.2460534295224,,0.5
SOM,1993,11.542182826267,,0.5
SOM,1994,11.0393913063817,,0.5
SOM,1995,9.7025490529071,,0.5
SOM,1996,8.56564457679527,,0.5
SOM,1997,8.67995557816487,,0.5
SOM,1998,8.53976959317492,,0.5
SOM,1999,9.0986791619034,,0.5
SOM,2000,8.76159435368754,,0.5
SOM,2001,9.17193507330417,,0.5
SOM,2002,9.28048039677399,,0.5
SOM,2003,9.34671458686654,,0.5
SOM,2004,9.51738661835423,,0.5
SOM,2005,9.52044073808376,,0.5
SOM,2006,10.0854253307796,,0.5
SOM,2007,10.0291030878174,,0.5
SOM,2008,10.7897999733488,,0.5
SOM,2009,10.6403190675303,,0.5
SOM,2010,10.1592637987685,,0.5
SOM,2011,11.0257244099149,,
SOM,2012,10.8766092129901,,0.75
SOM,2013,10.9275910084681,0,0.75
SRB,2006,11.9752480955086,10.0414715269964,0.9
SRB,2007,11.0929730528234,10.1484582345947,0.9
SRB,2008,11.2339321658106,10.5395983116856,0.9
SRB,2009,10.5828637148604,9.97539832500353,0.9
SRB,2010,10.6865508153055,10.3653850237073,0.9
SRB,2011,10.4907848835405,11.0521266816921,0.9
SRB,2012,10.0183875223593,11.1318316258706,0.9
SRB,2013,9.91110583589481,11.0997685338954,0.9
SSD,2011,10.5442976512068,13.5008388517846,0.5
SSD,2012,11.4786399946436,10.5814310466173,0.5
SSD,2013,11.5306724551994,12.2996301015536,0.5
STP,1992,12.2234114301068,,
STP,1993,12.2883161558339,,
STP,1994,12.1997896790717,,
STP,1995,13.0308659041906,,
STP,1996,12.2593072981506,,
STP,1997,11.9370197527753,,
STP,1998,11.7671965017308,,
STP,1999,11.8052237901595,,
STP,2000,11.719145042357,,
STP,2001,11.9176568624756,0,
STP,2002,11.7618747549411,0,
STP,2003,12.0176663450692,0,
STP,2004,11.8348650281614,0,
STP,2005,11.6430478795236,0,
STP,2006,11.6109753102061,0,
STP,2007,12.1174046670485,0,
STP,2008,11.9325302101944,0,
STP,2009,11.6136568657652,0,
STP,2010,12.1103168263008,0,
STP,2011,12.2271363370174,0,
STP,2012,11.9203010402532,0,
STP,2013,11.6593361099056,0,
SUR,1992,12.0722995997892,10.7197245768503,0.75
SUR,1993,12.0924251995367,10.7343336006191,0.75
SUR,1994,11.8236676074336,10.8651660925304,0.75
SUR,1995,12.006415189306,11.122214858756,0.75
SUR,1996,12.3598010632639,11.4049502604922,0.75
SUR,1997,11.9547745294136,11.456601002068,0.75
SUR,1998,11.6457963996277,10.8987395335919,0.75
SUR,1999,11.0758932123142,11.5646373256091,0.75
SUR,2000,11.0212140390129,12.1652732635605,0.75
SUR,2001,10.6249064113233,11.8986409825891,0.75
SUR,2002,9.65040694972442,11.8976924309343,0.75
SUR,2003,8.98699795518228,11.9213358079697,0.75
SUR,2004,10.3334795754546,12.1357205550677,0.75
SUR,2005,11.0766520541566,12.6056605822551,0.75
SUR,2006,11.5713891979414,12.8806730890826,0.75
SUR,2007,12.3601167666574,13.0445365686787,0.75
SUR,2008,11.832452783246,13.4397081326273,0.75
SUR,2009,12.3401385627091,12.722308738405,0.75
SUR,2010,11.8857638093313,13.0451837490737,0.75
SUR,2011,11.6926711547721,13.5261241670733,0.75
SUR,2012,10.6118587473153,13.4696803166499,0.75
SUR,2013,10.4389570442508,13.3692384599265,0.75
SVK,1993,,6.51155080324867,0.85
SVK,1994,,6.39450340711609,0.85
SVK,1995,,6.5976470930016,0.85
SVK,1996,,7.06707719239228,0.85
SVK,1997,,6.75108500016456,0.85
SVK,1998,,5.35652264330855,0.95
SVK,1999,,6.17231998016282,0.95
SVK,2000,,7.17843365980448,0.95
SVK,2001,,6.80637553301194,0.95
SVK,2002,,6.81466570465197,0.95
SVK,2003,,6.90580572420297,0.95
SVK,2004,,7.11170120692738,0.95
SVK,2005,,7.27536941351606,0.95
SVK,2006,,7.3282948608511,1
SVK,2007,,7.19061280193824,1
SVK,2008,,7.429300794193,1
SVK,2009,,6.63567169208361,1
SVK,2010,,6.66021300083424,1
SVK,2011,,7.28981873201643,1
SVK,2012,,7.20936129107139,1
SVK,2013,,7.00387038500979,1
SVN,1992,,,1
SVN,1993,,,1
SVN,1994,8.65017410390711,,1
SVN,1995,9.05595186887736,2.20031373155107,1
SVN,1996,9.69016238965636,2.3664116739363,1
SVN,1997,-8.48985408129205,1.98498259236258,1
SVN,1998,7.96640205407816,0.939977874342019,1
SVN,1999,6.53937890816801,1.66231776908451,1
SVN,2000,5.82264756796234,2.15016237813665,1
SVN,2001,3.26192173542436,1.87525534368438,1
SVN,2002,7.12237217217801,1.81078988042938,1
SVN,2003,,1.83667121307855,1
SVN,2004,,2.09587425446345,1
SVN,2005,,2.14366234588838,1
SVN,2006,,2.27019802449635,1
SVN,2007,,,1
SVN,2008,,,1
SVN,2009,,,1
SVN,2010,,,1
SVN,2011,,,1
SVN,2012,,,1
SVN,2013,,,1
SWE,1992,,1.94648298697019,1
SWE,1993,,1.43218641062615,1
SWE,1994,,,1
SWE,1995,,,1
SWE,1996,,0,1
SWE,1997,,0,1
SWE,1998,,0,1
SWE,1999,,0,1
SWE,2000,,0,1
SWE,2001,,5.45581611549677,1
SWE,2002,,6.33062635250438,1
SWE,2003,,6.50506508605063,1
SWE,2004,,7.05976236190535,1
SWE,2005,,7.58122723988169,1
SWE,2006,,8.08214951826465,1
SWE,2007,,8.64928513493791,1
SWE,2008,,9.22653212028945,1
SWE,2009,,8.9661315887639,1
SWE,2010,,9.27822394718954,1
SWE,2011,,9.79087032316752,1
SWE,2012,,9.62559559791523,1
SWE,2013,,9.41489091621803,1
SWZ,1992,10.256676541259,0,0.2
SWZ,1993,10.4508162225856,0,0.15
SWZ,1994,10.2537292334331,0,0.15
SWZ,1995,10.5732724629643,0,0.15
SWZ,1996,9.95344743871063,0,0.15
SWZ,1997,9.70516942101482,0,0.15
SWZ,1998,9.71092217981414,0,0.15
SWZ,1999,9.57685261914301,0,0.15
SWZ,2000,7.89000134079082,0,0.15
SWZ,2001,8.28131386516432,0,0.15
SWZ,2002,8.74026926200041,0,0.15
SWZ,2003,9.39271401172366,0,0.15
SWZ,2004,8.82653871360946,0,0.15
SWZ,2005,9.87579774265524,0,0.15
SWZ,2006,9.33962913716564,0,0.15
SWZ,2007,9.34434422501427,0,0.15
SWZ,2008,9.69400381263748,0,0.15
SWZ,2009,9.72722217186207,0,0.15
SWZ,2010,10.228486197302,8.80648370056314,0.15
SWZ,2011,10.9846704242003,9.44268387031066,0.15
SWZ,2012,10.792319090972,9.79854749389841,0.15
SWZ,2013,10.6026241147132,9.68184990789666,0.15
SYC,1992,12.2924925451677,0,
SYC,1993,11.4522699469092,0,
SYC,1994,11.4938200797676,0,
SYC,1995,11.8936959408146,0,
SYC,1996,11.5347201217659,0,
SYC,1997,11.3113022790751,0,
SYC,1998,12.2940900528095,0,
SYC,1999,11.0011626219002,0,
SYC,2000,10.6133924790583,0,
SYC,2001,11.5275808790426,0,
SYC,2002,10.7124380512062,0,
SYC,2003,11.0127584153108,0,
SYC,2004,11.2178535153289,0,
SYC,2005,11.470305969426,0,
SYC,2006,11.3447004801558,0,
SYC,2007,9.77130432898016,0,
SYC,2008,10.9655455858067,0,
SYC,2009,11.8125935937807,0,
SYC,2010,12.6941423569287,0,
SYC,2011,11.2376714099748,0,
SYC,2012,11.1314981304254,0,
SYC,2013,11.2986599333463,0,
SYR,1992,8.2342313111283,11.3028432277157,0.05
SYR,1993,9.01320720311136,11.1857495823409,0.05
SYR,1994,10.143878413433,10.6335009098102,0.05
SYR,1995,9.29420239100551,10.733154079046,0.05
SYR,1996,8.45148427709725,10.8825905941411,0.05
SYR,1997,8.70941277156165,10.715512116335,0.05
SYR,1998,8.57519529030455,10.2082726002825,0.05
SYR,1999,9.2719682994761,10.6257978612285,0.05
SYR,2000,8.67691581967827,11.1545635827128,0.2
SYR,2001,8.60021578732341,10.9754823449711,0.2
SYR,2002,7.27609152397209,11.0243111061737,0.2
SYR,2003,7.39593523563326,11.1196205322103,0.2
SYR,2004,6.77941899851442,11.0447061601202,0.2
SYR,2005,5.76471096681286,11.3041411803972,0.2
SYR,2006,-6.26729006563884,11.3936210144981,0.2
SYR,2007,5.58811318719093,11.3958905530264,0.2
SYR,2008,7.84996328424269,11.7458688326234,0.2
SYR,2009,7.94686006037873,11.1971626812128,0.2
SYR,2010,7.58876726614001,11.5580695236733,0.2
SYR,2011,8.13943588241283,13.230489474148,0.2
SYR,2012,10.0001907164547,12.4608359311423,0.05
SYR,2013,11.2892558045832,11.2970398438389,0.05
TCD,1992,10.0404210184917,0,0.35
TCD,1993,9.99794313099554,0,0.35
TCD,1994,9.6333895515212,0,0.4
TCD,1995,9.79383846972198,0,0.45
TCD,1996,9.70735145663191,0,0.45
TCD,1997,9.43939153161828,0,0.45
TCD,1998,9.14863705158798,0,0.45
TCD,1999,8.96888813172146,0,0.45
TCD,2000,8.7466686678289,0,0.45
TCD,2001,9.02174443250913,0,0.45
TCD,2002,8.9031285342647,0,0.45
TCD,2003,9.21738934853518,9.52623360910345,0.45
TCD,2004,9.70786826157324,11.7990954997387,0.45
TCD,2005,9.65900350118828,12.5200706986542,0.45
TCD,2006,9.56427727321332,12.5417948138019,0.45
TCD,2007,9.92922310153338,12.5564605818278,0.45
TCD,2008,10.093369910486,12.7541827303253,0.45
TCD,2009,10.3054131031905,11.9315511746354,0.45
TCD,2010,10.066126131766,12.3402696598495,0.45
TCD,2011,9.8660360507595,12.6734679098629,0.45
TCD,2012,9.83078926235454,12.5356062048552,0.45
TCD,2013,9.67914006207423,12.2351542596225,0.45
TGO,1992,10.3699306321346,0,0.25
TGO,1993,9.81774026310347,0,0.4
TGO,1994,9.61848757516555,0,0.4
TGO,1995,10.1936509745393,0,0.4
TGO,1996,9.96416411466351,0,0.4
TGO,1997,9.68225017424732,0,0.4
TGO,1998,9.51837619778397,0,0.4
TGO,1999,9.14958070402267,0,0.4
TGO,2000,9.22126811096721,0,0.4
TGO,2001,8.59441437899406,0,0.4
TGO,2002,8.89305813322081,0,0.4
TGO,2003,9.02818076766371,0,0.4
TGO,2004,9.12768020551356,0,0.4
TGO,2005,9.21562244808904,0,0.3
TGO,2006,9.11966006897216,0,0.3
TGO,2007,9.26248876259121,0,0.3
TGO,2008,10.2272033454845,0,0.3
TGO,2009,10.9195297191894,0,0.3
TGO,2010,10.5331437296741,0,0.4
TGO,2011,10.7651751316187,0,0.4
TGO,2012,9.68801899765604,0,0.4
TGO,2013,9.33585398464911,0,0.4
THA,1992,9.37364303575785,8.38567892880345,0.95
THA,1993,9.14154822357011,8.36560988285017,0.95
THA,1994,9.14057534785026,8.25374485191812,0.95
THA,1995,9.52305332971425,8.26087582444591,0.95
THA,1996,9.49984288069004,8.62166704184215,0.95
THA,1997,9.20091751668026,8.61748638340288,0.95
THA,1998,9.30493007339819,7.90777791832753,0.95
THA,1999,9.68349679019574,8.57095210209161,0.95
THA,2000,9.29190312017868,9.53157882846675,0.95
THA,2001,8.35868186665663,9.2011158506773,0.95
THA,2002,8.38166313137792,9.30567291226682,0.95
THA,2003,-9.61022209398462,9.64147667754776,0.95
THA,2004,-2.9697381737725,9.98119549648535,0.95
THA,2005,-8.06692323877563,10.5706820553387,0.95
THA,2006,-8.38136869805975,10.8432672561674,0.25
THA,2007,-8.6780060089244,10.888409139019,0.45
THA,2008,-9.24314361389258,11.3171022700157,0.7
THA,2009,-7.21376500506274,10.6372873490235,0.7
THA,2010,-7.29377912966034,11.1025698685499,0.7
THA,2011,-7.88373517796914,11.4642503479844,0.85
THA,2012,-7.98536758792724,11.4505857945953,0.85
THA,2013,-7.30499879490346,11.365706722029,0.85
TJK,1992,7.61468893985281,7.14038461925439,0.2
TJK,1993,8.23030271305472,7.03360808414512,0.2
TJK,1994,8.4886007324188,6.66152101611145,0.2
TJK,1995,8.79317545994658,6.55258027378119,0.2
TJK,1996,8.90239105558429,6.6052183709354,0.2
TJK,1997,8.67720316870331,6.1741262868827,0.25
TJK,1998,8.77655383724365,4.61376425771352,0.45
TJK,1999,8.64051969817054,5.39548793207461,0.45
TJK,2000,8.71132208335746,6.03860304426535,0.45
TJK,2001,9.20960090968772,5.60123961434979,0.45
TJK,2002,9.89049061401845,5.47756498542335,0.45
TJK,2003,9.40229907773733,5.69890827536859,0.35
TJK,2004,9.51842424772547,5.64542398916362,0.35
TJK,2005,9.62773096030081,6.10967177573523,0.35
TJK,2006,9.47595498768943,6.29192176669346,0.35
TJK,2007,9.60021003318598,6.31719050864382,0.35
TJK,2008,9.88143821725718,6.51480924833607,0.35
TJK,2009,9.84332331372,5.80693654629696,0.35
TJK,2010,9.95614521687015,5.91408738040164,0.35
TJK,2011,9.88127480873416,6.37555081690919,0.35
TJK,2012,9.91135718447331,6.72311126019394,0.35
TJK,2013,9.79675480532696,6.65166160081863,0.35
TKM,1992,7.22066213225257,11.9922525982937,0.05
TKM,1993,8.69618573944942,11.8514962554547,0.05
TKM,1994,8.09496642582007,11.6170599522444,0.05
TKM,1995,8.31584342683861,11.6488829395115,0.05
TKM,1996,8.07310555420696,11.8818552930426,0.05
TKM,1997,6.24009344338332,11.4595783418877,0.05
TKM,1998,7.53208740736301,10.3269604916957,0.05
TKM,1999,7.85335878154528,11.3825190537222,0.05
TKM,2000,7.67745935681794,12.173258247985,0.05
TKM,2001,8.86782811725053,11.9440868198359,0.05
TKM,2002,8.60763917545803,12.0405811098954,0.05
TKM,2003,8.14877967390243,12.2963599412551,0.05
TKM,2004,7.74340925064851,12.5526476320438,0.05
TKM,2005,7.76404274178126,12.8980466787917,0.05
TKM,2006,6.96771189721051,12.870981124423,0.05
TKM,2007,5.65295137618112,13.0916722247438,0.05
TKM,2008,-5.0635778922674,13.5879827007112,0.05
TKM,2009,7.82452073867886,12.8504122106838,0.05
TKM,2010,7.73026086696663,12.9308836634878,0.05
TKM,2011,7.66882179623498,13.4916747701319,0.05
TKM,2012,7.71995332350945,13.5071305627962,0.05
TKM,2013,7.34925941832382,13.5055065246004,0.1
TLS,2002,12.2750106555935,,0.8
TLS,2003,11.9897255343116,0,0.8
TLS,2004,11.9325678237589,,0.8
TLS,2005,12.0386916718404,,0.8
TLS,2006,12.0919331324223,,0.85
TLS,2007,12.3302965471347,,0.85
TLS,2008,12.3151848680456,,0.85
TLS,2009,12.0602373096659,,0.85
TLS,2010,12.3793962171141,,0.85
TLS,2011,12.296603969064,,0.85
TLS,2012,12.1277176537246,,0.9
TLS,2013,12.0547258672556,,0.9
TON,1992,12.1917588174438,0,
TON,1993,12.3973191929165,0,
TON,1994,12.2965418782057,0,
TON,1995,12.5719379625412,0,
TON,1996,12.4941323682413,0,
TON,1997,12.3144725512367,0,
TON,1998,11.9871134635412,0,
TON,1999,11.9140171121168,0,
TON,2000,11.8819291988739,0,
TON,2001,12.2047406888518,0,
TON,2002,11.9913332245579,0,
TON,2003,11.9766792563488,0,
TON,2004,11.864253894946,0,
TON,2005,12.3656246728165,0,
TON,2006,12.0760754048259,0,
TON,2007,12.4246560983866,0,
TON,2008,12.2969433554792,0,
TON,2009,12.684643105056,0,
TON,2010,13.1921275263028,0,
TON,2011,13.3368254200973,0,
TON,2012,13.2870684757198,0,
TON,2013,13.0731923422649,0,
TTO,1992,-7.81839551134731,12.9417641091764,0.9
TTO,1993,-7.05343809825879,12.8701762080517,0.9
TTO,1994,-6.32768363131375,12.8395969474851,0.9
TTO,1995,-7.20374327675014,13.0171178154748,0.95
TTO,1996,-6.64597750555413,13.2246130594808,0.95
TTO,1997,-5.7999739860505,13.072246095789,0.95
TTO,1998,-7.45350079166409,12.4254564930833,0.95
TTO,1999,4.80974257736278,13.0089031786022,0.95
TTO,2000,8.10306948117866,13.4030188523725,0.95
TTO,2001,8.09639551327565,13.0300480242548,0.95
TTO,2002,8.38602430354804,13.3187874232396,0.95
TTO,2003,8.24751091043804,13.4201946419964,0.95
TTO,2004,8.59364390366855,13.6347797116478,0.95
TTO,2005,8.4614089865624,14.1921656904456,0.95
TTO,2006,8.05827730024765,14.3655511090602,0.95
TTO,2007,8.59046529672738,14.2454095763446,0.95
TTO,2008,7.99239993592114,14.5120563044648,0.95
TTO,2009,8.12408328525507,13.763757147608,0.95
TTO,2010,7.89069213202288,14.023201783503,0.95
TTO,2011,,14.4107117110962,0.95
TTO,2012,,14.2553250855306,0.95
TTO,2013,,14.1332641901475,0.95
TUN,1992,10.4390940673439,11.1484530876285,0.2
TUN,1993,9.55802369678477,10.919963891417,0.35
TUN,1994,8.97844642840625,10.7415079252025,0.35
TUN,1995,8.73017839034674,10.7743478139689,0.35
TUN,1996,8.48164762445163,10.9630497606631,0.35
TUN,1997,8.92166567285203,10.7560787294602,0.35
TUN,1998,9.2946449609226,10.3007025193718,0.35
TUN,1999,9.33810815748256,10.7319454949995,0.35
TUN,2000,9.71852561846021,11.1706377696878,0.35
TUN,2001,9.84290445366741,10.8657667042299,0.35
TUN,2002,9.58420442015505,10.912062640031,0.3
TUN,2003,9.93547478549142,10.9632647810876,0.3
TUN,2004,10.0360317799758,11.2900379146434,0.3
TUN,2005,10.171640499311,11.6897664856423,0.3
TUN,2006,10.2274233368175,11.8239633555831,0.3
TUN,2007,9.82815727619856,12.2336329131126,0.3
TUN,2008,10.0766268241859,12.4393429014172,0.3
TUN,2009,10.3988657404364,11.8543560390842,0.3
TUN,2010,10.4045539114428,12.0846459136477,0.3
TUN,2011,10.7185517488865,12.3087553421219,0.7
TUN,2012,10.4371113862309,12.2908654523699,0.75
TUN,2013,9.80754006394467,12.1399978113112,0.8
TUR,1992,7.65115930440068,8.31719810375294,0.95
TUR,1993,8.39635643472176,8.16308978600581,0.9
TUR,1994,6.14897353099482,7.98101932349378,0.9
TUR,1995,8.01867731077779,8.35545111948736,0.9
TUR,1996,6.97185093677919,8.67606415589115,0.9
TUR,1997,-6.67502942419662,8.4084082468968,0.85
TUR,1998,-7.06522166221347,6.83622437401074,0.85
TUR,1999,-6.87937559879631,7.8258097245031,0.85
TUR,2000,7.32352472033811,8.52130055772348,0.85
TUR,2001,-6.10068841901442,8.11625159319418,0.85
TUR,2002,7.29317310475035,8.10753161439231,0.85
TUR,2003,5.6553708382762,8.23141420675911,0.85
TUR,2004,-5.51211247023929,8.48411864690012,0.85
TUR,2005,-4.90204710921327,8.88243041364549,0.85
TUR,2006,7.65366048166584,8.96256696566914,0.85
TUR,2007,8.14590089757147,9.0465949800289,0.85
TUR,2008,9.14040014102017,9.49667819255538,0.85
TUR,2009,8.95757407963301,8.9681052850115,0.85
TUR,2010,9.21634026487475,9.12176104279411,0.85
TUR,2011,8.59112232065555,9.55410756525111,0.95
TUR,2012,7.4168405123162,9.48386935614411,0.95
TUR,2013,8.13336071725322,9.41823201210421,0.95
TUV,1992,13.6303093162126,,
TUV,1993,12.8073581199882,,
TUV,1994,13.2707738707865,,
TUV,1995,13.4329507133559,,
TUV,1996,13.796928500909,,
TUV,1997,13.8133816338381,,
TUV,1998,13.1545371584949,,
TUV,1999,12.834403112933,,
TUV,2000,12.897229567291,,
TUV,2001,13.4838269024851,,
TUV,2002,13.9636913108188,,
TUV,2003,13.317157912942,,
TUV,2004,13.21046265698,,
TUV,2005,13.2989694265266,,
TUV,2006,14.0489438719516,,
TUV,2007,13.6943345653829,,
TUV,2008,14.171895490345,,
TUV,2009,14.1604553064057,,
TUV,2010,14.0175173213308,,
TUV,2011,14.7866692724175,,
TUV,2012,14.5617333464866,,
TUV,2013,14.4237024559568,,
TWN,1992,,,0.85
TWN,1993,,,0.85
TWN,1994,,,0.85
TWN,1995,,,0.85
TWN,1996,,,0.9
TWN,1997,,,0.95
TWN,1998,,,0.95
TWN,1999,,,0.95
TWN,2000,,,0.95
TWN,2001,,,0.95
TWN,2002,,,0.95
TWN,2003,,,0.95
TWN,2004,,,1
TWN,2005,,,1
TWN,2006,,,1
TWN,2007,,,1
TWN,2008,,,1
TWN,2009,,,1
TWN,2010,,,1
TWN,2011,,,1
TWN,2012,,,1
TWN,2013,,,1
TZA,1992,10.3005650863626,0,0.25
TZA,1993,10.0413854403104,0,0.25
TZA,1994,9.87209604594024,0,0.25
TZA,1995,9.86898336232009,0,0.45
TZA,1996,9.8823017518437,0,0.45
TZA,1997,9.80022891558387,0,0.45
TZA,1998,10.0749955926352,0,0.45
TZA,1999,9.82161808336003,0,0.45
TZA,2000,10.0318277534278,0,0.45
TZA,2001,10.1920257184652,0,0.45
TZA,2002,10.133763182505,0,0.45
TZA,2003,10.1681085193043,0,0.45
TZA,2004,10.2046383559754,0,0.45
TZA,2005,10.0085912135297,0,0.45
TZA,2006,10.1151774663258,0,0.45
TZA,2007,10.7010625290346,0,0.45
TZA,2008,10.3815621515125,0,0.45
TZA,2009,10.3828693482091,1.32473809693456,0.45
TZA,2010,10.5174712494342,0,0.45
TZA,2011,10.4928051690802,0,0.45
TZA,2012,10.5248042109253,0,0.45
TZA,2013,10.5961500725166,0,0.45
UGA,1992,9.51603210570815,0,0.15
UGA,1993,9.79235791705353,0,0.3
UGA,1994,9.75577868999186,0,0.3
UGA,1995,9.9377986453413,0,0.3
UGA,1996,9.76733966519316,0,0.3
UGA,1997,9.90812295771605,0,0.3
UGA,1998,9.74455134615836,0,0.3
UGA,1999,9.64014163940456,0,0.3
UGA,2000,10.0896219464929,0,0.3
UGA,2001,9.65707624921146,0,0.3
UGA,2002,9.81391558941401,0,0.3
UGA,2003,10.0136921622107,0,0.3
UGA,2004,10.1361812253614,0,0.3
UGA,2005,10.1171391517926,0,0.45
UGA,2006,10.3945300006621,0,0.45
UGA,2007,10.4313477222463,0,0.45
UGA,2008,10.4054382600882,0,0.45
UGA,2009,10.3837368457798,0,0.45
UGA,2010,10.3385480391855,0,0.45
UGA,2011,10.2981079968838,0,0.45
UGA,2012,10.1992829687158,0,0.45
UGA,2013,10.2111884187426,0,0.45
UKR,1992,,8.5459670509143,0.8
UKR,1993,,8.45934393603009,0.75
UKR,1994,,8.32646999700969,0.85
UKR,1995,,8.41967410862272,0.85
UKR,1996,,8.76987677370889,0.85
UKR,1997,,8.5292286207018,0.85
UKR,1998,,7.32085398010823,0.85
UKR,1999,,8.39831186199912,0.85
UKR,2000,,8.7765192391339,0.8
UKR,2001,,8.47013201548041,0.8
UKR,2002,,8.52384189654226,0.8
UKR,2003,,8.76709070577201,0.8
UKR,2004,,9.14673726689188,0.8
UKR,2005,8.58384915214612,9.59298543994517,0.8
UKR,2006,8.72953531218653,9.80486064742465,0.85
UKR,2007,8.62826320096308,9.89409075547777,0.85
UKR,2008,8.78709387320909,10.2223968019282,0.85
UKR,2009,9.0921312644202,9.54163544692227,0.85
UKR,2010,9.14731938965043,9.55892155254941,0.8
UKR,2011,9.22888507876851,10.0036989790989,0.8
UKR,2012,9.13504975037262,9.91668978982538,0.8
UKR,2013,8.85983654513735,9.78404688084863,0.8
URY,1992,9.85835753759803,0,1
URY,1993,10.4409638608025,0,1
URY,1994,9.96944406002288,0,1
URY,1995,9.80044571273417,0,1
URY,1996,9.12780677853521,0,1
URY,1997,9.12758070702379,0,1
URY,1998,8.71064636967929,0,1
URY,1999,8.67772434830401,0,1
URY,2000,8.45545444587433,0,1
URY,2001,8.09780594520569,0,1
URY,2002,7.66948752715228,0,1
URY,2003,7.77920760200674,0,1
URY,2004,8.03379059374503,0,1
URY,2005,6.81117925219771,4.77753234128504,1
URY,2006,8.09964163251388,5.26400081884009,1
URY,2007,8.7076941350001,5.72312557999483,1
URY,2008,8.26677408812711,5.87243917088189,1
URY,2009,9.18904017840638,6.20731981630783,1
URY,2010,9.20179181976892,7.69264954648542,1
URY,2011,5.80406688518103,8.52749602320142,1
URY,2012,7.36392729940566,8.58374694533471,1
URY,2013,8.71931165574425,8.78556004847671,1
USA,1992,,11.629113283785,1
USA,1993,,11.4278373114649,1
USA,1994,,11.3006089142901,1
USA,1995,,11.3480362085163,1
USA,1996,,11.5643888329094,1
USA,1997,,11.0674674127014,1
USA,1998,,10.11959633359,1
USA,1999,,10.9454860837246,1
USA,2000,,11.6238785073474,1
USA,2001,,11.0495811480111,1
USA,2002,,11.0923612664498,1
USA,2003,,11.3342397435156,1
USA,2004,,11.6797348631623,1
USA,2005,,11.9498643414908,1
USA,2006,,11.9941777819704,1
USA,2007,,12.0522863403604,1
USA,2008,,12.4423032011239,1
USA,2009,,11.7161776219469,1
USA,2010,,11.8698642868156,1
USA,2011,,12.130895560686,1
USA,2012,,11.575730884726,1
USA,2013,,11.9986959852011,1
UZB,1992,4.16355514550128,9.47814335205589,0.05
UZB,1993,5.15015088352035,9.59555728164967,0.05
UZB,1994,6.30159981500195,9.21022923641478,0.05
UZB,1995,7.97083831715754,9.7551680719822,0.05
UZB,1996,7.93412413250472,9.86115920550797,0.05
UZB,1997,8.45850653885882,9.57574943365265,0.05
UZB,1998,8.54819309440691,8.43617778328603,0.05
UZB,1999,8.51820947468917,9.39898322906291,0.05
UZB,2000,8.72371133871695,10.3083413600854,0.05
UZB,2001,8.49815054638732,9.85439680238903,0.05
UZB,2002,8.72341018559,9.72653963420758,0.05
UZB,2003,8.79442060090289,9.9036044901833,0.05
UZB,2004,8.99012781026668,10.0629706495774,0.05
UZB,2005,8.5023742152149,10.2805526433713,0.05
UZB,2006,8.24482736330992,10.2466040841014,0.05
UZB,2007,8.31653683908495,10.4316314438549,0.05
UZB,2008,8.32835557124523,10.7638799245864,0.05
UZB,2009,7.92577530747816,9.76967997559493,0.05
UZB,2010,8.01049106342875,10.083399837642,0.05
UZB,2011,7.47425111389815,10.6741665193617,0.05
UZB,2012,7.77608890401694,10.740407103865,0.05
UZB,2013,8.18008348141999,10.7052020622667,0.05
VCT,1992,10.9642968253483,0,
VCT,1993,11.0420948096619,0,
VCT,1994,10.9744191495073,0,
VCT,1995,10.9330249914453,0,
VCT,1996,10.6346567723235,0,
VCT,1997,10.7695851333595,0,
VCT,1998,10.2955252165908,0,
VCT,1999,10.8682993077451,0,
VCT,2000,10.4262057728149,0,
VCT,2001,8.66835542297404,0,
VCT,2002,9.26747265622368,0,
VCT,2003,10.4006298115512,0,
VCT,2004,11.0747303447421,0,
VCT,2005,10.8508791848544,0,
VCT,2006,9.93850216089027,0,
VCT,2007,12.9726196244193,0,
VCT,2008,11.4033118459111,0,
VCT,2009,10.7258645950887,0,
VCT,2010,9.1737756265742,0,
VCT,2011,9.13102454716015,0,
VCT,2012,7.29468553734299,0,
VCT,2013,-7.82319721127714,0,
VEN,1992,7.29833243745413,12.9812824721199,0.9
VEN,1993,7.40485390938936,12.9547855775105,0.9
VEN,1994,6.9131050941248,12.9330032119132,0.9
VEN,1995,7.17565758037632,13.1373795342141,0.9
VEN,1996,7.04641276444923,13.4841837436218,0.9
VEN,1997,-4.38881072977991,13.3840631267647,0.9
VEN,1998,6.80907625162485,12.7120216303451,0.9
VEN,1999,7.26015183019945,13.166676929904,0.85
VEN,2000,7.8251504281152,13.7697938908773,0.85
VEN,2001,7.20405954551105,13.4990180367238,0.8
VEN,2002,7.41438864844148,13.4367335858282,0.8
VEN,2003,7.81620052994171,13.4356318151387,0.8
VEN,2004,6.98395097804851,13.8011000362576,0.8
VEN,2005,6.66852981238204,14.2368645309908,0.8
VEN,2006,7.10308057626992,14.4074067479479,0.75
VEN,2007,7.39164671757489,14.4039552020569,0.75
VEN,2008,7.41840751368469,14.7530244751282,0.75
VEN,2009,7.4101328945821,13.959477481106,0.35
VEN,2010,7.16883142051311,14.2827913731377,0.35
VEN,2011,7.0066552255082,14.7357252166666,0.35
VEN,2012,6.9493668990826,14.6315767409425,0.35
VEN,2013,6.73115733180271,14.1886521655265,0.7
VNM,1992,8.84664219957171,8.88021266965468,0.15
VNM,1993,8.08217342256725,8.97079896152763,0.15
VNM,1994,9.02395877516599,8.93091888291464,0.15
VNM,1995,8.94595639224225,9.14340004465821,0.15
VNM,1996,8.78232167428977,9.39254792382366,0.15
VNM,1997,8.98471673924845,9.31592553763971,0.15
VNM,1998,9.17513089297854,8.75890993692844,0.15
VNM,1999,9.50635427695162,9.5485478817653,0.15
VNM,2000,9.70364578650714,10.3427086451551,0.15
VNM,2001,9.308683270147,10.0997917080865,0.15
VNM,2002,9.18753180241424,10.0663032752875,0.15
VNM,2003,9.42218135702437,10.2315989416595,0.15
VNM,2004,9.62884430651378,10.7349582246274,0.15
VNM,2005,9.66012268564399,11.0710997242782,0.15
VNM,2006,9.68343942467191,11.1690594138547,0.15
VNM,2007,9.80610158392554,11.0259394312834,0.15
VNM,2008,9.87434971505238,11.3421621691759,0.15
VNM,2009,10.0886801222282,10.6562219272302,0.15
VNM,2010,9.94926716617117,10.9528356365268,0.15
VNM,2011,10.0673656031823,11.4008877515502,0.15
VNM,2012,10.2979471561992,11.4054159760095,0.15
VNM,2013,10.1764665877736,11.2226923041277,0.15
VUT,1992,12.246642352036,0,
VUT,1993,12.081961880182,0,
VUT,1994,12.3725740704752,0,
VUT,1995,12.3752775053834,0,
VUT,1996,11.9571631685503,0,
VUT,1997,11.8077419554489,0,
VUT,1998,11.8927621926281,0,
VUT,1999,11.9768166617545,0,
VUT,2000,11.9300620326381,0,
VUT,2001,11.7469529685237,0,
VUT,2002,11.6453775305002,0,
VUT,2003,11.8524445568945,0,
VUT,2004,12.0337645854501,0,
VUT,2005,11.9739513421739,0,
VUT,2006,12.1645991631467,0,
VUT,2007,12.3704199267202,0,
VUT,2008,12.8815659999218,0,
VUT,2009,12.9515150749929,0,
VUT,2010,13.0192262503866,0,
VUT,2011,12.8179767194461,0,
VUT,2012,12.8870627268621,0,
VUT,2013,12.7432254401485,0,
WSM,1992,12.0648711707352,0,
WSM,1993,12.0738617771489,0,
WSM,1994,12.3038785457852,0,
WSM,1995,12.0993553327017,0,
WSM,1996,12.0770019231825,0,
WSM,1997,11.9239371654435,0,
WSM,1998,12.0208182739164,0,
WSM,1999,11.7341058768853,0,
WSM,2000,11.5124675174335,0,
WSM,2001,11.9142064998634,0,
WSM,2002,12.0297508392339,0,
WSM,2003,11.8916354011345,0,
WSM,2004,11.7960462367523,0,
WSM,2005,11.9873884782809,0,
WSM,2006,12.2273770890965,0,
WSM,2007,11.953688594383,0,
WSM,2008,11.8401576959772,0,
WSM,2009,12.4008711394152,0,
WSM,2010,13.0459358967726,0,
WSM,2011,12.657643934821,0,
WSM,2012,12.989672893019,0,
WSM,2013,12.7344595612119,0,
YEM,1992,9.20525758883554,12.0910171688256,0.5
YEM,1993,9.38302397884965,12.5660781959096,0.4
YEM,1994,8.79079916336325,13.3580825593682,0.4
YEM,1995,8.77934020169937,12.6248922129618,0.4
YEM,1996,8.94999413319822,11.8213126260839,0.4
YEM,1997,9.18672534504942,11.6359722296141,0.4
YEM,1998,9.11232764389655,11.2024968749929,0.4
YEM,1999,9.14797558047648,11.6560776628708,0.4
YEM,2000,9.00610375098455,12.2222702009288,0.4
YEM,2001,8.71791238307386,11.9880945819087,0.4
YEM,2002,8.6574482486306,11.9742083210107,0.4
YEM,2003,8.68734814563681,12.0785359710547,0.4
YEM,2004,8.85396232134029,12.2727988674187,0.4
YEM,2005,8.90141429053985,12.6171556562603,0.4
YEM,2006,8.71646688113848,12.6990190066301,0.4
YEM,2007,8.85588203601191,12.5895055190837,0.4
YEM,2008,9.02528620126704,12.8007843502088,0.4
YEM,2009,9.1896819478494,12.2053465886248,0.4
YEM,2010,9.2754976178733,12.4538138566085,0.4
YEM,2011,9.3359557930197,12.5339884206408,0.4
YEM,2012,9.55610774718302,12.264336431983,0.65
YEM,2013,10.0056350153283,11.9395860529341,0.65
ZAF,1992,,9.4277394974974,0.8
ZAF,1993,8.35091957269862,9.722227256712,0.9
ZAF,1994,8.49138032618222,9.51824539291249,0.95
ZAF,1995,8.87509504090269,9.67310330423692,0.95
ZAF,1996,8.84147854098056,9.836943848636,0.95
ZAF,1997,9.1154699190579,9.75166483754719,0.95
ZAF,1998,9.11764240865005,9.01777747889369,0.95
ZAF,1999,9.01991578402144,9.41897789414903,0.95
ZAF,2000,8.92778867910021,10.2464015492939,0.95
ZAF,2001,8.7944320596996,9.96264458797901,0.95
ZAF,2002,8.96416335693166,10.016110532503,0.95
ZAF,2003,9.19455682505774,9.98855423686095,0.95
ZAF,2004,9.14589855870519,10.4595231490918,0.95
ZAF,2005,9.15034018226577,10.8340367683509,0.95
ZAF,2006,9.32518456037223,10.9334116070904,0.95
ZAF,2007,9.3726348672637,11.0487816928815,0.95
ZAF,2008,9.75587844758288,11.353992933457,0.95
ZAF,2009,9.72107296170082,10.5406423496861,0.95
ZAF,2010,9.65685553601126,10.9409973931579,0.95
ZAF,2011,9.8714377696914,11.3309429333793,0.95
ZAF,2012,9.44984787349477,11.2792271758549,0.95
ZAF,2013,9.82772519110137,11.1502811608247,0.95
ZMB,1992,11.3565034050061,0,0.8
ZMB,1993,11.0185296742974,0,0.8
ZMB,1994,10.8322352558027,0,0.8
ZMB,1995,10.820667136477,0,0.8
ZMB,1996,10.5803910046707,0,0.55
ZMB,1997,10.5904903468886,0,0.55
ZMB,1998,10.2057944495951,0,0.55
ZMB,1999,10.4606937675198,0,0.55
ZMB,2000,10.7903577651036,0,0.55
ZMB,2001,10.1875021692651,0,0.75
ZMB,2002,10.42777133699,0,0.75
ZMB,2003,10.8955193451576,0,0.75
ZMB,2004,11.0942784839056,0,0.75
ZMB,2005,11.1595175569836,0,0.75
ZMB,2006,11.429887239196,0,0.75
ZMB,2007,10.9480559748418,0,0.75
ZMB,2008,10.8996952325647,0,0.85
ZMB,2009,10.8601434060961,0,0.85
ZMB,2010,10.6634005066972,0,0.85
ZMB,2011,10.790919165397,0,0.85
ZMB,2012,10.6845651667568,0,0.85
ZMB,2013,10.7649008179404,0,0.85
ZWE,1992,10.8209655089681,0,0.2
ZWE,1993,10.2597012706867,0,0.2
ZWE,1994,10.1573582638884,0,0.2
ZWE,1995,10.3637160024246,0,0.2
ZWE,1996,10.1335691440795,0,0.2
ZWE,1997,9.88190520294464,0,0.2
ZWE,1998,9.83451647553387,0,0.2
ZWE,1999,9.83141618065512,0,0.35
ZWE,2000,9.69297724795413,0,0.35
ZWE,2001,9.42659893903514,0,0.3
ZWE,2002,9.59770305709097,0,0.3
ZWE,2003,9.48471889970739,0,0.3
ZWE,2004,9.50890291873198,0,0.3
ZWE,2005,9.6141539481601,0,0.3
ZWE,2006,9.66940072482578,0,0.3
ZWE,2007,10.2766525561545,0,0.3
ZWE,2008,10.6239359947143,4.33002002468455,0.3
ZWE,2009,10.7627993373711,3.98645521709092,0.55
ZWE,2010,10.5410460035039,0,0.55
ZWE,2011,10.6025322315774,0,0.55
ZWE,2012,10.7909982884247,5.39285056337962,0.55
ZWE,2013,10.5620810954274,4.15562941457236,0.7
