circle_id,gid_0,year,dmsp_ntl
CIRC_00001,AFG,1992,0
CIRC_00002,AFG,1992,23.8392857142857
CIRC_00003,AFG,1992,0
CIRC_00004,AFG,1992,0
CIRC_00005,AFG,1992,0.138888888888889
CIRC_00006,AFG,1992,0
CIRC_00007,AFG,1992,0
CIRC_00008,ALB,1992,4.79032258064516
CIRC_00009,ALB,1992,0
CIRC_00010,ALB,1992,15.6967213114754
CIRC_00011,ALB,1992,0
CIRC_00012,DZA,1992,4.02654867256637
CIRC_00013,DZA,1992,24.8782608695652
CIRC_00014,DZA,1992,7.93913043478261
CIRC_00015,DZA,1992,27.5789473684211
CIRC_00016,MAR,1992,40.8508771929825
CIRC_00017,DZA,1992,1.78947368421053
CIRC_00018,DZA,1992,16.8378378378378
CIRC_00019,AGO,1992,49.2156862745098
CIRC_00020,AGO,1992,22.4791666666667
CIRC_00021,ARG,1992,1.03738317757009
CIRC_00022,ARG,1992,61.7798165137615
CIRC_00023,ARG,1992,8.04807692307693
CIRC_00024,ARG,1992,36.4545454545455
CIRC_00025,ARG,1992,62.9565217391304
CIRC_00026,ARG,1992,20.6851851851852
CIRC_00027,ARG,1992,58.7652173913044
CIRC_00028,ARG,1992,25.6782608695652
CIRC_00029,ARG,1992,62.3932584269663
CIRC_00030,ARG,1992,62.6860465116279
CIRC_00031,SYR,1992,1.2
CIRC_00032,AZE,1992,1.86776859504132
CIRC_00033,ARM,1992,43.9674796747967
CIRC_00034,ARM,1992,44.327731092437
CIRC_00035,ARM,1992,1.65254237288136
CIRC_00036,AUS,1992,3
CIRC_00037,AUS,1992,62.9651162790698
CIRC_00038,AUS,1992,14.8380952380952
CIRC_00039,GBR,1992,46.7234042553192
CIRC_00040,GBR,1992,63
CIRC_00041,AUS,1992,62.8636363636364
CIRC_00042,AUT,1992,60.7785714285714
CIRC_00043,AUT,1992,40.375
CIRC_00044,AUT,1992,23.2056737588652
CIRC_00045,AUT,1992,3.85106382978723
CIRC_00046,AUT,1992,52.8992805755396
CIRC_00047,AUT,1992,59.3597122302158
CIRC_00048,AUT,1992,12.2877697841727
CIRC_00049,CHE,1992,12.5912408759124
CIRC_00050,AZE,1992,58.0246913580247
CIRC_00051,AZE,1992,0.655737704918033
CIRC_00052,AZE,1992,57.9358974358974
CIRC_00053,AZE,1992,7.88709677419355
CIRC_00054,BHR,1992,57.1228070175439
CIRC_00055,BHR,1992,62.71
CIRC_00056,BRB,1992,51.5875
CIRC_00057,BRB,1992,12.8684210526316
CIRC_00058,BRB,1992,18.8611111111111
CIRC_00059,BRB,1992,18.9166666666667
CIRC_00060,BEL,1992,40.7733333333333
CIRC_00061,FRA,1992,56.7952755905512
CIRC_00062,BEL,1992,51.4475524475525
CIRC_00063,BEL,1992,40.3296703296703
CIRC_00064,BEL,1992,62.3624161073826
CIRC_00065,BEL,1992,47.7013888888889
CIRC_00066,BEL,1992,50.2517006802721
CIRC_00067,BEL,1992,62.7687074829932
CIRC_00068,BEL,1992,59.8219178082192
CIRC_00069,BEN,1992,0
CIRC_00070,TGO,1992,52
CIRC_00071,BEN,1992,0
CIRC_00072,BEN,1992,3.31521739130435
CIRC_00073,BFA,1992,43.7684210526316
CIRC_00074,BFA,1992,3.35106382978723
CIRC_00075,BFA,1992,1.13684210526316
CIRC_00076,BFA,1992,45.4725274725275
CIRC_00077,BFA,1992,0
CIRC_00078,BHS,1992,59.3827160493827
CIRC_00079,BHS,1992,36.4358974358974
CIRC_00080,BHS,1992,55.2795698924731
CIRC_00081,BTN,1992,5.8425925925926
CIRC_00082,BTN,1992,0
CIRC_00083,BTN,1992,0
CIRC_00084,BTN,1992,1.49038461538462
CIRC_00085,BTN,1992,0
CIRC_00086,BTN,1992,0
CIRC_00087,BLR,1992,59.1925465838509
CIRC_00088,BLR,1992,2.58709677419355
CIRC_00089,BLR,1992,5.72327044025157
CIRC_00090,BLZ,1992,33.8214285714286
CIRC_00091,BLZ,1992,4.02040816326531
CIRC_00092,BLZ,1992,7.67676767676768
CIRC_00093,IND,1992,5.14423076923077
CIRC_00094,BGD,1992,0.435643564356435
CIRC_00095,BGD,1992,2.75247524752475
CIRC_00096,IND,1992,7
CIRC_00097,BGD,1992,0
CIRC_00098,BGD,1992,23.26
CIRC_00099,BGD,1992,4.00961538461538
CIRC_00100,BOL,1992,52.5833333333333
CIRC_00101,BOL,1992,56.1649484536083
CIRC_00102,BOL,1992,57.1354166666667
CIRC_00103,BOL,1992,0
CIRC_00104,BOL,1992,0.510416666666666
CIRC_00105,BIH,1992,0
CIRC_00106,BIH,1992,1.87692307692308
CIRC_00107,HRV,1992,0
CIRC_00108,BIH,1992,5.33333333333334
CIRC_00109,BIH,1992,0
CIRC_00110,BIH,1992,0
CIRC_00111,BIH,1992,0
CIRC_00112,BIH,1992,0
CIRC_00113,BIH,1992,2.61290322580645
CIRC_00114,BIH,1992,0
CIRC_00115,BIH,1992,0
CIRC_00116,BIH,1992,0
CIRC_00117,BIH,1992,3.8671875
CIRC_00118,BIH,1992,2.77777777777778
CIRC_00119,BIH,1992,0.261538461538462
CIRC_00120,BWA,1992,3.2843137254902
CIRC_00121,BWA,1992,0
CIRC_00122,GBR,1992,57.5874125874126
CIRC_00123,BWA,1992,0.784313725490196
CIRC_00124,BRA,1992,8.87912087912088
CIRC_00125,BRA,1992,62.6458333333333
CIRC_00126,BRA,1992,42.8888888888889
CIRC_00127,BRA,1992,5.91578947368421
CIRC_00128,BRA,1992,58.5416666666667
CIRC_00129,BRA,1992,18.32
CIRC_00130,BRA,1992,2.3495145631068
CIRC_00131,BRN,1992,40.1011235955056
CIRC_00132,BDI,1992,0
CIRC_00133,BDI,1992,0
CIRC_00134,BDI,1992,27.1595744680851
CIRC_00135,BDI,1992,0
CIRC_00136,BDI,1992,0
CIRC_00137,BDI,1992,0.602272727272728
CIRC_00138,BDI,1992,0
CIRC_00139,BDI,1992,0
CIRC_00140,BGR,1992,0.274809160305343
CIRC_00141,RUS,1992,63
CIRC_00142,BGR,1992,0.921875
CIRC_00143,BGR,1992,60.0079365079365
CIRC_00144,BGR,1992,10.808
CIRC_00145,BGR,1992,44.904
CIRC_00146,UKR,1992,40.0378787878788
CIRC_00147,BGR,1992,12.5826771653543
CIRC_00148,USA,1992,63
CIRC_00149,BGR,1992,11.432
CIRC_00150,BGR,1992,7.18548387096774
CIRC_00151,BGR,1992,3.79674796747967
CIRC_00152,BGR,1992,5.192
CIRC_00153,BGR,1992,22.7596899224806
CIRC_00154,KHM,1992,0
CIRC_00155,KHM,1992,24.3870967741936
CIRC_00156,KHM,1992,0.266666666666667
CIRC_00157,CAN,1992,52.5625
CIRC_00158,CAN,1992,27.2153846153846
CIRC_00159,CAN,1992,50.037037037037
CIRC_00160,CAN,1992,63
CIRC_00161,CAN,1992,63
CIRC_00162,CAN,1992,63
CIRC_00163,CMR,1992,3.57446808510638
CIRC_00164,CPV,1992,0
CIRC_00165,CPV,1992,8.69491525423729
CIRC_00166,CPV,1992,0.711340206185567
CIRC_00167,CPV,1992,12.6842105263158
CIRC_00168,CIV,1992,20
CIRC_00169,CIV,1992,0
CIRC_00170,CIV,1992,0
CIRC_00171,CIV,1992,8.72340425531915
CIRC_00172,CIV,1992,5.01086956521739
CIRC_00173,CAF,1992,23.4842105263158
CIRC_00174,CAF,1992,0
CIRC_00175,GAB,1992,2.78723404255319
CIRC_00176,CAF,1992,0
CIRC_00177,CAF,1992,0
CIRC_00178,TCD,1992,27.0281690140845
CIRC_00179,TCD,1992,1.03
CIRC_00180,TCD,1992,0
CIRC_00181,TCD,1992,28.0694444444444
CIRC_00182,CHL,1992,38.6153846153846
CIRC_00183,CHL,1992,49.0361445783132
CIRC_00184,CHL,1992,63
CIRC_00185,CHL,1992,43.7809523809524
CIRC_00186,CHN,1992,3.16666666666667
CIRC_00187,CHN,1992,39.2037037037037
CIRC_00188,CHN,1992,13.2924528301887
CIRC_00189,CHN,1992,63
CIRC_00190,COL,1992,58.8936170212766
CIRC_00191,COL,1992,44.1704545454545
CIRC_00192,COL,1992,54.3510638297873
CIRC_00193,COL,1992,58.4574468085106
CIRC_00194,COL,1992,1.86315789473684
CIRC_00195,MDG,1992,5.59459459459459
CIRC_00196,FRA,1992,3.31578947368421
CIRC_00197,COM,1992,0
CIRC_00198,COM,1992,0
CIRC_00199,COM,1992,0
CIRC_00200,COM,1992,0
CIRC_00201,COM,1992,0.87037037037037
CIRC_00202,COM,1992,0.132075471698113
CIRC_00203,COG,1992,1.45555555555556
CIRC_00204,COG,1992,0
CIRC_00205,CRI,1992,55.6631578947368
CIRC_00206,NIC,1992,7.96808510638298
CIRC_00207,CRI,1992,62.9175257731959
CIRC_00208,CRI,1992,62.5851063829787
CIRC_00209,HRV,1992,7.89312977099237
CIRC_00210,HRV,1992,54.0592592592593
CIRC_00211,HRV,1992,2.04511278195489
CIRC_00212,HRV,1992,47.2112676056338
CIRC_00213,CUB,1992,0
CIRC_00214,CUB,1992,4.37373737373738
CIRC_00215,XNC,1992,25.2786885245902
CIRC_00216,XNC,1992,57.9454545454546
CIRC_00217,XNC,1992,17.1739130434783
CIRC_00218,CYP,1992,7.21052631578947
CIRC_00219,CYP,1992,29
CIRC_00220,SVK,1992,21.5882352941177
CIRC_00221,CZE,1992,39.1197183098592
CIRC_00222,CZE,1992,62.5214285714286
CIRC_00223,CZE,1992,21.2424242424242
CIRC_00224,CZE,1992,20.6575342465753
CIRC_00225,CZE,1992,43.1642857142857
CIRC_00226,CZE,1992,24.036231884058
CIRC_00227,CZE,1992,20.3450704225352
CIRC_00228,CZE,1992,58.9452054794521
CIRC_00229,CZE,1992,10.3006993006993
CIRC_00230,SVK,1992,54.3149606299213
CIRC_00231,CZE,1992,12.290780141844
CIRC_00232,DNK,1992,13.0138888888889
CIRC_00233,DNK,1992,40.1333333333333
CIRC_00234,DNK,1992,1.72781065088757
CIRC_00235,DNK,1992,36.541935483871
CIRC_00236,DNK,1992,60.4444444444444
CIRC_00237,DNK,1992,55.75
CIRC_00238,SOM,1992,0
CIRC_00239,ETH,1992,8.72340425531915
CIRC_00240,DOM,1992,4.42268041237113
CIRC_00241,DOM,1992,61.5625
CIRC_00242,DOM,1992,47.4158415841584
CIRC_00243,DOM,1992,0
CIRC_00244,COD,1992,0
CIRC_00245,COD,1992,0
CIRC_00246,COD,1992,0
CIRC_00247,COD,1992,60.3913043478261
CIRC_00248,VNM,1992,3.35051546391753
CIRC_00249,VNM,1992,12.5392156862745
CIRC_00250,VNM,1992,0
CIRC_00251,VNM,1992,0
CIRC_00252,VNM,1992,10.2772277227723
CIRC_00253,ECU,1992,50.8387096774194
CIRC_00254,USA,1992,60.9909090909091
CIRC_00255,ECU,1992,58.0888888888889
CIRC_00256,ECU,1992,42.9462365591398
CIRC_00257,ECU,1992,22.3111111111111
CIRC_00258,ECU,1992,0
CIRC_00259,ECU,1992,58.6559139784946
CIRC_00260,USA,1992,63
CIRC_00261,EGY,1992,32.1981981981982
CIRC_00262,EGY,1992,63
CIRC_00263,EGY,1992,26.6330275229358
CIRC_00264,GNQ,1992,0
CIRC_00265,ERI,1992,15.6842105263158
CIRC_00266,EST,1992,25.4301675977654
CIRC_00267,EST,1992,0
CIRC_00268,EST,1992,15.9157303370787
CIRC_00269,EST,1992,56.9924242424242
CIRC_00270,EST,1992,3.77840909090909
CIRC_00271,EST,1992,38.5280898876404
CIRC_00272,ETH,1992,3
CIRC_00273,ETH,1992,0.957894736842104
CIRC_00274,ETH,1992,0
CIRC_00275,ETH,1992,0
CIRC_00276,TLS,1992,0.4
CIRC_00277,TLS,1992,9.52307692307692
CIRC_00278,TLS,1992,0.234042553191489
CIRC_00279,TLS,1992,9.23880597014925
CIRC_00280,TLS,1992,0
CIRC_00281,TLS,1992,0
CIRC_00282,FIN,1992,44.1947368421053
CIRC_00283,RUS,1992,34.5343511450382
CIRC_00284,FIN,1992,62.4383561643836
CIRC_00285,FIN,1992,28.8534031413613
CIRC_00286,FJI,1992,0
CIRC_00287,FJI,1992,0
CIRC_00288,FJI,1992,8.875
CIRC_00289,FJI,1992,6.16853932584269
CIRC_00290,FJI,1992,0
CIRC_00291,FJI,1992,0
CIRC_00292,FJI,1992,0
CIRC_00293,FJI,1992,0
CIRC_00294,FRA,1992,12.2954545454546
CIRC_00295,FRA,1992,63
CIRC_00296,FRA,1992,63
CIRC_00297,FRA,1992,60.7622377622378
CIRC_00298,FRA,1992,53.2534246575343
CIRC_00299,GAB,1992,0
CIRC_00300,GAB,1992,2.31182795698925
CIRC_00301,COG,1992,53.65
CIRC_00302,GAB,1992,0
CIRC_00303,GMB,1992,0
CIRC_00304,GMB,1992,0
CIRC_00305,GMB,1992,0
CIRC_00306,DEU,1992,63
CIRC_00307,DEU,1992,56.3732394366197
CIRC_00308,DEU,1992,10.66
CIRC_00309,DEU,1992,61.3566878980892
CIRC_00310,DEU,1992,16.8321678321678
CIRC_00311,GHA,1992,57.4126984126984
CIRC_00312,GHA,1992,55.1195652173913
CIRC_00313,GHA,1992,9.31868131868132
CIRC_00314,GHA,1992,0
CIRC_00315,GNB,1992,12.6
CIRC_00316,GNB,1992,0
CIRC_00317,GNB,1992,0.210526315789474
CIRC_00318,GNB,1992,0
CIRC_00319,GNB,1992,0
CIRC_00320,GRC,1992,62.9421487603306
CIRC_00321,GRC,1992,31.2307692307692
CIRC_00322,GRC,1992,0.594339622641509
CIRC_00323,GRC,1992,62.5138888888889
CIRC_00324,USA,1992,62.9230769230769
CIRC_00325,GRC,1992,62.9180327868853
CIRC_00326,GRC,1992,17.2424242424242
CIRC_00327,GEO,1992,48.256
CIRC_00328,GEO,1992,13.464
CIRC_00329,GEO,1992,0
CIRC_00330,GEO,1992,24.28125
CIRC_00331,FRA,1992,63
CIRC_00332,GTM,1992,60.1443298969072
CIRC_00333,GTM,1992,1.03125
CIRC_00334,GTM,1992,5.26041666666667
CIRC_00335,GIN,1992,0
CIRC_00336,GIN,1992,0
CIRC_00337,GIN,1992,0
CIRC_00338,GIN,1992,29.0952380952381
CIRC_00339,GIN,1992,0.977777777777779
CIRC_00340,GIN,1992,0
CIRC_00341,GUY,1992,27.8115942028985
CIRC_00342,GUY,1992,1.61904761904762
CIRC_00343,GUY,1992,0
CIRC_00344,USA,1992,62.96
CIRC_00345,GUY,1992,13.5760869565217
CIRC_00346,GUY,1992,0
CIRC_00347,GUY,1992,1.6027397260274
CIRC_00348,HTI,1992,0
CIRC_00349,HTI,1992,42.1948051948052
CIRC_00350,HTI,1992,26.7553191489362
CIRC_00351,HTI,1992,0
CIRC_00352,HTI,1992,0.581395348837209
CIRC_00353,HTI,1992,0
CIRC_00354,HTI,1992,0
CIRC_00355,HTI,1992,0
CIRC_00356,HND,1992,13.8488372093023
CIRC_00357,HND,1992,54.5263157894737
CIRC_00358,HND,1992,50.6382978723404
CIRC_00359,PAN,1992,56.1666666666667
CIRC_00360,HND,1992,0
CIRC_00361,HND,1992,9.36458333333333
CIRC_00362,HND,1992,2.08620689655172
CIRC_00363,HND,1992,0.305263157894737
CIRC_00364,HND,1992,0
CIRC_00365,HUN,1992,6.29710144927536
CIRC_00366,HUN,1992,58.7971014492754
CIRC_00367,HUN,1992,0.361538461538461
CIRC_00368,HUN,1992,33.3115942028986
CIRC_00369,HUN,1992,6.55555555555556
CIRC_00370,HUN,1992,36.9774436090226
CIRC_00371,ISL,1992,62.7745098039216
CIRC_00372,ISL,1992,4.375
CIRC_00373,ISL,1992,62.7226890756303
CIRC_00374,IND,1992,50.2277227722772
CIRC_00375,IND,1992,2.7047619047619
CIRC_00376,IND,1992,5.93877551020408
CIRC_00377,IND,1992,49.6176470588235
CIRC_00378,IND,1992,1.49473684210526
CIRC_00379,PAK,1992,31.0630630630631
CIRC_00380,PAK,1992,0.174311926605505
CIRC_00381,IND,1992,5.5940594059406
CIRC_00382,IDN,1992,8.86170212765957
CIRC_00383,IDN,1992,6.14285714285714
CIRC_00384,IDN,1992,6.95789473684211
CIRC_00385,IDN,1992,33.9893617021277
CIRC_00386,IDN,1992,0
CIRC_00387,IDN,1992,30.531914893617
CIRC_00388,IRL,1992,11.0764331210191
CIRC_00389,IRL,1992,0
CIRC_00390,IRL,1992,17.3962264150943
CIRC_00391,IRL,1992,62.8783783783784
CIRC_00392,IRL,1992,14.4649681528663
CIRC_00393,IRL,1992,54.2866666666667
CIRC_00394,IRN,1992,6.92523364485981
CIRC_00395,IRN,1992,32.4181818181818
CIRC_00396,IRN,1992,12.4070796460177
CIRC_00397,IRN,1992,0
CIRC_00398,IRN,1992,62.7241379310345
CIRC_00399,IRQ,1992,17.1652173913044
CIRC_00400,USA,1992,14.2946428571429
CIRC_00401,USA,1992,26.1121495327103
CIRC_00402,USA,1992,63
CIRC_00403,IRQ,1992,62.9532710280374
CIRC_00404,IRQ,1992,47.4778761061947
CIRC_00405,IRQ,1992,20.0727272727273
CIRC_00406,IRQ,1992,63
CIRC_00407,BLR,1992,1.24666666666667
CIRC_00408,ISR,1992,62.7543859649123
CIRC_00409,BLR,1992,1.05696202531645
CIRC_00410,ISR,1992,63
CIRC_00411,ISR,1992,54.3981481481482
CIRC_00412,ISR,1992,60.8053097345133
CIRC_00413,ISR,1992,38
CIRC_00414,ISR,1992,62.8518518518519
CIRC_00415,ITA,1992,63
CIRC_00416,ITA,1992,58.6740740740741
CIRC_00417,ITA,1992,47.8192771084337
CIRC_00418,ITA,1992,62.8962962962963
CIRC_00419,ITA,1992,59.3488372093023
CIRC_00420,ITA,1992,25.328125
CIRC_00421,ITA,1992,63
CIRC_00422,ITA,1992,48.5294117647059
CIRC_00423,ITA,1992,45.3100775193799
CIRC_00424,ITA,1992,4.30833333333333
CIRC_00425,JAM,1992,27.5876288659794
CIRC_00426,JAM,1992,5.01075268817204
CIRC_00427,JAM,1992,15.5360824742268
CIRC_00428,JAM,1992,4.93814432989691
CIRC_00429,JAM,1992,35.1030927835052
CIRC_00430,JOR,1992,60.1495327102804
CIRC_00431,JPN,1992,63
CIRC_00432,JPN,1992,55.0353982300885
CIRC_00433,JPN,1992,63
CIRC_00434,JPN,1992,59.0217391304348
CIRC_00435,JPN,1992,42.0438596491228
CIRC_00436,JPN,1992,15.3392857142857
CIRC_00437,JPN,1992,15.0779220779221
CIRC_00438,JPN,1992,25.1130434782609
CIRC_00439,JPN,1992,60.4788732394366
CIRC_00440,JPN,1992,60.3130434782609
CIRC_00441,JPN,1992,52.2636363636364
CIRC_00442,JPN,1992,63
CIRC_00443,JPN,1992,51.1538461538462
CIRC_00444,JPN,1992,62.1650485436893
CIRC_00445,JPN,1992,21.0608695652174
CIRC_00446,JPN,1992,63
CIRC_00447,KEN,1992,0
CIRC_00448,KEN,1992,1.08602150537634
CIRC_00449,KEN,1992,54.8556701030928
CIRC_00450,KEN,1992,0
CIRC_00451,XKO,1992,1.42276422764228
CIRC_00452,XKO,1992,21.712
CIRC_00453,XKO,1992,2.89516129032258
CIRC_00454,XKO,1992,21.2460317460317
CIRC_00455,XKO,1992,2.512
CIRC_00456,KWT,1992,63
CIRC_00457,KWT,1992,5.98095238095238
CIRC_00458,KGZ,1992,0.716535433070866
CIRC_00459,KGZ,1992,22.8918918918919
CIRC_00460,KGZ,1992,53
CIRC_00461,KGZ,1992,5.78861788617887
CIRC_00462,KGZ,1992,3.72357723577236
CIRC_00463,KGZ,1992,0
CIRC_00464,KGZ,1992,6.65079365079366
CIRC_00465,KAZ,1992,9.67441860465116
CIRC_00466,KAZ,1992,55.2142857142857
CIRC_00467,LAO,1992,5.70833333333333
CIRC_00468,THA,1992,12.5142857142857
CIRC_00469,LAO,1992,0
CIRC_00470,LAO,1992,0
CIRC_00471,LAO,1992,0
CIRC_00472,LVA,1992,55.4825581395349
CIRC_00473,LVA,1992,2.17730496453901
CIRC_00474,RUS,1992,0
CIRC_00475,LVA,1992,19.9529411764706
CIRC_00476,LVA,1992,1.19565217391304
CIRC_00477,LVA,1992,0
CIRC_00478,LVA,1992,0
CIRC_00479,USA,1992,62.5948275862069
CIRC_00480,LBR,1992,0
CIRC_00481,LBR,1992,0
CIRC_00482,LBR,1992,0
CIRC_00483,LBR,1992,0
CIRC_00484,LBR,1992,0
CIRC_00485,LBR,1992,0
CIRC_00486,LBR,1992,0
CIRC_00487,LBR,1992,7.86842105263158
CIRC_00488,LBN,1992,25.3423423423424
CIRC_00489,LBN,1992,26.787610619469
CIRC_00490,LBN,1992,35
CIRC_00491,LBN,1992,25.2537313432836
CIRC_00492,LBN,1992,61.2931034482759
CIRC_00493,LBN,1992,55.5
CIRC_00494,LBN,1992,26.9324324324324
CIRC_00495,LSO,1992,0
CIRC_00496,LSO,1992,0.509433962264151
CIRC_00497,LSO,1992,2.53703703703704
CIRC_00498,LSO,1992,0.663461538461538
CIRC_00499,LSO,1992,0.361111111111111
CIRC_00500,LSO,1992,23.5584415584415
CIRC_00501,LSO,1992,0.292682926829268
CIRC_00502,LSO,1992,0
CIRC_00503,LBY,1992,8.16964285714285
CIRC_00504,LBY,1992,34.5963302752294
CIRC_00505,LBY,1992,62.8970588235294
CIRC_00506,LBY,1992,60.5428571428572
CIRC_00507,LBY,1992,22.4179104477612
CIRC_00508,LBY,1992,9.7787610619469
CIRC_00509,LBY,1992,62.9852941176471
CIRC_00510,LBY,1992,49.0416666666667
CIRC_00511,LTU,1992,40.9259259259259
CIRC_00512,LTU,1992,11.715976331361
CIRC_00513,LTU,1992,8.43452380952382
CIRC_00514,LTU,1992,45.055900621118
CIRC_00515,LTU,1992,30.84375
CIRC_00516,LUX,1992,17.4666666666667
CIRC_00517,LUX,1992,10.1048951048951
CIRC_00518,LUX,1992,53.0890410958904
CIRC_00519,LUX,1992,45.3055555555556
CIRC_00520,MRT,1992,0
CIRC_00521,MRT,1992,33.1443298969072
CIRC_00522,MRT,1992,0
CIRC_00523,MRT,1992,0
CIRC_00524,MRT,1992,0
CIRC_00525,MRT,1992,0
CIRC_00526,MKD,1992,8.50833333333334
CIRC_00527,BIH,1992,0
CIRC_00528,MKD,1992,42.256
CIRC_00529,MKD,1992,2.50393700787402
CIRC_00530,MKD,1992,3
CIRC_00531,MKD,1992,10.8114754098361
CIRC_00532,MKD,1992,14.72
CIRC_00533,MDG,1992,0
CIRC_00534,MDG,1992,0
CIRC_00535,MDG,1992,2.16
CIRC_00536,MDG,1992,0
CIRC_00537,MDG,1992,3.49484536082474
CIRC_00538,MDG,1992,0
CIRC_00539,MYS,1992,22.6739130434783
CIRC_00540,MYS,1992,21.5428571428571
CIRC_00541,MYS,1992,3.28260869565218
CIRC_00542,MYS,1992,20.6478873239437
CIRC_00543,MYS,1992,0
CIRC_00544,MYS,1992,17.9148936170213
CIRC_00545,MUS,1992,25.1326530612245
CIRC_00546,MUS,1992,22.4574468085106
CIRC_00547,MUS,1992,17.9285714285714
CIRC_00548,MWI,1992,3.79381443298969
CIRC_00549,MWI,1992,0.360824742268042
CIRC_00550,MWI,1992,2.92708333333334
CIRC_00551,MWI,1992,2.01030927835052
CIRC_00552,MWI,1992,0
CIRC_00553,MWI,1992,33.6836734693877
CIRC_00554,MEX,1992,63
CIRC_00555,MEX,1992,55.3092783505155
CIRC_00556,MEX,1992,16.6326530612245
CIRC_00557,MEX,1992,2.375
CIRC_00558,MDA,1992,3.77857142857143
CIRC_00559,MDA,1992,3.3
CIRC_00560,MDA,1992,1.93283582089552
CIRC_00561,RUS,1992,0
CIRC_00562,MDA,1992,14.1824817518248
CIRC_00563,MDA,1992,6.13970588235294
CIRC_00564,MDA,1992,6.11678832116789
CIRC_00565,MDA,1992,3.76119402985075
CIRC_00566,MDA,1992,53.6131386861314
CIRC_00567,MDA,1992,9.92086330935252
CIRC_00568,MDA,1992,8.98095238095239
CIRC_00569,MDA,1992,9.37226277372263
CIRC_00570,MDA,1992,7.66911764705882
CIRC_00571,MDA,1992,5.2043795620438
CIRC_00572,MDA,1992,50.0597014925373
CIRC_00573,MDA,1992,2.53719008264463
CIRC_00574,MDA,1992,12.9712230215827
CIRC_00575,MLI,1992,4.18947368421053
CIRC_00576,MLI,1992,1.68421052631579
CIRC_00577,MLI,1992,0
CIRC_00578,MLI,1992,1.44210526315789
CIRC_00579,MLI,1992,1.69473684210526
CIRC_00580,MLI,1992,0
CIRC_00581,MLI,1992,0.924731182795699
CIRC_00582,MLT,1992,61.7570093457944
CIRC_00583,MLT,1992,62.2446808510638
CIRC_00584,MLT,1992,61.3369565217391
CIRC_00585,MLT,1992,62.1475409836066
CIRC_00586,MNG,1992,0
CIRC_00587,MNG,1992,0
CIRC_00588,MNG,1992,0
CIRC_00589,MNG,1992,40.4525547445256
CIRC_00590,MNG,1992,0
CIRC_00591,MAR,1992,56.3690476190476
CIRC_00592,MMR,1992,30.2244897959184
CIRC_00593,MMR,1992,0
CIRC_00594,MMR,1992,0
CIRC_00595,MMR,1992,54.5909090909091
CIRC_00596,MMR,1992,4.87878787878788
CIRC_00597,MOZ,1992,0
CIRC_00598,MOZ,1992,0
CIRC_00599,MOZ,1992,0
CIRC_00600,NAM,1992,0.752577319587628
CIRC_00601,NAM,1992,0
CIRC_00602,NAM,1992,11.8061224489796
CIRC_00603,NPL,1992,46.8396226415094
CIRC_00604,IND,1992,46.8076923076923
CIRC_00605,IND,1992,3.19230769230769
CIRC_00606,NPL,1992,0
CIRC_00607,NPL,1992,0
CIRC_00608,NPL,1992,0
CIRC_00609,NPL,1992,5.46153846153847
CIRC_00610,NPL,1992,3.63636363636364
CIRC_00611,NPL,1992,0
CIRC_00612,NPL,1992,0
CIRC_00613,NPL,1992,0
CIRC_00614,NPL,1992,14.5533980582524
CIRC_00615,NPL,1992,0
CIRC_00616,NZL,1992,8.09090909090909
CIRC_00617,NZL,1992,11.4102564102564
CIRC_00618,NZL,1992,5.36231884057971
CIRC_00619,NZL,1992,5.38059701492537
CIRC_00620,NZL,1992,0
CIRC_00621,NZL,1992,60.7534246575343
CIRC_00622,NZL,1992,0
CIRC_00623,NZL,1992,37.6
CIRC_00624,NZL,1992,21.0330578512397
CIRC_00625,NZL,1992,54.6589147286822
CIRC_00626,NIC,1992,0
CIRC_00627,NIC,1992,6.36842105263157
CIRC_00628,NIC,1992,45.8105263157895
CIRC_00629,NIC,1992,15.7222222222222
CIRC_00630,NGA,1992,20.063829787234
CIRC_00631,NGA,1992,56.2272727272727
CIRC_00632,NGA,1992,52.3894736842105
CIRC_00633,NGA,1992,33.7234042553192
CIRC_00634,NGA,1992,42.4315789473684
CIRC_00635,NGA,1992,18.956043956044
CIRC_00636,NGA,1992,6.49473684210526
CIRC_00637,NER,1992,0.291666666666667
CIRC_00638,NER,1992,10.5154639175258
CIRC_00639,NER,1992,1.14583333333333
CIRC_00640,NER,1992,37.4787234042553
CIRC_00641,NER,1992,0.436170212765957
CIRC_00642,NER,1992,0
CIRC_00643,NER,1992,0
CIRC_00644,NER,1992,0
CIRC_00645,NER,1992,0
CIRC_00646,NOR,1992,34.5182481751825
CIRC_00647,NOR,1992,52.3791208791209
CIRC_00648,NOR,1992,59.9506172839506
CIRC_00649,NOR,1992,37.75
CIRC_00650,NOR,1992,8.6775956284153
CIRC_00651,NOR,1992,61.3846153846154
CIRC_00652,NOR,1992,53.7086092715232
CIRC_00653,NLD,1992,61.112582781457
CIRC_00654,NLD,1992,20.5430463576159
CIRC_00655,NLD,1992,20.7573529411765
CIRC_00656,NLD,1992,60.8111888111888
CIRC_00657,OMN,1992,43.9484536082474
CIRC_00658,OMN,1992,48.1818181818182
CIRC_00659,PAK,1992,62.7340425531915
CIRC_00660,PAK,1992,4.73076923076923
CIRC_00661,PAK,1992,62.1698113207547
CIRC_00662,PAK,1992,5.26923076923077
CIRC_00663,PAK,1992,13.7641509433962
CIRC_00664,IND,1992,61.5961538461539
CIRC_00665,PAK,1992,56.0467289719626
CIRC_00666,PAK,1992,0
CIRC_00667,PAK,1992,62.9464285714286
CIRC_00668,PAK,1992,1.60747663551402
CIRC_00669,PAN,1992,55.6724137931035
CIRC_00670,PAN,1992,0
CIRC_00671,PAN,1992,15.0652173913043
CIRC_00672,PRY,1992,0
CIRC_00673,PRY,1992,56.9803921568628
CIRC_00674,PRY,1992,10.5922330097087
CIRC_00675,PRY,1992,0
CIRC_00676,PRY,1992,53.1555555555556
CIRC_00677,PER,1992,62.9157894736842
CIRC_00678,PER,1992,28.25
CIRC_00679,PER,1992,0
CIRC_00680,PER,1992,62.8020833333333
CIRC_00681,PER,1992,8.08602150537634
CIRC_00682,PER,1992,0.428571428571429
CIRC_00683,PHL,1992,0
CIRC_00684,PHL,1992,3.2808988764045
CIRC_00685,PHL,1992,62.9824561403509
CIRC_00686,PHL,1992,62.979381443299
CIRC_00687,PHL,1992,63
CIRC_00688,PHL,1992,0.391304347826087
CIRC_00689,PHL,1992,63
CIRC_00690,PNG,1992,0
CIRC_00691,PNG,1992,0
CIRC_00692,PNG,1992,0
CIRC_00693,PNG,1992,35.2747252747253
CIRC_00694,PNG,1992,0
CIRC_00695,PNG,1992,9.5
CIRC_00696,PNG,1992,0
CIRC_00697,PNG,1992,0
CIRC_00698,POL,1992,3
CIRC_00699,POL,1992,2.11688311688312
CIRC_00700,POL,1992,5.26875
CIRC_00701,POL,1992,62.6754966887417
CIRC_00702,POL,1992,8.52702702702703
CIRC_00703,POL,1992,4.71518987341772
CIRC_00704,POL,1992,36.2123287671233
CIRC_00705,POL,1992,57.0833333333333
CIRC_00706,POL,1992,39.6785714285714
CIRC_00707,PRT,1992,60.515625
CIRC_00708,PRT,1992,23.4601769911505
CIRC_00709,PRK,1992,31.4705882352941
CIRC_00710,RUS,1992,2.11188811188811
CIRC_00711,QAT,1992,62.8470588235294
CIRC_00712,KOR,1992,24.2966101694915
CIRC_00713,KOR,1992,16.8076923076923
CIRC_00714,KOR,1992,4.70212765957447
CIRC_00715,KOR,1992,21.4298245614035
CIRC_00716,JPN,1992,63
CIRC_00717,KOR,1992,61.1916666666667
CIRC_00718,KOR,1992,62.1083333333333
CIRC_00719,KOR,1992,10.7735849056604
CIRC_00720,KOR,1992,62.2719298245614
CIRC_00721,ROU,1992,59.2824427480916
CIRC_00722,ROU,1992,14.9923664122137
CIRC_00723,UKR,1992,17.2424242424242
CIRC_00724,ROU,1992,0
CIRC_00725,ROU,1992,0.811594202898553
CIRC_00726,ROU,1992,23.2014925373134
CIRC_00727,ROU,1992,4.63157894736842
CIRC_00728,ROU,1992,21.8776978417266
CIRC_00729,ROU,1992,5.52631578947368
CIRC_00730,ROU,1992,10.1705426356589
CIRC_00731,ROU,1992,23.5220588235294
CIRC_00732,RUS,1992,4.98496240601504
CIRC_00733,RUS,1992,3.94736842105263
CIRC_00734,RUS,1992,62.6918918918919
CIRC_00735,RWA,1992,2.86885245901639
CIRC_00736,RWA,1992,6.01086956521739
CIRC_00737,RWA,1992,0
CIRC_00738,ZAF,1992,62.9901960784314
CIRC_00739,ZAF,1992,0.446428571428572
CIRC_00740,ZAF,1992,0
CIRC_00741,ZAF,1992,62.6
CIRC_00742,ZAF,1992,0
CIRC_00743,ZAF,1992,61.9405940594059
CIRC_00744,SLV,1992,53.8924731182796
CIRC_00745,SLV,1992,25.5520833333333
CIRC_00746,SLV,1992,1.45263157894737
CIRC_00747,SLV,1992,0.79381443298969
CIRC_00748,SLV,1992,1.44329896907217
CIRC_00749,SAU,1992,63
CIRC_00750,SEN,1992,0
CIRC_00751,SEN,1992,1.16326530612245
CIRC_00752,SEN,1992,0
CIRC_00753,SRB,1992,54.4140625
CIRC_00754,SRB,1992,11.648
CIRC_00755,XKO,1992,14.1190476190476
CIRC_00756,SLE,1992,0
CIRC_00757,SLE,1992,14.9387755102041
CIRC_00758,SLE,1992,0
CIRC_00759,SLE,1992,0
CIRC_00760,SLE,1992,0
CIRC_00761,SLE,1992,0
CIRC_00762,SGP,1992,62.1216216216216
CIRC_00763,SGP,1992,62.6739130434783
CIRC_00764,SVK,1992,24.0699300699301
CIRC_00765,SVK,1992,7.54929577464789
CIRC_00766,SVK,1992,11.4859154929577
CIRC_00767,SVK,1992,20.936170212766
CIRC_00768,SVK,1992,19.9712230215827
CIRC_00769,SVK,1992,27.568345323741
CIRC_00770,SVK,1992,5.49038461538462
CIRC_00771,SVN,1992,0.970588235294118
CIRC_00772,SVN,1992,1.02362204724409
CIRC_00773,SVN,1992,22.6222222222222
CIRC_00774,SVN,1992,43.4666666666667
CIRC_00775,SVN,1992,7.38167938931298
CIRC_00776,SVN,1992,7.23134328358209
CIRC_00777,SVN,1992,14.2873563218391
CIRC_00778,SLB,1992,0
CIRC_00779,SLB,1992,0
CIRC_00780,SLB,1992,0
CIRC_00781,SLB,1992,0
CIRC_00782,SLB,1992,0
CIRC_00783,SLB,1992,0
CIRC_00784,SLB,1992,0
CIRC_00785,SLB,1992,0
CIRC_00786,ETH,1992,0
CIRC_00787,SOM,1992,0
CIRC_00788,SOM,1992,7.09433962264151
CIRC_00789,ESP,1992,62.025641025641
CIRC_00790,ESP,1992,63
CIRC_00791,ESP,1992,56.4435483870968
CIRC_00792,ESP,1992,43.7049180327869
CIRC_00793,LKA,1992,61.8666666666667
CIRC_00794,LKA,1992,8.30526315789474
CIRC_00795,LKA,1992,2.47311827956989
CIRC_00796,LKA,1992,16.6170212765957
CIRC_00797,LKA,1992,10.7216494845361
CIRC_00798,SSD,1992,0
CIRC_00799,SDN,1992,2.61764705882353
CIRC_00800,SDN,1992,0
CIRC_00801,SUR,1992,33.2857142857143
CIRC_00802,SUR,1992,0
CIRC_00803,SUR,1992,5.74444444444444
CIRC_00804,SUR,1992,7.70103092783505
CIRC_00805,SWZ,1992,13.7211538461538
CIRC_00806,SWE,1992,44.9457831325301
CIRC_00807,SWE,1992,47.8142857142857
CIRC_00808,SWE,1992,14.0386740331492
CIRC_00809,SWE,1992,62.9939024390244
CIRC_00810,SWE,1992,43.7158469945356
CIRC_00811,SWE,1992,47.8734939759036
CIRC_00812,CHE,1992,34.5661764705882
CIRC_00813,CHE,1992,31.6992481203008
CIRC_00814,CHE,1992,33.7313432835821
CIRC_00815,CHE,1992,6.07462686567165
CIRC_00816,CHE,1992,55.7
CIRC_00817,CHE,1992,16.2554744525547
CIRC_00818,CHE,1992,28.7364341085271
CIRC_00819,CHE,1992,20.7333333333333
CIRC_00820,CHE,1992,28.1703703703704
CIRC_00821,CHE,1992,14.4275362318841
CIRC_00822,CHE,1992,40.3382352941177
CIRC_00823,CHE,1992,22.0882352941176
CIRC_00824,CHE,1992,15.2992700729927
CIRC_00825,CHE,1992,18.4656488549618
CIRC_00826,CHE,1992,30.536231884058
CIRC_00827,CHE,1992,22.7826086956522
CIRC_00828,CHE,1992,27.4222222222222
CIRC_00829,CHE,1992,5.83211678832117
CIRC_00830,CHE,1992,13.7954545454545
CIRC_00831,CHE,1992,23.2307692307692
CIRC_00832,CHE,1992,15.043795620438
CIRC_00833,SYR,1992,15.1379310344828
CIRC_00834,SYR,1992,61.8648648648649
CIRC_00835,TJK,1992,4.52991452991453
CIRC_00836,TJK,1992,45.2540983606557
CIRC_00837,TJK,1992,0
CIRC_00838,TJK,1992,16.8103448275862
CIRC_00839,TWN,1992,16.5479452054795
CIRC_00840,TWN,1992,14.98
CIRC_00841,HKG,1992,63
CIRC_00842,TWN,1992,62.6862745098039
CIRC_00843,TZA,1992,0
CIRC_00844,TZA,1992,0
CIRC_00845,TZA,1992,0
CIRC_00846,TZA,1992,0
CIRC_00847,TZA,1992,0
CIRC_00848,THA,1992,63
CIRC_00849,THA,1992,63
CIRC_00850,THA,1992,62.46875
CIRC_00851,THA,1992,12.2872340425532
CIRC_00852,THA,1992,21.0625
CIRC_00853,THA,1992,62.9462365591398
CIRC_00854,THA,1992,5.88659793814433
CIRC_00855,THA,1992,5.76288659793814
CIRC_00856,THA,1992,2.01052631578947
CIRC_00857,GBR,1992,62.9754601226994
CIRC_00858,THA,1992,36.6947368421053
CIRC_00859,TKM,1992,22.6363636363636
CIRC_00860,TKM,1992,13.9831932773109
CIRC_00861,TKM,1992,52.2086956521739
CIRC_00862,TGO,1992,0
CIRC_00863,TGO,1992,4.26315789473684
CIRC_00864,TGO,1992,0
CIRC_00865,TTO,1992,24.2459016393443
CIRC_00866,TTO,1992,45.0746268656717
CIRC_00867,TTO,1992,13.3368421052632
CIRC_00868,TTO,1992,4.08108108108108
CIRC_00869,TTO,1992,13.8505747126437
CIRC_00870,TUN,1992,51.7333333333333
CIRC_00871,TUN,1992,14.2568807339449
CIRC_00872,TUN,1992,61.752688172043
CIRC_00873,TUN,1992,13.6608695652174
CIRC_00874,TUN,1992,58.4318181818182
CIRC_00875,TUN,1992,9.71304347826087
CIRC_00876,TUN,1992,22.8533333333333
CIRC_00877,TUR,1992,24.0583333333334
CIRC_00878,TUR,1992,61.0769230769231
CIRC_00879,TUR,1992,3.48275862068966
CIRC_00880,TUR,1992,62.1034482758621
CIRC_00881,TUR,1992,8.09090909090909
CIRC_00882,TUR,1992,48.8512396694215
CIRC_00883,TUR,1992,60.4945054945055
CIRC_00884,ARE,1992,60.9047619047619
CIRC_00885,ARE,1992,58.1666666666667
CIRC_00886,UGA,1992,0
CIRC_00887,GBR,1992,30.4900662251656
CIRC_00888,GBR,1992,24.6986301369863
CIRC_00889,GBR,1992,62.9178082191781
CIRC_00890,GBR,1992,51.2
CIRC_00891,GBR,1992,49.1724137931035
CIRC_00892,USA,1992,63
CIRC_00893,GBR,1992,49.682119205298
CIRC_00894,GBR,1992,60.0839694656489
CIRC_00895,UKR,1992,0.768707482993198
CIRC_00896,UKR,1992,11.3223684210526
CIRC_00897,UKR,1992,0.0939597315436244
CIRC_00898,UKR,1992,41.8
CIRC_00899,UKR,1992,58.8510638297872
CIRC_00900,UKR,1992,11.6384615384615
CIRC_00901,UKR,1992,58.3115942028985
CIRC_00902,URY,1992,57.75
CIRC_00903,URY,1992,58.8681318681319
CIRC_00904,USA,1992,60.1666666666667
CIRC_00905,USA,1992,22.3391304347826
CIRC_00906,USA,1992,62.5
CIRC_00907,USA,1992,62.2222222222222
CIRC_00908,USA,1992,63
CIRC_00909,USA,1992,59.6532258064516
CIRC_00910,UZB,1992,42.2148760330578
CIRC_00911,UZB,1992,61.7177419354839
CIRC_00912,UZB,1992,9.89075630252101
CIRC_00913,VEN,1992,20.4315789473684
CIRC_00914,VEN,1992,19.8555555555556
CIRC_00915,VEN,1992,1.48453608247423
CIRC_00916,VEN,1992,11.5054945054945
CIRC_00917,VEN,1992,62.9673913043478
CIRC_00918,YEM,1992,4.30208333333333
CIRC_00919,YEM,1992,0
CIRC_00920,YEM,1992,5.41237113402062
CIRC_00921,SRB,1992,18.6328125
CIRC_00922,MNE,1992,6.52586206896552
CIRC_00923,ZMB,1992,0
CIRC_00924,ZMB,1992,36.0842105263158
CIRC_00925,ZMB,1992,24.34375
CIRC_00926,ZWE,1992,0
CIRC_00927,ZMB,1992,0
CIRC_00928,ZMB,1992,11.64
CIRC_00929,ZMB,1992,36.7604166666667
CIRC_00930,ZMB,1992,0
CIRC_00931,ZWE,1992,0
CIRC_00932,ZWE,1992,8.0618556701031
CIRC_00933,COM,1992,0
CIRC_00934,MDV,1992,30.3333333333333
CIRC_00935,SAU,1992,63
CIRC_00936,ISR,1992,61.2222222222222
CIRC_00937,COM,1992,0
CIRC_00938,COM,1992,0.322222222222222
CIRC_00941,LBY,1992,62.8923076923077
CIRC_00942,SGP,1992,62.9294117647059
CIRC_00943,MKD,1992,41.3360655737705
CIRC_00945,QAT,1992,62.8809523809524
CIRC_00946,MDA,1992,8.53787878787879
CIRC_00947,SGP,1992,62.5647058823529
CIRC_00948,LSO,1992,0.688679245283019
CIRC_00949,MDA,1992,3.61151079136691
CIRC_00950,COM,1992,1.88888888888889
CIRC_00951,LSO,1992,0
CIRC_00952,MUS,1992,32.0135135135135
CIRC_00953,ISR,1992,63
CIRC_00954,TKM,1992,22.2782608695652
CIRC_00955,LBY,1992,22.5454545454545
CIRC_00956,ISR,1992,37.7053571428572
CIRC_00957,MUS,1992,19.7216494845361
CIRC_00958,GTM,1992,60.1340206185567
CIRC_00959,MDA,1992,13.9202898550725
CIRC_00960,ISR,1992,62.8205128205128
CIRC_00961,SSD,1992,0
CIRC_00962,CYP,1992,52.4133333333333
CIRC_00964,LSO,1992,26.7619047619048
CIRC_00965,MDA,1992,6.24087591240876
CIRC_00001,AFG,1993,0
CIRC_00002,AFG,1993,6.8125
CIRC_00003,AFG,1993,0
CIRC_00004,AFG,1993,0
CIRC_00005,AFG,1993,0.277777777777777
CIRC_00006,AFG,1993,0
CIRC_00007,AFG,1993,0
CIRC_00008,ALB,1993,8.98387096774194
CIRC_00009,ALB,1993,0
CIRC_00010,ALB,1993,20.2704918032787
CIRC_00011,ALB,1993,0.583333333333333
CIRC_00012,DZA,1993,5.07964601769911
CIRC_00013,DZA,1993,27.2869565217391
CIRC_00014,DZA,1993,8.29565217391304
CIRC_00015,DZA,1993,28.1754385964912
CIRC_00016,MAR,1993,39.2631578947369
CIRC_00017,DZA,1993,1.97368421052632
CIRC_00018,DZA,1993,18.2972972972973
CIRC_00019,AGO,1993,50.5490196078431
CIRC_00020,AGO,1993,21.7708333333333
CIRC_00021,ARG,1993,2.5981308411215
CIRC_00022,ARG,1993,62.6880733944954
CIRC_00023,ARG,1993,12.4615384615385
CIRC_00024,ARG,1993,40.6272727272727
CIRC_00025,ARG,1993,63
CIRC_00026,ARG,1993,28.6944444444444
CIRC_00027,ARG,1993,54.7739130434783
CIRC_00028,ARG,1993,36.3130434782609
CIRC_00029,ARG,1993,62.8988764044944
CIRC_00030,ARG,1993,62.9651162790698
CIRC_00031,SYR,1993,2.0695652173913
CIRC_00032,AZE,1993,4.22314049586777
CIRC_00033,ARM,1993,29.3821138211382
CIRC_00034,ARM,1993,29.6302521008403
CIRC_00035,ARM,1993,1.92372881355932
CIRC_00036,AUS,1993,3.79487179487179
CIRC_00037,AUS,1993,63
CIRC_00038,AUS,1993,15.0380952380952
CIRC_00039,GBR,1993,42.563829787234
CIRC_00040,GBR,1993,63
CIRC_00041,AUS,1993,62.9886363636364
CIRC_00042,AUT,1993,61.2
CIRC_00043,AUT,1993,39.7205882352941
CIRC_00044,AUT,1993,26.7304964539007
CIRC_00045,AUT,1993,3.09929078014184
CIRC_00046,AUT,1993,56.0503597122302
CIRC_00047,AUT,1993,58.8776978417266
CIRC_00048,AUT,1993,10.4244604316547
CIRC_00049,CHE,1993,12.7299270072993
CIRC_00050,AZE,1993,59.0740740740741
CIRC_00051,AZE,1993,3.5655737704918
CIRC_00052,AZE,1993,58.9615384615385
CIRC_00053,AZE,1993,14.4838709677419
CIRC_00054,BHR,1993,57.3333333333333
CIRC_00055,BHR,1993,62.88
CIRC_00056,BRB,1993,52.5875
CIRC_00057,BRB,1993,14.4736842105263
CIRC_00058,BRB,1993,20.0277777777778
CIRC_00059,BRB,1993,17.5833333333333
CIRC_00060,BEL,1993,40.2
CIRC_00061,FRA,1993,61.5354330708662
CIRC_00062,BEL,1993,52.8321678321678
CIRC_00063,BEL,1993,39.7142857142857
CIRC_00064,BEL,1993,62.6442953020134
CIRC_00065,BEL,1993,49.7430555555556
CIRC_00066,BEL,1993,51.0884353741497
CIRC_00067,BEL,1993,62.9319727891157
CIRC_00068,BEL,1993,60.8013698630137
CIRC_00069,BEN,1993,0
CIRC_00070,TGO,1993,54.2
CIRC_00071,BEN,1993,0
CIRC_00072,BEN,1993,4.34782608695652
CIRC_00073,BFA,1993,43.6
CIRC_00074,BFA,1993,3.78723404255319
CIRC_00075,BFA,1993,1.34736842105263
CIRC_00076,BFA,1993,45
CIRC_00077,BFA,1993,0
CIRC_00078,BHS,1993,60.2962962962963
CIRC_00079,BHS,1993,37.0128205128205
CIRC_00080,BHS,1993,56.5806451612903
CIRC_00081,BTN,1993,6.00925925925926
CIRC_00082,BTN,1993,0
CIRC_00083,BTN,1993,0
CIRC_00084,BTN,1993,1.86538461538462
CIRC_00085,BTN,1993,0
CIRC_00086,BTN,1993,0
CIRC_00087,BLR,1993,59.1863354037267
CIRC_00088,BLR,1993,2.4
CIRC_00089,BLR,1993,1.49685534591195
CIRC_00090,BLZ,1993,34.4285714285714
CIRC_00091,BLZ,1993,6.78571428571429
CIRC_00092,BLZ,1993,10.1111111111111
CIRC_00093,IND,1993,5.18269230769231
CIRC_00094,BGD,1993,0.653465346534654
CIRC_00095,BGD,1993,3.95049504950495
CIRC_00096,IND,1993,7.75728155339806
CIRC_00097,BGD,1993,0.0297029702970297
CIRC_00098,BGD,1993,24.72
CIRC_00099,BGD,1993,4.52884615384615
CIRC_00100,BOL,1993,56.9791666666667
CIRC_00101,BOL,1993,58.8350515463918
CIRC_00102,BOL,1993,60
CIRC_00103,BOL,1993,0
CIRC_00104,BOL,1993,1.6875
CIRC_00105,BIH,1993,0.300751879699248
CIRC_00106,BIH,1993,4.74615384615385
CIRC_00107,HRV,1993,1.44354838709677
CIRC_00108,BIH,1993,2.65079365079365
CIRC_00109,BIH,1993,2.35114503816794
CIRC_00110,BIH,1993,1.024
CIRC_00111,BIH,1993,0.727272727272728
CIRC_00112,BIH,1993,3.8062015503876
CIRC_00113,BIH,1993,4.26612903225807
CIRC_00114,BIH,1993,0
CIRC_00115,BIH,1993,0.330769230769231
CIRC_00116,BIH,1993,0.542635658914729
CIRC_00117,BIH,1993,11.6953125
CIRC_00118,BIH,1993,0.253968253968254
CIRC_00119,BIH,1993,0.615384615384615
CIRC_00120,BWA,1993,3.69607843137255
CIRC_00121,BWA,1993,0
CIRC_00122,GBR,1993,59.4895104895105
CIRC_00123,BWA,1993,0.833333333333334
CIRC_00124,BRA,1993,10.1318681318681
CIRC_00125,BRA,1993,62.2083333333333
CIRC_00126,BRA,1993,52.1010101010101
CIRC_00127,BRA,1993,7.28421052631579
CIRC_00128,BRA,1993,62.34375
CIRC_00129,BRA,1993,20.82
CIRC_00130,BRA,1993,2.68932038834951
CIRC_00131,BRN,1993,51.4044943820225
CIRC_00132,BDI,1993,0
CIRC_00133,BDI,1993,0
CIRC_00134,BDI,1993,30.2872340425532
CIRC_00135,BDI,1993,0
CIRC_00136,BDI,1993,0
CIRC_00137,BDI,1993,2.85227272727273
CIRC_00138,BDI,1993,0
CIRC_00139,BDI,1993,0.106382978723404
CIRC_00140,BGR,1993,0.48854961832061
CIRC_00141,RUS,1993,63
CIRC_00142,BGR,1993,1.7578125
CIRC_00143,BGR,1993,60.5079365079365
CIRC_00144,BGR,1993,10
CIRC_00145,BGR,1993,40.952
CIRC_00146,UKR,1993,44.5606060606061
CIRC_00147,BGR,1993,12.7007874015748
CIRC_00148,USA,1993,62.8305084745763
CIRC_00149,BGR,1993,13.432
CIRC_00150,BGR,1993,9.80645161290322
CIRC_00151,BGR,1993,4.82926829268293
CIRC_00152,BGR,1993,5.8
CIRC_00153,BGR,1993,23.1937984496124
CIRC_00154,KHM,1993,0
CIRC_00155,KHM,1993,29.1827956989247
CIRC_00156,KHM,1993,0
CIRC_00157,CAN,1993,55.703125
CIRC_00158,CAN,1993,33.6384615384615
CIRC_00159,CAN,1993,51.0518518518519
CIRC_00160,CAN,1993,62.9411764705882
CIRC_00161,CAN,1993,63
CIRC_00162,CAN,1993,62.9538461538462
CIRC_00163,CMR,1993,4.72340425531915
CIRC_00164,CPV,1993,0
CIRC_00165,CPV,1993,12.9491525423729
CIRC_00166,CPV,1993,0.793814432989691
CIRC_00167,CPV,1993,12.178947368421
CIRC_00168,CIV,1993,25.7717391304348
CIRC_00169,CIV,1993,0
CIRC_00170,CIV,1993,0
CIRC_00171,CIV,1993,11.3723404255319
CIRC_00172,CIV,1993,6.51086956521739
CIRC_00173,CAF,1993,26.8
CIRC_00174,CAF,1993,0
CIRC_00175,GAB,1993,2.28723404255319
CIRC_00176,CAF,1993,0
CIRC_00177,CAF,1993,0
CIRC_00178,TCD,1993,32.2676056338028
CIRC_00179,TCD,1993,1.08
CIRC_00180,TCD,1993,0
CIRC_00181,TCD,1993,32.5972222222222
CIRC_00182,CHL,1993,47.4038461538462
CIRC_00183,CHL,1993,56.1807228915663
CIRC_00184,CHL,1993,62.9203539823009
CIRC_00185,CHL,1993,36.7333333333333
CIRC_00186,CHN,1993,2.80555555555555
CIRC_00187,CHN,1993,32.537037037037
CIRC_00188,CHN,1993,14.566037735849
CIRC_00189,CHN,1993,62.8196721311475
CIRC_00190,COL,1993,59.8085106382979
CIRC_00191,COL,1993,50.3522727272727
CIRC_00192,COL,1993,60.7446808510638
CIRC_00193,COL,1993,61.7234042553192
CIRC_00194,COL,1993,5.30526315789474
CIRC_00195,MDG,1993,13.7567567567568
CIRC_00196,FRA,1993,5.30827067669173
CIRC_00197,COM,1993,0
CIRC_00198,COM,1993,0.106382978723404
CIRC_00199,COM,1993,0.0508474576271187
CIRC_00200,COM,1993,0
CIRC_00201,COM,1993,2.42592592592593
CIRC_00202,COM,1993,0
CIRC_00203,COG,1993,0.955555555555556
CIRC_00204,COG,1993,0
CIRC_00205,CRI,1993,55.8526315789474
CIRC_00206,NIC,1993,9.25531914893617
CIRC_00207,CRI,1993,62.8762886597938
CIRC_00208,CRI,1993,62.6170212765958
CIRC_00209,HRV,1993,9.61832061068702
CIRC_00210,HRV,1993,57.5777777777778
CIRC_00211,HRV,1993,3.89473684210526
CIRC_00212,HRV,1993,38.774647887324
CIRC_00213,CUB,1993,0.121212121212121
CIRC_00214,CUB,1993,5.54545454545455
CIRC_00215,XNC,1993,23.6065573770492
CIRC_00216,XNC,1993,56.7454545454546
CIRC_00217,XNC,1993,14.1826086956522
CIRC_00218,CYP,1993,6.6140350877193
CIRC_00219,CYP,1993,31.2888888888889
CIRC_00220,SVK,1993,17.1911764705882
CIRC_00221,CZE,1993,46.2253521126761
CIRC_00222,CZE,1993,60.9142857142857
CIRC_00223,CZE,1993,17.469696969697
CIRC_00224,CZE,1993,19.6438356164384
CIRC_00225,CZE,1993,37.6642857142857
CIRC_00226,CZE,1993,15.4855072463768
CIRC_00227,CZE,1993,22.8521126760563
CIRC_00228,CZE,1993,57.0958904109589
CIRC_00229,CZE,1993,9.61538461538462
CIRC_00230,SVK,1993,57.7086614173228
CIRC_00231,CZE,1993,12.758865248227
CIRC_00232,DNK,1993,12.3958333333333
CIRC_00233,DNK,1993,42.2
CIRC_00234,DNK,1993,2.01775147928994
CIRC_00235,DNK,1993,35.3290322580645
CIRC_00236,DNK,1993,59.9738562091503
CIRC_00237,DNK,1993,52.1217948717949
CIRC_00238,SOM,1993,0
CIRC_00239,ETH,1993,10.8510638297872
CIRC_00240,DOM,1993,5.27835051546392
CIRC_00241,DOM,1993,61.75
CIRC_00242,DOM,1993,52.5445544554456
CIRC_00243,DOM,1993,0
CIRC_00244,COD,1993,0
CIRC_00245,COD,1993,0
CIRC_00246,COD,1993,0
CIRC_00247,COD,1993,60.5760869565217
CIRC_00248,VNM,1993,3.55670103092784
CIRC_00249,VNM,1993,11.7254901960784
CIRC_00250,VNM,1993,0
CIRC_00251,VNM,1993,0
CIRC_00252,VNM,1993,9.6039603960396
CIRC_00253,ECU,1993,50.2903225806452
CIRC_00254,USA,1993,62.9818181818182
CIRC_00255,ECU,1993,59.2222222222222
CIRC_00256,ECU,1993,47.4731182795699
CIRC_00257,ECU,1993,27.1
CIRC_00258,ECU,1993,1.33766233766234
CIRC_00259,ECU,1993,59.4623655913979
CIRC_00260,USA,1993,62.9354838709678
CIRC_00261,EGY,1993,34.3693693693694
CIRC_00262,EGY,1993,63
CIRC_00263,EGY,1993,28.0275229357798
CIRC_00264,GNQ,1993,0
CIRC_00265,ERI,1993,17.0736842105263
CIRC_00266,EST,1993,27.0167597765363
CIRC_00267,EST,1993,0.813953488372093
CIRC_00268,EST,1993,19.0056179775281
CIRC_00269,EST,1993,56.9772727272727
CIRC_00270,EST,1993,3.34090909090909
CIRC_00271,EST,1993,35.3820224719101
CIRC_00272,ETH,1993,3.31578947368421
CIRC_00273,ETH,1993,1.57894736842105
CIRC_00274,ETH,1993,0
CIRC_00275,ETH,1993,0
CIRC_00276,TLS,1993,1.25454545454545
CIRC_00277,TLS,1993,13.5076923076923
CIRC_00278,TLS,1993,0.617021276595746
CIRC_00279,TLS,1993,13.1791044776119
CIRC_00280,TLS,1993,0
CIRC_00281,TLS,1993,0
CIRC_00282,FIN,1993,49.8947368421053
CIRC_00283,RUS,1993,33.3053435114504
CIRC_00284,FIN,1993,61.3698630136986
CIRC_00285,FIN,1993,32.6335078534032
CIRC_00286,FJI,1993,0
CIRC_00287,FJI,1993,0
CIRC_00288,FJI,1993,6.53125
CIRC_00289,FJI,1993,8.60674157303371
CIRC_00290,FJI,1993,0
CIRC_00291,FJI,1993,0
CIRC_00292,FJI,1993,0
CIRC_00293,FJI,1993,0
CIRC_00294,FRA,1993,11.1060606060606
CIRC_00295,FRA,1993,63
CIRC_00296,FRA,1993,63
CIRC_00297,FRA,1993,60.4475524475525
CIRC_00298,FRA,1993,52.9178082191781
CIRC_00299,GAB,1993,0
CIRC_00300,GAB,1993,3.11827956989247
CIRC_00301,COG,1993,49.6625
CIRC_00302,GAB,1993,0
CIRC_00303,GMB,1993,0
CIRC_00304,GMB,1993,0
CIRC_00305,GMB,1993,0.452631578947368
CIRC_00306,DEU,1993,62.8366013071895
CIRC_00307,DEU,1993,50.887323943662
CIRC_00308,DEU,1993,8.34
CIRC_00309,DEU,1993,61.1082802547771
CIRC_00310,DEU,1993,15.5104895104895
CIRC_00311,GHA,1993,61.9206349206349
CIRC_00312,GHA,1993,53.3913043478261
CIRC_00313,GHA,1993,10.8681318681319
CIRC_00314,GHA,1993,0
CIRC_00315,GNB,1993,15.9846153846154
CIRC_00316,GNB,1993,0
CIRC_00317,GNB,1993,0
CIRC_00318,GNB,1993,3.91666666666667
CIRC_00319,GNB,1993,0
CIRC_00320,GRC,1993,62.9834710743802
CIRC_00321,GRC,1993,35.5846153846154
CIRC_00322,GRC,1993,0.528301886792453
CIRC_00323,GRC,1993,62.0277777777778
CIRC_00324,USA,1993,63
CIRC_00325,GRC,1993,62.9754098360656
CIRC_00326,GRC,1993,17.3939393939394
CIRC_00327,GEO,1993,43.12
CIRC_00328,GEO,1993,11.816
CIRC_00329,GEO,1993,1.18548387096774
CIRC_00330,GEO,1993,25.7265625
CIRC_00331,FRA,1993,63
CIRC_00332,GTM,1993,58.6288659793815
CIRC_00333,GTM,1993,1.14583333333333
CIRC_00334,GTM,1993,7.10416666666667
CIRC_00335,GIN,1993,0
CIRC_00336,GIN,1993,0
CIRC_00337,GIN,1993,0
CIRC_00338,GIN,1993,44.2380952380952
CIRC_00339,GIN,1993,0
CIRC_00340,GIN,1993,0.814432989690721
CIRC_00341,GUY,1993,33.8405797101449
CIRC_00342,GUY,1993,4.0952380952381
CIRC_00343,GUY,1993,0
CIRC_00344,USA,1993,62.936
CIRC_00345,GUY,1993,21.4891304347826
CIRC_00346,GUY,1993,0
CIRC_00347,GUY,1993,2.13698630136986
CIRC_00348,HTI,1993,0
CIRC_00349,HTI,1993,30.8961038961039
CIRC_00350,HTI,1993,26.2765957446809
CIRC_00351,HTI,1993,0
CIRC_00352,HTI,1993,1.46511627906977
CIRC_00353,HTI,1993,0
CIRC_00354,HTI,1993,0
CIRC_00355,HTI,1993,0
CIRC_00356,HND,1993,21.1976744186046
CIRC_00357,HND,1993,56.8526315789474
CIRC_00358,HND,1993,48.3829787234043
CIRC_00359,PAN,1993,60.1969696969697
CIRC_00360,HND,1993,0
CIRC_00361,HND,1993,13.375
CIRC_00362,HND,1993,4.75862068965517
CIRC_00363,HND,1993,0.968421052631579
CIRC_00364,HND,1993,0.247311827956989
CIRC_00365,HUN,1993,5.17391304347826
CIRC_00366,HUN,1993,62.3840579710145
CIRC_00367,HUN,1993,1.21538461538462
CIRC_00368,HUN,1993,34.6376811594203
CIRC_00369,HUN,1993,10.562962962963
CIRC_00370,HUN,1993,44.5263157894737
CIRC_00371,ISL,1993,62.7352941176471
CIRC_00372,ISL,1993,8.4296875
CIRC_00373,ISL,1993,62.672268907563
CIRC_00374,IND,1993,51.5742574257426
CIRC_00375,IND,1993,3.98095238095238
CIRC_00376,IND,1993,7.39795918367347
CIRC_00377,IND,1993,50.6862745098039
CIRC_00378,IND,1993,2.51578947368421
CIRC_00379,PAK,1993,29.5405405405405
CIRC_00380,PAK,1993,0.211009174311926
CIRC_00381,IND,1993,5.87128712871287
CIRC_00382,IDN,1993,9.67021276595745
CIRC_00383,IDN,1993,11.4107142857143
CIRC_00384,IDN,1993,9.05263157894737
CIRC_00385,IDN,1993,43.1702127659575
CIRC_00386,IDN,1993,1.82105263157895
CIRC_00387,IDN,1993,35.7553191489362
CIRC_00388,IRL,1993,10.9108280254777
CIRC_00389,IRL,1993,0.652173913043479
CIRC_00390,IRL,1993,15.559748427673
CIRC_00391,IRL,1993,62.9594594594595
CIRC_00392,IRL,1993,14.9490445859873
CIRC_00393,IRL,1993,55.9133333333334
CIRC_00394,IRN,1993,6.30841121495327
CIRC_00395,IRN,1993,30.7272727272727
CIRC_00396,IRN,1993,11.9469026548673
CIRC_00397,IRN,1993,0
CIRC_00398,IRN,1993,62.3706896551724
CIRC_00399,IRQ,1993,18.9652173913043
CIRC_00400,USA,1993,14.3839285714286
CIRC_00401,USA,1993,26.4672897196262
CIRC_00402,USA,1993,63
CIRC_00403,IRQ,1993,62.9719626168224
CIRC_00404,IRQ,1993,47.9911504424779
CIRC_00405,IRQ,1993,20.0818181818182
CIRC_00406,IRQ,1993,63
CIRC_00407,BLR,1993,1.85333333333333
CIRC_00408,ISR,1993,62.9298245614035
CIRC_00409,BLR,1993,0.240506329113924
CIRC_00410,ISR,1993,62.9605263157895
CIRC_00411,ISR,1993,55.5833333333333
CIRC_00412,ISR,1993,60.8849557522124
CIRC_00413,ISR,1993,39.651376146789
CIRC_00414,ISR,1993,62.6296296296296
CIRC_00415,ITA,1993,63
CIRC_00416,ITA,1993,59.6666666666667
CIRC_00417,ITA,1993,53.6506024096386
CIRC_00418,ITA,1993,61.3703703703704
CIRC_00419,ITA,1993,60.7131782945737
CIRC_00420,ITA,1993,23.9921875
CIRC_00421,ITA,1993,63
CIRC_00422,ITA,1993,44.1764705882353
CIRC_00423,ITA,1993,42.2325581395349
CIRC_00424,ITA,1993,3.45833333333334
CIRC_00425,JAM,1993,28.5773195876289
CIRC_00426,JAM,1993,5.17204301075269
CIRC_00427,JAM,1993,15.1443298969072
CIRC_00428,JAM,1993,5.12371134020619
CIRC_00429,JAM,1993,37.1443298969072
CIRC_00430,JOR,1993,61.1682242990654
CIRC_00431,JPN,1993,63
CIRC_00432,JPN,1993,53.3274336283186
CIRC_00433,JPN,1993,62.9565217391304
CIRC_00434,JPN,1993,55.5434782608696
CIRC_00435,JPN,1993,34.1491228070176
CIRC_00436,JPN,1993,16.8928571428571
CIRC_00437,JPN,1993,10.8571428571429
CIRC_00438,JPN,1993,26.4695652173913
CIRC_00439,JPN,1993,57.0704225352113
CIRC_00440,JPN,1993,60.495652173913
CIRC_00441,JPN,1993,44.1545454545455
CIRC_00442,JPN,1993,63
CIRC_00443,JPN,1993,45.2307692307692
CIRC_00444,JPN,1993,62.3592233009709
CIRC_00445,JPN,1993,23.5652173913043
CIRC_00446,JPN,1993,63
CIRC_00447,KEN,1993,0
CIRC_00448,KEN,1993,1.34408602150538
CIRC_00449,KEN,1993,58.2886597938144
CIRC_00450,KEN,1993,0.10752688172043
CIRC_00451,XKO,1993,3.23577235772358
CIRC_00452,XKO,1993,21.664
CIRC_00453,XKO,1993,4.66129032258065
CIRC_00454,XKO,1993,21.0952380952381
CIRC_00455,XKO,1993,3.512
CIRC_00456,KWT,1993,62.9661016949153
CIRC_00457,KWT,1993,5.28571428571429
CIRC_00458,KGZ,1993,1.11811023622047
CIRC_00459,KGZ,1993,28.7567567567567
CIRC_00460,KGZ,1993,51.9193548387097
CIRC_00461,KGZ,1993,7.66666666666667
CIRC_00462,KGZ,1993,5.69918699186992
CIRC_00463,KGZ,1993,0.238095238095238
CIRC_00464,KGZ,1993,13
CIRC_00465,KAZ,1993,15.8604651162791
CIRC_00466,KAZ,1993,59.2460317460318
CIRC_00467,LAO,1993,9.02777777777778
CIRC_00468,THA,1993,16.0428571428571
CIRC_00469,LAO,1993,0
CIRC_00470,LAO,1993,0
CIRC_00471,LAO,1993,0
CIRC_00472,LVA,1993,55.5174418604651
CIRC_00473,LVA,1993,2.08510638297872
CIRC_00474,RUS,1993,0.633136094674557
CIRC_00475,LVA,1993,20.7529411764706
CIRC_00476,LVA,1993,4.33695652173913
CIRC_00477,LVA,1993,0
CIRC_00478,LVA,1993,0
CIRC_00479,USA,1993,60.948275862069
CIRC_00480,LBR,1993,0
CIRC_00481,LBR,1993,0
CIRC_00482,LBR,1993,0
CIRC_00483,LBR,1993,0
CIRC_00484,LBR,1993,0
CIRC_00485,LBR,1993,0
CIRC_00486,LBR,1993,0
CIRC_00487,LBR,1993,7.94736842105263
CIRC_00488,LBN,1993,25.1801801801802
CIRC_00489,LBN,1993,29.3716814159292
CIRC_00490,LBN,1993,38.448275862069
CIRC_00491,LBN,1993,29.5671641791045
CIRC_00492,LBN,1993,61.4827586206897
CIRC_00493,LBN,1993,59.4673913043478
CIRC_00494,LBN,1993,32.2702702702703
CIRC_00495,LSO,1993,0.054054054054054
CIRC_00496,LSO,1993,0.226415094339622
CIRC_00497,LSO,1993,2.74074074074074
CIRC_00498,LSO,1993,0.769230769230769
CIRC_00499,LSO,1993,0.166666666666667
CIRC_00500,LSO,1993,32.1298701298701
CIRC_00501,LSO,1993,0.621951219512196
CIRC_00502,LSO,1993,0
CIRC_00503,LBY,1993,7.45535714285715
CIRC_00504,LBY,1993,37.2201834862385
CIRC_00505,LBY,1993,62.2941176470588
CIRC_00506,LBY,1993,58.8
CIRC_00507,LBY,1993,20.4925373134328
CIRC_00508,LBY,1993,10.0619469026549
CIRC_00509,LBY,1993,62.8970588235294
CIRC_00510,LBY,1993,47.2777777777778
CIRC_00511,LTU,1993,43.5925925925926
CIRC_00512,LTU,1993,7.36094674556213
CIRC_00513,LTU,1993,9.64880952380953
CIRC_00514,LTU,1993,45.4596273291925
CIRC_00515,LTU,1993,42.640625
CIRC_00516,LUX,1993,15.6166666666667
CIRC_00517,LUX,1993,8.17482517482518
CIRC_00518,LUX,1993,50.1849315068493
CIRC_00519,LUX,1993,42.75
CIRC_00520,MRT,1993,0
CIRC_00521,MRT,1993,34.7216494845361
CIRC_00522,MRT,1993,0
CIRC_00523,MRT,1993,0
CIRC_00524,MRT,1993,0
CIRC_00525,MRT,1993,0
CIRC_00526,MKD,1993,12.5916666666667
CIRC_00527,BIH,1993,1.63565891472868
CIRC_00528,MKD,1993,47.456
CIRC_00529,MKD,1993,2.93700787401575
CIRC_00530,MKD,1993,4.15573770491803
CIRC_00531,MKD,1993,12.6393442622951
CIRC_00532,MKD,1993,20.68
CIRC_00533,MDG,1993,0
CIRC_00534,MDG,1993,0
CIRC_00535,MDG,1993,4.12
CIRC_00536,MDG,1993,0
CIRC_00537,MDG,1993,8.46391752577319
CIRC_00538,MDG,1993,0
CIRC_00539,MYS,1993,36.5760869565217
CIRC_00540,MYS,1993,31.5
CIRC_00541,MYS,1993,5
CIRC_00542,MYS,1993,27.3802816901409
CIRC_00543,MYS,1993,0
CIRC_00544,MYS,1993,23.7978723404255
CIRC_00545,MUS,1993,25.3877551020408
CIRC_00546,MUS,1993,28.0957446808511
CIRC_00547,MUS,1993,21.3877551020408
CIRC_00548,MWI,1993,3.65979381443299
CIRC_00549,MWI,1993,0
CIRC_00550,MWI,1993,3.85416666666667
CIRC_00551,MWI,1993,1.25773195876289
CIRC_00552,MWI,1993,0.0721649484536082
CIRC_00553,MWI,1993,36.1122448979592
CIRC_00554,MEX,1993,63
CIRC_00555,MEX,1993,56.8350515463918
CIRC_00556,MEX,1993,18.5408163265306
CIRC_00557,MEX,1993,4.42708333333333
CIRC_00558,MDA,1993,3.08571428571429
CIRC_00559,MDA,1993,2.41428571428572
CIRC_00560,MDA,1993,2.52238805970149
CIRC_00561,RUS,1993,0
CIRC_00562,MDA,1993,9.93430656934306
CIRC_00563,MDA,1993,4.94852941176471
CIRC_00564,MDA,1993,4.76642335766424
CIRC_00565,MDA,1993,3.37313432835821
CIRC_00566,MDA,1993,53
CIRC_00567,MDA,1993,5.28057553956834
CIRC_00568,MDA,1993,6.19047619047619
CIRC_00569,MDA,1993,7.41605839416059
CIRC_00570,MDA,1993,5.91911764705882
CIRC_00571,MDA,1993,5.68613138686132
CIRC_00572,MDA,1993,52.1044776119403
CIRC_00573,MDA,1993,4.00826446280992
CIRC_00574,MDA,1993,8.48920863309353
CIRC_00575,MLI,1993,5.61052631578948
CIRC_00576,MLI,1993,3.29473684210526
CIRC_00577,MLI,1993,0
CIRC_00578,MLI,1993,5.21052631578947
CIRC_00579,MLI,1993,4.81052631578947
CIRC_00580,MLI,1993,0
CIRC_00581,MLI,1993,1.1505376344086
CIRC_00582,MLT,1993,59.2710280373832
CIRC_00583,MLT,1993,61.2765957446809
CIRC_00584,MLT,1993,60.9565217391304
CIRC_00585,MLT,1993,61.2950819672131
CIRC_00586,MNG,1993,0
CIRC_00587,MNG,1993,0
CIRC_00588,MNG,1993,0
CIRC_00589,MNG,1993,42.4598540145985
CIRC_00590,MNG,1993,0
CIRC_00591,MAR,1993,58.7738095238095
CIRC_00592,MMR,1993,32.7448979591837
CIRC_00593,MMR,1993,0.0408163265306122
CIRC_00594,MMR,1993,0
CIRC_00595,MMR,1993,58.3863636363637
CIRC_00596,MMR,1993,4.45454545454546
CIRC_00597,MOZ,1993,0
CIRC_00598,MOZ,1993,0
CIRC_00599,MOZ,1993,0
CIRC_00600,NAM,1993,1.29896907216495
CIRC_00601,NAM,1993,0
CIRC_00602,NAM,1993,12.4081632653061
CIRC_00603,NPL,1993,43.5849056603774
CIRC_00604,IND,1993,49.9711538461539
CIRC_00605,IND,1993,4.68269230769231
CIRC_00606,NPL,1993,0
CIRC_00607,NPL,1993,0
CIRC_00608,NPL,1993,0
CIRC_00609,NPL,1993,3.3173076923077
CIRC_00610,NPL,1993,2.54545454545455
CIRC_00611,NPL,1993,0
CIRC_00612,NPL,1993,0
CIRC_00613,NPL,1993,0
CIRC_00614,NPL,1993,12.1067961165049
CIRC_00615,NPL,1993,0
CIRC_00616,NZL,1993,22.6623376623377
CIRC_00617,NZL,1993,16.8461538461539
CIRC_00618,NZL,1993,5.43478260869565
CIRC_00619,NZL,1993,6.93283582089552
CIRC_00620,NZL,1993,0.891666666666667
CIRC_00621,NZL,1993,61.6986301369863
CIRC_00622,NZL,1993,0.11764705882353
CIRC_00623,NZL,1993,43.8173913043478
CIRC_00624,NZL,1993,27.1404958677686
CIRC_00625,NZL,1993,59.4186046511628
CIRC_00626,NIC,1993,0.684210526315789
CIRC_00627,NIC,1993,8.21052631578947
CIRC_00628,NIC,1993,51.0631578947369
CIRC_00629,NIC,1993,16.8555555555556
CIRC_00630,NGA,1993,23.0744680851064
CIRC_00631,NGA,1993,58.5681818181818
CIRC_00632,NGA,1993,53.3157894736842
CIRC_00633,NGA,1993,31.1170212765957
CIRC_00634,NGA,1993,44.7368421052632
CIRC_00635,NGA,1993,19.6263736263736
CIRC_00636,NGA,1993,7.76842105263158
CIRC_00637,NER,1993,0.53125
CIRC_00638,NER,1993,10.8969072164948
CIRC_00639,NER,1993,2.23958333333333
CIRC_00640,NER,1993,42.7127659574468
CIRC_00641,NER,1993,0.861702127659575
CIRC_00642,NER,1993,0
CIRC_00643,NER,1993,0
CIRC_00644,NER,1993,0
CIRC_00645,NER,1993,0
CIRC_00646,NOR,1993,39.1240875912409
CIRC_00647,NOR,1993,56
CIRC_00648,NOR,1993,58.7530864197531
CIRC_00649,NOR,1993,35.59
CIRC_00650,NOR,1993,11.5573770491803
CIRC_00651,NOR,1993,62.4335664335664
CIRC_00652,NOR,1993,54.112582781457
CIRC_00653,NLD,1993,62.7218543046358
CIRC_00654,NLD,1993,23.0198675496689
CIRC_00655,NLD,1993,21.4044117647059
CIRC_00656,NLD,1993,61.7902097902098
CIRC_00657,OMN,1993,40.7113402061856
CIRC_00658,OMN,1993,52.8051948051948
CIRC_00659,PAK,1993,62.6170212765958
CIRC_00660,PAK,1993,5.04807692307692
CIRC_00661,PAK,1993,61.6320754716981
CIRC_00662,PAK,1993,5.51923076923077
CIRC_00663,PAK,1993,13.1320754716981
CIRC_00664,IND,1993,59.8846153846154
CIRC_00665,PAK,1993,56.3177570093458
CIRC_00666,PAK,1993,0.0695652173913045
CIRC_00667,PAK,1993,62.125
CIRC_00668,PAK,1993,2.35514018691589
CIRC_00669,PAN,1993,61.5
CIRC_00670,PAN,1993,0.0851063829787234
CIRC_00671,PAN,1993,15.5760869565217
CIRC_00672,PRY,1993,0.980582524271844
CIRC_00673,PRY,1993,55.1764705882353
CIRC_00674,PRY,1993,7.8640776699029
CIRC_00675,PRY,1993,0.0476190476190477
CIRC_00676,PRY,1993,49.0777777777778
CIRC_00677,PER,1993,62.7052631578947
CIRC_00678,PER,1993,35.7395833333333
CIRC_00679,PER,1993,0
CIRC_00680,PER,1993,62.3333333333333
CIRC_00681,PER,1993,12.4838709677419
CIRC_00682,PER,1993,0.826530612244898
CIRC_00683,PHL,1993,0.421052631578948
CIRC_00684,PHL,1993,4.30337078651686
CIRC_00685,PHL,1993,62.8947368421053
CIRC_00686,PHL,1993,62.9896907216495
CIRC_00687,PHL,1993,62.9886363636364
CIRC_00688,PHL,1993,0.402173913043479
CIRC_00689,PHL,1993,62.9420289855073
CIRC_00690,PNG,1993,0
CIRC_00691,PNG,1993,0
CIRC_00692,PNG,1993,0
CIRC_00693,PNG,1993,30.8241758241758
CIRC_00694,PNG,1993,0
CIRC_00695,PNG,1993,10.2794117647059
CIRC_00696,PNG,1993,0
CIRC_00697,PNG,1993,0
CIRC_00698,POL,1993,3.4
CIRC_00699,POL,1993,3.00649350649351
CIRC_00700,POL,1993,5.96875
CIRC_00701,POL,1993,61.2185430463576
CIRC_00702,POL,1993,5.66891891891892
CIRC_00703,POL,1993,6.91772151898734
CIRC_00704,POL,1993,24.8356164383562
CIRC_00705,POL,1993,49.6666666666667
CIRC_00706,POL,1993,44.2
CIRC_00707,PRT,1993,62.828125
CIRC_00708,PRT,1993,21.5132743362832
CIRC_00709,PRK,1993,30.0588235294118
CIRC_00710,RUS,1993,2.67832167832168
CIRC_00711,QAT,1993,62.9294117647059
CIRC_00712,KOR,1993,24.8135593220339
CIRC_00713,KOR,1993,17.5384615384615
CIRC_00714,KOR,1993,4.61702127659575
CIRC_00715,KOR,1993,23.5789473684211
CIRC_00716,JPN,1993,63
CIRC_00717,KOR,1993,62.525
CIRC_00718,KOR,1993,62.9916666666667
CIRC_00719,KOR,1993,10.9245283018868
CIRC_00720,KOR,1993,63
CIRC_00721,ROU,1993,59.0610687022901
CIRC_00722,ROU,1993,17.6793893129771
CIRC_00723,UKR,1993,16.1818181818182
CIRC_00724,ROU,1993,0
CIRC_00725,ROU,1993,0.188405797101449
CIRC_00726,ROU,1993,21.7910447761194
CIRC_00727,ROU,1993,6.71428571428572
CIRC_00728,ROU,1993,24.5539568345324
CIRC_00729,ROU,1993,6.3609022556391
CIRC_00730,ROU,1993,12.7596899224806
CIRC_00731,ROU,1993,21.8970588235294
CIRC_00732,RUS,1993,4.97744360902256
CIRC_00733,RUS,1993,3.94736842105263
CIRC_00734,RUS,1993,62.8918918918919
CIRC_00735,RWA,1993,6.68852459016393
CIRC_00736,RWA,1993,5.56521739130435
CIRC_00737,RWA,1993,0.32967032967033
CIRC_00738,ZAF,1993,63
CIRC_00739,ZAF,1993,0.0892857142857143
CIRC_00740,ZAF,1993,0
CIRC_00741,ZAF,1993,61.6
CIRC_00742,ZAF,1993,0.980952380952381
CIRC_00743,ZAF,1993,61.6336633663366
CIRC_00744,SLV,1993,58.2795698924731
CIRC_00745,SLV,1993,26.75
CIRC_00746,SLV,1993,2.56842105263158
CIRC_00747,SLV,1993,4.41237113402062
CIRC_00748,SLV,1993,2.65979381443299
CIRC_00749,SAU,1993,63
CIRC_00750,SEN,1993,0
CIRC_00751,SEN,1993,1.77551020408163
CIRC_00752,SEN,1993,0
CIRC_00753,SRB,1993,57.8203125
CIRC_00754,SRB,1993,13.616
CIRC_00755,XKO,1993,15.9603174603175
CIRC_00756,SLE,1993,0
CIRC_00757,SLE,1993,22.0816326530612
CIRC_00758,SLE,1993,0
CIRC_00759,SLE,1993,0
CIRC_00760,SLE,1993,0
CIRC_00761,SLE,1993,0.277777777777777
CIRC_00762,SGP,1993,62.8783783783784
CIRC_00763,SGP,1993,63
CIRC_00764,SVK,1993,24.1818181818182
CIRC_00765,SVK,1993,5.60563380281691
CIRC_00766,SVK,1993,7.66901408450704
CIRC_00767,SVK,1993,25.0354609929078
CIRC_00768,SVK,1993,16.5539568345324
CIRC_00769,SVK,1993,32.3525179856115
CIRC_00770,SVK,1993,6.88461538461538
CIRC_00771,SVN,1993,2.45588235294118
CIRC_00772,SVN,1993,2.52755905511811
CIRC_00773,SVN,1993,24.9111111111111
CIRC_00774,SVN,1993,48.4444444444444
CIRC_00775,SVN,1993,8.11450381679389
CIRC_00776,SVN,1993,7.92537313432836
CIRC_00777,SVN,1993,15.2068965517241
CIRC_00778,SLB,1993,0
CIRC_00779,SLB,1993,0
CIRC_00780,SLB,1993,0
CIRC_00781,SLB,1993,0
CIRC_00782,SLB,1993,0
CIRC_00783,SLB,1993,0
CIRC_00784,SLB,1993,0
CIRC_00785,SLB,1993,0
CIRC_00786,ETH,1993,0
CIRC_00787,SOM,1993,0
CIRC_00788,SOM,1993,21.377358490566
CIRC_00789,ESP,1993,62.965811965812
CIRC_00790,ESP,1993,63
CIRC_00791,ESP,1993,54.8306451612903
CIRC_00792,ESP,1993,43.4016393442623
CIRC_00793,LKA,1993,62.3166666666667
CIRC_00794,LKA,1993,8.84210526315789
CIRC_00795,LKA,1993,3.37634408602151
CIRC_00796,LKA,1993,17.7446808510638
CIRC_00797,LKA,1993,9.14432989690722
CIRC_00798,SSD,1993,0
CIRC_00799,SDN,1993,3.30392156862745
CIRC_00800,SDN,1993,0
CIRC_00801,SUR,1993,23.8681318681319
CIRC_00802,SUR,1993,0
CIRC_00803,SUR,1993,6.01111111111111
CIRC_00804,SUR,1993,7.52577319587629
CIRC_00805,SWZ,1993,20.4711538461538
CIRC_00806,SWE,1993,42.0060240963856
CIRC_00807,SWE,1993,47.3928571428571
CIRC_00808,SWE,1993,13.9502762430939
CIRC_00809,SWE,1993,62.390243902439
CIRC_00810,SWE,1993,41.2677595628415
CIRC_00811,SWE,1993,41.1084337349398
CIRC_00812,CHE,1993,33.639705882353
CIRC_00813,CHE,1993,28.4962406015038
CIRC_00814,CHE,1993,31.5373134328358
CIRC_00815,CHE,1993,3.34328358208955
CIRC_00816,CHE,1993,51.2666666666667
CIRC_00817,CHE,1993,15.4233576642336
CIRC_00818,CHE,1993,25.2713178294574
CIRC_00819,CHE,1993,20.5407407407407
CIRC_00820,CHE,1993,31.037037037037
CIRC_00821,CHE,1993,13.8695652173913
CIRC_00822,CHE,1993,36.9705882352941
CIRC_00823,CHE,1993,24.3014705882353
CIRC_00824,CHE,1993,13.963503649635
CIRC_00825,CHE,1993,18.2290076335878
CIRC_00826,CHE,1993,29.7536231884058
CIRC_00827,CHE,1993,24.7898550724638
CIRC_00828,CHE,1993,29.3407407407408
CIRC_00829,CHE,1993,6.85401459854015
CIRC_00830,CHE,1993,13.6363636363636
CIRC_00831,CHE,1993,17.6
CIRC_00832,CHE,1993,11.2627737226277
CIRC_00833,SYR,1993,14.6551724137931
CIRC_00834,SYR,1993,60.9279279279279
CIRC_00835,TJK,1993,5.05128205128205
CIRC_00836,TJK,1993,40.5
CIRC_00837,TJK,1993,0
CIRC_00838,TJK,1993,15.448275862069
CIRC_00839,TWN,1993,13.5342465753425
CIRC_00840,TWN,1993,15.8
CIRC_00841,HKG,1993,62.5942028985507
CIRC_00842,TWN,1993,60.6372549019608
CIRC_00843,TZA,1993,0
CIRC_00844,TZA,1993,0
CIRC_00845,TZA,1993,0
CIRC_00846,TZA,1993,0
CIRC_00847,TZA,1993,0.216216216216216
CIRC_00848,THA,1993,63
CIRC_00849,THA,1993,63
CIRC_00850,THA,1993,61.8333333333333
CIRC_00851,THA,1993,12.0744680851064
CIRC_00852,THA,1993,24.6145833333333
CIRC_00853,THA,1993,62.5376344086022
CIRC_00854,THA,1993,8.09278350515464
CIRC_00855,THA,1993,9.80412371134021
CIRC_00856,THA,1993,2.81052631578947
CIRC_00857,GBR,1993,62.9509202453988
CIRC_00858,THA,1993,41.2842105263158
CIRC_00859,TKM,1993,20.7520661157025
CIRC_00860,TKM,1993,10.1596638655462
CIRC_00861,TKM,1993,49.9826086956522
CIRC_00862,TGO,1993,1.83870967741936
CIRC_00863,TGO,1993,2.06578947368421
CIRC_00864,TGO,1993,0.231578947368421
CIRC_00865,TTO,1993,23.8196721311475
CIRC_00866,TTO,1993,52.1492537313433
CIRC_00867,TTO,1993,16.9052631578947
CIRC_00868,TTO,1993,7.8918918918919
CIRC_00869,TTO,1993,13.4252873563218
CIRC_00870,TUN,1993,49.1866666666667
CIRC_00871,TUN,1993,15.2385321100917
CIRC_00872,TUN,1993,61.6559139784946
CIRC_00873,TUN,1993,13.0608695652174
CIRC_00874,TUN,1993,58.1136363636364
CIRC_00875,TUN,1993,10.6
CIRC_00876,TUN,1993,24.44
CIRC_00877,TUR,1993,31.425
CIRC_00878,TUR,1993,62.5846153846154
CIRC_00879,TUR,1993,3.30172413793103
CIRC_00880,TUR,1993,61.7155172413793
CIRC_00881,TUR,1993,13.6363636363636
CIRC_00882,TUR,1993,51.9338842975207
CIRC_00883,TUR,1993,62.8241758241758
CIRC_00884,ARE,1993,61.1071428571429
CIRC_00885,ARE,1993,58.5588235294118
CIRC_00886,UGA,1993,0
CIRC_00887,GBR,1993,28.8609271523179
CIRC_00888,GBR,1993,25.3013698630137
CIRC_00889,GBR,1993,62.8630136986301
CIRC_00890,GBR,1993,47.4
CIRC_00891,GBR,1993,45.7356321839081
CIRC_00892,USA,1993,63
CIRC_00893,GBR,1993,51.8543046357616
CIRC_00894,GBR,1993,60.969465648855
CIRC_00895,UKR,1993,2.8843537414966
CIRC_00896,UKR,1993,9.07894736842105
CIRC_00897,UKR,1993,0.550335570469799
CIRC_00898,UKR,1993,40.5714285714286
CIRC_00899,UKR,1993,60.9078014184397
CIRC_00900,UKR,1993,12.0461538461538
CIRC_00901,UKR,1993,60.6739130434783
CIRC_00902,URY,1993,62.5535714285714
CIRC_00903,URY,1993,61.2637362637363
CIRC_00904,USA,1993,62.6746031746032
CIRC_00905,USA,1993,24.6695652173913
CIRC_00906,USA,1993,62.8508771929825
CIRC_00907,USA,1993,62.0793650793651
CIRC_00908,USA,1993,62.948275862069
CIRC_00909,USA,1993,55.3629032258065
CIRC_00910,UZB,1993,45.5950413223141
CIRC_00911,UZB,1993,61.6935483870968
CIRC_00912,UZB,1993,10.1008403361344
CIRC_00913,VEN,1993,23.6315789473684
CIRC_00914,VEN,1993,18.7777777777778
CIRC_00915,VEN,1993,2.77319587628866
CIRC_00916,VEN,1993,12.4945054945055
CIRC_00917,VEN,1993,62.8369565217391
CIRC_00918,YEM,1993,4.32291666666667
CIRC_00919,YEM,1993,0.0851063829787235
CIRC_00920,YEM,1993,6.04123711340206
CIRC_00921,SRB,1993,17
CIRC_00922,MNE,1993,7.68103448275862
CIRC_00923,ZMB,1993,1.47252747252747
CIRC_00924,ZMB,1993,43.3578947368421
CIRC_00925,ZMB,1993,25.1041666666667
CIRC_00926,ZWE,1993,0
CIRC_00927,ZMB,1993,0.25531914893617
CIRC_00928,ZMB,1993,12.51
CIRC_00929,ZMB,1993,31.3125
CIRC_00930,ZMB,1993,0
CIRC_00931,ZWE,1993,0
CIRC_00932,ZWE,1993,10.2783505154639
CIRC_00933,COM,1993,0
CIRC_00934,MDV,1993,45.6666666666667
CIRC_00935,SAU,1993,63
CIRC_00936,ISR,1993,61.3055555555556
CIRC_00937,COM,1993,0.133333333333333
CIRC_00938,COM,1993,0
CIRC_00941,LBY,1993,62.2923076923077
CIRC_00942,SGP,1993,62.9294117647059
CIRC_00943,MKD,1993,46.7786885245902
CIRC_00945,QAT,1993,62.952380952381
CIRC_00946,MDA,1993,5.92424242424243
CIRC_00947,SGP,1993,62.9882352941177
CIRC_00948,LSO,1993,0.754716981132075
CIRC_00949,MDA,1993,2.84892086330935
CIRC_00950,COM,1993,1.44444444444444
CIRC_00951,LSO,1993,0
CIRC_00952,MUS,1993,38.5
CIRC_00953,ISR,1993,62.9861111111111
CIRC_00954,TKM,1993,21.0173913043478
CIRC_00955,LBY,1993,20.6666666666667
CIRC_00956,ISR,1993,39.2410714285714
CIRC_00957,MUS,1993,23.1134020618557
CIRC_00958,GTM,1993,58.6082474226804
CIRC_00959,MDA,1993,9.83333333333333
CIRC_00960,ISR,1993,62.8974358974359
CIRC_00961,SSD,1993,0
CIRC_00962,CYP,1993,55.0133333333333
CIRC_00964,LSO,1993,35.4603174603175
CIRC_00965,MDA,1993,4.96350364963504
CIRC_00001,AFG,1994,0
CIRC_00002,AFG,1994,0.200892857142857
CIRC_00003,AFG,1994,0
CIRC_00004,AFG,1994,0
CIRC_00005,AFG,1994,0.180555555555555
CIRC_00006,AFG,1994,0
CIRC_00007,AFG,1994,0
CIRC_00008,ALB,1994,14.5362903225806
CIRC_00009,ALB,1994,0
CIRC_00010,ALB,1994,30.5040983606557
CIRC_00011,ALB,1994,0.7375
CIRC_00012,DZA,1994,5.9646017699115
CIRC_00013,DZA,1994,26.5478260869565
CIRC_00014,DZA,1994,10.5565217391304
CIRC_00015,DZA,1994,32.4824561403509
CIRC_00016,MAR,1994,43.5043859649123
CIRC_00017,DZA,1994,1.53947368421053
CIRC_00018,DZA,1994,22.1081081081081
CIRC_00019,AGO,1994,52.3039215686275
CIRC_00020,AGO,1994,18.8333333333333
CIRC_00021,ARG,1994,3.49065420560748
CIRC_00022,ARG,1994,62.5321100917431
CIRC_00023,ARG,1994,13.4326923076923
CIRC_00024,ARG,1994,42.7636363636364
CIRC_00025,ARG,1994,62.7260869565217
CIRC_00026,ARG,1994,26.5694444444444
CIRC_00027,ARG,1994,55.8217391304348
CIRC_00028,ARG,1994,35.0565217391305
CIRC_00029,ARG,1994,62.7134831460674
CIRC_00030,ARG,1994,62.7616279069768
CIRC_00031,SYR,1994,4.6304347826087
CIRC_00032,AZE,1994,6.01239669421488
CIRC_00033,ARM,1994,26.5731707317073
CIRC_00034,ARM,1994,27.0798319327731
CIRC_00035,ARM,1994,0.877118644067797
CIRC_00036,AUS,1994,3.35470085470086
CIRC_00037,AUS,1994,62.9883720930233
CIRC_00038,AUS,1994,16.3857142857143
CIRC_00039,GBR,1994,45.1276595744681
CIRC_00040,GBR,1994,62.9433333333333
CIRC_00041,AUS,1994,62.8693181818182
CIRC_00042,AUT,1994,62.7428571428571
CIRC_00043,AUT,1994,46.7426470588235
CIRC_00044,AUT,1994,28.3262411347518
CIRC_00045,AUT,1994,0.634751773049645
CIRC_00046,AUT,1994,60.8741007194245
CIRC_00047,AUT,1994,61.841726618705
CIRC_00048,AUT,1994,11.0827338129496
CIRC_00049,CHE,1994,12.8029197080292
CIRC_00050,AZE,1994,56.7222222222222
CIRC_00051,AZE,1994,3.46311475409836
CIRC_00052,AZE,1994,56.6730769230769
CIRC_00053,AZE,1994,16.2016129032258
CIRC_00054,BHR,1994,58.421052631579
CIRC_00055,BHR,1994,62.905
CIRC_00056,BRB,1994,53.175
CIRC_00057,BRB,1994,13.5657894736842
CIRC_00058,BRB,1994,20.4097222222222
CIRC_00059,BRB,1994,18.4635416666667
CIRC_00060,BEL,1994,44.2033333333333
CIRC_00061,FRA,1994,62.2795275590551
CIRC_00062,BEL,1994,56.8216783216783
CIRC_00063,BEL,1994,43.4120879120879
CIRC_00064,BEL,1994,62.5671140939597
CIRC_00065,BEL,1994,47.8402777777778
CIRC_00066,BEL,1994,52.2925170068027
CIRC_00067,BEL,1994,62.7857142857143
CIRC_00068,BEL,1994,61.8253424657534
CIRC_00069,BEN,1994,0
CIRC_00070,TGO,1994,52.0111111111111
CIRC_00071,BEN,1994,0
CIRC_00072,BEN,1994,3.39130434782609
CIRC_00073,BFA,1994,46.2105263157895
CIRC_00074,BFA,1994,2.75
CIRC_00075,BFA,1994,0.742105263157895
CIRC_00076,BFA,1994,47.1813186813187
CIRC_00077,BFA,1994,0
CIRC_00078,BHS,1994,59.0432098765432
CIRC_00079,BHS,1994,37.0897435897436
CIRC_00080,BHS,1994,56.3548387096774
CIRC_00081,BTN,1994,5.9212962962963
CIRC_00082,BTN,1994,0
CIRC_00083,BTN,1994,0
CIRC_00084,BTN,1994,1.65384615384615
CIRC_00085,BTN,1994,0
CIRC_00086,BTN,1994,0
CIRC_00087,BLR,1994,59.6956521739131
CIRC_00088,BLR,1994,2.64516129032258
CIRC_00089,BLR,1994,5.71698113207547
CIRC_00090,BLZ,1994,39.0714285714286
CIRC_00091,BLZ,1994,7.89285714285715
CIRC_00092,BLZ,1994,10.5858585858586
CIRC_00093,IND,1994,5.37980769230769
CIRC_00094,BGD,1994,0.227722772277228
CIRC_00095,BGD,1994,3.17326732673268
CIRC_00096,IND,1994,7.54854368932039
CIRC_00097,BGD,1994,0.193069306930693
CIRC_00098,BGD,1994,25.675
CIRC_00099,BGD,1994,5.13942307692308
CIRC_00100,BOL,1994,56.7916666666667
CIRC_00101,BOL,1994,57.958762886598
CIRC_00102,BOL,1994,61.4322916666667
CIRC_00103,BOL,1994,0
CIRC_00104,BOL,1994,1.234375
CIRC_00105,BIH,1994,0.0413533834586466
CIRC_00106,BIH,1994,6.55
CIRC_00107,HRV,1994,1.92741935483871
CIRC_00108,BIH,1994,6.12698412698413
CIRC_00109,BIH,1994,9.50763358778626
CIRC_00110,BIH,1994,2.048
CIRC_00111,BIH,1994,2.38636363636364
CIRC_00112,BIH,1994,8.37209302325582
CIRC_00113,BIH,1994,5.95161290322581
CIRC_00114,BIH,1994,0
CIRC_00115,BIH,1994,1.97692307692308
CIRC_00116,BIH,1994,0.755813953488373
CIRC_00117,BIH,1994,16.171875
CIRC_00118,BIH,1994,0.361111111111111
CIRC_00119,BIH,1994,1.61538461538462
CIRC_00120,BWA,1994,4.37254901960784
CIRC_00121,BWA,1994,0
CIRC_00122,GBR,1994,59.1643356643357
CIRC_00123,BWA,1994,0.808823529411765
CIRC_00124,BRA,1994,8.73076923076923
CIRC_00125,BRA,1994,62.3333333333333
CIRC_00126,BRA,1994,47.9444444444444
CIRC_00127,BRA,1994,6.11578947368421
CIRC_00128,BRA,1994,61.2239583333333
CIRC_00129,BRA,1994,22.645
CIRC_00130,BRA,1994,1.46116504854369
CIRC_00131,BRN,1994,26.1404494382023
CIRC_00132,BDI,1994,0.204301075268817
CIRC_00133,BDI,1994,0
CIRC_00134,BDI,1994,28.218085106383
CIRC_00135,BDI,1994,0
CIRC_00136,BDI,1994,0
CIRC_00137,BDI,1994,1.97727272727273
CIRC_00138,BDI,1994,0
CIRC_00139,BDI,1994,0.0425531914893617
CIRC_00140,BGR,1994,0.522900763358779
CIRC_00141,RUS,1994,62.8128834355828
CIRC_00142,BGR,1994,1.64453125
CIRC_00143,BGR,1994,59.7896825396825
CIRC_00144,BGR,1994,10.1
CIRC_00145,BGR,1994,43.916
CIRC_00146,UKR,1994,41.8030303030303
CIRC_00147,BGR,1994,11.5511811023622
CIRC_00148,USA,1994,63
CIRC_00149,BGR,1994,14.036
CIRC_00150,BGR,1994,7.58467741935484
CIRC_00151,BGR,1994,4.28861788617887
CIRC_00152,BGR,1994,5.54
CIRC_00153,BGR,1994,24.0542635658915
CIRC_00154,KHM,1994,0
CIRC_00155,KHM,1994,28.6774193548387
CIRC_00156,KHM,1994,0
CIRC_00157,CAN,1994,56.7265625
CIRC_00158,CAN,1994,29.7769230769231
CIRC_00159,CAN,1994,56.1148148148148
CIRC_00160,CAN,1994,62.9411764705882
CIRC_00161,CAN,1994,63
CIRC_00162,CAN,1994,63
CIRC_00163,CMR,1994,4.88297872340426
CIRC_00164,CPV,1994,0
CIRC_00165,CPV,1994,13.2881355932203
CIRC_00166,CPV,1994,0.860824742268041
CIRC_00167,CPV,1994,13.3842105263158
CIRC_00168,CIV,1994,22.820652173913
CIRC_00169,CIV,1994,0
CIRC_00170,CIV,1994,0
CIRC_00171,CIV,1994,10.531914893617
CIRC_00172,CIV,1994,5.85326086956522
CIRC_00173,CAF,1994,26.4631578947368
CIRC_00174,CAF,1994,0
CIRC_00175,GAB,1994,2.51595744680851
CIRC_00176,CAF,1994,0
CIRC_00177,CAF,1994,0
CIRC_00178,TCD,1994,29.0492957746479
CIRC_00179,TCD,1994,1.335
CIRC_00180,TCD,1994,0
CIRC_00181,TCD,1994,30
CIRC_00182,CHL,1994,52.125
CIRC_00183,CHL,1994,56.3493975903615
CIRC_00184,CHL,1994,62.9823008849558
CIRC_00185,CHL,1994,34.4285714285714
CIRC_00186,CHN,1994,8.45833333333333
CIRC_00187,CHN,1994,40.0555555555556
CIRC_00188,CHN,1994,21.1650943396226
CIRC_00189,CHN,1994,62.9836065573771
CIRC_00190,COL,1994,61.6170212765957
CIRC_00191,COL,1994,53.4147727272727
CIRC_00192,COL,1994,58.1223404255319
CIRC_00193,COL,1994,60.8510638297872
CIRC_00194,COL,1994,4.23684210526316
CIRC_00195,MDG,1994,11.3108108108108
CIRC_00196,FRA,1994,5.07518796992481
CIRC_00197,COM,1994,0
CIRC_00198,COM,1994,0
CIRC_00199,COM,1994,0.0423728813559323
CIRC_00200,COM,1994,0.0324675324675325
CIRC_00201,COM,1994,1.87962962962963
CIRC_00202,COM,1994,0.235849056603774
CIRC_00203,COG,1994,1.3
CIRC_00204,COG,1994,0
CIRC_00205,CRI,1994,58.0631578947369
CIRC_00206,NIC,1994,9.86170212765957
CIRC_00207,CRI,1994,62.9484536082474
CIRC_00208,CRI,1994,62.8882978723404
CIRC_00209,HRV,1994,11.0916030534351
CIRC_00210,HRV,1994,58.1962962962963
CIRC_00211,HRV,1994,4.76315789473684
CIRC_00212,HRV,1994,44.8521126760563
CIRC_00213,CUB,1994,0.101010101010101
CIRC_00214,CUB,1994,4.71717171717172
CIRC_00215,XNC,1994,27.327868852459
CIRC_00216,XNC,1994,57.1272727272727
CIRC_00217,XNC,1994,14.5869565217391
CIRC_00218,CYP,1994,7.71052631578947
CIRC_00219,CYP,1994,33.1444444444444
CIRC_00220,SVK,1994,15.2352941176471
CIRC_00221,CZE,1994,46.612676056338
CIRC_00222,CZE,1994,62.2357142857143
CIRC_00223,CZE,1994,20.3787878787879
CIRC_00224,CZE,1994,24.4109589041096
CIRC_00225,CZE,1994,41.8428571428571
CIRC_00226,CZE,1994,18.2826086956522
CIRC_00227,CZE,1994,26.5387323943662
CIRC_00228,CZE,1994,59.1986301369863
CIRC_00229,CZE,1994,13.2482517482517
CIRC_00230,SVK,1994,60.1023622047244
CIRC_00231,CZE,1994,17.7801418439716
CIRC_00232,DNK,1994,13.8923611111111
CIRC_00233,DNK,1994,39.8476190476191
CIRC_00234,DNK,1994,4.66863905325444
CIRC_00235,DNK,1994,38.3483870967742
CIRC_00236,DNK,1994,58.8039215686275
CIRC_00237,DNK,1994,53.9647435897436
CIRC_00238,SOM,1994,0
CIRC_00239,ETH,1994,12.9308510638298
CIRC_00240,DOM,1994,6.41752577319588
CIRC_00241,DOM,1994,61.015625
CIRC_00242,DOM,1994,55.9207920792079
CIRC_00243,DOM,1994,0.078125
CIRC_00244,COD,1994,0
CIRC_00245,COD,1994,0
CIRC_00246,COD,1994,0
CIRC_00247,COD,1994,59.3369565217391
CIRC_00248,VNM,1994,3.30412371134021
CIRC_00249,VNM,1994,14.5245098039216
CIRC_00250,VNM,1994,0
CIRC_00251,VNM,1994,0
CIRC_00252,VNM,1994,11.7128712871287
CIRC_00253,ECU,1994,53.241935483871
CIRC_00254,USA,1994,62.9136363636364
CIRC_00255,ECU,1994,59.8333333333333
CIRC_00256,ECU,1994,49.2311827956989
CIRC_00257,ECU,1994,27.1888888888889
CIRC_00258,ECU,1994,1.12337662337662
CIRC_00259,ECU,1994,60.1881720430108
CIRC_00260,USA,1994,62.9112903225807
CIRC_00261,EGY,1994,40.6081081081081
CIRC_00262,EGY,1994,63
CIRC_00263,EGY,1994,30.2752293577982
CIRC_00264,GNQ,1994,0
CIRC_00265,ERI,1994,21.0368421052632
CIRC_00266,EST,1994,28.5391061452514
CIRC_00267,EST,1994,0.116279069767442
CIRC_00268,EST,1994,18.6432584269663
CIRC_00269,EST,1994,54.8939393939394
CIRC_00270,EST,1994,3.87215909090909
CIRC_00271,EST,1994,36.4494382022472
CIRC_00272,ETH,1994,1.25789473684211
CIRC_00273,ETH,1994,0.778947368421052
CIRC_00274,ETH,1994,0
CIRC_00275,ETH,1994,0
CIRC_00276,TLS,1994,0.445454545454546
CIRC_00277,TLS,1994,14.6230769230769
CIRC_00278,TLS,1994,0.872340425531914
CIRC_00279,TLS,1994,14.3283582089552
CIRC_00280,TLS,1994,0
CIRC_00281,TLS,1994,0
CIRC_00282,FIN,1994,46.7368421052632
CIRC_00283,RUS,1994,31.7290076335878
CIRC_00284,FIN,1994,60.986301369863
CIRC_00285,FIN,1994,28.7801047120419
CIRC_00286,FJI,1994,0
CIRC_00287,FJI,1994,0
CIRC_00288,FJI,1994,8.27083333333333
CIRC_00289,FJI,1994,8.2752808988764
CIRC_00290,FJI,1994,0
CIRC_00291,FJI,1994,0
CIRC_00292,FJI,1994,0.0857142857142857
CIRC_00293,FJI,1994,0
CIRC_00294,FRA,1994,11.7765151515151
CIRC_00295,FRA,1994,63
CIRC_00296,FRA,1994,63
CIRC_00297,FRA,1994,59.7307692307692
CIRC_00298,FRA,1994,52.8835616438356
CIRC_00299,GAB,1994,0
CIRC_00300,GAB,1994,1.87096774193548
CIRC_00301,COG,1994,50.925
CIRC_00302,GAB,1994,0
CIRC_00303,GMB,1994,0
CIRC_00304,GMB,1994,0
CIRC_00305,GMB,1994,0.352631578947368
CIRC_00306,DEU,1994,62.8725490196079
CIRC_00307,DEU,1994,54.9823943661972
CIRC_00308,DEU,1994,9.88333333333333
CIRC_00309,DEU,1994,62.703821656051
CIRC_00310,DEU,1994,16.2692307692308
CIRC_00311,GHA,1994,59.4603174603175
CIRC_00312,GHA,1994,55.8695652173913
CIRC_00313,GHA,1994,10.2692307692308
CIRC_00314,GHA,1994,0
CIRC_00315,GNB,1994,14.1
CIRC_00316,GNB,1994,0
CIRC_00317,GNB,1994,0
CIRC_00318,GNB,1994,0.979166666666666
CIRC_00319,GNB,1994,0
CIRC_00320,GRC,1994,62.9504132231405
CIRC_00321,GRC,1994,39.7769230769231
CIRC_00322,GRC,1994,0.174528301886792
CIRC_00323,GRC,1994,62.625
CIRC_00324,USA,1994,63
CIRC_00325,GRC,1994,62.9385245901639
CIRC_00326,GRC,1994,23.3863636363636
CIRC_00327,GEO,1994,33.052
CIRC_00328,GEO,1994,2.436
CIRC_00329,GEO,1994,0
CIRC_00330,GEO,1994,13.35546875
CIRC_00331,FRA,1994,63
CIRC_00332,GTM,1994,59.9742268041237
CIRC_00333,GTM,1994,1.41666666666667
CIRC_00334,GTM,1994,6.97395833333333
CIRC_00335,GIN,1994,0
CIRC_00336,GIN,1994,0
CIRC_00337,GIN,1994,0
CIRC_00338,GIN,1994,38.7857142857143
CIRC_00339,GIN,1994,0
CIRC_00340,GIN,1994,0.242268041237113
CIRC_00341,GUY,1994,35.1304347826087
CIRC_00342,GUY,1994,3.31746031746032
CIRC_00343,GUY,1994,0
CIRC_00344,USA,1994,62.972
CIRC_00345,GUY,1994,19.3586956521739
CIRC_00346,GUY,1994,0
CIRC_00347,GUY,1994,2.63698630136986
CIRC_00348,HTI,1994,0
CIRC_00349,HTI,1994,29.9805194805195
CIRC_00350,HTI,1994,18.9787234042553
CIRC_00351,HTI,1994,0
CIRC_00352,HTI,1994,0.162790697674419
CIRC_00353,HTI,1994,0
CIRC_00354,HTI,1994,0
CIRC_00355,HTI,1994,0
CIRC_00356,HND,1994,19.5813953488372
CIRC_00357,HND,1994,54.8789473684211
CIRC_00358,HND,1994,48.9946808510638
CIRC_00359,PAN,1994,59.780303030303
CIRC_00360,HND,1994,0
CIRC_00361,HND,1994,9.94270833333333
CIRC_00362,HND,1994,3.93103448275862
CIRC_00363,HND,1994,0.773684210526316
CIRC_00364,HND,1994,0.21505376344086
CIRC_00365,HUN,1994,7.59782608695652
CIRC_00366,HUN,1994,61.3007246376812
CIRC_00367,HUN,1994,1.93461538461539
CIRC_00368,HUN,1994,37.2898550724638
CIRC_00369,HUN,1994,12.762962962963
CIRC_00370,HUN,1994,43.9323308270677
CIRC_00371,ISL,1994,61.5735294117647
CIRC_00372,ISL,1994,6.18359375
CIRC_00373,ISL,1994,61.3823529411765
CIRC_00374,IND,1994,53.2772277227723
CIRC_00375,IND,1994,2.39523809523809
CIRC_00376,IND,1994,7.06632653061225
CIRC_00377,IND,1994,51.8872549019608
CIRC_00378,IND,1994,2.53684210526316
CIRC_00379,PAK,1994,28.7432432432432
CIRC_00380,PAK,1994,0.761467889908257
CIRC_00381,IND,1994,6.13861386138614
CIRC_00382,IDN,1994,10.7659574468085
CIRC_00383,IDN,1994,4.00892857142857
CIRC_00384,IDN,1994,11.6894736842105
CIRC_00385,IDN,1994,46.4840425531915
CIRC_00386,IDN,1994,1.53684210526316
CIRC_00387,IDN,1994,36.936170212766
CIRC_00388,IRL,1994,10.8248407643312
CIRC_00389,IRL,1994,0.0745341614906833
CIRC_00390,IRL,1994,16.3459119496855
CIRC_00391,IRL,1994,62.9324324324324
CIRC_00392,IRL,1994,13.9617834394905
CIRC_00393,IRL,1994,53.7366666666667
CIRC_00394,IRN,1994,6.48130841121495
CIRC_00395,IRN,1994,33.9818181818182
CIRC_00396,IRN,1994,12.8318584070797
CIRC_00397,IRN,1994,0
CIRC_00398,IRN,1994,62.8405172413793
CIRC_00399,IRQ,1994,14.6478260869565
CIRC_00400,USA,1994,14.7098214285714
CIRC_00401,USA,1994,26.9626168224299
CIRC_00402,USA,1994,62.9354838709678
CIRC_00403,IRQ,1994,62.8411214953271
CIRC_00404,IRQ,1994,45.2743362831858
CIRC_00405,IRQ,1994,20.0954545454545
CIRC_00406,IRQ,1994,62.8407079646018
CIRC_00407,BLR,1994,1.10666666666667
CIRC_00408,ISR,1994,62.8157894736842
CIRC_00409,BLR,1994,0.316455696202532
CIRC_00410,ISR,1994,62.9934210526316
CIRC_00411,ISR,1994,55.3888888888889
CIRC_00412,ISR,1994,60.8495575221239
CIRC_00413,ISR,1994,43.0275229357798
CIRC_00414,ISR,1994,62.75
CIRC_00415,ITA,1994,62.988
CIRC_00416,ITA,1994,58.6555555555556
CIRC_00417,ITA,1994,52.2710843373494
CIRC_00418,ITA,1994,62.9407407407408
CIRC_00419,ITA,1994,62.0813953488372
CIRC_00420,ITA,1994,26.90234375
CIRC_00421,ITA,1994,63
CIRC_00422,ITA,1994,51.0551470588235
CIRC_00423,ITA,1994,49.5232558139535
CIRC_00424,ITA,1994,4.12083333333333
CIRC_00425,JAM,1994,28.2680412371134
CIRC_00426,JAM,1994,4.34408602150538
CIRC_00427,JAM,1994,17.0773195876289
CIRC_00428,JAM,1994,5.30927835051546
CIRC_00429,JAM,1994,39.4278350515464
CIRC_00430,JOR,1994,60.1495327102804
CIRC_00431,JPN,1994,63
CIRC_00432,JPN,1994,57.0265486725664
CIRC_00433,JPN,1994,62.995652173913
CIRC_00434,JPN,1994,57.0869565217391
CIRC_00435,JPN,1994,39.7280701754386
CIRC_00436,JPN,1994,16.7633928571429
CIRC_00437,JPN,1994,14.5649350649351
CIRC_00438,JPN,1994,31.6695652173913
CIRC_00439,JPN,1994,60.1408450704225
CIRC_00440,JPN,1994,61.2608695652174
CIRC_00441,JPN,1994,50.9136363636364
CIRC_00442,JPN,1994,63
CIRC_00443,JPN,1994,50.4692307692308
CIRC_00444,JPN,1994,62.9417475728155
CIRC_00445,JPN,1994,27.8869565217391
CIRC_00446,JPN,1994,62.9652173913044
CIRC_00447,KEN,1994,0
CIRC_00448,KEN,1994,0
CIRC_00449,KEN,1994,58.6494845360825
CIRC_00450,KEN,1994,0
CIRC_00451,XKO,1994,2.79674796747968
CIRC_00452,XKO,1994,27.036
CIRC_00453,XKO,1994,5.13306451612903
CIRC_00454,XKO,1994,26.3134920634921
CIRC_00455,XKO,1994,3.316
CIRC_00456,KWT,1994,62.9915254237288
CIRC_00457,KWT,1994,30.5666666666667
CIRC_00458,KGZ,1994,1.2244094488189
CIRC_00459,KGZ,1994,29.7207207207207
CIRC_00460,KGZ,1994,58.6733870967742
CIRC_00461,KGZ,1994,8.91056910569106
CIRC_00462,KGZ,1994,4.20325203252033
CIRC_00463,KGZ,1994,0.476190476190477
CIRC_00464,KGZ,1994,10.1031746031746
CIRC_00465,KAZ,1994,14.7790697674419
CIRC_00466,KAZ,1994,59.0039682539683
CIRC_00467,LAO,1994,9.77777777777778
CIRC_00468,THA,1994,19.0785714285714
CIRC_00469,LAO,1994,0
CIRC_00470,LAO,1994,0
CIRC_00471,LAO,1994,0
CIRC_00472,LVA,1994,59.1453488372093
CIRC_00473,LVA,1994,1.45035460992908
CIRC_00474,RUS,1994,0.707100591715976
CIRC_00475,LVA,1994,27.6647058823529
CIRC_00476,LVA,1994,2.96195652173913
CIRC_00477,LVA,1994,0
CIRC_00478,LVA,1994,0
CIRC_00479,USA,1994,62.7801724137931
CIRC_00480,LBR,1994,0
CIRC_00481,LBR,1994,0
CIRC_00482,LBR,1994,0
CIRC_00483,LBR,1994,0
CIRC_00484,LBR,1994,0
CIRC_00485,LBR,1994,0
CIRC_00486,LBR,1994,0
CIRC_00487,LBR,1994,5.88157894736842
CIRC_00488,LBN,1994,29.1891891891892
CIRC_00489,LBN,1994,34.2920353982301
CIRC_00490,LBN,1994,40.698275862069
CIRC_00491,LBN,1994,29.7014925373134
CIRC_00492,LBN,1994,62.1293103448276
CIRC_00493,LBN,1994,61.2663043478261
CIRC_00494,LBN,1994,33.2432432432433
CIRC_00495,LSO,1994,0
CIRC_00496,LSO,1994,0.0943396226415093
CIRC_00497,LSO,1994,2.4212962962963
CIRC_00498,LSO,1994,0.774038461538462
CIRC_00499,LSO,1994,0.305555555555556
CIRC_00500,LSO,1994,31.512987012987
CIRC_00501,LSO,1994,0.591463414634147
CIRC_00502,LSO,1994,0
CIRC_00503,LBY,1994,8.05357142857143
CIRC_00504,LBY,1994,35.4174311926605
CIRC_00505,LBY,1994,62.2647058823529
CIRC_00506,LBY,1994,57.8666666666667
CIRC_00507,LBY,1994,22.8955223880597
CIRC_00508,LBY,1994,10.3672566371681
CIRC_00509,LBY,1994,62.875
CIRC_00510,LBY,1994,48.2361111111111
CIRC_00511,LTU,1994,46.4938271604938
CIRC_00512,LTU,1994,9.06804733727811
CIRC_00513,LTU,1994,12.9494047619048
CIRC_00514,LTU,1994,52.5900621118013
CIRC_00515,LTU,1994,40.15234375
CIRC_00516,LUX,1994,17.55
CIRC_00517,LUX,1994,9.03846153846154
CIRC_00518,LUX,1994,53.4623287671233
CIRC_00519,LUX,1994,47.6712962962963
CIRC_00520,MRT,1994,0
CIRC_00521,MRT,1994,37.6546391752577
CIRC_00522,MRT,1994,0
CIRC_00523,MRT,1994,0
CIRC_00524,MRT,1994,0
CIRC_00525,MRT,1994,0
CIRC_00526,MKD,1994,13.4791666666667
CIRC_00527,BIH,1994,6.19767441860465
CIRC_00528,MKD,1994,49.092
CIRC_00529,MKD,1994,3.67322834645669
CIRC_00530,MKD,1994,4.92213114754099
CIRC_00531,MKD,1994,14.422131147541
CIRC_00532,MKD,1994,22.632
CIRC_00533,MDG,1994,0
CIRC_00534,MDG,1994,0
CIRC_00535,MDG,1994,3.48666666666666
CIRC_00536,MDG,1994,0
CIRC_00537,MDG,1994,6.42268041237113
CIRC_00538,MDG,1994,0
CIRC_00539,MYS,1994,38.2663043478261
CIRC_00540,MYS,1994,36.3
CIRC_00541,MYS,1994,4.76086956521739
CIRC_00542,MYS,1994,27.9014084507042
CIRC_00543,MYS,1994,0
CIRC_00544,MYS,1994,26.718085106383
CIRC_00545,MUS,1994,32.3214285714286
CIRC_00546,MUS,1994,28.186170212766
CIRC_00547,MUS,1994,23.4132653061224
CIRC_00548,MWI,1994,2.7680412371134
CIRC_00549,MWI,1994,0.128865979381444
CIRC_00550,MWI,1994,1.58854166666667
CIRC_00551,MWI,1994,0.639175257731959
CIRC_00552,MWI,1994,0
CIRC_00553,MWI,1994,41.8877551020408
CIRC_00554,MEX,1994,63
CIRC_00555,MEX,1994,56.0567010309278
CIRC_00556,MEX,1994,20.1632653061224
CIRC_00557,MEX,1994,3.30208333333333
CIRC_00558,MDA,1994,2.21428571428571
CIRC_00559,MDA,1994,2.04285714285714
CIRC_00560,MDA,1994,2.37313432835821
CIRC_00561,RUS,1994,0
CIRC_00562,MDA,1994,8.12043795620438
CIRC_00563,MDA,1994,3.30514705882353
CIRC_00564,MDA,1994,4.68248175182482
CIRC_00565,MDA,1994,2.32835820895522
CIRC_00566,MDA,1994,50.6094890510949
CIRC_00567,MDA,1994,5.41007194244604
CIRC_00568,MDA,1994,4.72857142857143
CIRC_00569,MDA,1994,6.2992700729927
CIRC_00570,MDA,1994,3.0625
CIRC_00571,MDA,1994,4.25912408759124
CIRC_00572,MDA,1994,49.4067164179105
CIRC_00573,MDA,1994,3.88842975206612
CIRC_00574,MDA,1994,7.98201438848921
CIRC_00575,MLI,1994,3.10526315789474
CIRC_00576,MLI,1994,2.53157894736842
CIRC_00577,MLI,1994,0
CIRC_00578,MLI,1994,2.49473684210526
CIRC_00579,MLI,1994,4.06315789473684
CIRC_00580,MLI,1994,0
CIRC_00581,MLI,1994,0.537634408602151
CIRC_00582,MLT,1994,61.2242990654206
CIRC_00583,MLT,1994,62.0106382978723
CIRC_00584,MLT,1994,61.3423913043478
CIRC_00585,MLT,1994,61.6885245901639
CIRC_00586,MNG,1994,0
CIRC_00587,MNG,1994,0
CIRC_00588,MNG,1994,0
CIRC_00589,MNG,1994,42.3832116788321
CIRC_00590,MNG,1994,0
CIRC_00591,MAR,1994,58.0833333333333
CIRC_00592,MMR,1994,35.3520408163265
CIRC_00593,MMR,1994,0.229591836734694
CIRC_00594,MMR,1994,0
CIRC_00595,MMR,1994,59.4886363636364
CIRC_00596,MMR,1994,5.90404040404041
CIRC_00597,MOZ,1994,0
CIRC_00598,MOZ,1994,0
CIRC_00599,MOZ,1994,0
CIRC_00600,NAM,1994,1.51030927835052
CIRC_00601,NAM,1994,0
CIRC_00602,NAM,1994,14.984693877551
CIRC_00603,NPL,1994,46.8915094339623
CIRC_00604,IND,1994,49.3317307692308
CIRC_00605,IND,1994,4.21153846153846
CIRC_00606,NPL,1994,0
CIRC_00607,NPL,1994,0
CIRC_00608,NPL,1994,0
CIRC_00609,NPL,1994,4.29326923076923
CIRC_00610,NPL,1994,4.32575757575758
CIRC_00611,NPL,1994,0
CIRC_00612,NPL,1994,0
CIRC_00613,NPL,1994,0
CIRC_00614,NPL,1994,15.3834951456311
CIRC_00615,NPL,1994,0
CIRC_00616,NZL,1994,20.8961038961039
CIRC_00617,NZL,1994,17.0705128205128
CIRC_00618,NZL,1994,3.15217391304348
CIRC_00619,NZL,1994,7.62313432835821
CIRC_00620,NZL,1994,0.491666666666667
CIRC_00621,NZL,1994,61.5958904109589
CIRC_00622,NZL,1994,0.0735294117647059
CIRC_00623,NZL,1994,41.4
CIRC_00624,NZL,1994,26.7520661157025
CIRC_00625,NZL,1994,59.5542635658915
CIRC_00626,NIC,1994,0.363157894736842
CIRC_00627,NIC,1994,8.71052631578947
CIRC_00628,NIC,1994,52.1315789473684
CIRC_00629,NIC,1994,18.0888888888889
CIRC_00630,NGA,1994,20.4840425531915
CIRC_00631,NGA,1994,56.4261363636364
CIRC_00632,NGA,1994,55.0263157894737
CIRC_00633,NGA,1994,29.5053191489362
CIRC_00634,NGA,1994,39.0789473684211
CIRC_00635,NGA,1994,15.5054945054945
CIRC_00636,NGA,1994,7.39473684210527
CIRC_00637,NER,1994,0.260416666666667
CIRC_00638,NER,1994,9.88659793814433
CIRC_00639,NER,1994,1.30729166666667
CIRC_00640,NER,1994,42.0744680851064
CIRC_00641,NER,1994,0.303191489361702
CIRC_00642,NER,1994,0
CIRC_00643,NER,1994,0
CIRC_00644,NER,1994,0
CIRC_00645,NER,1994,0
CIRC_00646,NOR,1994,44.2846715328467
CIRC_00647,NOR,1994,56.6456043956044
CIRC_00648,NOR,1994,59.3364197530864
CIRC_00649,NOR,1994,39.275
CIRC_00650,NOR,1994,13.9890710382514
CIRC_00651,NOR,1994,62.4755244755245
CIRC_00652,NOR,1994,57.3675496688742
CIRC_00653,NLD,1994,62.2847682119205
CIRC_00654,NLD,1994,22.3973509933775
CIRC_00655,NLD,1994,22.0735294117647
CIRC_00656,NLD,1994,60.972027972028
CIRC_00657,OMN,1994,48.0257731958763
CIRC_00658,OMN,1994,55.2077922077922
CIRC_00659,PAK,1994,62.6808510638298
CIRC_00660,PAK,1994,5.12019230769231
CIRC_00661,PAK,1994,62.061320754717
CIRC_00662,PAK,1994,5.86057692307692
CIRC_00663,PAK,1994,12.2452830188679
CIRC_00664,IND,1994,61.3461538461539
CIRC_00665,PAK,1994,54.9906542056075
CIRC_00666,PAK,1994,0
CIRC_00667,PAK,1994,62.4821428571429
CIRC_00668,PAK,1994,2.89719626168224
CIRC_00669,PAN,1994,60.0431034482759
CIRC_00670,PAN,1994,0.186170212765957
CIRC_00671,PAN,1994,15.6358695652174
CIRC_00672,PRY,1994,0.718446601941748
CIRC_00673,PRY,1994,58.8970588235294
CIRC_00674,PRY,1994,10.2378640776699
CIRC_00675,PRY,1994,0.0333333333333333
CIRC_00676,PRY,1994,53.6222222222222
CIRC_00677,PER,1994,62.921052631579
CIRC_00678,PER,1994,37.6197916666667
CIRC_00679,PER,1994,0
CIRC_00680,PER,1994,62.78125
CIRC_00681,PER,1994,14.989247311828
CIRC_00682,PER,1994,0.755102040816327
CIRC_00683,PHL,1994,0
CIRC_00684,PHL,1994,5.76966292134832
CIRC_00685,PHL,1994,62.9035087719298
CIRC_00686,PHL,1994,62.8762886597938
CIRC_00687,PHL,1994,62.9659090909091
CIRC_00688,PHL,1994,0.429347826086956
CIRC_00689,PHL,1994,62.9420289855073
CIRC_00690,PNG,1994,0
CIRC_00691,PNG,1994,0.0515463917525774
CIRC_00692,PNG,1994,0
CIRC_00693,PNG,1994,35.1373626373626
CIRC_00694,PNG,1994,0
CIRC_00695,PNG,1994,4.58823529411765
CIRC_00696,PNG,1994,0
CIRC_00697,PNG,1994,0.088888888888889
CIRC_00698,POL,1994,3.34333333333333
CIRC_00699,POL,1994,3.69480519480519
CIRC_00700,POL,1994,7.734375
CIRC_00701,POL,1994,62.6986754966887
CIRC_00702,POL,1994,9.16554054054054
CIRC_00703,POL,1994,8.88607594936709
CIRC_00704,POL,1994,31.0171232876712
CIRC_00705,POL,1994,56.28125
CIRC_00706,POL,1994,45.6
CIRC_00707,PRT,1994,62.5859375
CIRC_00708,PRT,1994,24.6769911504425
CIRC_00709,PRK,1994,33.4663865546219
CIRC_00710,RUS,1994,1.99300699300699
CIRC_00711,QAT,1994,62.8
CIRC_00712,KOR,1994,31.2542372881356
CIRC_00713,KOR,1994,22.75
CIRC_00714,KOR,1994,6.45744680851064
CIRC_00715,KOR,1994,26.7236842105263
CIRC_00716,JPN,1994,63
CIRC_00717,KOR,1994,62.4333333333333
CIRC_00718,KOR,1994,62.9916666666667
CIRC_00719,KOR,1994,14.688679245283
CIRC_00720,KOR,1994,63
CIRC_00721,ROU,1994,58.9618320610687
CIRC_00722,ROU,1994,17.9274809160305
CIRC_00723,UKR,1994,16.5492424242424
CIRC_00724,ROU,1994,0
CIRC_00725,ROU,1994,0.840579710144927
CIRC_00726,ROU,1994,22.9664179104478
CIRC_00727,ROU,1994,7.16165413533834
CIRC_00728,ROU,1994,22.2302158273381
CIRC_00729,ROU,1994,6.04135338345865
CIRC_00730,ROU,1994,14.2635658914729
CIRC_00731,ROU,1994,23.125
CIRC_00732,RUS,1994,5.00751879699248
CIRC_00733,RUS,1994,3.91387559808613
CIRC_00734,RUS,1994,62.8162162162162
CIRC_00735,RWA,1994,3.4016393442623
CIRC_00736,RWA,1994,0
CIRC_00737,RWA,1994,0
CIRC_00738,ZAF,1994,62.9362745098039
CIRC_00739,ZAF,1994,0.165178571428572
CIRC_00740,ZAF,1994,0.099099099099099
CIRC_00741,ZAF,1994,61.88
CIRC_00742,ZAF,1994,0.695238095238095
CIRC_00743,ZAF,1994,61.7376237623762
CIRC_00744,SLV,1994,57.9838709677419
CIRC_00745,SLV,1994,29.125
CIRC_00746,SLV,1994,2.72105263157895
CIRC_00747,SLV,1994,2.46907216494845
CIRC_00748,SLV,1994,2.13917525773196
CIRC_00749,SAU,1994,63
CIRC_00750,SEN,1994,0
CIRC_00751,SEN,1994,1.4234693877551
CIRC_00752,SEN,1994,0
CIRC_00753,SRB,1994,60.0390625
CIRC_00754,SRB,1994,13.412
CIRC_00755,XKO,1994,17.4960317460317
CIRC_00756,SLE,1994,0
CIRC_00757,SLE,1994,16.3469387755102
CIRC_00758,SLE,1994,0
CIRC_00759,SLE,1994,0
CIRC_00760,SLE,1994,0
CIRC_00761,SLE,1994,0
CIRC_00762,SGP,1994,62.6621621621622
CIRC_00763,SGP,1994,62.8858695652174
CIRC_00764,SVK,1994,26.4685314685315
CIRC_00765,SVK,1994,4.85211267605633
CIRC_00766,SVK,1994,9.20774647887323
CIRC_00767,SVK,1994,23.0744680851064
CIRC_00768,SVK,1994,13.4784172661871
CIRC_00769,SVK,1994,33.2985611510791
CIRC_00770,SVK,1994,6.40865384615385
CIRC_00771,SVN,1994,1.71323529411765
CIRC_00772,SVN,1994,2.09842519685039
CIRC_00773,SVN,1994,28.9666666666667
CIRC_00774,SVN,1994,52.6148148148148
CIRC_00775,SVN,1994,9.7175572519084
CIRC_00776,SVN,1994,10.9179104477612
CIRC_00777,SVN,1994,18.6206896551724
CIRC_00778,SLB,1994,0
CIRC_00779,SLB,1994,0
CIRC_00780,SLB,1994,0
CIRC_00781,SLB,1994,0
CIRC_00782,SLB,1994,0
CIRC_00783,SLB,1994,0
CIRC_00784,SLB,1994,0
CIRC_00785,SLB,1994,0
CIRC_00786,ETH,1994,0
CIRC_00787,SOM,1994,0
CIRC_00788,SOM,1994,23.2358490566038
CIRC_00789,ESP,1994,62.8803418803419
CIRC_00790,ESP,1994,63
CIRC_00791,ESP,1994,54.8306451612903
CIRC_00792,ESP,1994,46.4180327868853
CIRC_00793,LKA,1994,52.9666666666667
CIRC_00794,LKA,1994,9.31052631578947
CIRC_00795,LKA,1994,2.20967741935484
CIRC_00796,LKA,1994,18.9202127659575
CIRC_00797,LKA,1994,10.3092783505155
CIRC_00798,SSD,1994,0
CIRC_00799,SDN,1994,2.23529411764706
CIRC_00800,SDN,1994,0
CIRC_00801,SUR,1994,28.0054945054945
CIRC_00802,SUR,1994,0
CIRC_00803,SUR,1994,5.04444444444444
CIRC_00804,SUR,1994,7.21649484536083
CIRC_00805,SWZ,1994,20.9855769230769
CIRC_00806,SWE,1994,44.6566265060241
CIRC_00807,SWE,1994,47.0785714285714
CIRC_00808,SWE,1994,13.8176795580111
CIRC_00809,SWE,1994,62.9390243902439
CIRC_00810,SWE,1994,46.1994535519126
CIRC_00811,SWE,1994,46.0512048192771
CIRC_00812,CHE,1994,39.0294117647059
CIRC_00813,CHE,1994,33.1390977443609
CIRC_00814,CHE,1994,37.4365671641791
CIRC_00815,CHE,1994,3.05223880597015
CIRC_00816,CHE,1994,55.1611111111111
CIRC_00817,CHE,1994,17.7810218978102
CIRC_00818,CHE,1994,27.3372093023256
CIRC_00819,CHE,1994,21.8074074074074
CIRC_00820,CHE,1994,33.7148148148148
CIRC_00821,CHE,1994,16.5471014492754
CIRC_00822,CHE,1994,40.1764705882353
CIRC_00823,CHE,1994,29.7058823529412
CIRC_00824,CHE,1994,16.4598540145985
CIRC_00825,CHE,1994,21.5152671755725
CIRC_00826,CHE,1994,32.6557971014493
CIRC_00827,CHE,1994,26.7028985507246
CIRC_00828,CHE,1994,32.6
CIRC_00829,CHE,1994,6.66423357664234
CIRC_00830,CHE,1994,14.7916666666667
CIRC_00831,CHE,1994,22.0230769230769
CIRC_00832,CHE,1994,16.0328467153285
CIRC_00833,SYR,1994,18.7844827586207
CIRC_00834,SYR,1994,61.6891891891892
CIRC_00835,TJK,1994,4.6965811965812
CIRC_00836,TJK,1994,43.827868852459
CIRC_00837,TJK,1994,0
CIRC_00838,TJK,1994,14.1939655172414
CIRC_00839,TWN,1994,20.1712328767123
CIRC_00840,TWN,1994,18.75
CIRC_00841,HKG,1994,62.8695652173913
CIRC_00842,TWN,1994,62.5539215686275
CIRC_00843,TZA,1994,0
CIRC_00844,TZA,1994,0
CIRC_00845,TZA,1994,0
CIRC_00846,TZA,1994,0
CIRC_00847,TZA,1994,0.317567567567568
CIRC_00848,THA,1994,63
CIRC_00849,THA,1994,63
CIRC_00850,THA,1994,62.4270833333333
CIRC_00851,THA,1994,13.3617021276596
CIRC_00852,THA,1994,29.0052083333333
CIRC_00853,THA,1994,62.8763440860215
CIRC_00854,THA,1994,6.95876288659794
CIRC_00855,THA,1994,12.9690721649485
CIRC_00856,THA,1994,3.86842105263158
CIRC_00857,GBR,1994,62.9110429447853
CIRC_00858,THA,1994,44.7052631578948
CIRC_00859,TKM,1994,27.7438016528926
CIRC_00860,TKM,1994,13.0210084033613
CIRC_00861,TKM,1994,57.0173913043478
CIRC_00862,TGO,1994,0.913978494623656
CIRC_00863,TGO,1994,2.42763157894737
CIRC_00864,TGO,1994,0
CIRC_00865,TTO,1994,22.9672131147541
CIRC_00866,TTO,1994,47.7686567164179
CIRC_00867,TTO,1994,15.3
CIRC_00868,TTO,1994,4.89189189189189
CIRC_00869,TTO,1994,13.0459770114943
CIRC_00870,TUN,1994,56.12
CIRC_00871,TUN,1994,15.7018348623853
CIRC_00872,TUN,1994,61.752688172043
CIRC_00873,TUN,1994,15.7521739130435
CIRC_00874,TUN,1994,57.6818181818182
CIRC_00875,TUN,1994,10.9173913043478
CIRC_00876,TUN,1994,25.8066666666667
CIRC_00877,TUR,1994,31.6166666666667
CIRC_00878,TUR,1994,61.8692307692308
CIRC_00879,TUR,1994,3.40086206896551
CIRC_00880,TUR,1994,61.7241379310345
CIRC_00881,TUR,1994,13.75
CIRC_00882,TUR,1994,55.6570247933884
CIRC_00883,TUR,1994,61.9945054945055
CIRC_00884,ARE,1994,61.4107142857143
CIRC_00885,ARE,1994,59.7205882352941
CIRC_00886,UGA,1994,0
CIRC_00887,GBR,1994,31.0562913907285
CIRC_00888,GBR,1994,22.8732876712329
CIRC_00889,GBR,1994,62.8767123287671
CIRC_00890,GBR,1994,52.3
CIRC_00891,GBR,1994,47.051724137931
CIRC_00892,USA,1994,63
CIRC_00893,GBR,1994,52.8079470198676
CIRC_00894,GBR,1994,62.236641221374
CIRC_00895,UKR,1994,1.91156462585034
CIRC_00896,UKR,1994,8.42434210526316
CIRC_00897,UKR,1994,0.157718120805369
CIRC_00898,UKR,1994,45.5964285714286
CIRC_00899,UKR,1994,57.6205673758865
CIRC_00900,UKR,1994,10.6307692307692
CIRC_00901,UKR,1994,56.5144927536232
CIRC_00902,URY,1994,62
CIRC_00903,URY,1994,61.1813186813187
CIRC_00904,USA,1994,61.7222222222222
CIRC_00905,USA,1994,29.7130434782609
CIRC_00906,USA,1994,62.3333333333333
CIRC_00907,USA,1994,61.6507936507937
CIRC_00908,USA,1994,62.926724137931
CIRC_00909,USA,1994,58.3548387096774
CIRC_00910,UZB,1994,47.0247933884297
CIRC_00911,UZB,1994,61.0443548387097
CIRC_00912,UZB,1994,10.6176470588235
CIRC_00913,VEN,1994,24.4263157894737
CIRC_00914,VEN,1994,19.8833333333333
CIRC_00915,VEN,1994,1.2319587628866
CIRC_00916,VEN,1994,12.478021978022
CIRC_00917,VEN,1994,62.6684782608696
CIRC_00918,YEM,1994,2.375
CIRC_00919,YEM,1994,0.148936170212766
CIRC_00920,YEM,1994,4.0979381443299
CIRC_00921,SRB,1994,20.5859375
CIRC_00922,MNE,1994,7.72844827586207
CIRC_00923,ZMB,1994,0.461538461538462
CIRC_00924,ZMB,1994,42.2842105263158
CIRC_00925,ZMB,1994,24.96875
CIRC_00926,ZWE,1994,0
CIRC_00927,ZMB,1994,0
CIRC_00928,ZMB,1994,12.735
CIRC_00929,ZMB,1994,35.65625
CIRC_00930,ZMB,1994,0
CIRC_00931,ZWE,1994,0
CIRC_00932,ZWE,1994,10.860824742268
CIRC_00933,COM,1994,0
CIRC_00934,MDV,1994,39.8333333333333
CIRC_00935,SAU,1994,63
CIRC_00936,ISR,1994,61.1712962962963
CIRC_00937,COM,1994,0.0555555555555556
CIRC_00938,COM,1994,0.138888888888889
CIRC_00941,LBY,1994,62.2538461538462
CIRC_00942,SGP,1994,62.8764705882353
CIRC_00943,MKD,1994,48.1311475409836
CIRC_00945,QAT,1994,62.8333333333333
CIRC_00946,MDA,1994,5.65530303030303
CIRC_00947,SGP,1994,62.8352941176471
CIRC_00948,LSO,1994,0.759433962264151
CIRC_00949,MDA,1994,1.91007194244604
CIRC_00950,COM,1994,1.24444444444445
CIRC_00951,LSO,1994,0
CIRC_00952,MUS,1994,39.2635135135135
CIRC_00953,ISR,1994,62.9930555555556
CIRC_00954,TKM,1994,28.7260869565217
CIRC_00955,LBY,1994,23.0909090909091
CIRC_00956,ISR,1994,42.78125
CIRC_00957,MUS,1994,25.9948453608247
CIRC_00958,GTM,1994,59.9690721649485
CIRC_00959,MDA,1994,8.0036231884058
CIRC_00960,ISR,1994,62.8717948717949
CIRC_00961,SSD,1994,0
CIRC_00962,CYP,1994,52.9666666666667
CIRC_00964,LSO,1994,35.1587301587302
CIRC_00965,MDA,1994,3.36131386861314
CIRC_00001,AFG,1995,0.31858407079646
CIRC_00002,AFG,1995,1.89285714285714
CIRC_00003,AFG,1995,0
CIRC_00004,AFG,1995,0
CIRC_00005,AFG,1995,0.481481481481482
CIRC_00006,AFG,1995,0
CIRC_00007,AFG,1995,0
CIRC_00008,ALB,1995,18.3145161290323
CIRC_00009,ALB,1995,0
CIRC_00010,ALB,1995,35.1393442622951
CIRC_00011,ALB,1995,0.975
CIRC_00012,DZA,1995,6.07079646017699
CIRC_00013,DZA,1995,28.6434782608696
CIRC_00014,DZA,1995,11.2695652173913
CIRC_00015,DZA,1995,37.6140350877193
CIRC_00016,MAR,1995,46.7105263157895
CIRC_00017,DZA,1995,2.8859649122807
CIRC_00018,DZA,1995,23.2432432432433
CIRC_00019,AGO,1995,52.7058823529412
CIRC_00020,AGO,1995,24.125
CIRC_00021,ARG,1995,4.03738317757009
CIRC_00022,ARG,1995,62.9357798165138
CIRC_00023,ARG,1995,17.0096153846154
CIRC_00024,ARG,1995,44.2727272727273
CIRC_00025,ARG,1995,63
CIRC_00026,ARG,1995,34.3148148148148
CIRC_00027,ARG,1995,57.5217391304348
CIRC_00028,ARG,1995,39.6869565217391
CIRC_00029,ARG,1995,62.7303370786517
CIRC_00030,ARG,1995,62.8953488372093
CIRC_00031,SYR,1995,5.55652173913044
CIRC_00032,AZE,1995,5.86776859504132
CIRC_00033,ARM,1995,29.739837398374
CIRC_00034,ARM,1995,30.5042016806723
CIRC_00035,ARM,1995,0.983050847457628
CIRC_00036,AUS,1995,5.11965811965812
CIRC_00037,AUS,1995,62.8953488372093
CIRC_00038,AUS,1995,17.9809523809524
CIRC_00039,GBR,1995,47.0212765957447
CIRC_00040,GBR,1995,63
CIRC_00041,AUS,1995,62.6704545454546
CIRC_00042,AUT,1995,62.6142857142857
CIRC_00043,AUT,1995,46.2426470588235
CIRC_00044,AUT,1995,30.0851063829787
CIRC_00045,AUT,1995,4.12765957446809
CIRC_00046,AUT,1995,60.273381294964
CIRC_00047,AUT,1995,61.6258992805755
CIRC_00048,AUT,1995,13.9928057553957
CIRC_00049,CHE,1995,16.2116788321168
CIRC_00050,AZE,1995,59.8888888888889
CIRC_00051,AZE,1995,2.33606557377049
CIRC_00052,AZE,1995,59.8974358974359
CIRC_00053,AZE,1995,17.008064516129
CIRC_00054,BHR,1995,59.4035087719298
CIRC_00055,BHR,1995,62.96
CIRC_00056,BRB,1995,53.75
CIRC_00057,BRB,1995,14.8157894736842
CIRC_00058,BRB,1995,22.25
CIRC_00059,BRB,1995,19.90625
CIRC_00060,BEL,1995,45.1133333333333
CIRC_00061,FRA,1995,62.2047244094488
CIRC_00062,BEL,1995,56.6503496503497
CIRC_00063,BEL,1995,47.4395604395605
CIRC_00064,BEL,1995,62.4697986577181
CIRC_00065,BEL,1995,53.3125
CIRC_00066,BEL,1995,52.6054421768708
CIRC_00067,BEL,1995,62.7959183673469
CIRC_00068,BEL,1995,60.5753424657534
CIRC_00069,BEN,1995,0
CIRC_00070,TGO,1995,56.2222222222222
CIRC_00071,BEN,1995,0
CIRC_00072,BEN,1995,5.05434782608696
CIRC_00073,BFA,1995,51.0105263157895
CIRC_00074,BFA,1995,4.85106382978723
CIRC_00075,BFA,1995,2.0421052631579
CIRC_00076,BFA,1995,51.3626373626374
CIRC_00077,BFA,1995,0
CIRC_00078,BHS,1995,61.4567901234568
CIRC_00079,BHS,1995,40.0384615384615
CIRC_00080,BHS,1995,59.3225806451613
CIRC_00081,BTN,1995,7.33333333333334
CIRC_00082,BTN,1995,0
CIRC_00083,BTN,1995,0
CIRC_00084,BTN,1995,2.26923076923077
CIRC_00085,BTN,1995,0
CIRC_00086,BTN,1995,0
CIRC_00087,BLR,1995,62.3229813664596
CIRC_00088,BLR,1995,5.27096774193548
CIRC_00089,BLR,1995,3.76100628930818
CIRC_00090,BLZ,1995,40.8928571428571
CIRC_00091,BLZ,1995,10.3469387755102
CIRC_00092,BLZ,1995,12.7979797979798
CIRC_00093,IND,1995,5.99038461538462
CIRC_00094,BGD,1995,0.970297029702971
CIRC_00095,BGD,1995,3.3960396039604
CIRC_00096,IND,1995,8.55339805825243
CIRC_00097,BGD,1995,0.504950495049505
CIRC_00098,BGD,1995,27.4
CIRC_00099,BGD,1995,5.66346153846154
CIRC_00100,BOL,1995,58.9583333333333
CIRC_00101,BOL,1995,59.7628865979382
CIRC_00102,BOL,1995,61.9166666666667
CIRC_00103,BOL,1995,0
CIRC_00104,BOL,1995,1.875
CIRC_00105,BIH,1995,0.0601503759398496
CIRC_00106,BIH,1995,5.60769230769231
CIRC_00107,HRV,1995,3.62096774193548
CIRC_00108,BIH,1995,11.2698412698413
CIRC_00109,BIH,1995,15.7328244274809
CIRC_00110,BIH,1995,3.264
CIRC_00111,BIH,1995,4.40909090909091
CIRC_00112,BIH,1995,16.8372093023256
CIRC_00113,BIH,1995,7.87903225806452
CIRC_00114,BIH,1995,3.13953488372093
CIRC_00115,BIH,1995,5.17692307692308
CIRC_00116,BIH,1995,0.689922480620155
CIRC_00117,BIH,1995,14.828125
CIRC_00118,BIH,1995,4.57936507936508
CIRC_00119,BIH,1995,2.25384615384615
CIRC_00120,BWA,1995,5.18627450980392
CIRC_00121,BWA,1995,0
CIRC_00122,GBR,1995,60.5594405594406
CIRC_00123,BWA,1995,1.54901960784314
CIRC_00124,BRA,1995,11.0659340659341
CIRC_00125,BRA,1995,62.8125
CIRC_00126,BRA,1995,51.4343434343434
CIRC_00127,BRA,1995,7.32631578947369
CIRC_00128,BRA,1995,61.3020833333333
CIRC_00129,BRA,1995,26.99
CIRC_00130,BRA,1995,3.80582524271845
CIRC_00131,BRN,1995,57.0561797752809
CIRC_00132,BDI,1995,0
CIRC_00133,BDI,1995,0
CIRC_00134,BDI,1995,27.7765957446809
CIRC_00135,BDI,1995,0
CIRC_00136,BDI,1995,0
CIRC_00137,BDI,1995,2.88636363636364
CIRC_00138,BDI,1995,0
CIRC_00139,BDI,1995,0.212765957446808
CIRC_00140,BGR,1995,1.06870229007634
CIRC_00141,RUS,1995,63
CIRC_00142,BGR,1995,2.671875
CIRC_00143,BGR,1995,61.7063492063492
CIRC_00144,BGR,1995,10.768
CIRC_00145,BGR,1995,48.336
CIRC_00146,UKR,1995,45.3712121212121
CIRC_00147,BGR,1995,13.6220472440945
CIRC_00148,USA,1995,63
CIRC_00149,BGR,1995,15.6
CIRC_00150,BGR,1995,10.5403225806452
CIRC_00151,BGR,1995,6.5609756097561
CIRC_00152,BGR,1995,6.296
CIRC_00153,BGR,1995,28.5193798449612
CIRC_00154,KHM,1995,0
CIRC_00155,KHM,1995,33.6881720430108
CIRC_00156,KHM,1995,0.222222222222222
CIRC_00157,CAN,1995,57.984375
CIRC_00158,CAN,1995,31.7615384615385
CIRC_00159,CAN,1995,57.2222222222222
CIRC_00160,CAN,1995,62.1960784313726
CIRC_00161,CAN,1995,62.9461538461539
CIRC_00162,CAN,1995,63
CIRC_00163,CMR,1995,5.56382978723404
CIRC_00164,CPV,1995,0
CIRC_00165,CPV,1995,15.1186440677966
CIRC_00166,CPV,1995,1.44329896907216
CIRC_00167,CPV,1995,14.7052631578947
CIRC_00168,CIV,1995,22.6739130434783
CIRC_00169,CIV,1995,0
CIRC_00170,CIV,1995,0
CIRC_00171,CIV,1995,14.031914893617
CIRC_00172,CIV,1995,7.94565217391304
CIRC_00173,CAF,1995,31
CIRC_00174,CAF,1995,0
CIRC_00175,GAB,1995,3.97872340425532
CIRC_00176,CAF,1995,0.358695652173913
CIRC_00177,CAF,1995,0
CIRC_00178,TCD,1995,34.7183098591549
CIRC_00179,TCD,1995,2
CIRC_00180,TCD,1995,0
CIRC_00181,TCD,1995,35.6666666666667
CIRC_00182,CHL,1995,53
CIRC_00183,CHL,1995,56.7349397590362
CIRC_00184,CHL,1995,63
CIRC_00185,CHL,1995,46.6
CIRC_00186,CHN,1995,11.0555555555556
CIRC_00187,CHN,1995,49.9259259259259
CIRC_00188,CHN,1995,25.9716981132076
CIRC_00189,CHN,1995,63
CIRC_00190,COL,1995,62.3829787234043
CIRC_00191,COL,1995,53.1931818181818
CIRC_00192,COL,1995,59.4468085106383
CIRC_00193,COL,1995,60.5212765957447
CIRC_00194,COL,1995,5.42105263157894
CIRC_00195,MDG,1995,15.5945945945946
CIRC_00196,FRA,1995,5.93233082706767
CIRC_00197,COM,1995,0.0740740740740742
CIRC_00198,COM,1995,0.159574468085106
CIRC_00199,COM,1995,1.25423728813559
CIRC_00200,COM,1995,0.038961038961039
CIRC_00201,COM,1995,2.27777777777778
CIRC_00202,COM,1995,0.320754716981132
CIRC_00203,COG,1995,2.18888888888889
CIRC_00204,COG,1995,0
CIRC_00205,CRI,1995,58.7684210526316
CIRC_00206,NIC,1995,12.2127659574468
CIRC_00207,CRI,1995,62.9896907216495
CIRC_00208,CRI,1995,62.8936170212766
CIRC_00209,HRV,1995,11.1374045801527
CIRC_00210,HRV,1995,60.5777777777778
CIRC_00211,HRV,1995,5.86466165413534
CIRC_00212,HRV,1995,46.7464788732394
CIRC_00213,CUB,1995,0.393939393939394
CIRC_00214,CUB,1995,6.88888888888889
CIRC_00215,XNC,1995,27.2295081967213
CIRC_00216,XNC,1995,57.0545454545455
CIRC_00217,XNC,1995,14.3913043478261
CIRC_00218,CYP,1995,8.35087719298246
CIRC_00219,CYP,1995,33.6111111111111
CIRC_00220,SVK,1995,18.0588235294118
CIRC_00221,CZE,1995,49.5845070422535
CIRC_00222,CZE,1995,61.9142857142857
CIRC_00223,CZE,1995,25.530303030303
CIRC_00224,CZE,1995,24.8150684931507
CIRC_00225,CZE,1995,43.7
CIRC_00226,CZE,1995,24.1014492753623
CIRC_00227,CZE,1995,31.2323943661972
CIRC_00228,CZE,1995,61.1369863013699
CIRC_00229,CZE,1995,12.7622377622378
CIRC_00230,SVK,1995,60.0787401574803
CIRC_00231,CZE,1995,16.9078014184397
CIRC_00232,DNK,1995,19.9097222222222
CIRC_00233,DNK,1995,49.6
CIRC_00234,DNK,1995,7.53254437869822
CIRC_00235,DNK,1995,51.3483870967742
CIRC_00236,DNK,1995,61.8758169934641
CIRC_00237,DNK,1995,56.6217948717949
CIRC_00238,SOM,1995,0
CIRC_00239,ETH,1995,16.7553191489362
CIRC_00240,DOM,1995,7.48453608247423
CIRC_00241,DOM,1995,61.515625
CIRC_00242,DOM,1995,58.6534653465347
CIRC_00243,DOM,1995,0.625
CIRC_00244,COD,1995,0
CIRC_00245,COD,1995,0
CIRC_00246,COD,1995,0
CIRC_00247,COD,1995,57.9782608695652
CIRC_00248,VNM,1995,4.5360824742268
CIRC_00249,VNM,1995,17.421568627451
CIRC_00250,VNM,1995,0
CIRC_00251,VNM,1995,0
CIRC_00252,VNM,1995,12.970297029703
CIRC_00253,ECU,1995,55.1075268817204
CIRC_00254,USA,1995,62.9545454545455
CIRC_00255,ECU,1995,59.4222222222222
CIRC_00256,ECU,1995,49.5591397849463
CIRC_00257,ECU,1995,31.7222222222222
CIRC_00258,ECU,1995,1.94805194805195
CIRC_00259,ECU,1995,59.7096774193549
CIRC_00260,USA,1995,62.9032258064516
CIRC_00261,EGY,1995,46.3063063063063
CIRC_00262,EGY,1995,63
CIRC_00263,EGY,1995,34.1834862385321
CIRC_00264,GNQ,1995,0
CIRC_00265,ERI,1995,26.9157894736842
CIRC_00266,EST,1995,31.8435754189944
CIRC_00267,EST,1995,0
CIRC_00268,EST,1995,25.1123595505618
CIRC_00269,EST,1995,57.3636363636364
CIRC_00270,EST,1995,6.54545454545455
CIRC_00271,EST,1995,40.876404494382
CIRC_00272,ETH,1995,4.41052631578947
CIRC_00273,ETH,1995,2.73684210526316
CIRC_00274,ETH,1995,0
CIRC_00275,ETH,1995,0
CIRC_00276,TLS,1995,1.78181818181818
CIRC_00277,TLS,1995,18.1846153846154
CIRC_00278,TLS,1995,1.04255319148936
CIRC_00279,TLS,1995,17.8507462686567
CIRC_00280,TLS,1995,0
CIRC_00281,TLS,1995,0
CIRC_00282,FIN,1995,53.5789473684211
CIRC_00283,RUS,1995,41.1145038167939
CIRC_00284,FIN,1995,62.7671232876712
CIRC_00285,FIN,1995,40.2931937172775
CIRC_00286,FJI,1995,0
CIRC_00287,FJI,1995,0
CIRC_00288,FJI,1995,8.29166666666667
CIRC_00289,FJI,1995,8.23595505617978
CIRC_00290,FJI,1995,0.412371134020619
CIRC_00291,FJI,1995,0
CIRC_00292,FJI,1995,0
CIRC_00293,FJI,1995,0
CIRC_00294,FRA,1995,15.1060606060606
CIRC_00295,FRA,1995,63
CIRC_00296,FRA,1995,63
CIRC_00297,FRA,1995,61.9300699300699
CIRC_00298,FRA,1995,57.6849315068493
CIRC_00299,GAB,1995,1.17582417582418
CIRC_00300,GAB,1995,2.90322580645161
CIRC_00301,COG,1995,48.9125
CIRC_00302,GAB,1995,0
CIRC_00303,GMB,1995,0
CIRC_00304,GMB,1995,0
CIRC_00305,GMB,1995,1.56842105263158
CIRC_00306,DEU,1995,62.6862745098039
CIRC_00307,DEU,1995,57.1056338028169
CIRC_00308,DEU,1995,11.5333333333333
CIRC_00309,DEU,1995,62.2547770700637
CIRC_00310,DEU,1995,23.9440559440559
CIRC_00311,GHA,1995,60.5238095238095
CIRC_00312,GHA,1995,59.4021739130435
CIRC_00313,GHA,1995,13.0659340659341
CIRC_00314,GHA,1995,0
CIRC_00315,GNB,1995,20.3384615384615
CIRC_00316,GNB,1995,0
CIRC_00317,GNB,1995,0
CIRC_00318,GNB,1995,2.5625
CIRC_00319,GNB,1995,0
CIRC_00320,GRC,1995,62.9338842975207
CIRC_00321,GRC,1995,44.0153846153846
CIRC_00322,GRC,1995,0.99056603773585
CIRC_00323,GRC,1995,62.2638888888889
CIRC_00324,USA,1995,63
CIRC_00325,GRC,1995,62.9262295081967
CIRC_00326,GRC,1995,27.7727272727273
CIRC_00327,GEO,1995,29.424
CIRC_00328,GEO,1995,4.464
CIRC_00329,GEO,1995,0
CIRC_00330,GEO,1995,15.5703125
CIRC_00331,FRA,1995,63
CIRC_00332,GTM,1995,60.8762886597938
CIRC_00333,GTM,1995,1.91666666666667
CIRC_00334,GTM,1995,8.05208333333333
CIRC_00335,GIN,1995,0
CIRC_00336,GIN,1995,0
CIRC_00337,GIN,1995,0
CIRC_00338,GIN,1995,38.0476190476191
CIRC_00339,GIN,1995,0
CIRC_00340,GIN,1995,0.505154639175258
CIRC_00341,GUY,1995,38.8260869565217
CIRC_00342,GUY,1995,4.57142857142857
CIRC_00343,GUY,1995,0
CIRC_00344,USA,1995,62.496
CIRC_00345,GUY,1995,21.3369565217391
CIRC_00346,GUY,1995,0
CIRC_00347,GUY,1995,3.86301369863013
CIRC_00348,HTI,1995,0.144329896907216
CIRC_00349,HTI,1995,42.4285714285714
CIRC_00350,HTI,1995,24.3936170212766
CIRC_00351,HTI,1995,0
CIRC_00352,HTI,1995,2.7906976744186
CIRC_00353,HTI,1995,0
CIRC_00354,HTI,1995,0
CIRC_00355,HTI,1995,0
CIRC_00356,HND,1995,22.4418604651163
CIRC_00357,HND,1995,58.621052631579
CIRC_00358,HND,1995,55.1595744680851
CIRC_00359,PAN,1995,60.3333333333333
CIRC_00360,HND,1995,0
CIRC_00361,HND,1995,13.1770833333333
CIRC_00362,HND,1995,5.46551724137931
CIRC_00363,HND,1995,1.08421052631579
CIRC_00364,HND,1995,0.408602150537634
CIRC_00365,HUN,1995,10.2898550724638
CIRC_00366,HUN,1995,62.9492753623189
CIRC_00367,HUN,1995,2.31538461538462
CIRC_00368,HUN,1995,44.7536231884058
CIRC_00369,HUN,1995,15.1777777777778
CIRC_00370,HUN,1995,48.796992481203
CIRC_00371,ISL,1995,61.0294117647059
CIRC_00372,ISL,1995,6.546875
CIRC_00373,ISL,1995,61.7983193277311
CIRC_00374,IND,1995,55.6930693069307
CIRC_00375,IND,1995,3.72380952380952
CIRC_00376,IND,1995,8.07142857142857
CIRC_00377,IND,1995,53.1470588235294
CIRC_00378,IND,1995,3.63157894736842
CIRC_00379,PAK,1995,32.7927927927928
CIRC_00380,PAK,1995,0.871559633027523
CIRC_00381,IND,1995,6.56435643564357
CIRC_00382,IDN,1995,15.8936170212766
CIRC_00383,IDN,1995,13.1071428571429
CIRC_00384,IDN,1995,16.6842105263158
CIRC_00385,IDN,1995,53.063829787234
CIRC_00386,IDN,1995,4.81052631578947
CIRC_00387,IDN,1995,43.0212765957447
CIRC_00388,IRL,1995,14.8343949044586
CIRC_00389,IRL,1995,1.4472049689441
CIRC_00390,IRL,1995,16.9119496855346
CIRC_00391,IRL,1995,62.9324324324324
CIRC_00392,IRL,1995,16.4904458598726
CIRC_00393,IRL,1995,55.94
CIRC_00394,IRN,1995,9.68224299065421
CIRC_00395,IRN,1995,34.5909090909091
CIRC_00396,IRN,1995,15.3805309734513
CIRC_00397,IRN,1995,0
CIRC_00398,IRN,1995,62.9568965517241
CIRC_00399,IRQ,1995,16.3913043478261
CIRC_00400,USA,1995,15.2053571428571
CIRC_00401,USA,1995,30.0841121495327
CIRC_00402,USA,1995,62.5
CIRC_00403,IRQ,1995,63
CIRC_00404,IRQ,1995,46.6902654867257
CIRC_00405,IRQ,1995,22.0363636363636
CIRC_00406,IRQ,1995,63
CIRC_00407,BLR,1995,2.33333333333333
CIRC_00408,ISR,1995,62.8947368421053
CIRC_00409,BLR,1995,0.518987341772151
CIRC_00410,ISR,1995,63
CIRC_00411,ISR,1995,57.9722222222222
CIRC_00412,ISR,1995,61.8761061946903
CIRC_00413,ISR,1995,47.2660550458716
CIRC_00414,ISR,1995,62.9074074074074
CIRC_00415,ITA,1995,62.976
CIRC_00416,ITA,1995,59.2074074074074
CIRC_00417,ITA,1995,54.7349397590362
CIRC_00418,ITA,1995,60.9555555555556
CIRC_00419,ITA,1995,61.4728682170543
CIRC_00420,ITA,1995,31.734375
CIRC_00421,ITA,1995,62.952380952381
CIRC_00422,ITA,1995,52.5735294117647
CIRC_00423,ITA,1995,52.3410852713178
CIRC_00424,ITA,1995,5.39166666666667
CIRC_00425,JAM,1995,26.7113402061856
CIRC_00426,JAM,1995,5.72043010752688
CIRC_00427,JAM,1995,19.2061855670103
CIRC_00428,JAM,1995,6
CIRC_00429,JAM,1995,42.639175257732
CIRC_00430,JOR,1995,61.4205607476636
CIRC_00431,JPN,1995,63
CIRC_00432,JPN,1995,57.1238938053097
CIRC_00433,JPN,1995,63
CIRC_00434,JPN,1995,59.8804347826087
CIRC_00435,JPN,1995,40.1578947368421
CIRC_00436,JPN,1995,20.6517857142857
CIRC_00437,JPN,1995,15.6363636363636
CIRC_00438,JPN,1995,35.6
CIRC_00439,JPN,1995,61.774647887324
CIRC_00440,JPN,1995,61.5652173913044
CIRC_00441,JPN,1995,52.4727272727273
CIRC_00442,JPN,1995,63
CIRC_00443,JPN,1995,53.7846153846154
CIRC_00444,JPN,1995,62.6893203883495
CIRC_00445,JPN,1995,27.9217391304348
CIRC_00446,JPN,1995,63
CIRC_00447,KEN,1995,0
CIRC_00448,KEN,1995,4.41935483870968
CIRC_00449,KEN,1995,57.7835051546392
CIRC_00450,KEN,1995,0
CIRC_00451,XKO,1995,5.15447154471545
CIRC_00452,XKO,1995,29.76
CIRC_00453,XKO,1995,6.12096774193548
CIRC_00454,XKO,1995,28.531746031746
CIRC_00455,XKO,1995,4.032
CIRC_00456,KWT,1995,62.9491525423729
CIRC_00457,KWT,1995,32.5142857142857
CIRC_00458,KGZ,1995,0.960629921259842
CIRC_00459,KGZ,1995,34.5045045045045
CIRC_00460,KGZ,1995,58.7741935483871
CIRC_00461,KGZ,1995,9.06504065040651
CIRC_00462,KGZ,1995,5.88617886178862
CIRC_00463,KGZ,1995,0
CIRC_00464,KGZ,1995,10.5952380952381
CIRC_00465,KAZ,1995,10.8604651162791
CIRC_00466,KAZ,1995,59.6111111111111
CIRC_00467,LAO,1995,10.3055555555556
CIRC_00468,THA,1995,22.6285714285714
CIRC_00469,LAO,1995,0
CIRC_00470,LAO,1995,0
CIRC_00471,LAO,1995,0
CIRC_00472,LVA,1995,61.1046511627907
CIRC_00473,LVA,1995,1.25531914893617
CIRC_00474,RUS,1995,0
CIRC_00475,LVA,1995,28.6
CIRC_00476,LVA,1995,6.65217391304348
CIRC_00477,LVA,1995,0
CIRC_00478,LVA,1995,0
CIRC_00479,USA,1995,62.6724137931035
CIRC_00480,LBR,1995,0
CIRC_00481,LBR,1995,0
CIRC_00482,LBR,1995,0
CIRC_00483,LBR,1995,0
CIRC_00484,LBR,1995,0
CIRC_00485,LBR,1995,0
CIRC_00486,LBR,1995,0
CIRC_00487,LBR,1995,9
CIRC_00488,LBN,1995,33.6396396396396
CIRC_00489,LBN,1995,38.8761061946903
CIRC_00490,LBN,1995,47.2931034482759
CIRC_00491,LBN,1995,36.5074626865672
CIRC_00492,LBN,1995,62.9655172413793
CIRC_00493,LBN,1995,62.5869565217391
CIRC_00494,LBN,1995,41.0810810810811
CIRC_00495,LSO,1995,0
CIRC_00496,LSO,1995,0.150943396226415
CIRC_00497,LSO,1995,3.40740740740741
CIRC_00498,LSO,1995,0.798076923076923
CIRC_00499,LSO,1995,0
CIRC_00500,LSO,1995,34.4415584415585
CIRC_00501,LSO,1995,1.04878048780488
CIRC_00502,LSO,1995,0
CIRC_00503,LBY,1995,9.92857142857143
CIRC_00504,LBY,1995,37.5504587155963
CIRC_00505,LBY,1995,62.8823529411765
CIRC_00506,LBY,1995,58.952380952381
CIRC_00507,LBY,1995,25.4328358208955
CIRC_00508,LBY,1995,13.0353982300885
CIRC_00509,LBY,1995,62.9411764705882
CIRC_00510,LBY,1995,49.8333333333333
CIRC_00511,LTU,1995,48.1296296296296
CIRC_00512,LTU,1995,9.69822485207101
CIRC_00513,LTU,1995,14.4940476190476
CIRC_00514,LTU,1995,53.5093167701863
CIRC_00515,LTU,1995,39.9296875
CIRC_00516,LUX,1995,20.4833333333333
CIRC_00517,LUX,1995,9.76223776223776
CIRC_00518,LUX,1995,57.6095890410959
CIRC_00519,LUX,1995,51.1203703703704
CIRC_00520,MRT,1995,0
CIRC_00521,MRT,1995,42.298969072165
CIRC_00522,MRT,1995,0
CIRC_00523,MRT,1995,0
CIRC_00524,MRT,1995,0
CIRC_00525,MRT,1995,0
CIRC_00526,MKD,1995,15.3416666666667
CIRC_00527,BIH,1995,12.3798449612403
CIRC_00528,MKD,1995,53.136
CIRC_00529,MKD,1995,4.32283464566929
CIRC_00530,MKD,1995,5.72950819672131
CIRC_00531,MKD,1995,17.6147540983607
CIRC_00532,MKD,1995,26.312
CIRC_00533,MDG,1995,0
CIRC_00534,MDG,1995,0
CIRC_00535,MDG,1995,4.35999999999999
CIRC_00536,MDG,1995,0
CIRC_00537,MDG,1995,9.56701030927835
CIRC_00538,MDG,1995,0
CIRC_00539,MYS,1995,44.5217391304348
CIRC_00540,MYS,1995,38
CIRC_00541,MYS,1995,5.18478260869565
CIRC_00542,MYS,1995,36.169014084507
CIRC_00543,MYS,1995,0
CIRC_00544,MYS,1995,29.5744680851064
CIRC_00545,MUS,1995,37.6836734693877
CIRC_00546,MUS,1995,30.2234042553191
CIRC_00547,MUS,1995,26.3265306122449
CIRC_00548,MWI,1995,4.97938144329897
CIRC_00549,MWI,1995,0.257731958762887
CIRC_00550,MWI,1995,4.78125
CIRC_00551,MWI,1995,1.36082474226804
CIRC_00552,MWI,1995,0
CIRC_00553,MWI,1995,42.8775510204082
CIRC_00554,MEX,1995,63
CIRC_00555,MEX,1995,57.8350515463918
CIRC_00556,MEX,1995,21.1530612244898
CIRC_00557,MEX,1995,5.10416666666667
CIRC_00558,MDA,1995,3.22142857142857
CIRC_00559,MDA,1995,2.57857142857143
CIRC_00560,MDA,1995,1.73880597014925
CIRC_00561,RUS,1995,0
CIRC_00562,MDA,1995,8.36496350364964
CIRC_00563,MDA,1995,3.44852941176471
CIRC_00564,MDA,1995,3.58394160583942
CIRC_00565,MDA,1995,1.51492537313433
CIRC_00566,MDA,1995,52.3941605839416
CIRC_00567,MDA,1995,6.33812949640288
CIRC_00568,MDA,1995,5.37142857142857
CIRC_00569,MDA,1995,6.18248175182482
CIRC_00570,MDA,1995,3.97058823529412
CIRC_00571,MDA,1995,4.83211678832117
CIRC_00572,MDA,1995,51.7611940298508
CIRC_00573,MDA,1995,5.66942148760331
CIRC_00574,MDA,1995,8.0431654676259
CIRC_00575,MLI,1995,6.78947368421053
CIRC_00576,MLI,1995,3.72631578947368
CIRC_00577,MLI,1995,0
CIRC_00578,MLI,1995,5.72631578947368
CIRC_00579,MLI,1995,7.41052631578948
CIRC_00580,MLI,1995,0
CIRC_00581,MLI,1995,1.31182795698925
CIRC_00582,MLT,1995,62.1028037383178
CIRC_00583,MLT,1995,62.5851063829787
CIRC_00584,MLT,1995,62.1630434782609
CIRC_00585,MLT,1995,62.2459016393443
CIRC_00586,MNG,1995,0
CIRC_00587,MNG,1995,0
CIRC_00588,MNG,1995,0
CIRC_00589,MNG,1995,41.2189781021898
CIRC_00590,MNG,1995,0
CIRC_00591,MAR,1995,59.202380952381
CIRC_00592,MMR,1995,43.7959183673469
CIRC_00593,MMR,1995,0.775510204081632
CIRC_00594,MMR,1995,0
CIRC_00595,MMR,1995,59.8181818181818
CIRC_00596,MMR,1995,7.42424242424243
CIRC_00597,MOZ,1995,0
CIRC_00598,MOZ,1995,0
CIRC_00599,MOZ,1995,0
CIRC_00600,NAM,1995,2.52577319587629
CIRC_00601,NAM,1995,0
CIRC_00602,NAM,1995,16.2959183673469
CIRC_00603,NPL,1995,49.5377358490566
CIRC_00604,IND,1995,50.7692307692308
CIRC_00605,IND,1995,6.52884615384615
CIRC_00606,NPL,1995,0
CIRC_00607,NPL,1995,0
CIRC_00608,NPL,1995,0
CIRC_00609,NPL,1995,5.49038461538462
CIRC_00610,NPL,1995,5.84848484848485
CIRC_00611,NPL,1995,0
CIRC_00612,NPL,1995,0
CIRC_00613,NPL,1995,0
CIRC_00614,NPL,1995,17.5631067961165
CIRC_00615,NPL,1995,0
CIRC_00616,NZL,1995,22.6493506493507
CIRC_00617,NZL,1995,18.5
CIRC_00618,NZL,1995,4.65217391304348
CIRC_00619,NZL,1995,8.90298507462686
CIRC_00620,NZL,1995,1.74166666666667
CIRC_00621,NZL,1995,61.9589041095891
CIRC_00622,NZL,1995,0.529411764705882
CIRC_00623,NZL,1995,45.7391304347826
CIRC_00624,NZL,1995,28.0661157024793
CIRC_00625,NZL,1995,60.1782945736434
CIRC_00626,NIC,1995,0.8
CIRC_00627,NIC,1995,9.30526315789474
CIRC_00628,NIC,1995,53.0947368421053
CIRC_00629,NIC,1995,20.5666666666667
CIRC_00630,NGA,1995,23.2872340425532
CIRC_00631,NGA,1995,57.5
CIRC_00632,NGA,1995,57.3263157894737
CIRC_00633,NGA,1995,29.8617021276596
CIRC_00634,NGA,1995,40.5052631578947
CIRC_00635,NGA,1995,17.4615384615385
CIRC_00636,NGA,1995,8.76842105263158
CIRC_00637,NER,1995,0.833333333333333
CIRC_00638,NER,1995,13.0103092783505
CIRC_00639,NER,1995,2.40625
CIRC_00640,NER,1995,43.3404255319149
CIRC_00641,NER,1995,1.03191489361702
CIRC_00642,NER,1995,0
CIRC_00643,NER,1995,0
CIRC_00644,NER,1995,0
CIRC_00645,NER,1995,0
CIRC_00646,NOR,1995,47.4963503649635
CIRC_00647,NOR,1995,57.2967032967033
CIRC_00648,NOR,1995,60.1172839506173
CIRC_00649,NOR,1995,46.13
CIRC_00650,NOR,1995,19.792349726776
CIRC_00651,NOR,1995,62.8391608391608
CIRC_00652,NOR,1995,55.2516556291391
CIRC_00653,NLD,1995,63
CIRC_00654,NLD,1995,26.2384105960265
CIRC_00655,NLD,1995,24
CIRC_00656,NLD,1995,62.3216783216783
CIRC_00657,OMN,1995,47.5463917525773
CIRC_00658,OMN,1995,57.2207792207792
CIRC_00659,PAK,1995,62.8829787234043
CIRC_00660,PAK,1995,6.82692307692308
CIRC_00661,PAK,1995,62.4811320754717
CIRC_00662,PAK,1995,7.26923076923077
CIRC_00663,PAK,1995,16.4528301886792
CIRC_00664,IND,1995,61.125
CIRC_00665,PAK,1995,58.1495327102804
CIRC_00666,PAK,1995,0.121739130434782
CIRC_00667,PAK,1995,62.9553571428572
CIRC_00668,PAK,1995,3.2803738317757
CIRC_00669,PAN,1995,60.3103448275862
CIRC_00670,PAN,1995,0
CIRC_00671,PAN,1995,20.1413043478261
CIRC_00672,PRY,1995,1.20388349514563
CIRC_00673,PRY,1995,59.3921568627451
CIRC_00674,PRY,1995,11.9805825242718
CIRC_00675,PRY,1995,0.152380952380952
CIRC_00676,PRY,1995,53.6666666666667
CIRC_00677,PER,1995,62.7578947368421
CIRC_00678,PER,1995,40.0729166666667
CIRC_00679,PER,1995,0
CIRC_00680,PER,1995,62.4791666666667
CIRC_00681,PER,1995,20.0645161290323
CIRC_00682,PER,1995,1.51020408163265
CIRC_00683,PHL,1995,0
CIRC_00684,PHL,1995,5.96629213483146
CIRC_00685,PHL,1995,63
CIRC_00686,PHL,1995,63
CIRC_00687,PHL,1995,63
CIRC_00688,PHL,1995,0.66304347826087
CIRC_00689,PHL,1995,63
CIRC_00690,PNG,1995,0
CIRC_00691,PNG,1995,0.22680412371134
CIRC_00692,PNG,1995,0
CIRC_00693,PNG,1995,35.7142857142857
CIRC_00694,PNG,1995,0
CIRC_00695,PNG,1995,4.61764705882353
CIRC_00696,PNG,1995,0
CIRC_00697,PNG,1995,0
CIRC_00698,POL,1995,8.06666666666667
CIRC_00699,POL,1995,3.59090909090909
CIRC_00700,POL,1995,11.3875
CIRC_00701,POL,1995,62.6291390728477
CIRC_00702,POL,1995,11.527027027027
CIRC_00703,POL,1995,10.373417721519
CIRC_00704,POL,1995,40.7397260273973
CIRC_00705,POL,1995,60.7569444444444
CIRC_00706,POL,1995,52.85
CIRC_00707,PRT,1995,62.75
CIRC_00708,PRT,1995,27.4778761061947
CIRC_00709,PRK,1995,35.8991596638656
CIRC_00710,RUS,1995,2.59440559440559
CIRC_00711,QAT,1995,62.8470588235294
CIRC_00712,KOR,1995,35.9661016949153
CIRC_00713,KOR,1995,26.9423076923077
CIRC_00714,KOR,1995,6.10638297872341
CIRC_00715,KOR,1995,31.5087719298246
CIRC_00716,JPN,1995,63
CIRC_00717,KOR,1995,62.6583333333333
CIRC_00718,KOR,1995,62.9833333333333
CIRC_00719,KOR,1995,17.0188679245283
CIRC_00720,KOR,1995,63
CIRC_00721,ROU,1995,62.1450381679389
CIRC_00722,ROU,1995,24
CIRC_00723,UKR,1995,16.7954545454545
CIRC_00724,ROU,1995,0
CIRC_00725,ROU,1995,3.03623188405797
CIRC_00726,ROU,1995,30.8731343283582
CIRC_00727,ROU,1995,9.26315789473684
CIRC_00728,ROU,1995,31.978417266187
CIRC_00729,ROU,1995,7.64661654135338
CIRC_00730,ROU,1995,17.8217054263566
CIRC_00731,ROU,1995,30.3676470588235
CIRC_00732,RUS,1995,4.29323308270677
CIRC_00733,RUS,1995,4.26315789473684
CIRC_00734,RUS,1995,62.7189189189189
CIRC_00735,RWA,1995,5.60655737704918
CIRC_00736,RWA,1995,2.98913043478261
CIRC_00737,RWA,1995,0
CIRC_00738,ZAF,1995,63
CIRC_00739,ZAF,1995,0.0892857142857143
CIRC_00740,ZAF,1995,0
CIRC_00741,ZAF,1995,61.59
CIRC_00742,ZAF,1995,0.780952380952381
CIRC_00743,ZAF,1995,62.6534653465347
CIRC_00744,SLV,1995,58.6451612903226
CIRC_00745,SLV,1995,34.3229166666667
CIRC_00746,SLV,1995,4.64210526315789
CIRC_00747,SLV,1995,5.20618556701031
CIRC_00748,SLV,1995,2.91752577319588
CIRC_00749,SAU,1995,63
CIRC_00750,SEN,1995,0
CIRC_00751,SEN,1995,2.25510204081633
CIRC_00752,SEN,1995,0
CIRC_00753,SRB,1995,60.640625
CIRC_00754,SRB,1995,17.384
CIRC_00755,XKO,1995,19.4126984126984
CIRC_00756,SLE,1995,0
CIRC_00757,SLE,1995,22.1632653061225
CIRC_00758,SLE,1995,0
CIRC_00759,SLE,1995,0
CIRC_00760,SLE,1995,0
CIRC_00761,SLE,1995,1.34444444444445
CIRC_00762,SGP,1995,62.6216216216216
CIRC_00763,SGP,1995,62.8804347826087
CIRC_00764,SVK,1995,33.0489510489511
CIRC_00765,SVK,1995,8.70422535211268
CIRC_00766,SVK,1995,11.5845070422535
CIRC_00767,SVK,1995,29.8085106382979
CIRC_00768,SVK,1995,18.1294964028777
CIRC_00769,SVK,1995,39.5539568345324
CIRC_00770,SVK,1995,8.39423076923077
CIRC_00771,SVN,1995,2.83823529411765
CIRC_00772,SVN,1995,4.43307086614173
CIRC_00773,SVN,1995,29.6518518518519
CIRC_00774,SVN,1995,55.762962962963
CIRC_00775,SVN,1995,11
CIRC_00776,SVN,1995,10.5522388059701
CIRC_00777,SVN,1995,19.2183908045977
CIRC_00778,SLB,1995,0
CIRC_00779,SLB,1995,0
CIRC_00780,SLB,1995,0
CIRC_00781,SLB,1995,0
CIRC_00782,SLB,1995,0
CIRC_00783,SLB,1995,0
CIRC_00784,SLB,1995,0
CIRC_00785,SLB,1995,0
CIRC_00786,ETH,1995,0
CIRC_00787,SOM,1995,0
CIRC_00788,SOM,1995,14.3962264150943
CIRC_00789,ESP,1995,62.991452991453
CIRC_00790,ESP,1995,63
CIRC_00791,ESP,1995,56.8790322580645
CIRC_00792,ESP,1995,50.4426229508197
CIRC_00793,LKA,1995,62.9166666666667
CIRC_00794,LKA,1995,11.0736842105263
CIRC_00795,LKA,1995,4.78494623655914
CIRC_00796,LKA,1995,22.8085106382979
CIRC_00797,LKA,1995,12.0824742268041
CIRC_00798,SSD,1995,0
CIRC_00799,SDN,1995,3.27450980392157
CIRC_00800,SDN,1995,0
CIRC_00801,SUR,1995,32.8681318681319
CIRC_00802,SUR,1995,0
CIRC_00803,SUR,1995,7.06666666666667
CIRC_00804,SUR,1995,9.53608247422681
CIRC_00805,SWZ,1995,22.875
CIRC_00806,SWE,1995,49.6686746987952
CIRC_00807,SWE,1995,53.3428571428571
CIRC_00808,SWE,1995,22.2983425414365
CIRC_00809,SWE,1995,63
CIRC_00810,SWE,1995,52.0710382513661
CIRC_00811,SWE,1995,47.6746987951807
CIRC_00812,CHE,1995,42.9705882352941
CIRC_00813,CHE,1995,34.9398496240601
CIRC_00814,CHE,1995,41.5671641791045
CIRC_00815,CHE,1995,4.23880597014925
CIRC_00816,CHE,1995,58.1444444444445
CIRC_00817,CHE,1995,21.4671532846715
CIRC_00818,CHE,1995,31.1860465116279
CIRC_00819,CHE,1995,24.4962962962963
CIRC_00820,CHE,1995,39.3777777777778
CIRC_00821,CHE,1995,18.6666666666667
CIRC_00822,CHE,1995,42.3161764705882
CIRC_00823,CHE,1995,35.2794117647059
CIRC_00824,CHE,1995,19.1313868613139
CIRC_00825,CHE,1995,23.7786259541985
CIRC_00826,CHE,1995,37.4420289855073
CIRC_00827,CHE,1995,30.4782608695652
CIRC_00828,CHE,1995,38.0518518518519
CIRC_00829,CHE,1995,9.29197080291971
CIRC_00830,CHE,1995,18.6136363636364
CIRC_00831,CHE,1995,23.0461538461538
CIRC_00832,CHE,1995,17.6934306569343
CIRC_00833,SYR,1995,22.801724137931
CIRC_00834,SYR,1995,62.4774774774775
CIRC_00835,TJK,1995,5.85470085470086
CIRC_00836,TJK,1995,45.9672131147541
CIRC_00837,TJK,1995,0
CIRC_00838,TJK,1995,15.6293103448276
CIRC_00839,TWN,1995,20.4931506849315
CIRC_00840,TWN,1995,21.14
CIRC_00841,HKG,1995,62.9275362318841
CIRC_00842,TWN,1995,61.4901960784314
CIRC_00843,TZA,1995,0
CIRC_00844,TZA,1995,0
CIRC_00845,TZA,1995,0
CIRC_00846,TZA,1995,0
CIRC_00847,TZA,1995,0.378378378378378
CIRC_00848,THA,1995,63
CIRC_00849,THA,1995,63
CIRC_00850,THA,1995,62.8125
CIRC_00851,THA,1995,16.7659574468085
CIRC_00852,THA,1995,35.7916666666667
CIRC_00853,THA,1995,63
CIRC_00854,THA,1995,9.58762886597938
CIRC_00855,THA,1995,16.1340206185567
CIRC_00856,THA,1995,5.03157894736842
CIRC_00857,GBR,1995,63
CIRC_00858,THA,1995,46.6631578947368
CIRC_00859,TKM,1995,28.702479338843
CIRC_00860,TKM,1995,14.4201680672269
CIRC_00861,TKM,1995,58.8782608695652
CIRC_00862,TGO,1995,2.83870967741935
CIRC_00863,TGO,1995,3.52631578947368
CIRC_00864,TGO,1995,0
CIRC_00865,TTO,1995,27.2459016393443
CIRC_00866,TTO,1995,50.5522388059702
CIRC_00867,TTO,1995,17.9894736842105
CIRC_00868,TTO,1995,6.90540540540541
CIRC_00869,TTO,1995,14.9540229885057
CIRC_00870,TUN,1995,60.9733333333333
CIRC_00871,TUN,1995,19
CIRC_00872,TUN,1995,62.5161290322581
CIRC_00873,TUN,1995,16.1217391304348
CIRC_00874,TUN,1995,60.2272727272727
CIRC_00875,TUN,1995,13.6434782608696
CIRC_00876,TUN,1995,30.6
CIRC_00877,TUR,1995,33.1416666666667
CIRC_00878,TUR,1995,62.7846153846154
CIRC_00879,TUR,1995,3.36206896551724
CIRC_00880,TUR,1995,62.5862068965517
CIRC_00881,TUR,1995,15.2727272727273
CIRC_00882,TUR,1995,57.0661157024793
CIRC_00883,TUR,1995,62.9340659340659
CIRC_00884,ARE,1995,61.7857142857143
CIRC_00885,ARE,1995,60.1666666666667
CIRC_00886,UGA,1995,0
CIRC_00887,GBR,1995,33.1059602649007
CIRC_00888,GBR,1995,26.8287671232877
CIRC_00889,GBR,1995,61.6780821917808
CIRC_00890,GBR,1995,54.7090909090909
CIRC_00891,GBR,1995,49.5402298850575
CIRC_00892,USA,1995,63
CIRC_00893,GBR,1995,55.4701986754967
CIRC_00894,GBR,1995,62.0381679389313
CIRC_00895,UKR,1995,1.35374149659864
CIRC_00896,UKR,1995,6.86184210526316
CIRC_00897,UKR,1995,0
CIRC_00898,UKR,1995,40.3071428571429
CIRC_00899,UKR,1995,56.6099290780142
CIRC_00900,UKR,1995,9.4076923076923
CIRC_00901,UKR,1995,59.5217391304348
CIRC_00902,URY,1995,61.7678571428572
CIRC_00903,URY,1995,61.7692307692308
CIRC_00904,USA,1995,61.7380952380952
CIRC_00905,USA,1995,32.4
CIRC_00906,USA,1995,62.5789473684211
CIRC_00907,USA,1995,62.1111111111111
CIRC_00908,USA,1995,63
CIRC_00909,USA,1995,59.0725806451613
CIRC_00910,UZB,1995,51.0247933884298
CIRC_00911,UZB,1995,62.0322580645161
CIRC_00912,UZB,1995,12.2689075630252
CIRC_00913,VEN,1995,26.4
CIRC_00914,VEN,1995,21.3888888888889
CIRC_00915,VEN,1995,3.15463917525773
CIRC_00916,VEN,1995,14.010989010989
CIRC_00917,VEN,1995,62.8804347826087
CIRC_00918,YEM,1995,3.53125
CIRC_00919,YEM,1995,0.265957446808511
CIRC_00920,YEM,1995,5.90721649484536
CIRC_00921,SRB,1995,23.5859375
CIRC_00922,MNE,1995,9.6551724137931
CIRC_00923,ZMB,1995,1.8021978021978
CIRC_00924,ZMB,1995,45.9157894736842
CIRC_00925,ZMB,1995,27.03125
CIRC_00926,ZWE,1995,0
CIRC_00927,ZMB,1995,0
CIRC_00928,ZMB,1995,15.36
CIRC_00929,ZMB,1995,41.4895833333333
CIRC_00930,ZMB,1995,0
CIRC_00931,ZWE,1995,0
CIRC_00932,ZWE,1995,12.7216494845361
CIRC_00933,COM,1995,0.038961038961039
CIRC_00934,MDV,1995,40.3333333333333
CIRC_00935,SAU,1995,63
CIRC_00936,ISR,1995,62.0925925925926
CIRC_00937,COM,1995,1.73333333333333
CIRC_00938,COM,1995,0.355555555555556
CIRC_00941,LBY,1995,62.8769230769231
CIRC_00942,SGP,1995,63
CIRC_00943,MKD,1995,52.6475409836066
CIRC_00945,QAT,1995,62.8809523809524
CIRC_00946,MDA,1995,5.08333333333334
CIRC_00947,SGP,1995,62.8470588235294
CIRC_00948,LSO,1995,0.783018867924528
CIRC_00949,MDA,1995,2.89208633093525
CIRC_00950,COM,1995,2.8
CIRC_00951,LSO,1995,0
CIRC_00952,MUS,1995,41.9189189189189
CIRC_00953,ISR,1995,63
CIRC_00954,TKM,1995,29.5652173913044
CIRC_00955,LBY,1995,25.6818181818182
CIRC_00956,ISR,1995,47.0803571428572
CIRC_00957,MUS,1995,29.3505154639175
CIRC_00958,GTM,1995,60.8556701030928
CIRC_00959,MDA,1995,8.36231884057971
CIRC_00960,ISR,1995,62.8717948717949
CIRC_00961,SSD,1995,0
CIRC_00962,CYP,1995,53.7733333333333
CIRC_00964,LSO,1995,38.0476190476191
CIRC_00965,MDA,1995,3.43795620437956
CIRC_00001,AFG,1996,0
CIRC_00002,AFG,1996,5.97321428571429
CIRC_00003,AFG,1996,0
CIRC_00004,AFG,1996,0
CIRC_00005,AFG,1996,0.851851851851851
CIRC_00006,AFG,1996,0
CIRC_00007,AFG,1996,0
CIRC_00008,ALB,1996,16.5403225806452
CIRC_00009,ALB,1996,0
CIRC_00010,ALB,1996,35.5491803278689
CIRC_00011,ALB,1996,1.20833333333333
CIRC_00012,DZA,1996,5.69911504424779
CIRC_00013,DZA,1996,28.904347826087
CIRC_00014,DZA,1996,9.64347826086956
CIRC_00015,DZA,1996,39.4122807017544
CIRC_00016,MAR,1996,47.140350877193
CIRC_00017,DZA,1996,2.85087719298246
CIRC_00018,DZA,1996,21.6846846846847
CIRC_00019,AGO,1996,53.8039215686275
CIRC_00020,AGO,1996,20.7083333333333
CIRC_00021,ARG,1996,4.80373831775701
CIRC_00022,ARG,1996,62.9357798165138
CIRC_00023,ARG,1996,17.1346153846154
CIRC_00024,ARG,1996,45.8818181818182
CIRC_00025,ARG,1996,63
CIRC_00026,ARG,1996,34.6666666666667
CIRC_00027,ARG,1996,56.1478260869565
CIRC_00028,ARG,1996,39.104347826087
CIRC_00029,ARG,1996,62.3820224719101
CIRC_00030,ARG,1996,62.3488372093023
CIRC_00031,SYR,1996,5.41739130434783
CIRC_00032,AZE,1996,7.66115702479339
CIRC_00033,ARM,1996,41.2520325203252
CIRC_00034,ARM,1996,42.0168067226891
CIRC_00035,ARM,1996,1.34745762711864
CIRC_00036,AUS,1996,4.93162393162393
CIRC_00037,AUS,1996,62.9767441860465
CIRC_00038,AUS,1996,17.3904761904762
CIRC_00039,GBR,1996,45.2234042553192
CIRC_00040,GBR,1996,63
CIRC_00041,AUS,1996,62.9204545454546
CIRC_00042,AUT,1996,62.5857142857143
CIRC_00043,AUT,1996,45.2941176470588
CIRC_00044,AUT,1996,30.6028368794326
CIRC_00045,AUT,1996,4.87234042553191
CIRC_00046,AUT,1996,59.1654676258993
CIRC_00047,AUT,1996,61.4100719424461
CIRC_00048,AUT,1996,14.7553956834532
CIRC_00049,CHE,1996,18.029197080292
CIRC_00050,AZE,1996,59.679012345679
CIRC_00051,AZE,1996,3
CIRC_00052,AZE,1996,59.7307692307692
CIRC_00053,AZE,1996,18.6048387096774
CIRC_00054,BHR,1996,59.1929824561404
CIRC_00055,BHR,1996,62.96
CIRC_00056,BRB,1996,53.2875
CIRC_00057,BRB,1996,14.7763157894737
CIRC_00058,BRB,1996,21.9444444444444
CIRC_00059,BRB,1996,18.5520833333333
CIRC_00060,BEL,1996,42.9933333333333
CIRC_00061,FRA,1996,62.1574803149606
CIRC_00062,BEL,1996,53.8951048951049
CIRC_00063,BEL,1996,44.8791208791209
CIRC_00064,BEL,1996,61.8724832214765
CIRC_00065,BEL,1996,50.3055555555556
CIRC_00066,BEL,1996,52.4353741496599
CIRC_00067,BEL,1996,62.2993197278912
CIRC_00068,BEL,1996,59.8835616438356
CIRC_00069,BEN,1996,0
CIRC_00070,TGO,1996,56.5777777777778
CIRC_00071,BEN,1996,0
CIRC_00072,BEN,1996,4.59782608695652
CIRC_00073,BFA,1996,53.1368421052632
CIRC_00074,BFA,1996,5.02127659574468
CIRC_00075,BFA,1996,1.72631578947368
CIRC_00076,BFA,1996,53.021978021978
CIRC_00077,BFA,1996,0
CIRC_00078,BHS,1996,60.9012345679012
CIRC_00079,BHS,1996,38.3589743589744
CIRC_00080,BHS,1996,59.5376344086022
CIRC_00081,BTN,1996,7.90740740740741
CIRC_00082,BTN,1996,0
CIRC_00083,BTN,1996,0
CIRC_00084,BTN,1996,2.40384615384615
CIRC_00085,BTN,1996,0
CIRC_00086,BTN,1996,0
CIRC_00087,BLR,1996,60.167701863354
CIRC_00088,BLR,1996,3.41935483870968
CIRC_00089,BLR,1996,2.80503144654088
CIRC_00090,BLZ,1996,43.1428571428572
CIRC_00091,BLZ,1996,9.19387755102041
CIRC_00092,BLZ,1996,11.7676767676768
CIRC_00093,IND,1996,5.74038461538462
CIRC_00094,BGD,1996,0.504950495049505
CIRC_00095,BGD,1996,3.88118811881188
CIRC_00096,IND,1996,7.23300970873786
CIRC_00097,BGD,1996,0.643564356435644
CIRC_00098,BGD,1996,25.5
CIRC_00099,BGD,1996,5.80769230769231
CIRC_00100,BOL,1996,59.7083333333333
CIRC_00101,BOL,1996,60.298969072165
CIRC_00102,BOL,1996,61.8854166666667
CIRC_00103,BOL,1996,0
CIRC_00104,BOL,1996,1.65625
CIRC_00105,BIH,1996,1.13533834586466
CIRC_00106,BIH,1996,9.2
CIRC_00107,HRV,1996,2.95967741935484
CIRC_00108,BIH,1996,11.7301587301587
CIRC_00109,BIH,1996,29.969465648855
CIRC_00110,BIH,1996,3.6
CIRC_00111,BIH,1996,8.93181818181818
CIRC_00112,BIH,1996,23.1162790697674
CIRC_00113,BIH,1996,7.58870967741936
CIRC_00114,BIH,1996,6.95348837209302
CIRC_00115,BIH,1996,8.18461538461538
CIRC_00116,BIH,1996,1.50387596899225
CIRC_00117,BIH,1996,20.9140625
CIRC_00118,BIH,1996,6.67460317460317
CIRC_00119,BIH,1996,5.16923076923077
CIRC_00120,BWA,1996,5.52941176470588
CIRC_00121,BWA,1996,0
CIRC_00122,GBR,1996,56.6853146853147
CIRC_00123,BWA,1996,1.75490196078431
CIRC_00124,BRA,1996,11.967032967033
CIRC_00125,BRA,1996,62.7708333333333
CIRC_00126,BRA,1996,53.1010101010101
CIRC_00127,BRA,1996,8.03157894736842
CIRC_00128,BRA,1996,62.40625
CIRC_00129,BRA,1996,28.64
CIRC_00130,BRA,1996,4.35922330097087
CIRC_00131,BRN,1996,59.4269662921348
CIRC_00132,BDI,1996,0
CIRC_00133,BDI,1996,0
CIRC_00134,BDI,1996,21.1382978723404
CIRC_00135,BDI,1996,0
CIRC_00136,BDI,1996,0
CIRC_00137,BDI,1996,2.42045454545455
CIRC_00138,BDI,1996,0
CIRC_00139,BDI,1996,0.0531914893617021
CIRC_00140,BGR,1996,0.755725190839694
CIRC_00141,RUS,1996,63
CIRC_00142,BGR,1996,1.9453125
CIRC_00143,BGR,1996,58.2857142857143
CIRC_00144,BGR,1996,8.808
CIRC_00145,BGR,1996,41.84
CIRC_00146,UKR,1996,43.3636363636364
CIRC_00147,BGR,1996,13.9448818897638
CIRC_00148,USA,1996,63
CIRC_00149,BGR,1996,12.624
CIRC_00150,BGR,1996,11.1774193548387
CIRC_00151,BGR,1996,4.82113821138211
CIRC_00152,BGR,1996,4.752
CIRC_00153,BGR,1996,24.5271317829457
CIRC_00154,KHM,1996,0
CIRC_00155,KHM,1996,38.9139784946237
CIRC_00156,KHM,1996,0.488888888888889
CIRC_00157,CAN,1996,56.109375
CIRC_00158,CAN,1996,30.4307692307692
CIRC_00159,CAN,1996,52.6148148148148
CIRC_00160,CAN,1996,62.9509803921569
CIRC_00161,CAN,1996,63
CIRC_00162,CAN,1996,62.6384615384616
CIRC_00163,CMR,1996,4.5
CIRC_00164,CPV,1996,0
CIRC_00165,CPV,1996,16.3559322033898
CIRC_00166,CPV,1996,1.78350515463918
CIRC_00167,CPV,1996,14.9684210526316
CIRC_00168,CIV,1996,25.9347826086957
CIRC_00169,CIV,1996,0
CIRC_00170,CIV,1996,0.0888888888888889
CIRC_00171,CIV,1996,17.2765957446809
CIRC_00172,CIV,1996,10.6521739130435
CIRC_00173,CAF,1996,27.2210526315789
CIRC_00174,CAF,1996,0
CIRC_00175,GAB,1996,3.5531914893617
CIRC_00176,CAF,1996,0.173913043478261
CIRC_00177,CAF,1996,0
CIRC_00178,TCD,1996,34.7464788732395
CIRC_00179,TCD,1996,1.79
CIRC_00180,TCD,1996,0
CIRC_00181,TCD,1996,35.2222222222222
CIRC_00182,CHL,1996,54.8461538461539
CIRC_00183,CHL,1996,59.6867469879518
CIRC_00184,CHL,1996,63
CIRC_00185,CHL,1996,43.8761904761905
CIRC_00186,CHN,1996,9.05555555555555
CIRC_00187,CHN,1996,46.0277777777778
CIRC_00188,CHN,1996,20.9622641509434
CIRC_00189,CHN,1996,63
CIRC_00190,COL,1996,61.8191489361702
CIRC_00191,COL,1996,54.4886363636364
CIRC_00192,COL,1996,59.2659574468085
CIRC_00193,COL,1996,60.7978723404255
CIRC_00194,COL,1996,6.12631578947368
CIRC_00195,MDG,1996,15.0540540540541
CIRC_00196,FRA,1996,6.37593984962406
CIRC_00197,COM,1996,0.271604938271605
CIRC_00198,COM,1996,0.0744680851063831
CIRC_00199,COM,1996,0.932203389830508
CIRC_00200,COM,1996,0
CIRC_00201,COM,1996,2.48148148148148
CIRC_00202,COM,1996,0
CIRC_00203,COG,1996,0.8
CIRC_00204,COG,1996,0
CIRC_00205,CRI,1996,58.7473684210526
CIRC_00206,NIC,1996,11.9468085106383
CIRC_00207,CRI,1996,62.9690721649485
CIRC_00208,CRI,1996,62.8510638297872
CIRC_00209,HRV,1996,15.8854961832061
CIRC_00210,HRV,1996,60.4518518518519
CIRC_00211,HRV,1996,7
CIRC_00212,HRV,1996,44.8028169014084
CIRC_00213,CUB,1996,0.525252525252525
CIRC_00214,CUB,1996,6.07070707070707
CIRC_00215,XNC,1996,30.2786885245902
CIRC_00216,XNC,1996,58.0727272727273
CIRC_00217,XNC,1996,15.9304347826087
CIRC_00218,CYP,1996,8.14912280701755
CIRC_00219,CYP,1996,34.1444444444445
CIRC_00220,SVK,1996,19.1985294117647
CIRC_00221,CZE,1996,47.1197183098592
CIRC_00222,CZE,1996,61.9928571428572
CIRC_00223,CZE,1996,24.8712121212121
CIRC_00224,CZE,1996,24.0684931506849
CIRC_00225,CZE,1996,44.0785714285714
CIRC_00226,CZE,1996,23.6594202898551
CIRC_00227,CZE,1996,31.1619718309859
CIRC_00228,CZE,1996,61.8356164383562
CIRC_00229,CZE,1996,14.4125874125874
CIRC_00230,SVK,1996,57.4409448818898
CIRC_00231,CZE,1996,20.4113475177305
CIRC_00232,DNK,1996,16.5763888888889
CIRC_00233,DNK,1996,45.5809523809524
CIRC_00234,DNK,1996,2.82840236686391
CIRC_00235,DNK,1996,44.3096774193548
CIRC_00236,DNK,1996,59.0718954248366
CIRC_00237,DNK,1996,52.6602564102564
CIRC_00238,SOM,1996,0
CIRC_00239,ETH,1996,15.7765957446808
CIRC_00240,DOM,1996,7.2680412371134
CIRC_00241,DOM,1996,61.53125
CIRC_00242,DOM,1996,59.1980198019802
CIRC_00243,DOM,1996,0.229166666666667
CIRC_00244,COD,1996,0
CIRC_00245,COD,1996,0
CIRC_00246,COD,1996,0
CIRC_00247,COD,1996,59.6413043478261
CIRC_00248,VNM,1996,4.25773195876289
CIRC_00249,VNM,1996,17.5294117647059
CIRC_00250,VNM,1996,0
CIRC_00251,VNM,1996,0
CIRC_00252,VNM,1996,11.5148514851485
CIRC_00253,ECU,1996,54.6559139784946
CIRC_00254,USA,1996,62.8272727272727
CIRC_00255,ECU,1996,60.3444444444445
CIRC_00256,ECU,1996,53.6666666666667
CIRC_00257,ECU,1996,32.5444444444444
CIRC_00258,ECU,1996,1.28571428571429
CIRC_00259,ECU,1996,60.5268817204301
CIRC_00260,USA,1996,62.9516129032258
CIRC_00261,EGY,1996,46.8918918918919
CIRC_00262,EGY,1996,63
CIRC_00263,EGY,1996,37.0091743119266
CIRC_00264,GNQ,1996,0
CIRC_00265,ERI,1996,28.8526315789474
CIRC_00266,EST,1996,30.5642458100559
CIRC_00267,EST,1996,0.203488372093023
CIRC_00268,EST,1996,23.9662921348315
CIRC_00269,EST,1996,56.4621212121212
CIRC_00270,EST,1996,6.56818181818182
CIRC_00271,EST,1996,41.7752808988764
CIRC_00272,ETH,1996,4.78947368421053
CIRC_00273,ETH,1996,2.62105263157895
CIRC_00274,ETH,1996,0
CIRC_00275,ETH,1996,0
CIRC_00276,TLS,1996,2.09090909090909
CIRC_00277,TLS,1996,19.9230769230769
CIRC_00278,TLS,1996,1.20212765957447
CIRC_00279,TLS,1996,19.5223880597015
CIRC_00280,TLS,1996,0
CIRC_00281,TLS,1996,0
CIRC_00282,FIN,1996,46.4789473684211
CIRC_00283,RUS,1996,32.7099236641221
CIRC_00284,FIN,1996,61.1506849315069
CIRC_00285,FIN,1996,32.282722513089
CIRC_00286,FJI,1996,0
CIRC_00287,FJI,1996,0
CIRC_00288,FJI,1996,8.16666666666667
CIRC_00289,FJI,1996,8.95505617977528
CIRC_00290,FJI,1996,0.268041237113402
CIRC_00291,FJI,1996,0
CIRC_00292,FJI,1996,0
CIRC_00293,FJI,1996,0
CIRC_00294,FRA,1996,14.1136363636364
CIRC_00295,FRA,1996,63
CIRC_00296,FRA,1996,63
CIRC_00297,FRA,1996,60.0489510489511
CIRC_00298,FRA,1996,54.6780821917808
CIRC_00299,GAB,1996,0.571428571428572
CIRC_00300,GAB,1996,3.32258064516129
CIRC_00301,COG,1996,51.2
CIRC_00302,GAB,1996,0
CIRC_00303,GMB,1996,0
CIRC_00304,GMB,1996,0
CIRC_00305,GMB,1996,1.29473684210526
CIRC_00306,DEU,1996,62.9803921568627
CIRC_00307,DEU,1996,55.6338028169014
CIRC_00308,DEU,1996,10.8066666666667
CIRC_00309,DEU,1996,62.1019108280255
CIRC_00310,DEU,1996,21.5454545454545
CIRC_00311,GHA,1996,61.3174603174603
CIRC_00312,GHA,1996,60.7065217391304
CIRC_00313,GHA,1996,11.8461538461538
CIRC_00314,GHA,1996,0
CIRC_00315,GNB,1996,16.6615384615385
CIRC_00316,GNB,1996,0
CIRC_00317,GNB,1996,0
CIRC_00318,GNB,1996,1.16666666666667
CIRC_00319,GNB,1996,0
CIRC_00320,GRC,1996,62.9421487603306
CIRC_00321,GRC,1996,40.2
CIRC_00322,GRC,1996,0
CIRC_00323,GRC,1996,62.7777777777778
CIRC_00324,USA,1996,63
CIRC_00325,GRC,1996,62.9262295081967
CIRC_00326,GRC,1996,27.7272727272727
CIRC_00327,GEO,1996,28.2
CIRC_00328,GEO,1996,2.168
CIRC_00329,GEO,1996,0
CIRC_00330,GEO,1996,13.328125
CIRC_00331,FRA,1996,63
CIRC_00332,GTM,1996,61
CIRC_00333,GTM,1996,1.44791666666667
CIRC_00334,GTM,1996,8.41666666666667
CIRC_00335,GIN,1996,0
CIRC_00336,GIN,1996,0
CIRC_00337,GIN,1996,0.168421052631579
CIRC_00338,GIN,1996,43.4761904761905
CIRC_00339,GIN,1996,0
CIRC_00340,GIN,1996,0.432989690721649
CIRC_00341,GUY,1996,40.1594202898551
CIRC_00342,GUY,1996,4.55555555555555
CIRC_00343,GUY,1996,0.818181818181819
CIRC_00344,USA,1996,62.904
CIRC_00345,GUY,1996,22.8369565217391
CIRC_00346,GUY,1996,0
CIRC_00347,GUY,1996,4.06849315068493
CIRC_00348,HTI,1996,0.195876288659794
CIRC_00349,HTI,1996,43.6753246753247
CIRC_00350,HTI,1996,26.3829787234043
CIRC_00351,HTI,1996,0
CIRC_00352,HTI,1996,1.95348837209302
CIRC_00353,HTI,1996,0
CIRC_00354,HTI,1996,0
CIRC_00355,HTI,1996,0
CIRC_00356,HND,1996,27.546511627907
CIRC_00357,HND,1996,59.1052631578948
CIRC_00358,HND,1996,54.4148936170213
CIRC_00359,PAN,1996,60.6818181818182
CIRC_00360,HND,1996,0
CIRC_00361,HND,1996,14.9270833333333
CIRC_00362,HND,1996,5.63793103448276
CIRC_00363,HND,1996,1.25263157894737
CIRC_00364,HND,1996,0.365591397849462
CIRC_00365,HUN,1996,7.82608695652174
CIRC_00366,HUN,1996,62.4275362318841
CIRC_00367,HUN,1996,1.58461538461539
CIRC_00368,HUN,1996,42.4565217391304
CIRC_00369,HUN,1996,17.1259259259259
CIRC_00370,HUN,1996,43.7443609022557
CIRC_00371,ISL,1996,62.578431372549
CIRC_00372,ISL,1996,9.1875
CIRC_00373,ISL,1996,62.5210084033613
CIRC_00374,IND,1996,55.4752475247525
CIRC_00375,IND,1996,4.1047619047619
CIRC_00376,IND,1996,8.53061224489796
CIRC_00377,IND,1996,50.9803921568627
CIRC_00378,IND,1996,2.35789473684211
CIRC_00379,PAK,1996,30.990990990991
CIRC_00380,PAK,1996,1.88073394495413
CIRC_00381,IND,1996,7.12871287128713
CIRC_00382,IDN,1996,13.7659574468085
CIRC_00383,IDN,1996,13.7857142857143
CIRC_00384,IDN,1996,12.5263157894737
CIRC_00385,IDN,1996,51.5212765957447
CIRC_00386,IDN,1996,2.8
CIRC_00387,IDN,1996,42.7872340425532
CIRC_00388,IRL,1996,16.9617834394905
CIRC_00389,IRL,1996,0.509316770186335
CIRC_00390,IRL,1996,18.9937106918239
CIRC_00391,IRL,1996,62.3175675675676
CIRC_00392,IRL,1996,17.4522292993631
CIRC_00393,IRL,1996,56.1466666666667
CIRC_00394,IRN,1996,9.18691588785047
CIRC_00395,IRN,1996,34.2636363636364
CIRC_00396,IRN,1996,14.6106194690266
CIRC_00397,IRN,1996,0
CIRC_00398,IRN,1996,62.9741379310345
CIRC_00399,IRQ,1996,16.4260869565217
CIRC_00400,USA,1996,16.1607142857143
CIRC_00401,USA,1996,31.0654205607477
CIRC_00402,USA,1996,62.9838709677419
CIRC_00403,IRQ,1996,62.9252336448598
CIRC_00404,IRQ,1996,41.7345132743363
CIRC_00405,IRQ,1996,18.5
CIRC_00406,IRQ,1996,63
CIRC_00407,BLR,1996,1.38666666666667
CIRC_00408,ISR,1996,62.9824561403509
CIRC_00409,BLR,1996,0.753164556962024
CIRC_00410,ISR,1996,62.921052631579
CIRC_00411,ISR,1996,59.3148148148148
CIRC_00412,ISR,1996,62.5575221238938
CIRC_00413,ISR,1996,48.1926605504587
CIRC_00414,ISR,1996,61.7962962962963
CIRC_00415,ITA,1996,62.968
CIRC_00416,ITA,1996,60.4
CIRC_00417,ITA,1996,54.4939759036145
CIRC_00418,ITA,1996,63
CIRC_00419,ITA,1996,61.4031007751938
CIRC_00420,ITA,1996,30.71875
CIRC_00421,ITA,1996,62.9365079365079
CIRC_00422,ITA,1996,51.389705882353
CIRC_00423,ITA,1996,50.7209302325581
CIRC_00424,ITA,1996,4.55833333333333
CIRC_00425,JAM,1996,26.298969072165
CIRC_00426,JAM,1996,5.34408602150538
CIRC_00427,JAM,1996,20.2061855670103
CIRC_00428,JAM,1996,6.10309278350515
CIRC_00429,JAM,1996,44.5773195876289
CIRC_00430,JOR,1996,61.5046728971963
CIRC_00431,JPN,1996,63
CIRC_00432,JPN,1996,59.0176991150443
CIRC_00433,JPN,1996,62.5565217391304
CIRC_00434,JPN,1996,57.4347826086957
CIRC_00435,JPN,1996,39.7719298245614
CIRC_00436,JPN,1996,19.6785714285714
CIRC_00437,JPN,1996,15.4675324675325
CIRC_00438,JPN,1996,35.3739130434783
CIRC_00439,JPN,1996,60.0704225352113
CIRC_00440,JPN,1996,61.6956521739131
CIRC_00441,JPN,1996,51.8454545454546
CIRC_00442,JPN,1996,62.2654867256637
CIRC_00443,JPN,1996,55.0153846153846
CIRC_00444,JPN,1996,61.4563106796117
CIRC_00445,JPN,1996,31.0434782608696
CIRC_00446,JPN,1996,62.7565217391304
CIRC_00447,KEN,1996,0
CIRC_00448,KEN,1996,2.46236559139785
CIRC_00449,KEN,1996,59.1649484536083
CIRC_00450,KEN,1996,0.139784946236559
CIRC_00451,XKO,1996,4.87804878048781
CIRC_00452,XKO,1996,29.384
CIRC_00453,XKO,1996,6.46774193548387
CIRC_00454,XKO,1996,28.515873015873
CIRC_00455,XKO,1996,5.048
CIRC_00456,KWT,1996,62.9661016949153
CIRC_00457,KWT,1996,22.1428571428571
CIRC_00458,KGZ,1996,0.606299212598425
CIRC_00459,KGZ,1996,31.8378378378379
CIRC_00460,KGZ,1996,58.5725806451613
CIRC_00461,KGZ,1996,8.45528455284553
CIRC_00462,KGZ,1996,4.8130081300813
CIRC_00463,KGZ,1996,0.214285714285714
CIRC_00464,KGZ,1996,10.0555555555556
CIRC_00465,KAZ,1996,8.29457364341085
CIRC_00466,KAZ,1996,59.1825396825397
CIRC_00467,LAO,1996,12.7777777777778
CIRC_00468,THA,1996,23.2428571428571
CIRC_00469,LAO,1996,0
CIRC_00470,LAO,1996,0
CIRC_00471,LAO,1996,0
CIRC_00472,LVA,1996,59.0523255813954
CIRC_00473,LVA,1996,1.54609929078014
CIRC_00474,RUS,1996,0.0769230769230771
CIRC_00475,LVA,1996,32.5588235294118
CIRC_00476,LVA,1996,7.96739130434783
CIRC_00477,LVA,1996,0
CIRC_00478,LVA,1996,0
CIRC_00479,USA,1996,62.7586206896552
CIRC_00480,LBR,1996,0
CIRC_00481,LBR,1996,0
CIRC_00482,LBR,1996,0
CIRC_00483,LBR,1996,0
CIRC_00484,LBR,1996,0
CIRC_00485,LBR,1996,0
CIRC_00486,LBR,1996,0
CIRC_00487,LBR,1996,7.73684210526316
CIRC_00488,LBN,1996,39.3963963963964
CIRC_00489,LBN,1996,45.7345132743363
CIRC_00490,LBN,1996,53.7586206896552
CIRC_00491,LBN,1996,41.4179104477612
CIRC_00492,LBN,1996,61.7413793103448
CIRC_00493,LBN,1996,62.1413043478261
CIRC_00494,LBN,1996,48.9189189189189
CIRC_00495,LSO,1996,0
CIRC_00496,LSO,1996,0.264150943396227
CIRC_00497,LSO,1996,3.37037037037037
CIRC_00498,LSO,1996,0.961538461538462
CIRC_00499,LSO,1996,0.444444444444444
CIRC_00500,LSO,1996,36.1688311688312
CIRC_00501,LSO,1996,1.03658536585366
CIRC_00502,LSO,1996,0
CIRC_00503,LBY,1996,9.9375
CIRC_00504,LBY,1996,36.1834862385321
CIRC_00505,LBY,1996,62.4264705882353
CIRC_00506,LBY,1996,58.9904761904762
CIRC_00507,LBY,1996,25.6268656716418
CIRC_00508,LBY,1996,13.2743362831858
CIRC_00509,LBY,1996,61.6029411764706
CIRC_00510,LBY,1996,48.2083333333333
CIRC_00511,LTU,1996,50.0246913580247
CIRC_00512,LTU,1996,10.3668639053255
CIRC_00513,LTU,1996,15.8214285714286
CIRC_00514,LTU,1996,54.527950310559
CIRC_00515,LTU,1996,45.0390625
CIRC_00516,LUX,1996,25.8166666666667
CIRC_00517,LUX,1996,13.7552447552448
CIRC_00518,LUX,1996,58.1575342465753
CIRC_00519,LUX,1996,52.4259259259259
CIRC_00520,MRT,1996,0
CIRC_00521,MRT,1996,49.1958762886598
CIRC_00522,MRT,1996,0
CIRC_00523,MRT,1996,0
CIRC_00524,MRT,1996,0
CIRC_00525,MRT,1996,0
CIRC_00526,MKD,1996,14
CIRC_00527,BIH,1996,25.4418604651163
CIRC_00528,MKD,1996,51.272
CIRC_00529,MKD,1996,4.80314960629921
CIRC_00530,MKD,1996,6.15573770491803
CIRC_00531,MKD,1996,15.3360655737705
CIRC_00532,MKD,1996,23.368
CIRC_00533,MDG,1996,0
CIRC_00534,MDG,1996,0
CIRC_00535,MDG,1996,5.50666666666667
CIRC_00536,MDG,1996,0
CIRC_00537,MDG,1996,11
CIRC_00538,MDG,1996,0
CIRC_00539,MYS,1996,46.3913043478261
CIRC_00540,MYS,1996,40.3571428571429
CIRC_00541,MYS,1996,7.98913043478261
CIRC_00542,MYS,1996,39.4788732394366
CIRC_00543,MYS,1996,0
CIRC_00544,MYS,1996,31.0744680851064
CIRC_00545,MUS,1996,39.7551020408163
CIRC_00546,MUS,1996,31.2765957446809
CIRC_00547,MUS,1996,27.8877551020408
CIRC_00548,MWI,1996,4.09278350515464
CIRC_00549,MWI,1996,0.134020618556701
CIRC_00550,MWI,1996,3.95833333333333
CIRC_00551,MWI,1996,1.75257731958763
CIRC_00552,MWI,1996,0
CIRC_00553,MWI,1996,43.5102040816327
CIRC_00554,MEX,1996,63
CIRC_00555,MEX,1996,57.5876288659794
CIRC_00556,MEX,1996,19.265306122449
CIRC_00557,MEX,1996,4.77083333333333
CIRC_00558,MDA,1996,3.93571428571429
CIRC_00559,MDA,1996,3.14285714285714
CIRC_00560,MDA,1996,3.19402985074627
CIRC_00561,RUS,1996,0
CIRC_00562,MDA,1996,7.92700729927007
CIRC_00563,MDA,1996,4.13970588235294
CIRC_00564,MDA,1996,3.56934306569343
CIRC_00565,MDA,1996,2.88059701492537
CIRC_00566,MDA,1996,52.3357664233577
CIRC_00567,MDA,1996,5.8705035971223
CIRC_00568,MDA,1996,5.51428571428572
CIRC_00569,MDA,1996,5.43065693430657
CIRC_00570,MDA,1996,4.31617647058824
CIRC_00571,MDA,1996,4.05839416058394
CIRC_00572,MDA,1996,51.0373134328358
CIRC_00573,MDA,1996,5.05785123966942
CIRC_00574,MDA,1996,7.58273381294964
CIRC_00575,MLI,1996,8.54736842105263
CIRC_00576,MLI,1996,3.72631578947368
CIRC_00577,MLI,1996,0
CIRC_00578,MLI,1996,5.77894736842105
CIRC_00579,MLI,1996,9.69473684210526
CIRC_00580,MLI,1996,0
CIRC_00581,MLI,1996,1.35483870967742
CIRC_00582,MLT,1996,60.6355140186916
CIRC_00583,MLT,1996,61.3617021276596
CIRC_00584,MLT,1996,61.3478260869565
CIRC_00585,MLT,1996,60.672131147541
CIRC_00586,MNG,1996,0
CIRC_00587,MNG,1996,0
CIRC_00588,MNG,1996,0
CIRC_00589,MNG,1996,42.007299270073
CIRC_00590,MNG,1996,0
CIRC_00591,MAR,1996,59.202380952381
CIRC_00592,MMR,1996,49.1122448979592
CIRC_00593,MMR,1996,1.98979591836735
CIRC_00594,MMR,1996,0
CIRC_00595,MMR,1996,61.7272727272727
CIRC_00596,MMR,1996,9.57575757575758
CIRC_00597,MOZ,1996,0
CIRC_00598,MOZ,1996,0
CIRC_00599,MOZ,1996,0
CIRC_00600,NAM,1996,2.11340206185567
CIRC_00601,NAM,1996,0
CIRC_00602,NAM,1996,15.7857142857143
CIRC_00603,NPL,1996,50.1037735849057
CIRC_00604,IND,1996,52.3557692307692
CIRC_00605,IND,1996,7.39423076923077
CIRC_00606,NPL,1996,0
CIRC_00607,NPL,1996,0
CIRC_00608,NPL,1996,0
CIRC_00609,NPL,1996,5.14423076923077
CIRC_00610,NPL,1996,6.18181818181818
CIRC_00611,NPL,1996,0
CIRC_00612,NPL,1996,0
CIRC_00613,NPL,1996,0
CIRC_00614,NPL,1996,17.6990291262136
CIRC_00615,NPL,1996,0
CIRC_00616,NZL,1996,25.2597402597403
CIRC_00617,NZL,1996,19.5
CIRC_00618,NZL,1996,4.3768115942029
CIRC_00619,NZL,1996,10.1492537313433
CIRC_00620,NZL,1996,0.633333333333334
CIRC_00621,NZL,1996,62
CIRC_00622,NZL,1996,0.904411764705882
CIRC_00623,NZL,1996,48.3913043478261
CIRC_00624,NZL,1996,29.0826446280992
CIRC_00625,NZL,1996,60.6201550387597
CIRC_00626,NIC,1996,0.863157894736842
CIRC_00627,NIC,1996,9.56842105263158
CIRC_00628,NIC,1996,56.3473684210526
CIRC_00629,NIC,1996,21.2333333333333
CIRC_00630,NGA,1996,23.3723404255319
CIRC_00631,NGA,1996,57.3636363636364
CIRC_00632,NGA,1996,58.5368421052632
CIRC_00633,NGA,1996,29.3617021276596
CIRC_00634,NGA,1996,37.6736842105263
CIRC_00635,NGA,1996,18.7032967032967
CIRC_00636,NGA,1996,7.68421052631579
CIRC_00637,NER,1996,1.20833333333333
CIRC_00638,NER,1996,12
CIRC_00639,NER,1996,2.04166666666667
CIRC_00640,NER,1996,45.5
CIRC_00641,NER,1996,0.968085106382978
CIRC_00642,NER,1996,0
CIRC_00643,NER,1996,0
CIRC_00644,NER,1996,0
CIRC_00645,NER,1996,0
CIRC_00646,NOR,1996,41.7518248175183
CIRC_00647,NOR,1996,55.8681318681319
CIRC_00648,NOR,1996,59.641975308642
CIRC_00649,NOR,1996,46.21
CIRC_00650,NOR,1996,15.8415300546448
CIRC_00651,NOR,1996,62.3216783216783
CIRC_00652,NOR,1996,54.5165562913907
CIRC_00653,NLD,1996,62.6423841059603
CIRC_00654,NLD,1996,22.9933774834437
CIRC_00655,NLD,1996,21.1691176470588
CIRC_00656,NLD,1996,60.3566433566434
CIRC_00657,OMN,1996,45.3298969072165
CIRC_00658,OMN,1996,57.9090909090909
CIRC_00659,PAK,1996,62.8936170212766
CIRC_00660,PAK,1996,8.14423076923077
CIRC_00661,PAK,1996,62.5094339622642
CIRC_00662,PAK,1996,7.46153846153846
CIRC_00663,PAK,1996,15.9245283018868
CIRC_00664,IND,1996,60.875
CIRC_00665,PAK,1996,57.9065420560748
CIRC_00666,PAK,1996,0.156521739130435
CIRC_00667,PAK,1996,62.8125
CIRC_00668,PAK,1996,4.22429906542056
CIRC_00669,PAN,1996,61.2241379310345
CIRC_00670,PAN,1996,0.25531914893617
CIRC_00671,PAN,1996,20.6304347826087
CIRC_00672,PRY,1996,1.15533980582524
CIRC_00673,PRY,1996,58.1862745098039
CIRC_00674,PRY,1996,9.91262135922331
CIRC_00675,PRY,1996,0.190476190476191
CIRC_00676,PRY,1996,51.7111111111111
CIRC_00677,PER,1996,62.8631578947369
CIRC_00678,PER,1996,41.5208333333333
CIRC_00679,PER,1996,0
CIRC_00680,PER,1996,62.7291666666667
CIRC_00681,PER,1996,22.3978494623656
CIRC_00682,PER,1996,2.44897959183674
CIRC_00683,PHL,1996,0
CIRC_00684,PHL,1996,6.47191011235955
CIRC_00685,PHL,1996,62.9649122807018
CIRC_00686,PHL,1996,62.958762886598
CIRC_00687,PHL,1996,62.9659090909091
CIRC_00688,PHL,1996,0.510869565217392
CIRC_00689,PHL,1996,63
CIRC_00690,PNG,1996,0
CIRC_00691,PNG,1996,0
CIRC_00692,PNG,1996,0
CIRC_00693,PNG,1996,35.043956043956
CIRC_00694,PNG,1996,0
CIRC_00695,PNG,1996,5.14705882352941
CIRC_00696,PNG,1996,0
CIRC_00697,PNG,1996,0
CIRC_00698,POL,1996,6.42666666666667
CIRC_00699,POL,1996,5.1038961038961
CIRC_00700,POL,1996,10.65
CIRC_00701,POL,1996,62.2516556291391
CIRC_00702,POL,1996,11.2027027027027
CIRC_00703,POL,1996,13.4746835443038
CIRC_00704,POL,1996,39.1027397260274
CIRC_00705,POL,1996,60.6458333333333
CIRC_00706,POL,1996,51.5571428571429
CIRC_00707,PRT,1996,62.8125
CIRC_00708,PRT,1996,27.3274336283186
CIRC_00709,PRK,1996,32.6386554621849
CIRC_00710,RUS,1996,3.02797202797203
CIRC_00711,QAT,1996,62.9058823529412
CIRC_00712,KOR,1996,37.9661016949152
CIRC_00713,KOR,1996,29.3269230769231
CIRC_00714,KOR,1996,5.95744680851064
CIRC_00715,KOR,1996,34.5350877192982
CIRC_00716,JPN,1996,63
CIRC_00717,KOR,1996,62.9416666666667
CIRC_00718,KOR,1996,62.9833333333333
CIRC_00719,KOR,1996,18.622641509434
CIRC_00720,KOR,1996,62.9824561403509
CIRC_00721,ROU,1996,59.4045801526718
CIRC_00722,ROU,1996,21.0381679389313
CIRC_00723,UKR,1996,16.7575757575758
CIRC_00724,ROU,1996,0
CIRC_00725,ROU,1996,3.32608695652174
CIRC_00726,ROU,1996,26.8582089552239
CIRC_00727,ROU,1996,8.66917293233083
CIRC_00728,ROU,1996,29.1438848920863
CIRC_00729,ROU,1996,7.87218045112782
CIRC_00730,ROU,1996,17.7054263565891
CIRC_00731,ROU,1996,26.7205882352941
CIRC_00732,RUS,1996,4.95488721804511
CIRC_00733,RUS,1996,3.32057416267942
CIRC_00734,RUS,1996,62.5135135135135
CIRC_00735,RWA,1996,5.04918032786885
CIRC_00736,RWA,1996,4.04347826086957
CIRC_00737,RWA,1996,0
CIRC_00738,ZAF,1996,63
CIRC_00739,ZAF,1996,0
CIRC_00740,ZAF,1996,0
CIRC_00741,ZAF,1996,61.81
CIRC_00742,ZAF,1996,1.55238095238095
CIRC_00743,ZAF,1996,62.8217821782178
CIRC_00744,SLV,1996,59.5806451612903
CIRC_00745,SLV,1996,34.0729166666667
CIRC_00746,SLV,1996,3.72631578947368
CIRC_00747,SLV,1996,4.12371134020619
CIRC_00748,SLV,1996,3.24742268041237
CIRC_00749,SAU,1996,63
CIRC_00750,SEN,1996,0
CIRC_00751,SEN,1996,3.95918367346939
CIRC_00752,SEN,1996,0
CIRC_00753,SRB,1996,61.7890625
CIRC_00754,SRB,1996,15.856
CIRC_00755,XKO,1996,17.3492063492063
CIRC_00756,SLE,1996,0
CIRC_00757,SLE,1996,26.6122448979592
CIRC_00758,SLE,1996,0
CIRC_00759,SLE,1996,0
CIRC_00760,SLE,1996,0
CIRC_00761,SLE,1996,0.222222222222222
CIRC_00762,SGP,1996,62.9594594594595
CIRC_00763,SGP,1996,63
CIRC_00764,SVK,1996,34.0629370629371
CIRC_00765,SVK,1996,9.10563380281691
CIRC_00766,SVK,1996,10.9507042253521
CIRC_00767,SVK,1996,27.9929078014185
CIRC_00768,SVK,1996,17.2230215827338
CIRC_00769,SVK,1996,35.2589928057554
CIRC_00770,SVK,1996,6.81730769230769
CIRC_00771,SVN,1996,4.46323529411765
CIRC_00772,SVN,1996,4.86614173228346
CIRC_00773,SVN,1996,31.7481481481481
CIRC_00774,SVN,1996,58.0222222222222
CIRC_00775,SVN,1996,14.5725190839695
CIRC_00776,SVN,1996,11.8208955223881
CIRC_00777,SVN,1996,20.8045977011494
CIRC_00778,SLB,1996,0
CIRC_00779,SLB,1996,0
CIRC_00780,SLB,1996,0
CIRC_00781,SLB,1996,0
CIRC_00782,SLB,1996,0
CIRC_00783,SLB,1996,0
CIRC_00784,SLB,1996,0
CIRC_00785,SLB,1996,0
CIRC_00786,ETH,1996,0
CIRC_00787,SOM,1996,0
CIRC_00788,SOM,1996,11.811320754717
CIRC_00789,ESP,1996,62.9316239316239
CIRC_00790,ESP,1996,63
CIRC_00791,ESP,1996,57.7338709677419
CIRC_00792,ESP,1996,48.3196721311476
CIRC_00793,LKA,1996,62.25
CIRC_00794,LKA,1996,9.09473684210526
CIRC_00795,LKA,1996,3.9247311827957
CIRC_00796,LKA,1996,19.8404255319149
CIRC_00797,LKA,1996,8.92783505154639
CIRC_00798,SSD,1996,0
CIRC_00799,SDN,1996,1.83333333333333
CIRC_00800,SDN,1996,0
CIRC_00801,SUR,1996,31.9010989010989
CIRC_00802,SUR,1996,0
CIRC_00803,SUR,1996,5.57777777777778
CIRC_00804,SUR,1996,10.5051546391753
CIRC_00805,SWZ,1996,24.6346153846154
CIRC_00806,SWE,1996,43.4939759036145
CIRC_00807,SWE,1996,44.3714285714286
CIRC_00808,SWE,1996,14.4696132596685
CIRC_00809,SWE,1996,62.9512195121951
CIRC_00810,SWE,1996,49.431693989071
CIRC_00811,SWE,1996,44.9277108433735
CIRC_00812,CHE,1996,41.0294117647059
CIRC_00813,CHE,1996,31.5563909774436
CIRC_00814,CHE,1996,36.6865671641791
CIRC_00815,CHE,1996,3.54477611940299
CIRC_00816,CHE,1996,56.8666666666667
CIRC_00817,CHE,1996,24.007299270073
CIRC_00818,CHE,1996,29.5658914728682
CIRC_00819,CHE,1996,23.7703703703704
CIRC_00820,CHE,1996,38.6444444444444
CIRC_00821,CHE,1996,16.231884057971
CIRC_00822,CHE,1996,43.9926470588235
CIRC_00823,CHE,1996,33.25
CIRC_00824,CHE,1996,20.4525547445255
CIRC_00825,CHE,1996,20.6030534351145
CIRC_00826,CHE,1996,37.4565217391304
CIRC_00827,CHE,1996,27.3840579710145
CIRC_00828,CHE,1996,38.0666666666667
CIRC_00829,CHE,1996,9.16788321167883
CIRC_00830,CHE,1996,17.2727272727273
CIRC_00831,CHE,1996,21.9384615384616
CIRC_00832,CHE,1996,17.7883211678832
CIRC_00833,SYR,1996,22.6034482758621
CIRC_00834,SYR,1996,62.2342342342342
CIRC_00835,TJK,1996,2.64957264957265
CIRC_00836,TJK,1996,42.7622950819672
CIRC_00837,TJK,1996,0
CIRC_00838,TJK,1996,13.9913793103448
CIRC_00839,TWN,1996,25.958904109589
CIRC_00840,TWN,1996,23.73
CIRC_00841,HKG,1996,62.8985507246377
CIRC_00842,TWN,1996,62.1862745098039
CIRC_00843,TZA,1996,0
CIRC_00844,TZA,1996,0
CIRC_00845,TZA,1996,0
CIRC_00846,TZA,1996,0
CIRC_00847,TZA,1996,0
CIRC_00848,THA,1996,63
CIRC_00849,THA,1996,63
CIRC_00850,THA,1996,62.71875
CIRC_00851,THA,1996,17.0851063829787
CIRC_00852,THA,1996,41.4583333333333
CIRC_00853,THA,1996,62.9354838709678
CIRC_00854,THA,1996,11.1752577319588
CIRC_00855,THA,1996,15.2061855670103
CIRC_00856,THA,1996,4.93684210526316
CIRC_00857,GBR,1996,62.8895705521472
CIRC_00858,THA,1996,49.1894736842105
CIRC_00859,TKM,1996,30.0578512396694
CIRC_00860,TKM,1996,13.4705882352941
CIRC_00861,TKM,1996,59.2521739130435
CIRC_00862,TGO,1996,3.11827956989247
CIRC_00863,TGO,1996,2.80263157894737
CIRC_00864,TGO,1996,0.368421052631579
CIRC_00865,TTO,1996,26.9016393442623
CIRC_00866,TTO,1996,51.4925373134328
CIRC_00867,TTO,1996,16.8736842105263
CIRC_00868,TTO,1996,7.45945945945947
CIRC_00869,TTO,1996,13.9655172413793
CIRC_00870,TUN,1996,61.1466666666667
CIRC_00871,TUN,1996,17.3669724770642
CIRC_00872,TUN,1996,61.7849462365591
CIRC_00873,TUN,1996,17.7391304347826
CIRC_00874,TUN,1996,58.8863636363636
CIRC_00875,TUN,1996,13.5217391304348
CIRC_00876,TUN,1996,29.9866666666667
CIRC_00877,TUR,1996,30.0916666666667
CIRC_00878,TUR,1996,61.4923076923077
CIRC_00879,TUR,1996,3.9396551724138
CIRC_00880,TUR,1996,62.2931034482759
CIRC_00881,TUR,1996,12.4545454545455
CIRC_00882,TUR,1996,58.3553719008265
CIRC_00883,TUR,1996,61.6373626373626
CIRC_00884,ARE,1996,62.25
CIRC_00885,ARE,1996,61.0196078431373
CIRC_00886,UGA,1996,0
CIRC_00887,GBR,1996,33
CIRC_00888,GBR,1996,23.7054794520548
CIRC_00889,GBR,1996,61.9589041095891
CIRC_00890,GBR,1996,50.1212121212121
CIRC_00891,GBR,1996,49.4252873563218
CIRC_00892,USA,1996,63
CIRC_00893,GBR,1996,53.2649006622517
CIRC_00894,GBR,1996,61.2519083969466
CIRC_00895,UKR,1996,1.71428571428571
CIRC_00896,UKR,1996,7.30263157894737
CIRC_00897,UKR,1996,0.76510067114094
CIRC_00898,UKR,1996,42.6857142857143
CIRC_00899,UKR,1996,59.9787234042553
CIRC_00900,UKR,1996,9.19230769230769
CIRC_00901,UKR,1996,58.9492753623189
CIRC_00902,URY,1996,62.7857142857143
CIRC_00903,URY,1996,62.2087912087912
CIRC_00904,USA,1996,62.3650793650794
CIRC_00905,USA,1996,33.6434782608696
CIRC_00906,USA,1996,62.5614035087719
CIRC_00907,USA,1996,62.1428571428572
CIRC_00908,USA,1996,62.9396551724138
CIRC_00909,USA,1996,55.8064516129032
CIRC_00910,UZB,1996,51.4793388429752
CIRC_00911,UZB,1996,62.4758064516129
CIRC_00912,UZB,1996,11.9831932773109
CIRC_00913,VEN,1996,25.9263157894737
CIRC_00914,VEN,1996,20.3666666666667
CIRC_00915,VEN,1996,1.57731958762887
CIRC_00916,VEN,1996,13.7142857142857
CIRC_00917,VEN,1996,62.1739130434783
CIRC_00918,YEM,1996,2.27083333333333
CIRC_00919,YEM,1996,0.0851063829787235
CIRC_00920,YEM,1996,5.28865979381443
CIRC_00921,SRB,1996,21.8515625
CIRC_00922,MNE,1996,9.72413793103449
CIRC_00923,ZMB,1996,2.07692307692308
CIRC_00924,ZMB,1996,48.2842105263158
CIRC_00925,ZMB,1996,27.7604166666667
CIRC_00926,ZWE,1996,0
CIRC_00927,ZMB,1996,0
CIRC_00928,ZMB,1996,15.63
CIRC_00929,ZMB,1996,40.3541666666667
CIRC_00930,ZMB,1996,0
CIRC_00931,ZWE,1996,0
CIRC_00932,ZWE,1996,12.701030927835
CIRC_00933,COM,1996,0.155844155844156
CIRC_00934,MDV,1996,48
CIRC_00935,SAU,1996,63
CIRC_00936,ISR,1996,62.6018518518519
CIRC_00937,COM,1996,1.28888888888889
CIRC_00938,COM,1996,0
CIRC_00941,LBY,1996,62.4
CIRC_00942,SGP,1996,62.9882352941177
CIRC_00943,MKD,1996,50.6229508196721
CIRC_00945,QAT,1996,62.9285714285714
CIRC_00946,MDA,1996,4.97727272727273
CIRC_00947,SGP,1996,63
CIRC_00948,LSO,1996,0.943396226415094
CIRC_00949,MDA,1996,2.98561151079137
CIRC_00950,COM,1996,2.28888888888889
CIRC_00951,LSO,1996,0
CIRC_00952,MUS,1996,43.5405405405405
CIRC_00953,ISR,1996,62.9444444444444
CIRC_00954,TKM,1996,30.7304347826087
CIRC_00955,LBY,1996,25.8484848484849
CIRC_00956,ISR,1996,47.9910714285714
CIRC_00957,MUS,1996,31.1340206185567
CIRC_00958,GTM,1996,60.9896907216495
CIRC_00959,MDA,1996,7.91304347826087
CIRC_00960,ISR,1996,63
CIRC_00961,SSD,1996,0
CIRC_00962,CYP,1996,54.3066666666667
CIRC_00964,LSO,1996,39.7142857142857
CIRC_00965,MDA,1996,4.24817518248175
CIRC_00001,AFG,1997,0
CIRC_00002,AFG,1997,18.2633928571429
CIRC_00003,AFG,1997,0
CIRC_00004,AFG,1997,0
CIRC_00005,AFG,1997,1.10648148148148
CIRC_00006,AFG,1997,0
CIRC_00007,AFG,1997,0
CIRC_00008,ALB,1997,14.4838709677419
CIRC_00009,ALB,1997,0
CIRC_00010,ALB,1997,32.3770491803279
CIRC_00011,ALB,1997,0.691666666666667
CIRC_00012,DZA,1997,5.91150442477876
CIRC_00013,DZA,1997,26.7608695652174
CIRC_00014,DZA,1997,8.72173913043478
CIRC_00015,DZA,1997,36.5789473684211
CIRC_00016,MAR,1997,46.8859649122807
CIRC_00017,DZA,1997,3.31140350877193
CIRC_00018,DZA,1997,19.5225225225225
CIRC_00019,AGO,1997,49.3921568627451
CIRC_00020,AGO,1997,14.53125
CIRC_00021,ARG,1997,4.27570093457944
CIRC_00022,ARG,1997,61.4816513761468
CIRC_00023,ARG,1997,15.3894230769231
CIRC_00024,ARG,1997,45.1409090909091
CIRC_00025,ARG,1997,62.9347826086957
CIRC_00026,ARG,1997,30.7824074074074
CIRC_00027,ARG,1997,56.6434782608696
CIRC_00028,ARG,1997,36.0913043478261
CIRC_00029,ARG,1997,62.6179775280899
CIRC_00030,ARG,1997,62.7906976744186
CIRC_00031,SYR,1997,4.87391304347826
CIRC_00032,AZE,1997,6.63636363636364
CIRC_00033,ARM,1997,50.8373983739837
CIRC_00034,ARM,1997,51.7142857142857
CIRC_00035,ARM,1997,1.58898305084746
CIRC_00036,AUS,1997,4.1965811965812
CIRC_00037,AUS,1997,62.6627906976744
CIRC_00038,AUS,1997,15.6666666666667
CIRC_00039,GBR,1997,48.5265957446809
CIRC_00040,GBR,1997,63
CIRC_00041,AUS,1997,62.1079545454546
CIRC_00042,AUT,1997,62.2571428571429
CIRC_00043,AUT,1997,43.7941176470588
CIRC_00044,AUT,1997,27.7553191489362
CIRC_00045,AUT,1997,3.00709219858156
CIRC_00046,AUT,1997,57.6330935251799
CIRC_00047,AUT,1997,60.726618705036
CIRC_00048,AUT,1997,8.70863309352518
CIRC_00049,CHE,1997,14.9343065693431
CIRC_00050,AZE,1997,61.3333333333333
CIRC_00051,AZE,1997,0.491803278688524
CIRC_00052,AZE,1997,61.3141025641026
CIRC_00053,AZE,1997,15.6895161290323
CIRC_00054,BHR,1997,59.0877192982456
CIRC_00055,BHR,1997,62.935
CIRC_00056,BRB,1997,51.50625
CIRC_00057,BRB,1997,14.1644736842105
CIRC_00058,BRB,1997,20.1666666666667
CIRC_00059,BRB,1997,17.53125
CIRC_00060,BEL,1997,41.3133333333334
CIRC_00061,FRA,1997,61.2204724409449
CIRC_00062,BEL,1997,54.3881118881119
CIRC_00063,BEL,1997,43.2417582417582
CIRC_00064,BEL,1997,62.0805369127517
CIRC_00065,BEL,1997,49.9201388888889
CIRC_00066,BEL,1997,51.4863945578231
CIRC_00067,BEL,1997,62.6224489795918
CIRC_00068,BEL,1997,59.8630136986301
CIRC_00069,BEN,1997,0
CIRC_00070,TGO,1997,52.4
CIRC_00071,BEN,1997,0
CIRC_00072,BEN,1997,4.23369565217391
CIRC_00073,BFA,1997,53.2947368421053
CIRC_00074,BFA,1997,3.84574468085106
CIRC_00075,BFA,1997,1.32631578947368
CIRC_00076,BFA,1997,52.9615384615385
CIRC_00077,BFA,1997,0
CIRC_00078,BHS,1997,60.6728395061728
CIRC_00079,BHS,1997,39.8910256410257
CIRC_00080,BHS,1997,58.7849462365591
CIRC_00081,BTN,1997,7.88425925925926
CIRC_00082,BTN,1997,0
CIRC_00083,BTN,1997,0.384615384615384
CIRC_00084,BTN,1997,2.69230769230769
CIRC_00085,BTN,1997,0
CIRC_00086,BTN,1997,0
CIRC_00087,BLR,1997,62.583850931677
CIRC_00088,BLR,1997,4.98064516129032
CIRC_00089,BLR,1997,6.10691823899371
CIRC_00090,BLZ,1997,40.6071428571429
CIRC_00091,BLZ,1997,8.74489795918367
CIRC_00092,BLZ,1997,10.8686868686869
CIRC_00093,IND,1997,5.98076923076923
CIRC_00094,BGD,1997,0.346534653465347
CIRC_00095,BGD,1997,1.41584158415842
CIRC_00096,IND,1997,5.93203883495146
CIRC_00097,BGD,1997,0.386138613861386
CIRC_00098,BGD,1997,21.715
CIRC_00099,BGD,1997,5.08173076923077
CIRC_00100,BOL,1997,58.6822916666667
CIRC_00101,BOL,1997,58.5515463917526
CIRC_00102,BOL,1997,59.609375
CIRC_00103,BOL,1997,0
CIRC_00104,BOL,1997,1.30729166666667
CIRC_00105,BIH,1997,1.47744360902256
CIRC_00106,BIH,1997,10.3384615384615
CIRC_00107,HRV,1997,3.83064516129032
CIRC_00108,BIH,1997,9.75
CIRC_00109,BIH,1997,37.0190839694657
CIRC_00110,BIH,1997,3.356
CIRC_00111,BIH,1997,9.67045454545455
CIRC_00112,BIH,1997,25.1860465116279
CIRC_00113,BIH,1997,8.38306451612903
CIRC_00114,BIH,1997,9.17054263565891
CIRC_00115,BIH,1997,7.98461538461539
CIRC_00116,BIH,1997,2.32170542635659
CIRC_00117,BIH,1997,24.66796875
CIRC_00118,BIH,1997,7.15476190476191
CIRC_00119,BIH,1997,5.98076923076923
CIRC_00120,BWA,1997,4.40686274509804
CIRC_00121,BWA,1997,0
CIRC_00122,GBR,1997,60.6678321678322
CIRC_00123,BWA,1997,1.68627450980392
CIRC_00124,BRA,1997,11.0494505494506
CIRC_00125,BRA,1997,61.9583333333333
CIRC_00126,BRA,1997,51.3434343434343
CIRC_00127,BRA,1997,7.02105263157895
CIRC_00128,BRA,1997,60.875
CIRC_00129,BRA,1997,26.145
CIRC_00130,BRA,1997,4.0873786407767
CIRC_00131,BRN,1997,56.123595505618
CIRC_00132,BDI,1997,0
CIRC_00133,BDI,1997,0
CIRC_00134,BDI,1997,23.1063829787234
CIRC_00135,BDI,1997,0
CIRC_00136,BDI,1997,0
CIRC_00137,BDI,1997,2.27840909090909
CIRC_00138,BDI,1997,0
CIRC_00139,BDI,1997,0.0425531914893618
CIRC_00140,BGR,1997,0.274809160305343
CIRC_00141,RUS,1997,63
CIRC_00142,BGR,1997,1.41015625
CIRC_00143,BGR,1997,58.7380952380952
CIRC_00144,BGR,1997,8.776
CIRC_00145,BGR,1997,40.2
CIRC_00146,UKR,1997,35.2916666666667
CIRC_00147,BGR,1997,11.1653543307087
CIRC_00148,USA,1997,63
CIRC_00149,BGR,1997,11.72
CIRC_00150,BGR,1997,8.68951612903226
CIRC_00151,BGR,1997,3.95528455284553
CIRC_00152,BGR,1997,4.2
CIRC_00153,BGR,1997,24.1511627906977
CIRC_00154,KHM,1997,0.0157894736842105
CIRC_00155,KHM,1997,39.5430107526882
CIRC_00156,KHM,1997,1.21111111111111
CIRC_00157,CAN,1997,55.4609375
CIRC_00158,CAN,1997,29.3461538461538
CIRC_00159,CAN,1997,55.8814814814815
CIRC_00160,CAN,1997,62.906862745098
CIRC_00161,CAN,1997,63
CIRC_00162,CAN,1997,63
CIRC_00163,CMR,1997,3.69148936170213
CIRC_00164,CPV,1997,0
CIRC_00165,CPV,1997,15.2796610169492
CIRC_00166,CPV,1997,1.56185567010309
CIRC_00167,CPV,1997,13.7578947368421
CIRC_00168,CIV,1997,27.7173913043478
CIRC_00169,CIV,1997,0
CIRC_00170,CIV,1997,0
CIRC_00171,CIV,1997,17.436170212766
CIRC_00172,CIV,1997,10.2065217391304
CIRC_00173,CAF,1997,23.7368421052632
CIRC_00174,CAF,1997,0
CIRC_00175,GAB,1997,3.76595744680851
CIRC_00176,CAF,1997,0
CIRC_00177,CAF,1997,0
CIRC_00178,TCD,1997,30.9225352112676
CIRC_00179,TCD,1997,1.605
CIRC_00180,TCD,1997,0
CIRC_00181,TCD,1997,31.2013888888889
CIRC_00182,CHL,1997,50.3269230769231
CIRC_00183,CHL,1997,55.6686746987952
CIRC_00184,CHL,1997,63
CIRC_00185,CHL,1997,42.7238095238095
CIRC_00186,CHN,1997,11.8287037037037
CIRC_00187,CHN,1997,49.5231481481482
CIRC_00188,CHN,1997,27.188679245283
CIRC_00189,CHN,1997,62.8770491803279
CIRC_00190,COL,1997,61.718085106383
CIRC_00191,COL,1997,52.6988636363636
CIRC_00192,COL,1997,57.5638297872341
CIRC_00193,COL,1997,59.8563829787234
CIRC_00194,COL,1997,4.5
CIRC_00195,MDG,1997,12.8783783783784
CIRC_00196,FRA,1997,6.95488721804511
CIRC_00197,COM,1997,0.222222222222222
CIRC_00198,COM,1997,0.191489361702128
CIRC_00199,COM,1997,0
CIRC_00200,COM,1997,0.103896103896104
CIRC_00201,COM,1997,1.65740740740741
CIRC_00202,COM,1997,0.150943396226415
CIRC_00203,COG,1997,0.444444444444445
CIRC_00204,COG,1997,0
CIRC_00205,CRI,1997,58.1315789473684
CIRC_00206,NIC,1997,11.781914893617
CIRC_00207,CRI,1997,62.5
CIRC_00208,CRI,1997,62.4468085106383
CIRC_00209,HRV,1997,13.206106870229
CIRC_00210,HRV,1997,59.6555555555556
CIRC_00211,HRV,1997,6.23684210526316
CIRC_00212,HRV,1997,43.2676056338028
CIRC_00213,CUB,1997,0
CIRC_00214,CUB,1997,6.27777777777778
CIRC_00215,XNC,1997,28.2213114754098
CIRC_00216,XNC,1997,55.8181818181818
CIRC_00217,XNC,1997,14.2608695652174
CIRC_00218,CYP,1997,7.10964912280702
CIRC_00219,CYP,1997,33.1555555555556
CIRC_00220,SVK,1997,14.9595588235294
CIRC_00221,CZE,1997,48.9119718309859
CIRC_00222,CZE,1997,60.4821428571429
CIRC_00223,CZE,1997,18.0416666666667
CIRC_00224,CZE,1997,22.4554794520548
CIRC_00225,CZE,1997,38.9392857142857
CIRC_00226,CZE,1997,18.7536231884058
CIRC_00227,CZE,1997,25.2922535211268
CIRC_00228,CZE,1997,57.0205479452055
CIRC_00229,CZE,1997,11.2027972027972
CIRC_00230,SVK,1997,54.4251968503937
CIRC_00231,CZE,1997,13.4858156028369
CIRC_00232,DNK,1997,14.0902777777778
CIRC_00233,DNK,1997,43.552380952381
CIRC_00234,DNK,1997,4.01183431952663
CIRC_00235,DNK,1997,37.5967741935484
CIRC_00236,DNK,1997,58.7614379084967
CIRC_00237,DNK,1997,51.5416666666667
CIRC_00238,SOM,1997,0
CIRC_00239,ETH,1997,14.1010638297872
CIRC_00240,DOM,1997,8.13917525773196
CIRC_00241,DOM,1997,62.046875
CIRC_00242,DOM,1997,59.5841584158416
CIRC_00243,DOM,1997,0.5
CIRC_00244,COD,1997,0
CIRC_00245,COD,1997,0
CIRC_00246,COD,1997,0
CIRC_00247,COD,1997,56.2717391304348
CIRC_00248,VNM,1997,4.62371134020619
CIRC_00249,VNM,1997,20.8970588235294
CIRC_00250,VNM,1997,0
CIRC_00251,VNM,1997,0
CIRC_00252,VNM,1997,14.5841584158416
CIRC_00253,ECU,1997,55.3494623655914
CIRC_00254,USA,1997,62.6681818181818
CIRC_00255,ECU,1997,59.5777777777778
CIRC_00256,ECU,1997,51.005376344086
CIRC_00257,ECU,1997,31.9277777777778
CIRC_00258,ECU,1997,0.324675324675325
CIRC_00259,ECU,1997,59.8548387096774
CIRC_00260,USA,1997,62.9354838709678
CIRC_00261,EGY,1997,45.1621621621622
CIRC_00262,EGY,1997,63
CIRC_00263,EGY,1997,35.6788990825688
CIRC_00264,GNQ,1997,1.33734939759036
CIRC_00265,ERI,1997,30.2105263157895
CIRC_00266,EST,1997,39.5502793296089
CIRC_00267,EST,1997,0
CIRC_00268,EST,1997,25.4044943820225
CIRC_00269,EST,1997,61.2613636363636
CIRC_00270,EST,1997,6.52556818181818
CIRC_00271,EST,1997,50.7387640449439
CIRC_00272,ETH,1997,3.83157894736842
CIRC_00273,ETH,1997,2.93157894736842
CIRC_00274,ETH,1997,0.309278350515464
CIRC_00275,ETH,1997,0
CIRC_00276,TLS,1997,1.63636363636364
CIRC_00277,TLS,1997,22.0153846153846
CIRC_00278,TLS,1997,0.994680851063831
CIRC_00279,TLS,1997,21.589552238806
CIRC_00280,TLS,1997,0
CIRC_00281,TLS,1997,0
CIRC_00282,FIN,1997,55.5947368421053
CIRC_00283,RUS,1997,39.6603053435115
CIRC_00284,FIN,1997,62.3150684931507
CIRC_00285,FIN,1997,42.3534031413613
CIRC_00286,FJI,1997,0
CIRC_00287,FJI,1997,0
CIRC_00288,FJI,1997,9.36458333333333
CIRC_00289,FJI,1997,8.15730337078652
CIRC_00290,FJI,1997,0.108247422680412
CIRC_00291,FJI,1997,0
CIRC_00292,FJI,1997,0.0642857142857143
CIRC_00293,FJI,1997,0
CIRC_00294,FRA,1997,13.5265151515151
CIRC_00295,FRA,1997,63
CIRC_00296,FRA,1997,63
CIRC_00297,FRA,1997,61.2097902097902
CIRC_00298,FRA,1997,55.9349315068493
CIRC_00299,GAB,1997,0.560439560439561
CIRC_00300,GAB,1997,2.53763440860215
CIRC_00301,COG,1997,27.9875
CIRC_00302,GAB,1997,0
CIRC_00303,GMB,1997,0
CIRC_00304,GMB,1997,0
CIRC_00305,GMB,1997,0.763157894736842
CIRC_00306,DEU,1997,62.5849673202615
CIRC_00307,DEU,1997,58.5633802816902
CIRC_00308,DEU,1997,10.3166666666667
CIRC_00309,DEU,1997,62.6910828025478
CIRC_00310,DEU,1997,17.041958041958
CIRC_00311,GHA,1997,59.3174603174603
CIRC_00312,GHA,1997,56.0380434782609
CIRC_00313,GHA,1997,13.5054945054945
CIRC_00314,GHA,1997,0
CIRC_00315,GNB,1997,15.9153846153846
CIRC_00316,GNB,1997,0
CIRC_00317,GNB,1997,0.0631578947368421
CIRC_00318,GNB,1997,0.916666666666666
CIRC_00319,GNB,1997,0
CIRC_00320,GRC,1997,62.9132231404959
CIRC_00321,GRC,1997,40.3076923076923
CIRC_00322,GRC,1997,0.613207547169812
CIRC_00323,GRC,1997,62.6319444444444
CIRC_00324,USA,1997,61.5
CIRC_00325,GRC,1997,62.8975409836066
CIRC_00326,GRC,1997,26.9924242424242
CIRC_00327,GEO,1997,31.788
CIRC_00328,GEO,1997,3.96
CIRC_00329,GEO,1997,0
CIRC_00330,GEO,1997,13.65625
CIRC_00331,FRA,1997,63
CIRC_00332,GTM,1997,61.4072164948454
CIRC_00333,GTM,1997,1.671875
CIRC_00334,GTM,1997,8.64583333333333
CIRC_00335,GIN,1997,0
CIRC_00336,GIN,1997,0
CIRC_00337,GIN,1997,0
CIRC_00338,GIN,1997,47.0952380952381
CIRC_00339,GIN,1997,0
CIRC_00340,GIN,1997,0.216494845360825
CIRC_00341,GUY,1997,40.2246376811594
CIRC_00342,GUY,1997,4.70634920634921
CIRC_00343,GUY,1997,1.2987012987013
CIRC_00344,USA,1997,62.932
CIRC_00345,GUY,1997,23.0380434782609
CIRC_00346,GUY,1997,0
CIRC_00347,GUY,1997,4.33561643835616
CIRC_00348,HTI,1997,0
CIRC_00349,HTI,1997,43.0519480519481
CIRC_00350,HTI,1997,26.9148936170213
CIRC_00351,HTI,1997,0
CIRC_00352,HTI,1997,2.2093023255814
CIRC_00353,HTI,1997,0
CIRC_00354,HTI,1997,0
CIRC_00355,HTI,1997,0
CIRC_00356,HND,1997,24.7906976744186
CIRC_00357,HND,1997,59.4263157894737
CIRC_00358,HND,1997,55.9734042553192
CIRC_00359,PAN,1997,59.2727272727273
CIRC_00360,HND,1997,0
CIRC_00361,HND,1997,14.7447916666667
CIRC_00362,HND,1997,5.38793103448276
CIRC_00363,HND,1997,1.57368421052632
CIRC_00364,HND,1997,0.456989247311828
CIRC_00365,HUN,1997,7.6268115942029
CIRC_00366,HUN,1997,62.4927536231884
CIRC_00367,HUN,1997,1.59615384615385
CIRC_00368,HUN,1997,40.768115942029
CIRC_00369,HUN,1997,14.8851851851852
CIRC_00370,HUN,1997,44.3082706766917
CIRC_00371,ISL,1997,30.9019607843137
CIRC_00372,ISL,1997,0.96484375
CIRC_00373,ISL,1997,31.0882352941177
CIRC_00374,IND,1997,53.9108910891089
CIRC_00375,IND,1997,2.2952380952381
CIRC_00376,IND,1997,7.87755102040816
CIRC_00377,IND,1997,51.7009803921569
CIRC_00378,IND,1997,2.41578947368421
CIRC_00379,PAK,1997,27.2972972972973
CIRC_00380,PAK,1997,1.6743119266055
CIRC_00381,IND,1997,6.3019801980198
CIRC_00382,IDN,1997,12.686170212766
CIRC_00383,IDN,1997,12.9464285714286
CIRC_00384,IDN,1997,12.7473684210526
CIRC_00385,IDN,1997,48.5904255319149
CIRC_00386,IDN,1997,4
CIRC_00387,IDN,1997,44.2340425531915
CIRC_00388,IRL,1997,16.0414012738853
CIRC_00389,IRL,1997,1.69254658385093
CIRC_00390,IRL,1997,18.9937106918239
CIRC_00391,IRL,1997,62.9391891891892
CIRC_00392,IRL,1997,17.6687898089172
CIRC_00393,IRL,1997,57.0466666666667
CIRC_00394,IRN,1997,8.48130841121495
CIRC_00395,IRN,1997,35.2272727272727
CIRC_00396,IRN,1997,13.570796460177
CIRC_00397,IRN,1997,0
CIRC_00398,IRN,1997,62.8491379310345
CIRC_00399,IRQ,1997,13.9782608695652
CIRC_00400,USA,1997,14.5580357142857
CIRC_00401,USA,1997,28.2102803738318
CIRC_00402,USA,1997,62.1935483870968
CIRC_00403,IRQ,1997,61.4626168224299
CIRC_00404,IRQ,1997,34.283185840708
CIRC_00405,IRQ,1997,11.2454545454545
CIRC_00406,IRQ,1997,61.8362831858407
CIRC_00407,BLR,1997,2.01666666666667
CIRC_00408,ISR,1997,62.9912280701754
CIRC_00409,BLR,1997,0.29746835443038
CIRC_00410,ISR,1997,62.9802631578948
CIRC_00411,ISR,1997,59.1759259259259
CIRC_00412,ISR,1997,62.5884955752212
CIRC_00413,ISR,1997,48.2798165137615
CIRC_00414,ISR,1997,62.8796296296296
CIRC_00415,ITA,1997,62.96
CIRC_00416,ITA,1997,58.862962962963
CIRC_00417,ITA,1997,53.6204819277108
CIRC_00418,ITA,1997,62.3259259259259
CIRC_00419,ITA,1997,60.5813953488372
CIRC_00420,ITA,1997,29.30859375
CIRC_00421,ITA,1997,62.9484126984127
CIRC_00422,ITA,1997,47.639705882353
CIRC_00423,ITA,1997,47.8333333333333
CIRC_00424,ITA,1997,3.94166666666667
CIRC_00425,JAM,1997,25.0876288659794
CIRC_00426,JAM,1997,5.24731182795699
CIRC_00427,JAM,1997,19.0979381443299
CIRC_00428,JAM,1997,6.06701030927835
CIRC_00429,JAM,1997,42.8556701030928
CIRC_00430,JOR,1997,61.6542056074766
CIRC_00431,JPN,1997,63
CIRC_00432,JPN,1997,57.9159292035398
CIRC_00433,JPN,1997,63
CIRC_00434,JPN,1997,58.4402173913044
CIRC_00435,JPN,1997,41.1535087719298
CIRC_00436,JPN,1997,20.7901785714286
CIRC_00437,JPN,1997,14.7987012987013
CIRC_00438,JPN,1997,34.2347826086957
CIRC_00439,JPN,1997,61.5211267605634
CIRC_00440,JPN,1997,60.9130434782609
CIRC_00441,JPN,1997,55.8590909090909
CIRC_00442,JPN,1997,63
CIRC_00443,JPN,1997,57.2923076923077
CIRC_00444,JPN,1997,62.9757281553398
CIRC_00445,JPN,1997,25.1608695652174
CIRC_00446,JPN,1997,63
CIRC_00447,KEN,1997,0
CIRC_00448,KEN,1997,2.61827956989247
CIRC_00449,KEN,1997,57.5927835051547
CIRC_00450,KEN,1997,0.39247311827957
CIRC_00451,XKO,1997,4.3130081300813
CIRC_00452,XKO,1997,29.604
CIRC_00453,XKO,1997,5.82258064516129
CIRC_00454,XKO,1997,28.6071428571429
CIRC_00455,XKO,1997,4.256
CIRC_00456,KWT,1997,63
CIRC_00457,KWT,1997,29.9095238095238
CIRC_00458,KGZ,1997,1.57086614173228
CIRC_00459,KGZ,1997,27.3648648648649
CIRC_00460,KGZ,1997,59.4072580645161
CIRC_00461,KGZ,1997,8.88617886178862
CIRC_00462,KGZ,1997,5.27235772357724
CIRC_00463,KGZ,1997,1.03174603174603
CIRC_00464,KGZ,1997,7.32539682539683
CIRC_00465,KAZ,1997,8.87596899224806
CIRC_00466,KAZ,1997,59.5833333333333
CIRC_00467,LAO,1997,11.2777777777778
CIRC_00468,THA,1997,23.4357142857143
CIRC_00469,LAO,1997,0
CIRC_00470,LAO,1997,0
CIRC_00471,LAO,1997,0
CIRC_00472,LVA,1997,61.3139534883721
CIRC_00473,LVA,1997,2.58156028368794
CIRC_00474,RUS,1997,0.476331360946746
CIRC_00475,LVA,1997,25.6735294117647
CIRC_00476,LVA,1997,5.28804347826087
CIRC_00477,LVA,1997,0
CIRC_00478,LVA,1997,0
CIRC_00479,USA,1997,62.1724137931034
CIRC_00480,LBR,1997,0
CIRC_00481,LBR,1997,0
CIRC_00482,LBR,1997,0
CIRC_00483,LBR,1997,0
CIRC_00484,LBR,1997,0
CIRC_00485,LBR,1997,0
CIRC_00486,LBR,1997,0
CIRC_00487,LBR,1997,9.57894736842105
CIRC_00488,LBN,1997,41.1891891891892
CIRC_00489,LBN,1997,49.3274336283186
CIRC_00490,LBN,1997,56.7586206896552
CIRC_00491,LBN,1997,45.3208955223881
CIRC_00492,LBN,1997,62.8448275862069
CIRC_00493,LBN,1997,62.9347826086957
CIRC_00494,LBN,1997,53.4594594594595
CIRC_00495,LSO,1997,0.0990990990990989
CIRC_00496,LSO,1997,0
CIRC_00497,LSO,1997,2.6712962962963
CIRC_00498,LSO,1997,0.682692307692308
CIRC_00499,LSO,1997,1.0625
CIRC_00500,LSO,1997,33.2337662337662
CIRC_00501,LSO,1997,0.817073170731708
CIRC_00502,LSO,1997,0
CIRC_00503,LBY,1997,10.1160714285714
CIRC_00504,LBY,1997,34.2247706422018
CIRC_00505,LBY,1997,62.8382352941177
CIRC_00506,LBY,1997,58.7714285714286
CIRC_00507,LBY,1997,28.6865671641791
CIRC_00508,LBY,1997,12.7345132743363
CIRC_00509,LBY,1997,62.7720588235294
CIRC_00510,LBY,1997,49.8541666666667
CIRC_00511,LTU,1997,46.2098765432099
CIRC_00512,LTU,1997,10.198224852071
CIRC_00513,LTU,1997,15.2946428571429
CIRC_00514,LTU,1997,54.667701863354
CIRC_00515,LTU,1997,42.25
CIRC_00516,LUX,1997,23.1416666666667
CIRC_00517,LUX,1997,10.0034965034965
CIRC_00518,LUX,1997,56.5445205479452
CIRC_00519,LUX,1997,50.6759259259259
CIRC_00520,MRT,1997,0
CIRC_00521,MRT,1997,48.3350515463918
CIRC_00522,MRT,1997,0
CIRC_00523,MRT,1997,0
CIRC_00524,MRT,1997,0
CIRC_00525,MRT,1997,0
CIRC_00526,MKD,1997,15.3583333333333
CIRC_00527,BIH,1997,28.3565891472868
CIRC_00528,MKD,1997,47.472
CIRC_00529,MKD,1997,4.00787401574803
CIRC_00530,MKD,1997,5.36885245901639
CIRC_00531,MKD,1997,13.7418032786885
CIRC_00532,MKD,1997,23.396
CIRC_00533,MDG,1997,0
CIRC_00534,MDG,1997,0
CIRC_00535,MDG,1997,5.28
CIRC_00536,MDG,1997,0
CIRC_00537,MDG,1997,9.48453608247423
CIRC_00538,MDG,1997,0
CIRC_00539,MYS,1997,46.25
CIRC_00540,MYS,1997,39.5785714285714
CIRC_00541,MYS,1997,7.23369565217391
CIRC_00542,MYS,1997,36.4718309859155
CIRC_00543,MYS,1997,0.257731958762887
CIRC_00544,MYS,1997,36.2234042553192
CIRC_00545,MUS,1997,37.6377551020408
CIRC_00546,MUS,1997,29.9148936170213
CIRC_00547,MUS,1997,25.6530612244898
CIRC_00548,MWI,1997,3.30927835051546
CIRC_00549,MWI,1997,0.0721649484536083
CIRC_00550,MWI,1997,2.9375
CIRC_00551,MWI,1997,1.06185567010309
CIRC_00552,MWI,1997,0
CIRC_00553,MWI,1997,37.9438775510204
CIRC_00554,MEX,1997,63
CIRC_00555,MEX,1997,57.4381443298969
CIRC_00556,MEX,1997,20.7295918367347
CIRC_00557,MEX,1997,3.96354166666667
CIRC_00558,MDA,1997,1.38928571428572
CIRC_00559,MDA,1997,1.60714285714286
CIRC_00560,MDA,1997,1.49253731343284
CIRC_00561,RUS,1997,0
CIRC_00562,MDA,1997,6.18613138686131
CIRC_00563,MDA,1997,3.36397058823529
CIRC_00564,MDA,1997,1.89051094890511
CIRC_00565,MDA,1997,2.49253731343284
CIRC_00566,MDA,1997,42.8065693430657
CIRC_00567,MDA,1997,4.91007194244604
CIRC_00568,MDA,1997,4.52857142857143
CIRC_00569,MDA,1997,4.74087591240876
CIRC_00570,MDA,1997,3.56985294117647
CIRC_00571,MDA,1997,3.71167883211679
CIRC_00572,MDA,1997,42.8022388059702
CIRC_00573,MDA,1997,2.71900826446281
CIRC_00574,MDA,1997,5.73741007194245
CIRC_00575,MLI,1997,7.63157894736842
CIRC_00576,MLI,1997,3.65263157894737
CIRC_00577,MLI,1997,0
CIRC_00578,MLI,1997,5.62631578947369
CIRC_00579,MLI,1997,7.65263157894737
CIRC_00580,MLI,1997,0
CIRC_00581,MLI,1997,1.45698924731183
CIRC_00582,MLT,1997,61.9439252336449
CIRC_00583,MLT,1997,62.3723404255319
CIRC_00584,MLT,1997,62.0163043478261
CIRC_00585,MLT,1997,61.8688524590164
CIRC_00586,MNG,1997,0
CIRC_00587,MNG,1997,0
CIRC_00588,MNG,1997,0
CIRC_00589,MNG,1997,41.2737226277372
CIRC_00590,MNG,1997,0
CIRC_00591,MAR,1997,58.5535714285714
CIRC_00592,MMR,1997,49.4387755102041
CIRC_00593,MMR,1997,1.86734693877551
CIRC_00594,MMR,1997,0
CIRC_00595,MMR,1997,61.2897727272727
CIRC_00596,MMR,1997,15.2323232323232
CIRC_00597,MOZ,1997,0
CIRC_00598,MOZ,1997,0
CIRC_00599,MOZ,1997,0
CIRC_00600,NAM,1997,2.01030927835052
CIRC_00601,NAM,1997,0
CIRC_00602,NAM,1997,13.6326530612245
CIRC_00603,NPL,1997,48.6698113207547
CIRC_00604,IND,1997,48.9134615384615
CIRC_00605,IND,1997,6.74519230769231
CIRC_00606,NPL,1997,0
CIRC_00607,NPL,1997,0
CIRC_00608,NPL,1997,0
CIRC_00609,NPL,1997,5.33653846153847
CIRC_00610,NPL,1997,5.28030303030303
CIRC_00611,NPL,1997,0
CIRC_00612,NPL,1997,0
CIRC_00613,NPL,1997,0
CIRC_00614,NPL,1997,16.4174757281553
CIRC_00615,NPL,1997,0
CIRC_00616,NZL,1997,21.5714285714286
CIRC_00617,NZL,1997,18.4935897435897
CIRC_00618,NZL,1997,4.20289855072464
CIRC_00619,NZL,1997,9.27611940298507
CIRC_00620,NZL,1997,1.7375
CIRC_00621,NZL,1997,61.8493150684932
CIRC_00622,NZL,1997,0.683823529411765
CIRC_00623,NZL,1997,45.6869565217391
CIRC_00624,NZL,1997,25.1900826446281
CIRC_00625,NZL,1997,58.1860465116279
CIRC_00626,NIC,1997,1.32105263157895
CIRC_00627,NIC,1997,8.91052631578948
CIRC_00628,NIC,1997,55.6
CIRC_00629,NIC,1997,20.2833333333333
CIRC_00630,NGA,1997,18.8617021276596
CIRC_00631,NGA,1997,53.8409090909091
CIRC_00632,NGA,1997,56.1631578947368
CIRC_00633,NGA,1997,21.5053191489362
CIRC_00634,NGA,1997,34.6631578947368
CIRC_00635,NGA,1997,16.0384615384615
CIRC_00636,NGA,1997,5.88947368421053
CIRC_00637,NER,1997,0.734375
CIRC_00638,NER,1997,11.1134020618557
CIRC_00639,NER,1997,2.39583333333333
CIRC_00640,NER,1997,42.5957446808511
CIRC_00641,NER,1997,0.75
CIRC_00642,NER,1997,0
CIRC_00643,NER,1997,0
CIRC_00644,NER,1997,0
CIRC_00645,NER,1997,0
CIRC_00646,NOR,1997,45.1167883211679
CIRC_00647,NOR,1997,54.7939560439561
CIRC_00648,NOR,1997,59.9567901234568
CIRC_00649,NOR,1997,38.22
CIRC_00650,NOR,1997,15.5765027322404
CIRC_00651,NOR,1997,62.6153846153846
CIRC_00652,NOR,1997,51.3973509933775
CIRC_00653,NLD,1997,62.2284768211921
CIRC_00654,NLD,1997,21.2384105960265
CIRC_00655,NLD,1997,21.2830882352941
CIRC_00656,NLD,1997,60.3846153846154
CIRC_00657,OMN,1997,45.1443298969072
CIRC_00658,OMN,1997,57.6428571428572
CIRC_00659,PAK,1997,62.9468085106383
CIRC_00660,PAK,1997,7.29326923076923
CIRC_00661,PAK,1997,61.8254716981132
CIRC_00662,PAK,1997,6.73076923076923
CIRC_00663,PAK,1997,14.6933962264151
CIRC_00664,IND,1997,60.4615384615385
CIRC_00665,PAK,1997,56.1822429906542
CIRC_00666,PAK,1997,0
CIRC_00667,PAK,1997,62.6071428571429
CIRC_00668,PAK,1997,3.09345794392524
CIRC_00669,PAN,1997,59.0689655172414
CIRC_00670,PAN,1997,0.0851063829787234
CIRC_00671,PAN,1997,21.6576086956522
CIRC_00672,PRY,1997,0.898058252427185
CIRC_00673,PRY,1997,58.9460784313726
CIRC_00674,PRY,1997,10.7427184466019
CIRC_00675,PRY,1997,0.061904761904762
CIRC_00676,PRY,1997,52.6277777777778
CIRC_00677,PER,1997,62.8789473684211
CIRC_00678,PER,1997,37.3958333333333
CIRC_00679,PER,1997,0.154639175257732
CIRC_00680,PER,1997,62.7447916666667
CIRC_00681,PER,1997,18.7150537634409
CIRC_00682,PER,1997,2.1530612244898
CIRC_00683,PHL,1997,0.210526315789474
CIRC_00684,PHL,1997,6.37640449438202
CIRC_00685,PHL,1997,63
CIRC_00686,PHL,1997,63
CIRC_00687,PHL,1997,63
CIRC_00688,PHL,1997,0.842391304347826
CIRC_00689,PHL,1997,63
CIRC_00690,PNG,1997,0
CIRC_00691,PNG,1997,0.283505154639175
CIRC_00692,PNG,1997,0
CIRC_00693,PNG,1997,37
CIRC_00694,PNG,1997,0
CIRC_00695,PNG,1997,6.58823529411765
CIRC_00696,PNG,1997,0
CIRC_00697,PNG,1997,0.2
CIRC_00698,POL,1997,6.59333333333333
CIRC_00699,POL,1997,3.58116883116883
CIRC_00700,POL,1997,6.971875
CIRC_00701,POL,1997,62.5927152317881
CIRC_00702,POL,1997,7.80067567567568
CIRC_00703,POL,1997,11.6487341772152
CIRC_00704,POL,1997,29.3630136986302
CIRC_00705,POL,1997,53.9375
CIRC_00706,POL,1997,48.0392857142857
CIRC_00707,PRT,1997,62.546875
CIRC_00708,PRT,1997,24.3362831858407
CIRC_00709,PRK,1997,27.5672268907563
CIRC_00710,RUS,1997,1.8986013986014
CIRC_00711,QAT,1997,62.8705882352941
CIRC_00712,KOR,1997,37.635593220339
CIRC_00713,KOR,1997,27.25
CIRC_00714,KOR,1997,4.68085106382979
CIRC_00715,KOR,1997,33.6359649122807
CIRC_00716,JPN,1997,62.8794642857143
CIRC_00717,KOR,1997,62.9583333333333
CIRC_00718,KOR,1997,62.9916666666667
CIRC_00719,KOR,1997,19.0943396226415
CIRC_00720,KOR,1997,62.9912280701754
CIRC_00721,ROU,1997,59.1488549618321
CIRC_00722,ROU,1997,21.3740458015267
CIRC_00723,UKR,1997,12.0643939393939
CIRC_00724,ROU,1997,0
CIRC_00725,ROU,1997,2.5036231884058
CIRC_00726,ROU,1997,26.6791044776119
CIRC_00727,ROU,1997,7.90225563909774
CIRC_00728,ROU,1997,27.6510791366906
CIRC_00729,ROU,1997,7.07518796992481
CIRC_00730,ROU,1997,15.577519379845
CIRC_00731,ROU,1997,26.2573529411765
CIRC_00732,RUS,1997,2.66917293233083
CIRC_00733,RUS,1997,3.23923444976076
CIRC_00734,RUS,1997,63
CIRC_00735,RWA,1997,3.36885245901639
CIRC_00736,RWA,1997,3.58695652173913
CIRC_00737,RWA,1997,0
CIRC_00738,ZAF,1997,62.9117647058824
CIRC_00739,ZAF,1997,0
CIRC_00740,ZAF,1997,0
CIRC_00741,ZAF,1997,61.67
CIRC_00742,ZAF,1997,1.93333333333333
CIRC_00743,ZAF,1997,62.0495049504951
CIRC_00744,SLV,1997,59.4784946236559
CIRC_00745,SLV,1997,33.4479166666667
CIRC_00746,SLV,1997,3.67368421052631
CIRC_00747,SLV,1997,4.08762886597938
CIRC_00748,SLV,1997,2.54639175257732
CIRC_00749,SAU,1997,63
CIRC_00750,SEN,1997,0
CIRC_00751,SEN,1997,2.96428571428571
CIRC_00752,SEN,1997,0
CIRC_00753,SRB,1997,60.1015625
CIRC_00754,SRB,1997,15.684
CIRC_00755,XKO,1997,20.4404761904762
CIRC_00756,SLE,1997,0
CIRC_00757,SLE,1997,14.3469387755102
CIRC_00758,SLE,1997,0
CIRC_00759,SLE,1997,0
CIRC_00760,SLE,1997,0
CIRC_00761,SLE,1997,0.1
CIRC_00762,SGP,1997,62.1148648648649
CIRC_00763,SGP,1997,62.4782608695652
CIRC_00764,SVK,1997,29.1048951048951
CIRC_00765,SVK,1997,7.62323943661972
CIRC_00766,SVK,1997,9.38732394366198
CIRC_00767,SVK,1997,23.6843971631206
CIRC_00768,SVK,1997,14.1510791366907
CIRC_00769,SVK,1997,30.5107913669065
CIRC_00770,SVK,1997,6.82211538461538
CIRC_00771,SVN,1997,5.17647058823529
CIRC_00772,SVN,1997,3.79527559055118
CIRC_00773,SVN,1997,29.7
CIRC_00774,SVN,1997,52.6296296296296
CIRC_00775,SVN,1997,10.9847328244275
CIRC_00776,SVN,1997,9.22388059701493
CIRC_00777,SVN,1997,21.1034482758621
CIRC_00778,SLB,1997,0
CIRC_00779,SLB,1997,0
CIRC_00780,SLB,1997,0
CIRC_00781,SLB,1997,0
CIRC_00782,SLB,1997,0
CIRC_00783,SLB,1997,0
CIRC_00784,SLB,1997,0
CIRC_00785,SLB,1997,0
CIRC_00786,ETH,1997,0
CIRC_00787,SOM,1997,0
CIRC_00788,SOM,1997,10.0943396226415
CIRC_00789,ESP,1997,62.6837606837607
CIRC_00790,ESP,1997,63
CIRC_00791,ESP,1997,58.3104838709678
CIRC_00792,ESP,1997,46.0122950819672
CIRC_00793,LKA,1997,62
CIRC_00794,LKA,1997,9.27368421052632
CIRC_00795,LKA,1997,3.43010752688172
CIRC_00796,LKA,1997,21.0691489361702
CIRC_00797,LKA,1997,10.4432989690722
CIRC_00798,SSD,1997,0
CIRC_00799,SDN,1997,0.426470588235295
CIRC_00800,SDN,1997,0
CIRC_00801,SUR,1997,32.5824175824176
CIRC_00802,SUR,1997,0.0422535211267606
CIRC_00803,SUR,1997,5.52222222222222
CIRC_00804,SUR,1997,11.1494845360825
CIRC_00805,SWZ,1997,20.7403846153846
CIRC_00806,SWE,1997,45.2801204819277
CIRC_00807,SWE,1997,45.7071428571429
CIRC_00808,SWE,1997,16.8674033149171
CIRC_00809,SWE,1997,62.4908536585366
CIRC_00810,SWE,1997,47.4398907103825
CIRC_00811,SWE,1997,42.7259036144578
CIRC_00812,CHE,1997,35.6139705882353
CIRC_00813,CHE,1997,32.3345864661654
CIRC_00814,CHE,1997,39.9440298507463
CIRC_00815,CHE,1997,1.78731343283582
CIRC_00816,CHE,1997,57.8722222222222
CIRC_00817,CHE,1997,21.0802919708029
CIRC_00818,CHE,1997,28.2713178294574
CIRC_00819,CHE,1997,23.0259259259259
CIRC_00820,CHE,1997,40.4703703703704
CIRC_00821,CHE,1997,17.4166666666667
CIRC_00822,CHE,1997,41.0073529411765
CIRC_00823,CHE,1997,27.5220588235294
CIRC_00824,CHE,1997,18.478102189781
CIRC_00825,CHE,1997,20.8893129770992
CIRC_00826,CHE,1997,33.5579710144928
CIRC_00827,CHE,1997,29
CIRC_00828,CHE,1997,35.0333333333334
CIRC_00829,CHE,1997,6.17518248175183
CIRC_00830,CHE,1997,19.6477272727273
CIRC_00831,CHE,1997,20
CIRC_00832,CHE,1997,15.0328467153285
CIRC_00833,SYR,1997,18.7198275862069
CIRC_00834,SYR,1997,62.3153153153153
CIRC_00835,TJK,1997,1.56410256410256
CIRC_00836,TJK,1997,37.8401639344262
CIRC_00837,TJK,1997,0
CIRC_00838,TJK,1997,10.7715517241379
CIRC_00839,TWN,1997,24.8698630136986
CIRC_00840,TWN,1997,23.05
CIRC_00841,HKG,1997,62.6884057971015
CIRC_00842,TWN,1997,62.3774509803922
CIRC_00843,TZA,1997,0
CIRC_00844,TZA,1997,0
CIRC_00845,TZA,1997,0
CIRC_00846,TZA,1997,0
CIRC_00847,TZA,1997,0
CIRC_00848,THA,1997,63
CIRC_00849,THA,1997,63
CIRC_00850,THA,1997,62.6041666666667
CIRC_00851,THA,1997,18.3989361702128
CIRC_00852,THA,1997,42.1510416666667
CIRC_00853,THA,1997,62.9569892473118
CIRC_00854,THA,1997,8.96907216494845
CIRC_00855,THA,1997,14.3556701030928
CIRC_00856,THA,1997,5.36315789473684
CIRC_00857,GBR,1997,61.7791411042945
CIRC_00858,THA,1997,46.0947368421053
CIRC_00859,TKM,1997,31.5950413223141
CIRC_00860,TKM,1997,13.172268907563
CIRC_00861,TKM,1997,58.0347826086957
CIRC_00862,TGO,1997,1.10215053763441
CIRC_00863,TGO,1997,3.15131578947368
CIRC_00864,TGO,1997,0
CIRC_00865,TTO,1997,24.5655737704918
CIRC_00866,TTO,1997,49.2462686567164
CIRC_00867,TTO,1997,16.4894736842105
CIRC_00868,TTO,1997,7.58108108108108
CIRC_00869,TTO,1997,12.9712643678161
CIRC_00870,TUN,1997,60.7
CIRC_00871,TUN,1997,16.2110091743119
CIRC_00872,TUN,1997,61.9354838709678
CIRC_00873,TUN,1997,17.3260869565217
CIRC_00874,TUN,1997,58.1704545454546
CIRC_00875,TUN,1997,12.8217391304348
CIRC_00876,TUN,1997,28.5466666666667
CIRC_00877,TUR,1997,27.5541666666667
CIRC_00878,TUR,1997,62.6
CIRC_00879,TUR,1997,3.92672413793103
CIRC_00880,TUR,1997,61.8793103448276
CIRC_00881,TUR,1997,13.1818181818182
CIRC_00882,TUR,1997,54.5785123966942
CIRC_00883,TUR,1997,62.8461538461539
CIRC_00884,ARE,1997,61.7321428571429
CIRC_00885,ARE,1997,60.4754901960784
CIRC_00886,UGA,1997,0
CIRC_00887,GBR,1997,32.0596026490066
CIRC_00888,GBR,1997,24.3527397260274
CIRC_00889,GBR,1997,62.4006849315069
CIRC_00890,GBR,1997,51.5636363636364
CIRC_00891,GBR,1997,48.8735632183908
CIRC_00892,USA,1997,63
CIRC_00893,GBR,1997,53.612582781457
CIRC_00894,GBR,1997,61.6374045801527
CIRC_00895,UKR,1997,0.302721088435374
CIRC_00896,UKR,1997,6.50328947368421
CIRC_00897,UKR,1997,0.0268456375838927
CIRC_00898,UKR,1997,34.0428571428572
CIRC_00899,UKR,1997,55.4219858156028
CIRC_00900,UKR,1997,5.92692307692308
CIRC_00901,UKR,1997,46.2934782608696
CIRC_00902,URY,1997,59.7232142857143
CIRC_00903,URY,1997,61.0439560439561
CIRC_00904,USA,1997,60.8769841269841
CIRC_00905,USA,1997,31.7086956521739
CIRC_00906,USA,1997,62.0438596491228
CIRC_00907,USA,1997,61.6269841269841
CIRC_00908,USA,1997,62.9913793103448
CIRC_00909,USA,1997,57.7137096774194
CIRC_00910,UZB,1997,43.7561983471074
CIRC_00911,UZB,1997,61.2137096774194
CIRC_00912,UZB,1997,9.15546218487395
CIRC_00913,VEN,1997,25.0368421052632
CIRC_00914,VEN,1997,20.6222222222222
CIRC_00915,VEN,1997,2.27319587628866
CIRC_00916,VEN,1997,12.956043956044
CIRC_00917,VEN,1997,62.7119565217391
CIRC_00918,YEM,1997,3.28125
CIRC_00919,YEM,1997,0.0691489361702129
CIRC_00920,YEM,1997,5
CIRC_00921,SRB,1997,24.1328125
CIRC_00922,MNE,1997,9.2198275862069
CIRC_00923,ZMB,1997,2.79120879120879
CIRC_00924,ZMB,1997,42.9842105263158
CIRC_00925,ZMB,1997,24.6041666666667
CIRC_00926,ZWE,1997,0
CIRC_00927,ZMB,1997,0
CIRC_00928,ZMB,1997,14.785
CIRC_00929,ZMB,1997,37.421875
CIRC_00930,ZMB,1997,0
CIRC_00931,ZWE,1997,0
CIRC_00932,ZWE,1997,10.5257731958763
CIRC_00933,COM,1997,0.233766233766234
CIRC_00934,MDV,1997,38.6666666666667
CIRC_00935,SAU,1997,63
CIRC_00936,ISR,1997,62.6388888888889
CIRC_00937,COM,1997,0
CIRC_00938,COM,1997,0.144444444444444
CIRC_00941,LBY,1997,62.8307692307692
CIRC_00942,SGP,1997,62.7
CIRC_00943,MKD,1997,46.9303278688525
CIRC_00945,QAT,1997,62.8988095238095
CIRC_00946,MDA,1997,2.63636363636364
CIRC_00947,SGP,1997,62.3411764705882
CIRC_00948,LSO,1997,0.669811320754717
CIRC_00949,MDA,1997,1.84532374100719
CIRC_00950,COM,1997,0.933333333333333
CIRC_00951,LSO,1997,0
CIRC_00952,MUS,1997,42.0675675675676
CIRC_00953,ISR,1997,62.9861111111111
CIRC_00954,TKM,1997,30.8739130434783
CIRC_00955,LBY,1997,28.9924242424242
CIRC_00956,ISR,1997,48.1071428571429
CIRC_00957,MUS,1997,28.7319587628866
CIRC_00958,GTM,1997,61.3969072164949
CIRC_00959,MDA,1997,6.19202898550724
CIRC_00960,ISR,1997,62.9871794871795
CIRC_00961,SSD,1997,0
CIRC_00962,CYP,1997,53.32
CIRC_00964,LSO,1997,36.6428571428571
CIRC_00965,MDA,1997,3.35766423357664
CIRC_00001,AFG,1998,0
CIRC_00002,AFG,1998,21.625
CIRC_00003,AFG,1998,0
CIRC_00004,AFG,1998,0
CIRC_00005,AFG,1998,3.31481481481482
CIRC_00006,AFG,1998,0
CIRC_00007,AFG,1998,0
CIRC_00008,ALB,1998,16.125
CIRC_00009,ALB,1998,0
CIRC_00010,ALB,1998,35.75
CIRC_00011,ALB,1998,0.866666666666666
CIRC_00012,DZA,1998,5.10176991150443
CIRC_00013,DZA,1998,27.8826086956522
CIRC_00014,DZA,1998,8.20434782608696
CIRC_00015,DZA,1998,41.0438596491228
CIRC_00016,MAR,1998,48.3377192982456
CIRC_00017,DZA,1998,4.74122807017544
CIRC_00018,DZA,1998,19.6846846846847
CIRC_00019,AGO,1998,54.8529411764706
CIRC_00020,AGO,1998,15.1875
CIRC_00021,ARG,1998,4.45327102803738
CIRC_00022,ARG,1998,62.9403669724771
CIRC_00023,ARG,1998,15.6394230769231
CIRC_00024,ARG,1998,48.6545454545455
CIRC_00025,ARG,1998,63
CIRC_00026,ARG,1998,35.7083333333333
CIRC_00027,ARG,1998,58.0521739130435
CIRC_00028,ARG,1998,40.204347826087
CIRC_00029,ARG,1998,62.938202247191
CIRC_00030,ARG,1998,62.9883720930233
CIRC_00031,SYR,1998,6.03913043478261
CIRC_00032,AZE,1998,8.93801652892562
CIRC_00033,ARM,1998,51.2926829268293
CIRC_00034,ARM,1998,51.9873949579832
CIRC_00035,ARM,1998,2.16949152542373
CIRC_00036,AUS,1998,4.7991452991453
CIRC_00037,AUS,1998,62.7616279069768
CIRC_00038,AUS,1998,16.6
CIRC_00039,GBR,1998,46.7021276595745
CIRC_00040,GBR,1998,63
CIRC_00041,AUS,1998,62.5909090909091
CIRC_00042,AUT,1998,62.8964285714286
CIRC_00043,AUT,1998,48.0625
CIRC_00044,AUT,1998,35.6985815602837
CIRC_00045,AUT,1998,4.54964539007092
CIRC_00046,AUT,1998,61.3489208633094
CIRC_00047,AUT,1998,62.4748201438849
CIRC_00048,AUT,1998,14.3165467625899
CIRC_00049,CHE,1998,19.963503649635
CIRC_00050,AZE,1998,56.2222222222222
CIRC_00051,AZE,1998,2.07786885245901
CIRC_00052,AZE,1998,56.1538461538462
CIRC_00053,AZE,1998,17.7298387096774
CIRC_00054,BHR,1998,56.8245614035088
CIRC_00055,BHR,1998,62.77
CIRC_00056,BRB,1998,54.74375
CIRC_00057,BRB,1998,16.6513157894737
CIRC_00058,BRB,1998,22.1527777777778
CIRC_00059,BRB,1998,19.8958333333333
CIRC_00060,BEL,1998,41.5866666666667
CIRC_00061,FRA,1998,62.744094488189
CIRC_00062,BEL,1998,53.1223776223776
CIRC_00063,BEL,1998,43.7912087912088
CIRC_00064,BEL,1998,62.1308724832215
CIRC_00065,BEL,1998,46.2222222222222
CIRC_00066,BEL,1998,49.9047619047619
CIRC_00067,BEL,1998,62.6156462585034
CIRC_00068,BEL,1998,59.75
CIRC_00069,BEN,1998,0
CIRC_00070,TGO,1998,50.9555555555556
CIRC_00071,BEN,1998,0
CIRC_00072,BEN,1998,4.21739130434783
CIRC_00073,BFA,1998,54.9736842105263
CIRC_00074,BFA,1998,4.86702127659574
CIRC_00075,BFA,1998,1.53684210526316
CIRC_00076,BFA,1998,55.2582417582418
CIRC_00077,BFA,1998,0
CIRC_00078,BHS,1998,61.1666666666667
CIRC_00079,BHS,1998,44.2307692307692
CIRC_00080,BHS,1998,58.0645161290323
CIRC_00081,BTN,1998,8.0462962962963
CIRC_00082,BTN,1998,0
CIRC_00083,BTN,1998,0.528846153846154
CIRC_00084,BTN,1998,3.23557692307692
CIRC_00085,BTN,1998,0
CIRC_00086,BTN,1998,0
CIRC_00087,BLR,1998,61.7577639751553
CIRC_00088,BLR,1998,4.71612903225806
CIRC_00089,BLR,1998,4.90566037735849
CIRC_00090,BLZ,1998,37.5357142857143
CIRC_00091,BLZ,1998,8.85204081632653
CIRC_00092,BLZ,1998,11.1666666666667
CIRC_00093,IND,1998,6.41826923076923
CIRC_00094,BGD,1998,0.569306930693069
CIRC_00095,BGD,1998,2.4950495049505
CIRC_00096,IND,1998,5.99514563106796
CIRC_00097,BGD,1998,0.945544554455446
CIRC_00098,BGD,1998,21.94
CIRC_00099,BGD,1998,5.10576923076923
CIRC_00100,BOL,1998,61.2864583333333
CIRC_00101,BOL,1998,60.7938144329897
CIRC_00102,BOL,1998,61.7760416666667
CIRC_00103,BOL,1998,0
CIRC_00104,BOL,1998,1.6875
CIRC_00105,BIH,1998,2.31203007518797
CIRC_00106,BIH,1998,13.2615384615385
CIRC_00107,HRV,1998,4.56854838709677
CIRC_00108,BIH,1998,11.984126984127
CIRC_00109,BIH,1998,45.5648854961832
CIRC_00110,BIH,1998,5.86
CIRC_00111,BIH,1998,13.6931818181818
CIRC_00112,BIH,1998,28.9651162790698
CIRC_00113,BIH,1998,9.17741935483871
CIRC_00114,BIH,1998,13.8139534883721
CIRC_00115,BIH,1998,11.9192307692308
CIRC_00116,BIH,1998,2.64728682170543
CIRC_00117,BIH,1998,30.19140625
CIRC_00118,BIH,1998,8.65476190476191
CIRC_00119,BIH,1998,7.76923076923077
CIRC_00120,BWA,1998,5.08823529411765
CIRC_00121,BWA,1998,0
CIRC_00122,GBR,1998,59.3461538461539
CIRC_00123,BWA,1998,1.8578431372549
CIRC_00124,BRA,1998,11.6593406593407
CIRC_00125,BRA,1998,62.7083333333333
CIRC_00126,BRA,1998,53.1363636363636
CIRC_00127,BRA,1998,7.7
CIRC_00128,BRA,1998,62.3333333333333
CIRC_00129,BRA,1998,27.76
CIRC_00130,BRA,1998,4.34466019417476
CIRC_00131,BRN,1998,58.0449438202247
CIRC_00132,BDI,1998,0
CIRC_00133,BDI,1998,0
CIRC_00134,BDI,1998,24.7127659574468
CIRC_00135,BDI,1998,0
CIRC_00136,BDI,1998,0
CIRC_00137,BDI,1998,2.45454545454546
CIRC_00138,BDI,1998,0
CIRC_00139,BDI,1998,0.202127659574468
CIRC_00140,BGR,1998,0.50763358778626
CIRC_00141,RUS,1998,63
CIRC_00142,BGR,1998,1.75
CIRC_00143,BGR,1998,60.202380952381
CIRC_00144,BGR,1998,10.068
CIRC_00145,BGR,1998,42.924
CIRC_00146,UKR,1998,38.1818181818182
CIRC_00147,BGR,1998,14.5708661417323
CIRC_00148,USA,1998,62.9957627118644
CIRC_00149,BGR,1998,12.808
CIRC_00150,BGR,1998,10.4395161290323
CIRC_00151,BGR,1998,3.82520325203252
CIRC_00152,BGR,1998,4.512
CIRC_00153,BGR,1998,23.8217054263566
CIRC_00154,KHM,1998,0
CIRC_00155,KHM,1998,42.8440860215054
CIRC_00156,KHM,1998,1.03333333333333
CIRC_00157,CAN,1998,57.125
CIRC_00158,CAN,1998,29.9307692307692
CIRC_00159,CAN,1998,55.0777777777778
CIRC_00160,CAN,1998,62.9411764705882
CIRC_00161,CAN,1998,62.8115384615385
CIRC_00162,CAN,1998,62.7384615384615
CIRC_00163,CMR,1998,4.0531914893617
CIRC_00164,CPV,1998,0.0309278350515464
CIRC_00165,CPV,1998,16.4491525423729
CIRC_00166,CPV,1998,1.98453608247423
CIRC_00167,CPV,1998,16.521052631579
CIRC_00168,CIV,1998,30.2989130434783
CIRC_00169,CIV,1998,0
CIRC_00170,CIV,1998,0
CIRC_00171,CIV,1998,18.4255319148936
CIRC_00172,CIV,1998,11.070652173913
CIRC_00173,CAF,1998,25.9631578947369
CIRC_00174,CAF,1998,0
CIRC_00175,GAB,1998,6.92553191489362
CIRC_00176,CAF,1998,0
CIRC_00177,CAF,1998,0
CIRC_00178,TCD,1998,29.7746478873239
CIRC_00179,TCD,1998,1.6
CIRC_00180,TCD,1998,0
CIRC_00181,TCD,1998,30.1319444444444
CIRC_00182,CHL,1998,53.4903846153846
CIRC_00183,CHL,1998,59.6746987951807
CIRC_00184,CHL,1998,62.5265486725664
CIRC_00185,CHL,1998,44.8571428571429
CIRC_00186,CHN,1998,13.9259259259259
CIRC_00187,CHN,1998,49.4351851851852
CIRC_00188,CHN,1998,30.9905660377359
CIRC_00189,CHN,1998,63
CIRC_00190,COL,1998,61.4468085106383
CIRC_00191,COL,1998,55.8011363636364
CIRC_00192,COL,1998,59.5
CIRC_00193,COL,1998,61.531914893617
CIRC_00194,COL,1998,5.66315789473684
CIRC_00195,MDG,1998,15.0675675675676
CIRC_00196,FRA,1998,6.70300751879699
CIRC_00197,COM,1998,0.740740740740741
CIRC_00198,COM,1998,0.0212765957446809
CIRC_00199,COM,1998,1.24576271186441
CIRC_00200,COM,1998,0.0844155844155845
CIRC_00201,COM,1998,0.972222222222223
CIRC_00202,COM,1998,0.490566037735849
CIRC_00203,COG,1998,1.01111111111111
CIRC_00204,COG,1998,0
CIRC_00205,CRI,1998,59.5578947368421
CIRC_00206,NIC,1998,11.5744680851064
CIRC_00207,CRI,1998,62.7164948453608
CIRC_00208,CRI,1998,62.8351063829787
CIRC_00209,HRV,1998,16.7290076335878
CIRC_00210,HRV,1998,61.8185185185185
CIRC_00211,HRV,1998,6.62406015037594
CIRC_00212,HRV,1998,48.9366197183099
CIRC_00213,CUB,1998,0.247474747474748
CIRC_00214,CUB,1998,7.55555555555555
CIRC_00215,XNC,1998,31.8852459016393
CIRC_00216,XNC,1998,59.0727272727273
CIRC_00217,XNC,1998,16.2
CIRC_00218,CYP,1998,7.64912280701754
CIRC_00219,CYP,1998,36.1
CIRC_00220,SVK,1998,19.5808823529412
CIRC_00221,CZE,1998,52.6091549295775
CIRC_00222,CZE,1998,62.6321428571429
CIRC_00223,CZE,1998,26.8484848484849
CIRC_00224,CZE,1998,28.5034246575342
CIRC_00225,CZE,1998,45.8357142857143
CIRC_00226,CZE,1998,24.3913043478261
CIRC_00227,CZE,1998,32.9683098591549
CIRC_00228,CZE,1998,60.054794520548
CIRC_00229,CZE,1998,13.5034965034965
CIRC_00230,SVK,1998,61.1574803149606
CIRC_00231,CZE,1998,15.6985815602837
CIRC_00232,DNK,1998,16.5729166666667
CIRC_00233,DNK,1998,44.3809523809524
CIRC_00234,DNK,1998,3.65680473372781
CIRC_00235,DNK,1998,43.541935483871
CIRC_00236,DNK,1998,60
CIRC_00237,DNK,1998,53.8846153846154
CIRC_00238,SOM,1998,0
CIRC_00239,ETH,1998,14.6382978723404
CIRC_00240,DOM,1998,9.74742268041237
CIRC_00241,DOM,1998,61.6796875
CIRC_00242,DOM,1998,58.0891089108911
CIRC_00243,DOM,1998,0.260416666666667
CIRC_00244,COD,1998,0
CIRC_00245,COD,1998,0
CIRC_00246,COD,1998,0
CIRC_00247,COD,1998,58.1195652173913
CIRC_00248,VNM,1998,5.29896907216495
CIRC_00249,VNM,1998,19.4264705882353
CIRC_00250,VNM,1998,0
CIRC_00251,VNM,1998,0
CIRC_00252,VNM,1998,14.980198019802
CIRC_00253,ECU,1998,54.1451612903226
CIRC_00254,USA,1998,62.8181818181818
CIRC_00255,ECU,1998,60.5166666666667
CIRC_00256,ECU,1998,52.6612903225806
CIRC_00257,ECU,1998,35.0666666666667
CIRC_00258,ECU,1998,0.779220779220779
CIRC_00259,ECU,1998,60.7043010752688
CIRC_00260,USA,1998,62.9274193548387
CIRC_00261,EGY,1998,48.3783783783784
CIRC_00262,EGY,1998,63
CIRC_00263,EGY,1998,38.0412844036697
CIRC_00264,GNQ,1998,2.02409638554217
CIRC_00265,ERI,1998,31.4315789473684
CIRC_00266,EST,1998,38.6117318435754
CIRC_00267,EST,1998,0
CIRC_00268,EST,1998,24.435393258427
CIRC_00269,EST,1998,61.0378787878788
CIRC_00270,EST,1998,4.46022727272727
CIRC_00271,EST,1998,51.935393258427
CIRC_00272,ETH,1998,4.25789473684211
CIRC_00273,ETH,1998,3.38947368421053
CIRC_00274,ETH,1998,0
CIRC_00275,ETH,1998,0
CIRC_00276,TLS,1998,2.07272727272727
CIRC_00277,TLS,1998,19.7769230769231
CIRC_00278,TLS,1998,1.15425531914894
CIRC_00279,TLS,1998,19.3880597014925
CIRC_00280,TLS,1998,0
CIRC_00281,TLS,1998,0.126315789473684
CIRC_00282,FIN,1998,56.9684210526316
CIRC_00283,RUS,1998,38.0801526717557
CIRC_00284,FIN,1998,62.1712328767123
CIRC_00285,FIN,1998,42.5130890052356
CIRC_00286,FJI,1998,0
CIRC_00287,FJI,1998,0
CIRC_00288,FJI,1998,9.31770833333333
CIRC_00289,FJI,1998,9.98314606741573
CIRC_00290,FJI,1998,0.231958762886598
CIRC_00291,FJI,1998,0
CIRC_00292,FJI,1998,0.142857142857143
CIRC_00293,FJI,1998,0
CIRC_00294,FRA,1998,13.4848484848485
CIRC_00295,FRA,1998,62.9855072463768
CIRC_00296,FRA,1998,63
CIRC_00297,FRA,1998,61.3076923076923
CIRC_00298,FRA,1998,54.6678082191781
CIRC_00299,GAB,1998,1.23626373626374
CIRC_00300,GAB,1998,3.59139784946236
CIRC_00301,COG,1998,42.05625
CIRC_00302,GAB,1998,0.0752688172043011
CIRC_00303,GMB,1998,0
CIRC_00304,GMB,1998,0
CIRC_00305,GMB,1998,1.08947368421053
CIRC_00306,DEU,1998,62.6732026143791
CIRC_00307,DEU,1998,57.2992957746479
CIRC_00308,DEU,1998,11.9366666666667
CIRC_00309,DEU,1998,62.2898089171975
CIRC_00310,DEU,1998,18.0979020979021
CIRC_00311,GHA,1998,59.6269841269841
CIRC_00312,GHA,1998,52.6576086956522
CIRC_00313,GHA,1998,16.1813186813187
CIRC_00314,GHA,1998,1.43548387096774
CIRC_00315,GNB,1998,15.7153846153846
CIRC_00316,GNB,1998,0
CIRC_00317,GNB,1998,0
CIRC_00318,GNB,1998,1.45833333333333
CIRC_00319,GNB,1998,0
CIRC_00320,GRC,1998,63
CIRC_00321,GRC,1998,41.2384615384615
CIRC_00322,GRC,1998,0.580188679245284
CIRC_00323,GRC,1998,62.7569444444444
CIRC_00324,USA,1998,62.7153846153846
CIRC_00325,GRC,1998,62.9877049180328
CIRC_00326,GRC,1998,24.4318181818182
CIRC_00327,GEO,1998,34.504
CIRC_00328,GEO,1998,5.192
CIRC_00329,GEO,1998,0
CIRC_00330,GEO,1998,16.5859375
CIRC_00331,FRA,1998,63
CIRC_00332,GTM,1998,61.6443298969072
CIRC_00333,GTM,1998,2.24479166666666
CIRC_00334,GTM,1998,9.03125
CIRC_00335,GIN,1998,0
CIRC_00336,GIN,1998,0
CIRC_00337,GIN,1998,0
CIRC_00338,GIN,1998,51.1190476190476
CIRC_00339,GIN,1998,0
CIRC_00340,GIN,1998,0.752577319587628
CIRC_00341,GUY,1998,40.963768115942
CIRC_00342,GUY,1998,4.8015873015873
CIRC_00343,GUY,1998,1.37012987012987
CIRC_00344,USA,1998,62.836
CIRC_00345,GUY,1998,23.9673913043478
CIRC_00346,GUY,1998,0
CIRC_00347,GUY,1998,3.62328767123288
CIRC_00348,HTI,1998,0.412371134020618
CIRC_00349,HTI,1998,42.0714285714286
CIRC_00350,HTI,1998,27.718085106383
CIRC_00351,HTI,1998,0
CIRC_00352,HTI,1998,1.75581395348837
CIRC_00353,HTI,1998,0
CIRC_00354,HTI,1998,0
CIRC_00355,HTI,1998,0
CIRC_00356,HND,1998,24.1395348837209
CIRC_00357,HND,1998,58.821052631579
CIRC_00358,HND,1998,54.5425531914894
CIRC_00359,PAN,1998,61.5681818181818
CIRC_00360,HND,1998,0
CIRC_00361,HND,1998,17.1979166666667
CIRC_00362,HND,1998,4.75862068965517
CIRC_00363,HND,1998,2.49473684210526
CIRC_00364,HND,1998,0.682795698924732
CIRC_00365,HUN,1998,9.59057971014492
CIRC_00366,HUN,1998,62.7463768115942
CIRC_00367,HUN,1998,1.90769230769231
CIRC_00368,HUN,1998,43.5978260869565
CIRC_00369,HUN,1998,18.4888888888889
CIRC_00370,HUN,1998,44.1578947368421
CIRC_00371,ISL,1998,61.3186274509804
CIRC_00372,ISL,1998,7.125
CIRC_00373,ISL,1998,61.7605042016807
CIRC_00374,IND,1998,54.039603960396
CIRC_00375,IND,1998,2.52857142857143
CIRC_00376,IND,1998,9.46428571428571
CIRC_00377,IND,1998,52.3186274509804
CIRC_00378,IND,1998,3.1
CIRC_00379,PAK,1998,30.2702702702703
CIRC_00380,PAK,1998,2.39908256880734
CIRC_00381,IND,1998,6.05445544554455
CIRC_00382,IDN,1998,10.9946808510638
CIRC_00383,IDN,1998,12.5178571428571
CIRC_00384,IDN,1998,9.93684210526316
CIRC_00385,IDN,1998,43.3510638297873
CIRC_00386,IDN,1998,2.48421052631579
CIRC_00387,IDN,1998,42.5957446808511
CIRC_00388,IRL,1998,16.6656050955414
CIRC_00389,IRL,1998,1.61490683229814
CIRC_00390,IRL,1998,20.5503144654088
CIRC_00391,IRL,1998,62.9898648648649
CIRC_00392,IRL,1998,17.4426751592357
CIRC_00393,IRL,1998,56.7866666666667
CIRC_00394,IRN,1998,8.84579439252337
CIRC_00395,IRN,1998,37.5863636363636
CIRC_00396,IRN,1998,15.212389380531
CIRC_00397,IRN,1998,0
CIRC_00398,IRN,1998,62.8534482758621
CIRC_00399,IRQ,1998,14.6086956521739
CIRC_00400,USA,1998,15.5044642857143
CIRC_00401,USA,1998,29.0467289719626
CIRC_00402,USA,1998,62.7620967741936
CIRC_00403,IRQ,1998,62.4392523364486
CIRC_00404,IRQ,1998,37.1769911504425
CIRC_00405,IRQ,1998,11.0363636363636
CIRC_00406,IRQ,1998,62.6858407079646
CIRC_00407,BLR,1998,1.64
CIRC_00408,ISR,1998,62.9912280701754
CIRC_00409,BLR,1998,0.636075949367089
CIRC_00410,ISR,1998,62.9802631578948
CIRC_00411,ISR,1998,59.5509259259259
CIRC_00412,ISR,1998,62.6725663716814
CIRC_00413,ISR,1998,49.7293577981651
CIRC_00414,ISR,1998,62.8888888888889
CIRC_00415,ITA,1998,62.908
CIRC_00416,ITA,1998,60.2444444444445
CIRC_00417,ITA,1998,55.6024096385542
CIRC_00418,ITA,1998,63
CIRC_00419,ITA,1998,61.8565891472868
CIRC_00420,ITA,1998,33.8125
CIRC_00421,ITA,1998,62.8650793650794
CIRC_00422,ITA,1998,56.0992647058824
CIRC_00423,ITA,1998,48.9302325581395
CIRC_00424,ITA,1998,4.4625
CIRC_00425,JAM,1998,30.298969072165
CIRC_00426,JAM,1998,5.39784946236559
CIRC_00427,JAM,1998,21.0979381443299
CIRC_00428,JAM,1998,6.37113402061856
CIRC_00429,JAM,1998,43.2268041237113
CIRC_00430,JOR,1998,62.0280373831776
CIRC_00431,JPN,1998,62.7566371681416
CIRC_00432,JPN,1998,56.5044247787611
CIRC_00433,JPN,1998,63
CIRC_00434,JPN,1998,57.8858695652174
CIRC_00435,JPN,1998,42.7017543859649
CIRC_00436,JPN,1998,21.3035714285714
CIRC_00437,JPN,1998,16.1103896103896
CIRC_00438,JPN,1998,34.1695652173913
CIRC_00439,JPN,1998,61.5915492957747
CIRC_00440,JPN,1998,61.7391304347826
CIRC_00441,JPN,1998,53.1409090909091
CIRC_00442,JPN,1998,63
CIRC_00443,JPN,1998,54.5153846153846
CIRC_00444,JPN,1998,62.8883495145631
CIRC_00445,JPN,1998,27.8913043478261
CIRC_00446,JPN,1998,63
CIRC_00447,KEN,1998,0
CIRC_00448,KEN,1998,3.91935483870968
CIRC_00449,KEN,1998,56.7010309278351
CIRC_00450,KEN,1998,0.82258064516129
CIRC_00451,XKO,1998,1.7479674796748
CIRC_00452,XKO,1998,33.372
CIRC_00453,XKO,1998,2.97177419354839
CIRC_00454,XKO,1998,32.3293650793651
CIRC_00455,XKO,1998,1.536
CIRC_00456,KWT,1998,62.9830508474576
CIRC_00457,KWT,1998,30.8619047619048
CIRC_00458,KGZ,1998,0.940944881889764
CIRC_00459,KGZ,1998,26.9234234234234
CIRC_00460,KGZ,1998,57.0604838709678
CIRC_00461,KGZ,1998,7.20731707317073
CIRC_00462,KGZ,1998,6.63821138211382
CIRC_00463,KGZ,1998,1.6468253968254
CIRC_00464,KGZ,1998,7.33730158730159
CIRC_00465,KAZ,1998,7.83720930232558
CIRC_00466,KAZ,1998,58.8134920634921
CIRC_00467,LAO,1998,13.0625
CIRC_00468,THA,1998,23.1071428571429
CIRC_00469,LAO,1998,0
CIRC_00470,LAO,1998,0
CIRC_00471,LAO,1998,0
CIRC_00472,LVA,1998,61.7441860465116
CIRC_00473,LVA,1998,1.98936170212766
CIRC_00474,RUS,1998,0.142011834319526
CIRC_00475,LVA,1998,31.8058823529412
CIRC_00476,LVA,1998,5.54347826086957
CIRC_00477,LVA,1998,0.112426035502959
CIRC_00478,LVA,1998,0
CIRC_00479,USA,1998,60.4137931034483
CIRC_00480,LBR,1998,0
CIRC_00481,LBR,1998,0
CIRC_00482,LBR,1998,0
CIRC_00483,LBR,1998,0
CIRC_00484,LBR,1998,0
CIRC_00485,LBR,1998,0
CIRC_00486,LBR,1998,0
CIRC_00487,LBR,1998,12.6973684210526
CIRC_00488,LBN,1998,44.9864864864865
CIRC_00489,LBN,1998,49.1858407079646
CIRC_00490,LBN,1998,58.948275862069
CIRC_00491,LBN,1998,49.7835820895523
CIRC_00492,LBN,1998,63
CIRC_00493,LBN,1998,62.9239130434783
CIRC_00494,LBN,1998,56.2837837837838
CIRC_00495,LSO,1998,0.072072072072072
CIRC_00496,LSO,1998,0.566037735849056
CIRC_00497,LSO,1998,2.88888888888889
CIRC_00498,LSO,1998,0.706730769230769
CIRC_00499,LSO,1998,2.11111111111111
CIRC_00500,LSO,1998,34.9090909090909
CIRC_00501,LSO,1998,0.957317073170732
CIRC_00502,LSO,1998,0
CIRC_00503,LBY,1998,11.1830357142857
CIRC_00504,LBY,1998,34.1192660550459
CIRC_00505,LBY,1998,62.7720588235294
CIRC_00506,LBY,1998,59.2333333333333
CIRC_00507,LBY,1998,24.7985074626866
CIRC_00508,LBY,1998,11.8495575221239
CIRC_00509,LBY,1998,62.7279411764706
CIRC_00510,LBY,1998,48.5347222222222
CIRC_00511,LTU,1998,54.7191358024691
CIRC_00512,LTU,1998,14.9792899408284
CIRC_00513,LTU,1998,21.9196428571429
CIRC_00514,LTU,1998,58.4409937888199
CIRC_00515,LTU,1998,49.66015625
CIRC_00516,LUX,1998,22.4083333333333
CIRC_00517,LUX,1998,10.1853146853147
CIRC_00518,LUX,1998,57.4897260273973
CIRC_00519,LUX,1998,50.7361111111111
CIRC_00520,MRT,1998,0
CIRC_00521,MRT,1998,48.0257731958763
CIRC_00522,MRT,1998,0
CIRC_00523,MRT,1998,0
CIRC_00524,MRT,1998,0
CIRC_00525,MRT,1998,0
CIRC_00526,MKD,1998,16.3125
CIRC_00527,BIH,1998,37.1472868217054
CIRC_00528,MKD,1998,51.296
CIRC_00529,MKD,1998,4.32677165354331
CIRC_00530,MKD,1998,5.88934426229508
CIRC_00531,MKD,1998,15.5204918032787
CIRC_00532,MKD,1998,27.62
CIRC_00533,MDG,1998,0
CIRC_00534,MDG,1998,0
CIRC_00535,MDG,1998,5.50666666666667
CIRC_00536,MDG,1998,0
CIRC_00537,MDG,1998,9.82474226804124
CIRC_00538,MDG,1998,0
CIRC_00539,MYS,1998,46.0489130434783
CIRC_00540,MYS,1998,42.0857142857143
CIRC_00541,MYS,1998,8.31521739130435
CIRC_00542,MYS,1998,36.6760563380282
CIRC_00543,MYS,1998,0.298969072164949
CIRC_00544,MYS,1998,41.1648936170213
CIRC_00545,MUS,1998,37.3112244897959
CIRC_00546,MUS,1998,34.0372340425532
CIRC_00547,MUS,1998,26.7295918367347
CIRC_00548,MWI,1998,4.31958762886598
CIRC_00549,MWI,1998,0.11340206185567
CIRC_00550,MWI,1998,2.95833333333333
CIRC_00551,MWI,1998,1.29896907216495
CIRC_00552,MWI,1998,0
CIRC_00553,MWI,1998,43.3469387755102
CIRC_00554,MEX,1998,63
CIRC_00555,MEX,1998,57.5979381443299
CIRC_00556,MEX,1998,23.6428571428571
CIRC_00557,MEX,1998,4.65104166666667
CIRC_00558,MDA,1998,1.81071428571429
CIRC_00559,MDA,1998,1.53214285714286
CIRC_00560,MDA,1998,0.626865671641791
CIRC_00561,RUS,1998,0
CIRC_00562,MDA,1998,4.90510948905109
CIRC_00563,MDA,1998,3.00367647058824
CIRC_00564,MDA,1998,2.33576642335767
CIRC_00565,MDA,1998,2.31716417910448
CIRC_00566,MDA,1998,49.0401459854015
CIRC_00567,MDA,1998,4.56834532374101
CIRC_00568,MDA,1998,5.33333333333333
CIRC_00569,MDA,1998,4.29197080291971
CIRC_00570,MDA,1998,4.19485294117647
CIRC_00571,MDA,1998,2.22992700729927
CIRC_00572,MDA,1998,45.1194029850746
CIRC_00573,MDA,1998,3.79338842975207
CIRC_00574,MDA,1998,5.99640287769784
CIRC_00575,MLI,1998,8.24210526315789
CIRC_00576,MLI,1998,4.31578947368421
CIRC_00577,MLI,1998,0
CIRC_00578,MLI,1998,7.02105263157895
CIRC_00579,MLI,1998,8.55263157894737
CIRC_00580,MLI,1998,0
CIRC_00581,MLI,1998,2.24731182795699
CIRC_00582,MLT,1998,60.9672897196262
CIRC_00583,MLT,1998,62.3882978723404
CIRC_00584,MLT,1998,62.0271739130435
CIRC_00585,MLT,1998,62.5573770491803
CIRC_00586,MNG,1998,0
CIRC_00587,MNG,1998,0
CIRC_00588,MNG,1998,0
CIRC_00589,MNG,1998,42.6386861313869
CIRC_00590,MNG,1998,0
CIRC_00591,MAR,1998,60.702380952381
CIRC_00592,MMR,1998,42.7397959183674
CIRC_00593,MMR,1998,1.22959183673469
CIRC_00594,MMR,1998,0
CIRC_00595,MMR,1998,61
CIRC_00596,MMR,1998,12.5707070707071
CIRC_00597,MOZ,1998,0
CIRC_00598,MOZ,1998,0
CIRC_00599,MOZ,1998,0
CIRC_00600,NAM,1998,2.20618556701031
CIRC_00601,NAM,1998,0
CIRC_00602,NAM,1998,14.2602040816327
CIRC_00603,NPL,1998,49.8679245283019
CIRC_00604,IND,1998,49.8413461538462
CIRC_00605,IND,1998,6.97115384615385
CIRC_00606,NPL,1998,0
CIRC_00607,NPL,1998,0
CIRC_00608,NPL,1998,0
CIRC_00609,NPL,1998,5.83653846153847
CIRC_00610,NPL,1998,6.21212121212121
CIRC_00611,NPL,1998,0
CIRC_00612,NPL,1998,0
CIRC_00613,NPL,1998,0
CIRC_00614,NPL,1998,15.6504854368932
CIRC_00615,NPL,1998,0
CIRC_00616,NZL,1998,22.9675324675325
CIRC_00617,NZL,1998,19.1282051282051
CIRC_00618,NZL,1998,4.97826086956522
CIRC_00619,NZL,1998,9.64925373134328
CIRC_00620,NZL,1998,1.42916666666667
CIRC_00621,NZL,1998,62.2808219178082
CIRC_00622,NZL,1998,0.522058823529412
CIRC_00623,NZL,1998,48.5217391304348
CIRC_00624,NZL,1998,26.6074380165289
CIRC_00625,NZL,1998,60.5658914728682
CIRC_00626,NIC,1998,1.9578947368421
CIRC_00627,NIC,1998,9.3
CIRC_00628,NIC,1998,55.9947368421053
CIRC_00629,NIC,1998,21.7444444444444
CIRC_00630,NGA,1998,19.031914893617
CIRC_00631,NGA,1998,56.5
CIRC_00632,NGA,1998,54.7947368421053
CIRC_00633,NGA,1998,25.8936170212766
CIRC_00634,NGA,1998,37.4894736842105
CIRC_00635,NGA,1998,13.9615384615385
CIRC_00636,NGA,1998,7.42631578947368
CIRC_00637,NER,1998,1.01041666666667
CIRC_00638,NER,1998,12.5257731958763
CIRC_00639,NER,1998,2.53645833333333
CIRC_00640,NER,1998,44.5957446808511
CIRC_00641,NER,1998,0.877659574468086
CIRC_00642,NER,1998,0
CIRC_00643,NER,1998,0
CIRC_00644,NER,1998,0
CIRC_00645,NER,1998,0
CIRC_00646,NOR,1998,40.6131386861314
CIRC_00647,NOR,1998,58.0769230769231
CIRC_00648,NOR,1998,60.9876543209877
CIRC_00649,NOR,1998,39.435
CIRC_00650,NOR,1998,15.6939890710383
CIRC_00651,NOR,1998,62.3006993006993
CIRC_00652,NOR,1998,54.0033112582782
CIRC_00653,NLD,1998,62.294701986755
CIRC_00654,NLD,1998,22.8278145695364
CIRC_00655,NLD,1998,22.7941176470588
CIRC_00656,NLD,1998,61.5034965034965
CIRC_00657,OMN,1998,47.2371134020619
CIRC_00658,OMN,1998,55.5909090909091
CIRC_00659,PAK,1998,62.7446808510638
CIRC_00660,PAK,1998,7.38461538461538
CIRC_00661,PAK,1998,62.377358490566
CIRC_00662,PAK,1998,6.35576923076923
CIRC_00663,PAK,1998,16.2358490566038
CIRC_00664,IND,1998,62.125
CIRC_00665,PAK,1998,56.2710280373832
CIRC_00666,PAK,1998,0.295652173913044
CIRC_00667,PAK,1998,62.8794642857143
CIRC_00668,PAK,1998,3.71495327102804
CIRC_00669,PAN,1998,61.4827586206897
CIRC_00670,PAN,1998,0.271276595744681
CIRC_00671,PAN,1998,20.9619565217391
CIRC_00672,PRY,1998,1.40291262135922
CIRC_00673,PRY,1998,58.5294117647059
CIRC_00674,PRY,1998,11.2815533980583
CIRC_00675,PRY,1998,0.466666666666667
CIRC_00676,PRY,1998,52.3055555555556
CIRC_00677,PER,1998,62.9473684210526
CIRC_00678,PER,1998,40.328125
CIRC_00679,PER,1998,0.319587628865979
CIRC_00680,PER,1998,62.84375
CIRC_00681,PER,1998,18.7096774193548
CIRC_00682,PER,1998,1.88265306122449
CIRC_00683,PHL,1998,0.298245614035088
CIRC_00684,PHL,1998,5.75842696629214
CIRC_00685,PHL,1998,62.9035087719298
CIRC_00686,PHL,1998,63
CIRC_00687,PHL,1998,62.9715909090909
CIRC_00688,PHL,1998,1.26630434782609
CIRC_00689,PHL,1998,62.9565217391304
CIRC_00690,PNG,1998,0
CIRC_00691,PNG,1998,0.170103092783505
CIRC_00692,PNG,1998,0
CIRC_00693,PNG,1998,38.510989010989
CIRC_00694,PNG,1998,0
CIRC_00695,PNG,1998,5.99264705882353
CIRC_00696,PNG,1998,0
CIRC_00697,PNG,1998,0
CIRC_00698,POL,1998,10.4833333333333
CIRC_00699,POL,1998,6.05194805194806
CIRC_00700,POL,1998,15.165625
CIRC_00701,POL,1998,62.9900662251656
CIRC_00702,POL,1998,13.4864864864865
CIRC_00703,POL,1998,14.9398734177215
CIRC_00704,POL,1998,38.4006849315069
CIRC_00705,POL,1998,59.8958333333333
CIRC_00706,POL,1998,54.4964285714286
CIRC_00707,PRT,1998,62.8046875
CIRC_00708,PRT,1998,29.429203539823
CIRC_00709,PRK,1998,26.8865546218487
CIRC_00710,RUS,1998,2.79370629370629
CIRC_00711,QAT,1998,62.9058823529412
CIRC_00712,KOR,1998,35.3389830508475
CIRC_00713,KOR,1998,24.8942307692308
CIRC_00714,KOR,1998,4.58510638297872
CIRC_00715,KOR,1998,33.8377192982456
CIRC_00716,JPN,1998,63
CIRC_00717,KOR,1998,62.7625
CIRC_00718,KOR,1998,63
CIRC_00719,KOR,1998,16.5283018867925
CIRC_00720,KOR,1998,63
CIRC_00721,ROU,1998,62.1412213740458
CIRC_00722,ROU,1998,26.1832061068702
CIRC_00723,UKR,1998,15.905303030303
CIRC_00724,ROU,1998,0
CIRC_00725,ROU,1998,4.25724637681159
CIRC_00726,ROU,1998,31.0335820895522
CIRC_00727,ROU,1998,9.82706766917293
CIRC_00728,ROU,1998,29.4496402877698
CIRC_00729,ROU,1998,7.81578947368421
CIRC_00730,ROU,1998,17.7480620155039
CIRC_00731,ROU,1998,31.8345588235294
CIRC_00732,RUS,1998,2.86842105263158
CIRC_00733,RUS,1998,3.28468899521531
CIRC_00734,RUS,1998,62.9972972972973
CIRC_00735,RWA,1998,5.20491803278689
CIRC_00736,RWA,1998,3.85326086956522
CIRC_00737,RWA,1998,0
CIRC_00738,ZAF,1998,63
CIRC_00739,ZAF,1998,0
CIRC_00740,ZAF,1998,0
CIRC_00741,ZAF,1998,62.39
CIRC_00742,ZAF,1998,3.03333333333333
CIRC_00743,ZAF,1998,62.3613861386139
CIRC_00744,SLV,1998,58.9032258064516
CIRC_00745,SLV,1998,35.640625
CIRC_00746,SLV,1998,5.79473684210526
CIRC_00747,SLV,1998,5.68041237113402
CIRC_00748,SLV,1998,4.14432989690722
CIRC_00749,SAU,1998,63
CIRC_00750,SEN,1998,0
CIRC_00751,SEN,1998,3.02040816326531
CIRC_00752,SEN,1998,0
CIRC_00753,SRB,1998,60.91015625
CIRC_00754,SRB,1998,18.128
CIRC_00755,XKO,1998,21.9801587301587
CIRC_00756,SLE,1998,0
CIRC_00757,SLE,1998,15.3061224489796
CIRC_00758,SLE,1998,0
CIRC_00759,SLE,1998,0
CIRC_00760,SLE,1998,0
CIRC_00761,SLE,1998,0
CIRC_00762,SGP,1998,62.8040540540541
CIRC_00763,SGP,1998,62.9565217391304
CIRC_00764,SVK,1998,30.3146853146853
CIRC_00765,SVK,1998,8.1443661971831
CIRC_00766,SVK,1998,11.1830985915493
CIRC_00767,SVK,1998,26.8439716312057
CIRC_00768,SVK,1998,16.8237410071942
CIRC_00769,SVK,1998,39.8345323741007
CIRC_00770,SVK,1998,7.37019230769231
CIRC_00771,SVN,1998,5.64338235294118
CIRC_00772,SVN,1998,3.81102362204724
CIRC_00773,SVN,1998,31.1037037037037
CIRC_00774,SVN,1998,56.2888888888889
CIRC_00775,SVN,1998,14.263358778626
CIRC_00776,SVN,1998,11.7798507462687
CIRC_00777,SVN,1998,22.3275862068966
CIRC_00778,SLB,1998,0
CIRC_00779,SLB,1998,0
CIRC_00780,SLB,1998,0
CIRC_00781,SLB,1998,0
CIRC_00782,SLB,1998,0
CIRC_00783,SLB,1998,0
CIRC_00784,SLB,1998,0
CIRC_00785,SLB,1998,0
CIRC_00786,ETH,1998,0
CIRC_00787,SOM,1998,0
CIRC_00788,SOM,1998,12.0377358490566
CIRC_00789,ESP,1998,62.991452991453
CIRC_00790,ESP,1998,63
CIRC_00791,ESP,1998,59.008064516129
CIRC_00792,ESP,1998,47.8606557377049
CIRC_00793,LKA,1998,62.2833333333333
CIRC_00794,LKA,1998,10.9842105263158
CIRC_00795,LKA,1998,5.15591397849462
CIRC_00796,LKA,1998,22.3989361702128
CIRC_00797,LKA,1998,12.7319587628866
CIRC_00798,SSD,1998,0
CIRC_00799,SDN,1998,1.62745098039216
CIRC_00800,SDN,1998,0
CIRC_00801,SUR,1998,33.7747252747253
CIRC_00802,SUR,1998,0
CIRC_00803,SUR,1998,5.62222222222222
CIRC_00804,SUR,1998,11.7989690721649
CIRC_00805,SWZ,1998,24.7644230769231
CIRC_00806,SWE,1998,48.6024096385542
CIRC_00807,SWE,1998,53.6035714285714
CIRC_00808,SWE,1998,21.2845303867403
CIRC_00809,SWE,1998,62.9542682926829
CIRC_00810,SWE,1998,54.9590163934426
CIRC_00811,SWE,1998,49.5301204819277
CIRC_00812,CHE,1998,42.2757352941176
CIRC_00813,CHE,1998,34.1127819548872
CIRC_00814,CHE,1998,40.929104477612
CIRC_00815,CHE,1998,4.07089552238806
CIRC_00816,CHE,1998,57.1055555555556
CIRC_00817,CHE,1998,25.3102189781022
CIRC_00818,CHE,1998,29.2829457364341
CIRC_00819,CHE,1998,25.8925925925926
CIRC_00820,CHE,1998,43.8814814814815
CIRC_00821,CHE,1998,19.786231884058
CIRC_00822,CHE,1998,43.1838235294118
CIRC_00823,CHE,1998,33.0625
CIRC_00824,CHE,1998,20.6131386861314
CIRC_00825,CHE,1998,22.7595419847328
CIRC_00826,CHE,1998,42.3369565217391
CIRC_00827,CHE,1998,28.9528985507246
CIRC_00828,CHE,1998,39.5740740740741
CIRC_00829,CHE,1998,11.2080291970803
CIRC_00830,CHE,1998,18.7121212121212
CIRC_00831,CHE,1998,22.8153846153846
CIRC_00832,CHE,1998,18.2627737226277
CIRC_00833,SYR,1998,20.0603448275862
CIRC_00834,SYR,1998,62.3603603603604
CIRC_00835,TJK,1998,3.46581196581197
CIRC_00836,TJK,1998,38.0819672131148
CIRC_00837,TJK,1998,0
CIRC_00838,TJK,1998,15.1551724137931
CIRC_00839,TWN,1998,24.2945205479452
CIRC_00840,TWN,1998,23.53
CIRC_00841,HKG,1998,62.8768115942029
CIRC_00842,TWN,1998,60.9852941176471
CIRC_00843,TZA,1998,0
CIRC_00844,TZA,1998,0
CIRC_00845,TZA,1998,0
CIRC_00846,TZA,1998,0
CIRC_00847,TZA,1998,0
CIRC_00848,THA,1998,63
CIRC_00849,THA,1998,63
CIRC_00850,THA,1998,62.5572916666667
CIRC_00851,THA,1998,18.2925531914894
CIRC_00852,THA,1998,40.7760416666667
CIRC_00853,THA,1998,62.7956989247312
CIRC_00854,THA,1998,9.19587628865979
CIRC_00855,THA,1998,14.4639175257732
CIRC_00856,THA,1998,6.00526315789474
CIRC_00857,GBR,1998,62.8773006134969
CIRC_00858,THA,1998,44.8789473684211
CIRC_00859,TKM,1998,31.702479338843
CIRC_00860,TKM,1998,14.4579831932773
CIRC_00861,TKM,1998,58.7
CIRC_00862,TGO,1998,1.72043010752688
CIRC_00863,TGO,1998,2.71710526315789
CIRC_00864,TGO,1998,0
CIRC_00865,TTO,1998,27.2868852459016
CIRC_00866,TTO,1998,52.8805970149254
CIRC_00867,TTO,1998,19.1894736842105
CIRC_00868,TTO,1998,8.25675675675675
CIRC_00869,TTO,1998,15.5689655172414
CIRC_00870,TUN,1998,59.64
CIRC_00871,TUN,1998,16.151376146789
CIRC_00872,TUN,1998,62.0537634408602
CIRC_00873,TUN,1998,17.1391304347826
CIRC_00874,TUN,1998,60.1818181818182
CIRC_00875,TUN,1998,13.5086956521739
CIRC_00876,TUN,1998,31.06
CIRC_00877,TUR,1998,29.65
CIRC_00878,TUR,1998,62.2461538461539
CIRC_00879,TUR,1998,4.9396551724138
CIRC_00880,TUR,1998,62.5215517241379
CIRC_00881,TUR,1998,13.0227272727273
CIRC_00882,TUR,1998,57.4090909090909
CIRC_00883,TUR,1998,62.4010989010989
CIRC_00884,ARE,1998,60.7678571428572
CIRC_00885,ARE,1998,59.0980392156863
CIRC_00886,UGA,1998,0
CIRC_00887,GBR,1998,34.3013245033113
CIRC_00888,GBR,1998,21.7808219178082
CIRC_00889,GBR,1998,62.6746575342466
CIRC_00890,GBR,1998,50.4454545454545
CIRC_00891,GBR,1998,46.0402298850575
CIRC_00892,USA,1998,63
CIRC_00893,GBR,1998,53.1456953642384
CIRC_00894,GBR,1998,60.3740458015267
CIRC_00895,UKR,1998,1.62925170068027
CIRC_00896,UKR,1998,7.375
CIRC_00897,UKR,1998,0.120805369127517
CIRC_00898,UKR,1998,36.6035714285714
CIRC_00899,UKR,1998,57.6205673758865
CIRC_00900,UKR,1998,7.05769230769231
CIRC_00901,UKR,1998,55.3115942028985
CIRC_00902,URY,1998,62.7589285714286
CIRC_00903,URY,1998,62.2857142857143
CIRC_00904,USA,1998,61.3452380952381
CIRC_00905,USA,1998,32.0521739130435
CIRC_00906,USA,1998,62.1929824561404
CIRC_00907,USA,1998,61.9285714285714
CIRC_00908,USA,1998,62.9439655172414
CIRC_00909,USA,1998,55.4233870967742
CIRC_00910,UZB,1998,44.995867768595
CIRC_00911,UZB,1998,60.9758064516129
CIRC_00912,UZB,1998,10.6848739495798
CIRC_00913,VEN,1998,25.2473684210526
CIRC_00914,VEN,1998,17.7222222222222
CIRC_00915,VEN,1998,2.75773195876289
CIRC_00916,VEN,1998,13.6648351648352
CIRC_00917,VEN,1998,62.9184782608696
CIRC_00918,YEM,1998,3.578125
CIRC_00919,YEM,1998,0.159574468085107
CIRC_00920,YEM,1998,5.65979381443299
CIRC_00921,SRB,1998,26.359375
CIRC_00922,MNE,1998,10.5775862068966
CIRC_00923,ZMB,1998,2.92857142857143
CIRC_00924,ZMB,1998,45.1263157894737
CIRC_00925,ZMB,1998,27.0885416666667
CIRC_00926,ZWE,1998,0
CIRC_00927,ZMB,1998,0
CIRC_00928,ZMB,1998,16.13
CIRC_00929,ZMB,1998,39.3541666666667
CIRC_00930,ZMB,1998,0
CIRC_00931,ZWE,1998,0
CIRC_00932,ZWE,1998,10.9845360824742
CIRC_00933,COM,1998,0.753246753246754
CIRC_00934,MDV,1998,48.1666666666667
CIRC_00935,SAU,1998,63
CIRC_00936,ISR,1998,62.7037037037037
CIRC_00937,COM,1998,1.63333333333333
CIRC_00938,COM,1998,0.416666666666666
CIRC_00941,LBY,1998,62.7692307692308
CIRC_00942,SGP,1998,62.9647058823529
CIRC_00943,MKD,1998,50.1270491803279
CIRC_00945,QAT,1998,62.9345238095238
CIRC_00946,MDA,1998,3.3560606060606
CIRC_00947,SGP,1998,62.9294117647059
CIRC_00948,LSO,1998,0.693396226415095
CIRC_00949,MDA,1998,1.6294964028777
CIRC_00950,COM,1998,0
CIRC_00951,LSO,1998,0
CIRC_00952,MUS,1998,46.7297297297297
CIRC_00953,ISR,1998,62.9861111111111
CIRC_00954,TKM,1998,31.0956521739131
CIRC_00955,LBY,1998,25.0606060606061
CIRC_00956,ISR,1998,49.2098214285714
CIRC_00957,MUS,1998,29.680412371134
CIRC_00958,GTM,1998,61.6288659793815
CIRC_00959,MDA,1998,4.94565217391304
CIRC_00960,ISR,1998,62.9871794871795
CIRC_00961,SSD,1998,0
CIRC_00962,CYP,1998,55.5533333333333
CIRC_00964,LSO,1998,38.3412698412698
CIRC_00965,MDA,1998,3.04379562043796
CIRC_00001,AFG,1999,0.128318584070797
CIRC_00002,AFG,1999,21.5580357142857
CIRC_00003,AFG,1999,0
CIRC_00004,AFG,1999,0
CIRC_00005,AFG,1999,5.15277777777778
CIRC_00006,AFG,1999,0
CIRC_00007,AFG,1999,0
CIRC_00008,ALB,1999,16.6048387096774
CIRC_00009,ALB,1999,0
CIRC_00010,ALB,1999,37.5122950819672
CIRC_00011,ALB,1999,1.0875
CIRC_00012,DZA,1999,5.0929203539823
CIRC_00013,DZA,1999,28.2173913043478
CIRC_00014,DZA,1999,8.16086956521739
CIRC_00015,DZA,1999,38.7850877192983
CIRC_00016,MAR,1999,46.7105263157895
CIRC_00017,DZA,1999,4.64473684210526
CIRC_00018,DZA,1999,17.0810810810811
CIRC_00019,AGO,1999,57.0686274509804
CIRC_00020,AGO,1999,18.53125
CIRC_00021,ARG,1999,7.20093457943925
CIRC_00022,ARG,1999,62.2752293577982
CIRC_00023,ARG,1999,16.4951923076923
CIRC_00024,ARG,1999,49.5818181818182
CIRC_00025,ARG,1999,63
CIRC_00026,ARG,1999,35.1481481481481
CIRC_00027,ARG,1999,60.4434782608696
CIRC_00028,ARG,1999,41.4826086956522
CIRC_00029,ARG,1999,62.9887640449438
CIRC_00030,ARG,1999,63
CIRC_00031,SYR,1999,6.39130434782609
CIRC_00032,AZE,1999,7.93801652892562
CIRC_00033,ARM,1999,47.3292682926829
CIRC_00034,ARM,1999,48.0756302521009
CIRC_00035,ARM,1999,1.14406779661017
CIRC_00036,AUS,1999,4.68376068376069
CIRC_00037,AUS,1999,62.9767441860465
CIRC_00038,AUS,1999,16.3380952380952
CIRC_00039,GBR,1999,48.9627659574468
CIRC_00040,GBR,1999,63
CIRC_00041,AUS,1999,62.9147727272727
CIRC_00042,AUT,1999,62.275
CIRC_00043,AUT,1999,42.8602941176471
CIRC_00044,AUT,1999,30.258865248227
CIRC_00045,AUT,1999,3.19858156028369
CIRC_00046,AUT,1999,58.1079136690648
CIRC_00047,AUT,1999,60.2338129496403
CIRC_00048,AUT,1999,13.3525179856115
CIRC_00049,CHE,1999,20.0948905109489
CIRC_00050,AZE,1999,60.2469135802469
CIRC_00051,AZE,1999,0.131147540983606
CIRC_00052,AZE,1999,60.1602564102564
CIRC_00053,AZE,1999,16.1572580645161
CIRC_00054,BHR,1999,56.3859649122807
CIRC_00055,BHR,1999,62.435
CIRC_00056,BRB,1999,55.79375
CIRC_00057,BRB,1999,18.8092105263158
CIRC_00058,BRB,1999,23.6597222222222
CIRC_00059,BRB,1999,22.1458333333333
CIRC_00060,BEL,1999,47.4333333333334
CIRC_00061,FRA,1999,62.2283464566929
CIRC_00062,BEL,1999,57.006993006993
CIRC_00063,BEL,1999,48.5659340659341
CIRC_00064,BEL,1999,62.3389261744967
CIRC_00065,BEL,1999,52.6944444444444
CIRC_00066,BEL,1999,55.1394557823129
CIRC_00067,BEL,1999,62.7551020408163
CIRC_00068,BEL,1999,61.3698630136986
CIRC_00069,BEN,1999,0
CIRC_00070,TGO,1999,52.5555555555556
CIRC_00071,BEN,1999,0
CIRC_00072,BEN,1999,4.21739130434783
CIRC_00073,BFA,1999,56.0578947368421
CIRC_00074,BFA,1999,4.70744680851064
CIRC_00075,BFA,1999,1.11052631578947
CIRC_00076,BFA,1999,56.445054945055
CIRC_00077,BFA,1999,0
CIRC_00078,BHS,1999,59.7901234567901
CIRC_00079,BHS,1999,45.4038461538462
CIRC_00080,BHS,1999,56.9569892473118
CIRC_00081,BTN,1999,8.73611111111111
CIRC_00082,BTN,1999,0
CIRC_00083,BTN,1999,0.817307692307692
CIRC_00084,BTN,1999,3.24038461538462
CIRC_00085,BTN,1999,0
CIRC_00086,BTN,1999,0
CIRC_00087,BLR,1999,61.776397515528
CIRC_00088,BLR,1999,2.41612903225806
CIRC_00089,BLR,1999,3.39622641509434
CIRC_00090,BLZ,1999,39.0714285714286
CIRC_00091,BLZ,1999,9.48469387755102
CIRC_00092,BLZ,1999,12.4090909090909
CIRC_00093,IND,1999,5.84615384615385
CIRC_00094,BGD,1999,0.396039603960396
CIRC_00095,BGD,1999,1.92574257425742
CIRC_00096,IND,1999,7.74271844660194
CIRC_00097,BGD,1999,1.46039603960396
CIRC_00098,BGD,1999,25.005
CIRC_00099,BGD,1999,5.52884615384615
CIRC_00100,BOL,1999,61.6927083333333
CIRC_00101,BOL,1999,60.8711340206186
CIRC_00102,BOL,1999,61.6458333333333
CIRC_00103,BOL,1999,0
CIRC_00104,BOL,1999,1.52604166666667
CIRC_00105,BIH,1999,1.83458646616541
CIRC_00106,BIH,1999,12.9
CIRC_00107,HRV,1999,4.1733870967742
CIRC_00108,BIH,1999,13.2698412698413
CIRC_00109,BIH,1999,50.0687022900763
CIRC_00110,BIH,1999,4.74
CIRC_00111,BIH,1999,14.0265151515152
CIRC_00112,BIH,1999,29.0348837209302
CIRC_00113,BIH,1999,11.3951612903226
CIRC_00114,BIH,1999,13.3178294573643
CIRC_00115,BIH,1999,13.7576923076923
CIRC_00116,BIH,1999,2.23643410852713
CIRC_00117,BIH,1999,30.65625
CIRC_00118,BIH,1999,8.94047619047619
CIRC_00119,BIH,1999,7.78461538461539
CIRC_00120,BWA,1999,6.27941176470588
CIRC_00121,BWA,1999,0
CIRC_00122,GBR,1999,58.6468531468532
CIRC_00123,BWA,1999,2.91666666666667
CIRC_00124,BRA,1999,11.7912087912088
CIRC_00125,BRA,1999,62.9270833333333
CIRC_00126,BRA,1999,52.2979797979798
CIRC_00127,BRA,1999,8.36842105263158
CIRC_00128,BRA,1999,61.953125
CIRC_00129,BRA,1999,28.595
CIRC_00130,BRA,1999,5.21844660194175
CIRC_00131,BRN,1999,55.752808988764
CIRC_00132,BDI,1999,0
CIRC_00133,BDI,1999,0
CIRC_00134,BDI,1999,27.1968085106383
CIRC_00135,BDI,1999,0
CIRC_00136,BDI,1999,0
CIRC_00137,BDI,1999,2.20454545454546
CIRC_00138,BDI,1999,0
CIRC_00139,BDI,1999,0.202127659574468
CIRC_00140,BGR,1999,0.213740458015267
CIRC_00141,RUS,1999,62.9907975460123
CIRC_00142,BGR,1999,1.67578125
CIRC_00143,BGR,1999,61.3849206349206
CIRC_00144,BGR,1999,12.82
CIRC_00145,BGR,1999,47.7
CIRC_00146,UKR,1999,33.0416666666667
CIRC_00147,BGR,1999,13.3110236220473
CIRC_00148,USA,1999,62.9957627118644
CIRC_00149,BGR,1999,12.7
CIRC_00150,BGR,1999,9.15725806451613
CIRC_00151,BGR,1999,4.22764227642276
CIRC_00152,BGR,1999,4.652
CIRC_00153,BGR,1999,25.077519379845
CIRC_00154,KHM,1999,0
CIRC_00155,KHM,1999,42.1129032258064
CIRC_00156,KHM,1999,0.683333333333333
CIRC_00157,CAN,1999,54.984375
CIRC_00158,CAN,1999,26.7923076923077
CIRC_00159,CAN,1999,52.9555555555556
CIRC_00160,CAN,1999,62.9362745098039
CIRC_00161,CAN,1999,62.7230769230769
CIRC_00162,CAN,1999,62.8153846153846
CIRC_00163,CMR,1999,3.44148936170213
CIRC_00164,CPV,1999,0.0154639175257732
CIRC_00165,CPV,1999,17.2881355932203
CIRC_00166,CPV,1999,1.85567010309278
CIRC_00167,CPV,1999,16.8526315789474
CIRC_00168,CIV,1999,27.4673913043478
CIRC_00169,CIV,1999,0
CIRC_00170,CIV,1999,0
CIRC_00171,CIV,1999,19.6223404255319
CIRC_00172,CIV,1999,12.3152173913043
CIRC_00173,CAF,1999,29.8105263157895
CIRC_00174,CAF,1999,0
CIRC_00175,GAB,1999,5.70212765957447
CIRC_00176,CAF,1999,0
CIRC_00177,CAF,1999,0
CIRC_00178,TCD,1999,30.9507042253521
CIRC_00179,TCD,1999,1.605
CIRC_00180,TCD,1999,0
CIRC_00181,TCD,1999,31.3125
CIRC_00182,CHL,1999,49.9711538461539
CIRC_00183,CHL,1999,57.0060240963856
CIRC_00184,CHL,1999,62.7035398230089
CIRC_00185,CHL,1999,45.3142857142857
CIRC_00186,CHN,1999,11.5925925925926
CIRC_00187,CHN,1999,50.7222222222222
CIRC_00188,CHN,1999,40.7688679245283
CIRC_00189,CHN,1999,63
CIRC_00190,COL,1999,60.3297872340426
CIRC_00191,COL,1999,51.8011363636364
CIRC_00192,COL,1999,59.186170212766
CIRC_00193,COL,1999,61.0106382978723
CIRC_00194,COL,1999,5.07894736842106
CIRC_00195,MDG,1999,18.2432432432432
CIRC_00196,FRA,1999,6.72556390977444
CIRC_00197,COM,1999,0.123456790123457
CIRC_00198,COM,1999,0
CIRC_00199,COM,1999,1.03389830508475
CIRC_00200,COM,1999,0.149350649350649
CIRC_00201,COM,1999,1.42592592592593
CIRC_00202,COM,1999,0.660377358490566
CIRC_00203,COG,1999,0.844444444444446
CIRC_00204,COG,1999,0
CIRC_00205,CRI,1999,60.2105263157895
CIRC_00206,NIC,1999,11.4734042553191
CIRC_00207,CRI,1999,62.7422680412371
CIRC_00208,CRI,1999,62.8617021276596
CIRC_00209,HRV,1999,17.1106870229008
CIRC_00210,HRV,1999,61.562962962963
CIRC_00211,HRV,1999,5.91729323308271
CIRC_00212,HRV,1999,48.9577464788733
CIRC_00213,CUB,1999,0.217171717171717
CIRC_00214,CUB,1999,8.15656565656566
CIRC_00215,XNC,1999,34.9508196721311
CIRC_00216,XNC,1999,60.4090909090909
CIRC_00217,XNC,1999,18.9434782608696
CIRC_00218,CYP,1999,8.39473684210526
CIRC_00219,CYP,1999,36.1388888888889
CIRC_00220,SVK,1999,14.3786764705882
CIRC_00221,CZE,1999,47.0457746478873
CIRC_00222,CZE,1999,61.8428571428571
CIRC_00223,CZE,1999,23.7234848484849
CIRC_00224,CZE,1999,24.791095890411
CIRC_00225,CZE,1999,40.0178571428571
CIRC_00226,CZE,1999,22.4601449275362
CIRC_00227,CZE,1999,26.830985915493
CIRC_00228,CZE,1999,59.6095890410959
CIRC_00229,CZE,1999,11.7587412587413
CIRC_00230,SVK,1999,57.1338582677165
CIRC_00231,CZE,1999,13.9858156028369
CIRC_00232,DNK,1999,16.2777777777778
CIRC_00233,DNK,1999,44.4666666666666
CIRC_00234,DNK,1999,3.99408284023669
CIRC_00235,DNK,1999,42.3483870967742
CIRC_00236,DNK,1999,61.1895424836601
CIRC_00237,DNK,1999,54.8141025641026
CIRC_00238,SOM,1999,0
CIRC_00239,ETH,1999,14.2074468085106
CIRC_00240,DOM,1999,12.180412371134
CIRC_00241,DOM,1999,61.265625
CIRC_00242,DOM,1999,59.7871287128713
CIRC_00243,DOM,1999,0.140625
CIRC_00244,COD,1999,0
CIRC_00245,COD,1999,0
CIRC_00246,COD,1999,0
CIRC_00247,COD,1999,59.304347826087
CIRC_00248,VNM,1999,5.44845360824742
CIRC_00249,VNM,1999,20.3431372549019
CIRC_00250,VNM,1999,0
CIRC_00251,VNM,1999,0.058252427184466
CIRC_00252,VNM,1999,17.2178217821782
CIRC_00253,ECU,1999,53.9408602150538
CIRC_00254,USA,1999,62.8318181818182
CIRC_00255,ECU,1999,60.6444444444445
CIRC_00256,ECU,1999,49.5
CIRC_00257,ECU,1999,32.8333333333333
CIRC_00258,ECU,1999,0.571428571428572
CIRC_00259,ECU,1999,60.9032258064516
CIRC_00260,USA,1999,62.7741935483871
CIRC_00261,EGY,1999,49.8558558558559
CIRC_00262,EGY,1999,63
CIRC_00263,EGY,1999,38.9770642201835
CIRC_00264,GNQ,1999,0.704819277108433
CIRC_00265,ERI,1999,32.1947368421053
CIRC_00266,EST,1999,38.3938547486033
CIRC_00267,EST,1999,0.375
CIRC_00268,EST,1999,23.4297752808989
CIRC_00269,EST,1999,60.0681818181818
CIRC_00270,EST,1999,4.96306818181818
CIRC_00271,EST,1999,50.8567415730337
CIRC_00272,ETH,1999,4.34736842105263
CIRC_00273,ETH,1999,3.23684210526316
CIRC_00274,ETH,1999,0.257731958762887
CIRC_00275,ETH,1999,0
CIRC_00276,TLS,1999,0.509090909090909
CIRC_00277,TLS,1999,13.3615384615385
CIRC_00278,TLS,1999,0.813829787234043
CIRC_00279,TLS,1999,13.1119402985075
CIRC_00280,TLS,1999,0
CIRC_00281,TLS,1999,0
CIRC_00282,FIN,1999,57.5289473684211
CIRC_00283,RUS,1999,40.1259541984733
CIRC_00284,FIN,1999,61.2602739726027
CIRC_00285,FIN,1999,42.3507853403141
CIRC_00286,FJI,1999,0
CIRC_00287,FJI,1999,0
CIRC_00288,FJI,1999,7.32291666666667
CIRC_00289,FJI,1999,7.0561797752809
CIRC_00290,FJI,1999,0.164948453608247
CIRC_00291,FJI,1999,0
CIRC_00292,FJI,1999,0
CIRC_00293,FJI,1999,0
CIRC_00294,FRA,1999,12.5
CIRC_00295,FRA,1999,63
CIRC_00296,FRA,1999,63
CIRC_00297,FRA,1999,61.451048951049
CIRC_00298,FRA,1999,56.2568493150685
CIRC_00299,GAB,1999,0.406593406593406
CIRC_00300,GAB,1999,3.46236559139785
CIRC_00301,COG,1999,42.825
CIRC_00302,GAB,1999,0
CIRC_00303,GMB,1999,0
CIRC_00304,GMB,1999,0.796875
CIRC_00305,GMB,1999,1.04736842105263
CIRC_00306,DEU,1999,62.5294117647059
CIRC_00307,DEU,1999,58.5985915492958
CIRC_00308,DEU,1999,11.65
CIRC_00309,DEU,1999,62.5700636942675
CIRC_00310,DEU,1999,17.8216783216783
CIRC_00311,GHA,1999,59.8412698412698
CIRC_00312,GHA,1999,59.2173913043478
CIRC_00313,GHA,1999,16.478021978022
CIRC_00314,GHA,1999,1.0752688172043
CIRC_00315,GNB,1999,8.3
CIRC_00316,GNB,1999,0
CIRC_00317,GNB,1999,0
CIRC_00318,GNB,1999,0.395833333333333
CIRC_00319,GNB,1999,0
CIRC_00320,GRC,1999,62.8719008264463
CIRC_00321,GRC,1999,44.0769230769231
CIRC_00322,GRC,1999,0.740566037735849
CIRC_00323,GRC,1999,62.1597222222222
CIRC_00324,USA,1999,63
CIRC_00325,GRC,1999,62.8565573770492
CIRC_00326,GRC,1999,24.7121212121212
CIRC_00327,GEO,1999,34.952
CIRC_00328,GEO,1999,1.812
CIRC_00329,GEO,1999,0
CIRC_00330,GEO,1999,14.3125
CIRC_00331,FRA,1999,63
CIRC_00332,GTM,1999,62.4226804123711
CIRC_00333,GTM,1999,2.5625
CIRC_00334,GTM,1999,9.93229166666667
CIRC_00335,GIN,1999,0
CIRC_00336,GIN,1999,0
CIRC_00337,GIN,1999,0
CIRC_00338,GIN,1999,50.9761904761905
CIRC_00339,GIN,1999,0
CIRC_00340,GIN,1999,0.634020618556701
CIRC_00341,GUY,1999,40.2463768115942
CIRC_00342,GUY,1999,4.07936507936508
CIRC_00343,GUY,1999,0.512987012987013
CIRC_00344,USA,1999,62.924
CIRC_00345,GUY,1999,22.5923913043478
CIRC_00346,GUY,1999,0
CIRC_00347,GUY,1999,3.26712328767123
CIRC_00348,HTI,1999,0.190721649484536
CIRC_00349,HTI,1999,41.2467532467532
CIRC_00350,HTI,1999,26.031914893617
CIRC_00351,HTI,1999,0
CIRC_00352,HTI,1999,1.94186046511628
CIRC_00353,HTI,1999,0
CIRC_00354,HTI,1999,0
CIRC_00355,HTI,1999,0
CIRC_00356,HND,1999,23.8313953488372
CIRC_00357,HND,1999,59.6894736842105
CIRC_00358,HND,1999,55.3829787234043
CIRC_00359,PAN,1999,61.0757575757576
CIRC_00360,HND,1999,0
CIRC_00361,HND,1999,17.1822916666667
CIRC_00362,HND,1999,3.95689655172414
CIRC_00363,HND,1999,2.35789473684211
CIRC_00364,HND,1999,0.870967741935485
CIRC_00365,HUN,1999,8.18115942028985
CIRC_00366,HUN,1999,62.1847826086957
CIRC_00367,HUN,1999,1.58076923076923
CIRC_00368,HUN,1999,41.8804347826087
CIRC_00369,HUN,1999,15.2814814814815
CIRC_00370,HUN,1999,41.3872180451128
CIRC_00371,ISL,1999,31.7352941176471
CIRC_00372,ISL,1999,0
CIRC_00373,ISL,1999,30.8949579831933
CIRC_00374,IND,1999,54.3910891089109
CIRC_00375,IND,1999,0.0714285714285714
CIRC_00376,IND,1999,10.9489795918367
CIRC_00377,IND,1999,52.0980392156863
CIRC_00378,IND,1999,3.66842105263158
CIRC_00379,PAK,1999,31.3738738738739
CIRC_00380,PAK,1999,2.13761467889908
CIRC_00381,IND,1999,6.5990099009901
CIRC_00382,IDN,1999,11.9627659574468
CIRC_00383,IDN,1999,13.3125
CIRC_00384,IDN,1999,11.7526315789474
CIRC_00385,IDN,1999,43.6117021276596
CIRC_00386,IDN,1999,3.52631578947368
CIRC_00387,IDN,1999,43.3670212765957
CIRC_00388,IRL,1999,18.2165605095541
CIRC_00389,IRL,1999,1.79813664596274
CIRC_00390,IRL,1999,22.1572327044025
CIRC_00391,IRL,1999,62.847972972973
CIRC_00392,IRL,1999,18.5127388535032
CIRC_00393,IRL,1999,57.4766666666667
CIRC_00394,IRN,1999,9.35046728971962
CIRC_00395,IRN,1999,38.55
CIRC_00396,IRN,1999,15.9380530973451
CIRC_00397,IRN,1999,0
CIRC_00398,IRN,1999,62.7198275862069
CIRC_00399,IRQ,1999,15.4434782608696
CIRC_00400,USA,1999,16.1294642857143
CIRC_00401,USA,1999,30.177570093458
CIRC_00402,USA,1999,62.7620967741936
CIRC_00403,IRQ,1999,62.8411214953271
CIRC_00404,IRQ,1999,38.2610619469027
CIRC_00405,IRQ,1999,11.8909090909091
CIRC_00406,IRQ,1999,62.858407079646
CIRC_00407,BLR,1999,1.48
CIRC_00408,ISR,1999,62.7456140350877
CIRC_00409,BLR,1999,0.59493670886076
CIRC_00410,ISR,1999,62.9934210526316
CIRC_00411,ISR,1999,60.8333333333333
CIRC_00412,ISR,1999,62.9778761061947
CIRC_00413,ISR,1999,51.6376146788991
CIRC_00414,ISR,1999,62.5648148148148
CIRC_00415,ITA,1999,63
CIRC_00416,ITA,1999,58.9111111111111
CIRC_00417,ITA,1999,55.9939759036145
CIRC_00418,ITA,1999,62.8
CIRC_00419,ITA,1999,60.7713178294574
CIRC_00420,ITA,1999,36.0546875
CIRC_00421,ITA,1999,63
CIRC_00422,ITA,1999,52.3455882352941
CIRC_00423,ITA,1999,47.8488372093023
CIRC_00424,ITA,1999,4.40833333333334
CIRC_00425,JAM,1999,32.4226804123711
CIRC_00426,JAM,1999,6.27956989247312
CIRC_00427,JAM,1999,22.6701030927835
CIRC_00428,JAM,1999,7.27319587628866
CIRC_00429,JAM,1999,43.9690721649485
CIRC_00430,JOR,1999,61.9859813084112
CIRC_00431,JPN,1999,63
CIRC_00432,JPN,1999,56.3761061946903
CIRC_00433,JPN,1999,63
CIRC_00434,JPN,1999,58.6413043478261
CIRC_00435,JPN,1999,43.8640350877193
CIRC_00436,JPN,1999,19.3526785714286
CIRC_00437,JPN,1999,15.6818181818182
CIRC_00438,JPN,1999,33.7434782608696
CIRC_00439,JPN,1999,61.330985915493
CIRC_00440,JPN,1999,60.4173913043478
CIRC_00441,JPN,1999,54.0136363636364
CIRC_00442,JPN,1999,63
CIRC_00443,JPN,1999,54.2
CIRC_00444,JPN,1999,62.8446601941748
CIRC_00445,JPN,1999,30.9
CIRC_00446,JPN,1999,63
CIRC_00447,KEN,1999,0
CIRC_00448,KEN,1999,3.31720430107527
CIRC_00449,KEN,1999,58.4432989690722
CIRC_00450,KEN,1999,0.672043010752688
CIRC_00451,XKO,1999,1.47154471544716
CIRC_00452,XKO,1999,28.044
CIRC_00453,XKO,1999,2.91129032258065
CIRC_00454,XKO,1999,27.4484126984127
CIRC_00455,XKO,1999,0.392
CIRC_00456,KWT,1999,63
CIRC_00457,KWT,1999,29.8714285714286
CIRC_00458,KGZ,1999,0.846456692913386
CIRC_00459,KGZ,1999,20.6036036036036
CIRC_00460,KGZ,1999,53.7177419354839
CIRC_00461,KGZ,1999,7.11788617886178
CIRC_00462,KGZ,1999,4.71138211382114
CIRC_00463,KGZ,1999,0.65079365079365
CIRC_00464,KGZ,1999,6.10714285714286
CIRC_00465,KAZ,1999,7.40697674418605
CIRC_00466,KAZ,1999,59.0436507936508
CIRC_00467,LAO,1999,13.8680555555556
CIRC_00468,THA,1999,23.3428571428571
CIRC_00469,LAO,1999,0
CIRC_00470,LAO,1999,0.109375
CIRC_00471,LAO,1999,0
CIRC_00472,LVA,1999,60.5203488372093
CIRC_00473,LVA,1999,2.12056737588653
CIRC_00474,RUS,1999,0
CIRC_00475,LVA,1999,23.8588235294118
CIRC_00476,LVA,1999,7.39673913043478
CIRC_00477,LVA,1999,0.218934911242603
CIRC_00478,LVA,1999,0
CIRC_00479,USA,1999,61.7068965517241
CIRC_00480,LBR,1999,0
CIRC_00481,LBR,1999,0.05
CIRC_00482,LBR,1999,0
CIRC_00483,LBR,1999,0
CIRC_00484,LBR,1999,0
CIRC_00485,LBR,1999,0
CIRC_00486,LBR,1999,0
CIRC_00487,LBR,1999,14.4868421052632
CIRC_00488,LBN,1999,45.9414414414415
CIRC_00489,LBN,1999,49.570796460177
CIRC_00490,LBN,1999,59.7068965517241
CIRC_00491,LBN,1999,51.5970149253731
CIRC_00492,LBN,1999,63
CIRC_00493,LBN,1999,62.9619565217391
CIRC_00494,LBN,1999,59.2567567567568
CIRC_00495,LSO,1999,0.148648648648649
CIRC_00496,LSO,1999,0.716981132075472
CIRC_00497,LSO,1999,2.9537037037037
CIRC_00498,LSO,1999,1.03365384615385
CIRC_00499,LSO,1999,2.51388888888889
CIRC_00500,LSO,1999,36.3571428571429
CIRC_00501,LSO,1999,0.993902439024391
CIRC_00502,LSO,1999,0.0943396226415094
CIRC_00503,LBY,1999,17.7455357142857
CIRC_00504,LBY,1999,36.3944954128441
CIRC_00505,LBY,1999,62.6176470588235
CIRC_00506,LBY,1999,60.4142857142857
CIRC_00507,LBY,1999,24.2761194029851
CIRC_00508,LBY,1999,16.1238938053097
CIRC_00509,LBY,1999,62.9632352941177
CIRC_00510,LBY,1999,49.1527777777778
CIRC_00511,LTU,1999,49.9907407407407
CIRC_00512,LTU,1999,10.0443786982249
CIRC_00513,LTU,1999,13.8005952380952
CIRC_00514,LTU,1999,55.6925465838509
CIRC_00515,LTU,1999,46.91796875
CIRC_00516,LUX,1999,19.9166666666667
CIRC_00517,LUX,1999,11.7097902097902
CIRC_00518,LUX,1999,53.9006849315069
CIRC_00519,LUX,1999,44.1527777777778
CIRC_00520,MRT,1999,0
CIRC_00521,MRT,1999,47.1752577319588
CIRC_00522,MRT,1999,0
CIRC_00523,MRT,1999,0
CIRC_00524,MRT,1999,0
CIRC_00525,MRT,1999,0
CIRC_00526,MKD,1999,18.1333333333333
CIRC_00527,BIH,1999,41.5387596899225
CIRC_00528,MKD,1999,51.276
CIRC_00529,MKD,1999,4.04724409448819
CIRC_00530,MKD,1999,5.60245901639344
CIRC_00531,MKD,1999,18.6598360655738
CIRC_00532,MKD,1999,28.44
CIRC_00533,MDG,1999,0
CIRC_00534,MDG,1999,0
CIRC_00535,MDG,1999,5.26666666666666
CIRC_00536,MDG,1999,0
CIRC_00537,MDG,1999,10.659793814433
CIRC_00538,MDG,1999,0
CIRC_00539,MYS,1999,46.2445652173913
CIRC_00540,MYS,1999,41.0642857142857
CIRC_00541,MYS,1999,7.08152173913043
CIRC_00542,MYS,1999,38.943661971831
CIRC_00543,MYS,1999,0.123711340206186
CIRC_00544,MYS,1999,42.968085106383
CIRC_00545,MUS,1999,38.1122448979592
CIRC_00546,MUS,1999,35.5265957446809
CIRC_00547,MUS,1999,28.0918367346939
CIRC_00548,MWI,1999,3.79896907216495
CIRC_00549,MWI,1999,0.0670103092783505
CIRC_00550,MWI,1999,2.97395833333334
CIRC_00551,MWI,1999,1.3659793814433
CIRC_00552,MWI,1999,0
CIRC_00553,MWI,1999,44.3571428571429
CIRC_00554,MEX,1999,63
CIRC_00555,MEX,1999,57.0412371134021
CIRC_00556,MEX,1999,25.4183673469388
CIRC_00557,MEX,1999,4.65104166666667
CIRC_00558,MDA,1999,1.275
CIRC_00559,MDA,1999,0.707142857142858
CIRC_00560,MDA,1999,0.0447761194029851
CIRC_00561,RUS,1999,0
CIRC_00562,MDA,1999,3.75182481751825
CIRC_00563,MDA,1999,1.93014705882353
CIRC_00564,MDA,1999,1.58759124087591
CIRC_00565,MDA,1999,1.20522388059702
CIRC_00566,MDA,1999,45.2737226277372
CIRC_00567,MDA,1999,3.09352517985612
CIRC_00568,MDA,1999,2.3
CIRC_00569,MDA,1999,2.3978102189781
CIRC_00570,MDA,1999,0.496323529411765
CIRC_00571,MDA,1999,1.08759124087591
CIRC_00572,MDA,1999,41.1119402985075
CIRC_00573,MDA,1999,2.59917355371901
CIRC_00574,MDA,1999,5.05755395683453
CIRC_00575,MLI,1999,9.42105263157895
CIRC_00576,MLI,1999,2.87368421052631
CIRC_00577,MLI,1999,0
CIRC_00578,MLI,1999,6.48421052631579
CIRC_00579,MLI,1999,8.86315789473684
CIRC_00580,MLI,1999,0
CIRC_00581,MLI,1999,2.13978494623656
CIRC_00582,MLT,1999,60.8831775700935
CIRC_00583,MLT,1999,61.8085106382979
CIRC_00584,MLT,1999,61.3478260869565
CIRC_00585,MLT,1999,61.8688524590164
CIRC_00586,MNG,1999,0
CIRC_00587,MNG,1999,0
CIRC_00588,MNG,1999,0
CIRC_00589,MNG,1999,42.0729927007299
CIRC_00590,MNG,1999,0
CIRC_00591,MAR,1999,60.3511904761905
CIRC_00592,MMR,1999,43.5255102040816
CIRC_00593,MMR,1999,0.586734693877551
CIRC_00594,MMR,1999,0
CIRC_00595,MMR,1999,59.4090909090909
CIRC_00596,MMR,1999,12.4393939393939
CIRC_00597,MOZ,1999,0
CIRC_00598,MOZ,1999,0
CIRC_00599,MOZ,1999,0
CIRC_00600,NAM,1999,1.95876288659794
CIRC_00601,NAM,1999,0
CIRC_00602,NAM,1999,15.3061224489796
CIRC_00603,NPL,1999,50.2311320754717
CIRC_00604,IND,1999,50.2836538461539
CIRC_00605,IND,1999,7.3173076923077
CIRC_00606,NPL,1999,0
CIRC_00607,NPL,1999,0
CIRC_00608,NPL,1999,0
CIRC_00609,NPL,1999,6.80288461538461
CIRC_00610,NPL,1999,6.54545454545455
CIRC_00611,NPL,1999,0
CIRC_00612,NPL,1999,0
CIRC_00613,NPL,1999,0
CIRC_00614,NPL,1999,16.4902912621359
CIRC_00615,NPL,1999,0
CIRC_00616,NZL,1999,22.512987012987
CIRC_00617,NZL,1999,17.7371794871795
CIRC_00618,NZL,1999,4.19565217391304
CIRC_00619,NZL,1999,8.90671641791045
CIRC_00620,NZL,1999,0.966666666666667
CIRC_00621,NZL,1999,61.8835616438356
CIRC_00622,NZL,1999,0.525735294117647
CIRC_00623,NZL,1999,49.7260869565218
CIRC_00624,NZL,1999,26.5247933884297
CIRC_00625,NZL,1999,59.2480620155039
CIRC_00626,NIC,1999,1.4421052631579
CIRC_00627,NIC,1999,10.3578947368421
CIRC_00628,NIC,1999,56.2736842105263
CIRC_00629,NIC,1999,23.4888888888889
CIRC_00630,NGA,1999,19.718085106383
CIRC_00631,NGA,1999,55.8352272727273
CIRC_00632,NGA,1999,55.2684210526316
CIRC_00633,NGA,1999,27.4734042553192
CIRC_00634,NGA,1999,33.2736842105263
CIRC_00635,NGA,1999,14.5604395604396
CIRC_00636,NGA,1999,6.40526315789474
CIRC_00637,NER,1999,1.1875
CIRC_00638,NER,1999,12.6185567010309
CIRC_00639,NER,1999,2.6875
CIRC_00640,NER,1999,43.281914893617
CIRC_00641,NER,1999,1.03191489361702
CIRC_00642,NER,1999,0
CIRC_00643,NER,1999,0
CIRC_00644,NER,1999,0
CIRC_00645,NER,1999,0
CIRC_00646,NOR,1999,47.3467153284672
CIRC_00647,NOR,1999,57.695054945055
CIRC_00648,NOR,1999,59.9043209876543
CIRC_00649,NOR,1999,46.535
CIRC_00650,NOR,1999,17.6967213114754
CIRC_00651,NOR,1999,62.451048951049
CIRC_00652,NOR,1999,56.5562913907285
CIRC_00653,NLD,1999,62.8675496688742
CIRC_00654,NLD,1999,26.1158940397351
CIRC_00655,NLD,1999,26.6323529411765
CIRC_00656,NLD,1999,62.0594405594406
CIRC_00657,OMN,1999,47.7577319587629
CIRC_00658,OMN,1999,55.0064935064935
CIRC_00659,PAK,1999,62.8297872340426
CIRC_00660,PAK,1999,6.86538461538462
CIRC_00661,PAK,1999,62.4858490566038
CIRC_00662,PAK,1999,6.14423076923077
CIRC_00663,PAK,1999,16.1509433962264
CIRC_00664,IND,1999,62.1875
CIRC_00665,PAK,1999,56.8551401869159
CIRC_00666,PAK,1999,0.0652173913043479
CIRC_00667,PAK,1999,62.9017857142857
CIRC_00668,PAK,1999,3.45327102803738
CIRC_00669,PAN,1999,60.5344827586207
CIRC_00670,PAN,1999,0.132978723404255
CIRC_00671,PAN,1999,20.0652173913043
CIRC_00672,PRY,1999,1.85436893203883
CIRC_00673,PRY,1999,60.7401960784314
CIRC_00674,PRY,1999,12.8300970873787
CIRC_00675,PRY,1999,0.261904761904762
CIRC_00676,PRY,1999,56.2055555555556
CIRC_00677,PER,1999,63
CIRC_00678,PER,1999,39.40625
CIRC_00679,PER,1999,0.216494845360825
CIRC_00680,PER,1999,62.9635416666667
CIRC_00681,PER,1999,17.9247311827957
CIRC_00682,PER,1999,1.67857142857143
CIRC_00683,PHL,1999,0.201754385964912
CIRC_00684,PHL,1999,7.10112359550562
CIRC_00685,PHL,1999,62.8157894736842
CIRC_00686,PHL,1999,63
CIRC_00687,PHL,1999,62.9318181818182
CIRC_00688,PHL,1999,0.967391304347825
CIRC_00689,PHL,1999,62.9057971014493
CIRC_00690,PNG,1999,0
CIRC_00691,PNG,1999,0
CIRC_00692,PNG,1999,0
CIRC_00693,PNG,1999,40.8076923076923
CIRC_00694,PNG,1999,0
CIRC_00695,PNG,1999,6.875
CIRC_00696,PNG,1999,0
CIRC_00697,PNG,1999,0
CIRC_00698,POL,1999,8.96
CIRC_00699,POL,1999,4.85714285714286
CIRC_00700,POL,1999,10.665625
CIRC_00701,POL,1999,62.8543046357616
CIRC_00702,POL,1999,12.2905405405405
CIRC_00703,POL,1999,11.9145569620253
CIRC_00704,POL,1999,36.8938356164384
CIRC_00705,POL,1999,59.9166666666667
CIRC_00706,POL,1999,55.7464285714286
CIRC_00707,PRT,1999,62.5078125
CIRC_00708,PRT,1999,32.146017699115
CIRC_00709,PRK,1999,27.4789915966387
CIRC_00710,RUS,1999,2.89160839160839
CIRC_00711,QAT,1999,62.7529411764706
CIRC_00712,KOR,1999,37.9618644067797
CIRC_00713,KOR,1999,24.3173076923077
CIRC_00714,KOR,1999,3.98936170212766
CIRC_00715,KOR,1999,37.4649122807018
CIRC_00716,JPN,1999,63
CIRC_00717,KOR,1999,62.5125
CIRC_00718,KOR,1999,63
CIRC_00719,KOR,1999,16.8584905660377
CIRC_00720,KOR,1999,63
CIRC_00721,ROU,1999,61.3549618320611
CIRC_00722,ROU,1999,21.8206106870229
CIRC_00723,UKR,1999,12.905303030303
CIRC_00724,ROU,1999,0.113970588235294
CIRC_00725,ROU,1999,3.14130434782608
CIRC_00726,ROU,1999,28.1119402985075
CIRC_00727,ROU,1999,8.63157894736842
CIRC_00728,ROU,1999,25.1007194244605
CIRC_00729,ROU,1999,6.87218045112782
CIRC_00730,ROU,1999,17.5193798449612
CIRC_00731,ROU,1999,29.3970588235294
CIRC_00732,RUS,1999,1.53383458646617
CIRC_00733,RUS,1999,3.02392344497608
CIRC_00734,RUS,1999,63
CIRC_00735,RWA,1999,1.81967213114754
CIRC_00736,RWA,1999,4.2554347826087
CIRC_00737,RWA,1999,0
CIRC_00738,ZAF,1999,62.9950980392157
CIRC_00739,ZAF,1999,0
CIRC_00740,ZAF,1999,0.0135135135135135
CIRC_00741,ZAF,1999,62.52
CIRC_00742,ZAF,1999,2.94761904761905
CIRC_00743,ZAF,1999,62.5594059405941
CIRC_00744,SLV,1999,59.4677419354839
CIRC_00745,SLV,1999,36.03125
CIRC_00746,SLV,1999,6.02631578947368
CIRC_00747,SLV,1999,4.64432989690722
CIRC_00748,SLV,1999,3.44329896907217
CIRC_00749,SAU,1999,63
CIRC_00750,SEN,1999,0
CIRC_00751,SEN,1999,2.94387755102041
CIRC_00752,SEN,1999,0
CIRC_00753,SRB,1999,60.75390625
CIRC_00754,SRB,1999,16.06
CIRC_00755,XKO,1999,16.1031746031746
CIRC_00756,SLE,1999,0
CIRC_00757,SLE,1999,12.6020408163265
CIRC_00758,SLE,1999,0
CIRC_00759,SLE,1999,0
CIRC_00760,SLE,1999,0
CIRC_00761,SLE,1999,0
CIRC_00762,SGP,1999,62.5202702702703
CIRC_00763,SGP,1999,62.8206521739131
CIRC_00764,SVK,1999,25.8846153846154
CIRC_00765,SVK,1999,7.91901408450704
CIRC_00766,SVK,1999,12.362676056338
CIRC_00767,SVK,1999,21.5212765957447
CIRC_00768,SVK,1999,15.5647482014388
CIRC_00769,SVK,1999,30.9532374100719
CIRC_00770,SVK,1999,6.27403846153846
CIRC_00771,SVN,1999,6.29779411764706
CIRC_00772,SVN,1999,5.29133858267717
CIRC_00773,SVN,1999,28.3925925925926
CIRC_00774,SVN,1999,51.8296296296296
CIRC_00775,SVN,1999,15.3893129770992
CIRC_00776,SVN,1999,10.7537313432836
CIRC_00777,SVN,1999,21.4540229885057
CIRC_00778,SLB,1999,0
CIRC_00779,SLB,1999,0
CIRC_00780,SLB,1999,0
CIRC_00781,SLB,1999,0
CIRC_00782,SLB,1999,0
CIRC_00783,SLB,1999,0
CIRC_00784,SLB,1999,0
CIRC_00785,SLB,1999,0
CIRC_00786,ETH,1999,0
CIRC_00787,SOM,1999,0
CIRC_00788,SOM,1999,12.5377358490566
CIRC_00789,ESP,1999,62.8717948717949
CIRC_00790,ESP,1999,62.9475806451613
CIRC_00791,ESP,1999,59.0806451612903
CIRC_00792,ESP,1999,48.5204918032787
CIRC_00793,LKA,1999,62.3916666666667
CIRC_00794,LKA,1999,12
CIRC_00795,LKA,1999,6
CIRC_00796,LKA,1999,25.3882978723404
CIRC_00797,LKA,1999,14.7783505154639
CIRC_00798,SSD,1999,0
CIRC_00799,SDN,1999,2.08333333333333
CIRC_00800,SDN,1999,0
CIRC_00801,SUR,1999,36.5934065934066
CIRC_00802,SUR,1999,0
CIRC_00803,SUR,1999,6.37222222222222
CIRC_00804,SUR,1999,12.1958762886598
CIRC_00805,SWZ,1999,25.8173076923077
CIRC_00806,SWE,1999,44.7469879518072
CIRC_00807,SWE,1999,49.3428571428571
CIRC_00808,SWE,1999,19.7762430939227
CIRC_00809,SWE,1999,62.9542682926829
CIRC_00810,SWE,1999,53.5300546448088
CIRC_00811,SWE,1999,47.605421686747
CIRC_00812,CHE,1999,41.5698529411765
CIRC_00813,CHE,1999,33.2067669172932
CIRC_00814,CHE,1999,39.1455223880597
CIRC_00815,CHE,1999,5.55597014925373
CIRC_00816,CHE,1999,56.3833333333334
CIRC_00817,CHE,1999,25.0474452554745
CIRC_00818,CHE,1999,30.3333333333333
CIRC_00819,CHE,1999,29.7444444444444
CIRC_00820,CHE,1999,41.4592592592593
CIRC_00821,CHE,1999,19.2717391304348
CIRC_00822,CHE,1999,42.7426470588235
CIRC_00823,CHE,1999,32.3860294117647
CIRC_00824,CHE,1999,20.9379562043796
CIRC_00825,CHE,1999,23.5419847328244
CIRC_00826,CHE,1999,44.4275362318841
CIRC_00827,CHE,1999,27.9528985507246
CIRC_00828,CHE,1999,38.6555555555556
CIRC_00829,CHE,1999,12.0510948905109
CIRC_00830,CHE,1999,19.7272727272727
CIRC_00831,CHE,1999,22.4769230769231
CIRC_00832,CHE,1999,22.3576642335766
CIRC_00833,SYR,1999,23.3103448275862
CIRC_00834,SYR,1999,62.6666666666667
CIRC_00835,TJK,1999,2.24358974358975
CIRC_00836,TJK,1999,39.5450819672131
CIRC_00837,TJK,1999,0
CIRC_00838,TJK,1999,14.8362068965517
CIRC_00839,TWN,1999,26
CIRC_00840,TWN,1999,27.635
CIRC_00841,HKG,1999,62.6376811594203
CIRC_00842,TWN,1999,61.8529411764706
CIRC_00843,TZA,1999,0
CIRC_00844,TZA,1999,0
CIRC_00845,TZA,1999,0
CIRC_00846,TZA,1999,0
CIRC_00847,TZA,1999,0
CIRC_00848,THA,1999,62.9947368421053
CIRC_00849,THA,1999,62.9946808510638
CIRC_00850,THA,1999,62.6302083333333
CIRC_00851,THA,1999,19.7765957446808
CIRC_00852,THA,1999,45.8958333333333
CIRC_00853,THA,1999,62.8817204301075
CIRC_00854,THA,1999,8.85567010309278
CIRC_00855,THA,1999,15.9484536082474
CIRC_00856,THA,1999,5.53684210526316
CIRC_00857,GBR,1999,62.8527607361963
CIRC_00858,THA,1999,42.4578947368421
CIRC_00859,TKM,1999,33.3057851239669
CIRC_00860,TKM,1999,14.4621848739496
CIRC_00861,TKM,1999,59.4739130434783
CIRC_00862,TGO,1999,1.12365591397849
CIRC_00863,TGO,1999,3.09868421052632
CIRC_00864,TGO,1999,0
CIRC_00865,TTO,1999,28.1967213114754
CIRC_00866,TTO,1999,51.7313432835821
CIRC_00867,TTO,1999,18.0947368421053
CIRC_00868,TTO,1999,7.03378378378378
CIRC_00869,TTO,1999,15.9770114942529
CIRC_00870,TUN,1999,60.1733333333333
CIRC_00871,TUN,1999,17.6467889908257
CIRC_00872,TUN,1999,62.0215053763441
CIRC_00873,TUN,1999,18.8652173913043
CIRC_00874,TUN,1999,60.2386363636364
CIRC_00875,TUN,1999,14.0391304347826
CIRC_00876,TUN,1999,33.4333333333333
CIRC_00877,TUR,1999,28.2875
CIRC_00878,TUR,1999,62.3769230769231
CIRC_00879,TUR,1999,4.67241379310345
CIRC_00880,TUR,1999,62.4051724137931
CIRC_00881,TUR,1999,12.0681818181818
CIRC_00882,TUR,1999,58.4214876033058
CIRC_00883,TUR,1999,62.6593406593407
CIRC_00884,ARE,1999,60.2738095238095
CIRC_00885,ARE,1999,60.1372549019608
CIRC_00886,UGA,1999,0
CIRC_00887,GBR,1999,33.228476821192
CIRC_00888,GBR,1999,23.8253424657534
CIRC_00889,GBR,1999,62.7328767123288
CIRC_00890,GBR,1999,49.2
CIRC_00891,GBR,1999,45.7586206896552
CIRC_00892,USA,1999,62.9742268041237
CIRC_00893,GBR,1999,52.8708609271523
CIRC_00894,GBR,1999,61.9351145038168
CIRC_00895,UKR,1999,0.479591836734693
CIRC_00896,UKR,1999,5.30263157894737
CIRC_00897,UKR,1999,0.197986577181208
CIRC_00898,UKR,1999,31.2285714285714
CIRC_00899,UKR,1999,54.209219858156
CIRC_00900,UKR,1999,7.41153846153846
CIRC_00901,UKR,1999,54.3007246376812
CIRC_00902,URY,1999,62.3571428571429
CIRC_00903,URY,1999,61.489010989011
CIRC_00904,USA,1999,61.1309523809524
CIRC_00905,USA,1999,33.0391304347826
CIRC_00906,USA,1999,61.5482456140351
CIRC_00907,USA,1999,61.5634920634921
CIRC_00908,USA,1999,62.8318965517241
CIRC_00909,USA,1999,56.7056451612903
CIRC_00910,UZB,1999,40.3925619834711
CIRC_00911,UZB,1999,60.6895161290323
CIRC_00912,UZB,1999,9.49159663865546
CIRC_00913,VEN,1999,25.0368421052632
CIRC_00914,VEN,1999,16.7944444444444
CIRC_00915,VEN,1999,3.5
CIRC_00916,VEN,1999,14.6868131868132
CIRC_00917,VEN,1999,62.6467391304348
CIRC_00918,YEM,1999,3.22916666666667
CIRC_00919,YEM,1999,0.196808510638298
CIRC_00920,YEM,1999,6.53092783505155
CIRC_00921,SRB,1999,24.5390625
CIRC_00922,MNE,1999,11.1551724137931
CIRC_00923,ZMB,1999,2.53296703296703
CIRC_00924,ZMB,1999,42.7157894736842
CIRC_00925,ZMB,1999,25.2552083333333
CIRC_00926,ZWE,1999,0
CIRC_00927,ZMB,1999,0
CIRC_00928,ZMB,1999,16.765
CIRC_00929,ZMB,1999,39.75
CIRC_00930,ZMB,1999,0
CIRC_00931,ZWE,1999,0
CIRC_00932,ZWE,1999,10.5721649484536
CIRC_00933,COM,1999,0.12987012987013
CIRC_00934,MDV,1999,46.1666666666667
CIRC_00935,SAU,1999,63
CIRC_00936,ISR,1999,62.9861111111111
CIRC_00937,COM,1999,1.35555555555556
CIRC_00938,COM,1999,0.566666666666667
CIRC_00941,LBY,1999,62.6230769230769
CIRC_00942,SGP,1999,62.9470588235294
CIRC_00943,MKD,1999,49.8196721311476
CIRC_00945,QAT,1999,62.7678571428572
CIRC_00946,MDA,1999,2.53409090909091
CIRC_00947,SGP,1999,62.7529411764706
CIRC_00948,LSO,1999,1.01415094339623
CIRC_00949,MDA,1999,0.471223021582734
CIRC_00950,COM,1999,0.755555555555555
CIRC_00951,LSO,1999,0
CIRC_00952,MUS,1999,47.2837837837838
CIRC_00953,ISR,1999,63
CIRC_00954,TKM,1999,32.1304347826087
CIRC_00955,LBY,1999,24.5075757575758
CIRC_00956,ISR,1999,51.2633928571429
CIRC_00957,MUS,1999,30.958762886598
CIRC_00958,GTM,1999,62.4175257731959
CIRC_00959,MDA,1999,3.67753623188406
CIRC_00960,ISR,1999,62.8076923076923
CIRC_00961,SSD,1999,0
CIRC_00962,CYP,1999,56.08
CIRC_00964,LSO,1999,39.6825396825397
CIRC_00965,MDA,1999,1.92700729927007
CIRC_00001,AFG,2000,0.172566371681416
CIRC_00002,AFG,2000,24.6830357142857
CIRC_00003,AFG,2000,0
CIRC_00004,AFG,2000,0
CIRC_00005,AFG,2000,8.80092592592593
CIRC_00006,AFG,2000,0
CIRC_00007,AFG,2000,0.0377358490566038
CIRC_00008,ALB,2000,18.8790322580645
CIRC_00009,ALB,2000,0.482758620689655
CIRC_00010,ALB,2000,39.922131147541
CIRC_00011,ALB,2000,1.50416666666667
CIRC_00012,DZA,2000,4.69911504424779
CIRC_00013,DZA,2000,29.7173913043478
CIRC_00014,DZA,2000,8.30434782608696
CIRC_00015,DZA,2000,39.4122807017544
CIRC_00016,MAR,2000,48.5877192982456
CIRC_00017,DZA,2000,4.78947368421053
CIRC_00018,DZA,2000,17.8918918918919
CIRC_00019,AGO,2000,54.843137254902
CIRC_00020,AGO,2000,18.1979166666667
CIRC_00021,ARG,2000,6.46261682242991
CIRC_00022,ARG,2000,62.2889908256881
CIRC_00023,ARG,2000,17.0144230769231
CIRC_00024,ARG,2000,49.9545454545455
CIRC_00025,ARG,2000,62.8173913043478
CIRC_00026,ARG,2000,36.75
CIRC_00027,ARG,2000,59.5565217391304
CIRC_00028,ARG,2000,39.495652173913
CIRC_00029,ARG,2000,62.9101123595506
CIRC_00030,ARG,2000,62.9767441860465
CIRC_00031,SYR,2000,6.10869565217391
CIRC_00032,AZE,2000,7.58677685950413
CIRC_00033,ARM,2000,49.6707317073171
CIRC_00034,ARM,2000,50.4117647058824
CIRC_00035,ARM,2000,2.71186440677966
CIRC_00036,AUS,2000,5.00854700854701
CIRC_00037,AUS,2000,62.8023255813954
CIRC_00038,AUS,2000,15.5333333333333
CIRC_00039,GBR,2000,47.8617021276596
CIRC_00040,GBR,2000,63
CIRC_00041,AUS,2000,62.5056818181818
CIRC_00042,AUT,2000,62.5964285714286
CIRC_00043,AUT,2000,48.3419117647059
CIRC_00044,AUT,2000,31.4326241134752
CIRC_00045,AUT,2000,4.9113475177305
CIRC_00046,AUT,2000,61.0791366906475
CIRC_00047,AUT,2000,61.8705035971223
CIRC_00048,AUT,2000,14.0467625899281
CIRC_00049,CHE,2000,17.1678832116788
CIRC_00050,AZE,2000,60.1049382716049
CIRC_00051,AZE,2000,0.815573770491804
CIRC_00052,AZE,2000,60.0705128205128
CIRC_00053,AZE,2000,15.2782258064516
CIRC_00054,BHR,2000,57.5526315789474
CIRC_00055,BHR,2000,62.815
CIRC_00056,BRB,2000,55.14375
CIRC_00057,BRB,2000,18.4473684210526
CIRC_00058,BRB,2000,23.6736111111111
CIRC_00059,BRB,2000,21.7916666666667
CIRC_00060,BEL,2000,43.6566666666667
CIRC_00061,FRA,2000,62.5157480314961
CIRC_00062,BEL,2000,55.3531468531469
CIRC_00063,BEL,2000,47.9120879120879
CIRC_00064,BEL,2000,62.0704697986577
CIRC_00065,BEL,2000,50.40625
CIRC_00066,BEL,2000,51.4965986394558
CIRC_00067,BEL,2000,62.3639455782313
CIRC_00068,BEL,2000,61.0993150684932
CIRC_00069,BEN,2000,0
CIRC_00070,TGO,2000,52.1888888888889
CIRC_00071,BEN,2000,0
CIRC_00072,BEN,2000,4.2445652173913
CIRC_00073,BFA,2000,56.4894736842105
CIRC_00074,BFA,2000,4.31914893617021
CIRC_00075,BFA,2000,1.23157894736842
CIRC_00076,BFA,2000,56.7582417582418
CIRC_00077,BFA,2000,0
CIRC_00078,BHS,2000,60.4074074074074
CIRC_00079,BHS,2000,46.1858974358974
CIRC_00080,BHS,2000,57.6021505376344
CIRC_00081,BTN,2000,8.39814814814815
CIRC_00082,BTN,2000,0
CIRC_00083,BTN,2000,1.17307692307692
CIRC_00084,BTN,2000,5.1875
CIRC_00085,BTN,2000,0
CIRC_00086,BTN,2000,0
CIRC_00087,BLR,2000,59.8633540372671
CIRC_00088,BLR,2000,5.39354838709677
CIRC_00089,BLR,2000,5.41194968553459
CIRC_00090,BLZ,2000,37.2142857142857
CIRC_00091,BLZ,2000,10.4030612244898
CIRC_00092,BLZ,2000,12.7727272727273
CIRC_00093,IND,2000,6.48557692307692
CIRC_00094,BGD,2000,0.747524752475248
CIRC_00095,BGD,2000,3.4059405940594
CIRC_00096,IND,2000,8.59223300970874
CIRC_00097,BGD,2000,2.36633663366337
CIRC_00098,BGD,2000,22.945
CIRC_00099,BGD,2000,5.72115384615385
CIRC_00100,BOL,2000,61.609375
CIRC_00101,BOL,2000,60.680412371134
CIRC_00102,BOL,2000,62.0208333333333
CIRC_00103,BOL,2000,0
CIRC_00104,BOL,2000,2.296875
CIRC_00105,BIH,2000,2.59022556390978
CIRC_00106,BIH,2000,15.4615384615385
CIRC_00107,HRV,2000,4.85887096774194
CIRC_00108,BIH,2000,16.1944444444444
CIRC_00109,BIH,2000,53.5076335877863
CIRC_00110,BIH,2000,5.492
CIRC_00111,BIH,2000,13.8219696969697
CIRC_00112,BIH,2000,30.9418604651163
CIRC_00113,BIH,2000,10.7016129032258
CIRC_00114,BIH,2000,11.984496124031
CIRC_00115,BIH,2000,14.4153846153846
CIRC_00116,BIH,2000,3.17054263565892
CIRC_00117,BIH,2000,34.4140625
CIRC_00118,BIH,2000,10.0039682539683
CIRC_00119,BIH,2000,9.31153846153846
CIRC_00120,BWA,2000,6.93137254901961
CIRC_00121,BWA,2000,0
CIRC_00122,GBR,2000,58.9335664335664
CIRC_00123,BWA,2000,3.03921568627451
CIRC_00124,BRA,2000,11.6923076923077
CIRC_00125,BRA,2000,62.8854166666667
CIRC_00126,BRA,2000,53.5555555555556
CIRC_00127,BRA,2000,7.66842105263158
CIRC_00128,BRA,2000,61.3177083333333
CIRC_00129,BRA,2000,29.695
CIRC_00130,BRA,2000,4.79611650485437
CIRC_00131,BRN,2000,53.6348314606742
CIRC_00132,BDI,2000,0
CIRC_00133,BDI,2000,0
CIRC_00134,BDI,2000,25.8776595744681
CIRC_00135,BDI,2000,0
CIRC_00136,BDI,2000,0
CIRC_00137,BDI,2000,2.26704545454546
CIRC_00138,BDI,2000,0
CIRC_00139,BDI,2000,0.287234042553192
CIRC_00140,BGR,2000,0.416030534351146
CIRC_00141,RUS,2000,63
CIRC_00142,BGR,2000,2.41796875
CIRC_00143,BGR,2000,61.1349206349206
CIRC_00144,BGR,2000,13.136
CIRC_00145,BGR,2000,48.608
CIRC_00146,UKR,2000,39.4242424242424
CIRC_00147,BGR,2000,18.5236220472441
CIRC_00148,USA,2000,63
CIRC_00149,BGR,2000,14.356
CIRC_00150,BGR,2000,12.9596774193548
CIRC_00151,BGR,2000,4.56910569105691
CIRC_00152,BGR,2000,5.364
CIRC_00153,BGR,2000,26.6744186046512
CIRC_00154,KHM,2000,0
CIRC_00155,KHM,2000,42.1559139784946
CIRC_00156,KHM,2000,0.683333333333333
CIRC_00157,CAN,2000,55.8828125
CIRC_00158,CAN,2000,30.2076923076923
CIRC_00159,CAN,2000,53.8481481481482
CIRC_00160,CAN,2000,62.4607843137255
CIRC_00161,CAN,2000,62.9961538461539
CIRC_00162,CAN,2000,62.8230769230769
CIRC_00163,CMR,2000,3.56914893617021
CIRC_00164,CPV,2000,0.0618556701030928
CIRC_00165,CPV,2000,16.7627118644068
CIRC_00166,CPV,2000,2.37113402061856
CIRC_00167,CPV,2000,17.9421052631579
CIRC_00168,CIV,2000,26.0489130434783
CIRC_00169,CIV,2000,0
CIRC_00170,CIV,2000,1.32222222222222
CIRC_00171,CIV,2000,19
CIRC_00172,CIV,2000,11.2336956521739
CIRC_00173,CAF,2000,29.1157894736842
CIRC_00174,CAF,2000,0
CIRC_00175,GAB,2000,5.42021276595745
CIRC_00176,CAF,2000,0
CIRC_00177,CAF,2000,0
CIRC_00178,TCD,2000,30.2042253521127
CIRC_00179,TCD,2000,1.775
CIRC_00180,TCD,2000,0
CIRC_00181,TCD,2000,30.7222222222222
CIRC_00182,CHL,2000,52.2788461538462
CIRC_00183,CHL,2000,57.7349397590362
CIRC_00184,CHL,2000,63
CIRC_00185,CHL,2000,46.9761904761905
CIRC_00186,CHN,2000,11.6018518518519
CIRC_00187,CHN,2000,51.9722222222222
CIRC_00188,CHN,2000,41.5566037735849
CIRC_00189,CHN,2000,62.6352459016394
CIRC_00190,COL,2000,60.5212765957447
CIRC_00191,COL,2000,52.1590909090909
CIRC_00192,COL,2000,58.4095744680851
CIRC_00193,COL,2000,60.2872340425532
CIRC_00194,COL,2000,5.82105263157895
CIRC_00195,MDG,2000,15.8648648648649
CIRC_00196,FRA,2000,6.52255639097745
CIRC_00197,COM,2000,0.765432098765432
CIRC_00198,COM,2000,0
CIRC_00199,COM,2000,1.61016949152542
CIRC_00200,COM,2000,0.25974025974026
CIRC_00201,COM,2000,1.59259259259259
CIRC_00202,COM,2000,0.528301886792453
CIRC_00203,COG,2000,0.75
CIRC_00204,COG,2000,0
CIRC_00205,CRI,2000,60.4421052631579
CIRC_00206,NIC,2000,13.6702127659574
CIRC_00207,CRI,2000,62.9329896907217
CIRC_00208,CRI,2000,62.8829787234043
CIRC_00209,HRV,2000,15.3473282442748
CIRC_00210,HRV,2000,62.1666666666667
CIRC_00211,HRV,2000,6.28571428571429
CIRC_00212,HRV,2000,45.3239436619718
CIRC_00213,CUB,2000,0.843434343434343
CIRC_00214,CUB,2000,8.05050505050505
CIRC_00215,XNC,2000,32.1393442622951
CIRC_00216,XNC,2000,58.0545454545455
CIRC_00217,XNC,2000,17.3608695652174
CIRC_00218,CYP,2000,8.35526315789474
CIRC_00219,CYP,2000,35.1055555555556
CIRC_00220,SVK,2000,14.8676470588235
CIRC_00221,CZE,2000,51.887323943662
CIRC_00222,CZE,2000,62.5535714285714
CIRC_00223,CZE,2000,24.5
CIRC_00224,CZE,2000,26.3253424657534
CIRC_00225,CZE,2000,45.6892857142857
CIRC_00226,CZE,2000,21.3768115942029
CIRC_00227,CZE,2000,30.9542253521127
CIRC_00228,CZE,2000,59.7054794520548
CIRC_00229,CZE,2000,13.4895104895105
CIRC_00230,SVK,2000,60.1496062992126
CIRC_00231,CZE,2000,16.0815602836879
CIRC_00232,DNK,2000,15.4027777777778
CIRC_00233,DNK,2000,41.7857142857143
CIRC_00234,DNK,2000,5.37278106508876
CIRC_00235,DNK,2000,39.6741935483871
CIRC_00236,DNK,2000,61.2222222222222
CIRC_00237,DNK,2000,53.4134615384615
CIRC_00238,SOM,2000,0
CIRC_00239,ETH,2000,13.8297872340426
CIRC_00240,DOM,2000,12.5618556701031
CIRC_00241,DOM,2000,61.578125
CIRC_00242,DOM,2000,57.7722772277228
CIRC_00243,DOM,2000,0
CIRC_00244,COD,2000,0
CIRC_00245,COD,2000,0
CIRC_00246,COD,2000,0
CIRC_00247,COD,2000,59.7554347826087
CIRC_00248,VNM,2000,5.8659793814433
CIRC_00249,VNM,2000,22.9019607843137
CIRC_00250,VNM,2000,0
CIRC_00251,VNM,2000,0
CIRC_00252,VNM,2000,17.970297029703
CIRC_00253,ECU,2000,53.8924731182796
CIRC_00254,USA,2000,62.8590909090909
CIRC_00255,ECU,2000,59.7111111111111
CIRC_00256,ECU,2000,49.2365591397849
CIRC_00257,ECU,2000,33.5777777777778
CIRC_00258,ECU,2000,0.75974025974026
CIRC_00259,ECU,2000,59.8440860215054
CIRC_00260,USA,2000,62.3951612903226
CIRC_00261,EGY,2000,51.5405405405405
CIRC_00262,EGY,2000,63
CIRC_00263,EGY,2000,39.5183486238532
CIRC_00264,GNQ,2000,0.656626506024096
CIRC_00265,ERI,2000,30.2894736842105
CIRC_00266,EST,2000,35.622905027933
CIRC_00267,EST,2000,0.357558139534884
CIRC_00268,EST,2000,21.8286516853933
CIRC_00269,EST,2000,60.0871212121212
CIRC_00270,EST,2000,4.40056818181818
CIRC_00271,EST,2000,48.1797752808989
CIRC_00272,ETH,2000,4.62105263157895
CIRC_00273,ETH,2000,4.16315789473684
CIRC_00274,ETH,2000,0.371134020618557
CIRC_00275,ETH,2000,0
CIRC_00276,TLS,2000,0.927272727272728
CIRC_00277,TLS,2000,17.4538461538462
CIRC_00278,TLS,2000,0
CIRC_00279,TLS,2000,17.1194029850746
CIRC_00280,TLS,2000,0
CIRC_00281,TLS,2000,0
CIRC_00282,FIN,2000,46.75
CIRC_00283,RUS,2000,36.1145038167939
CIRC_00284,FIN,2000,61.3150684931507
CIRC_00285,FIN,2000,33.7617801047121
CIRC_00286,FJI,2000,0
CIRC_00287,FJI,2000,0.0824742268041237
CIRC_00288,FJI,2000,7.265625
CIRC_00289,FJI,2000,7.24719101123596
CIRC_00290,FJI,2000,0.262886597938144
CIRC_00291,FJI,2000,0
CIRC_00292,FJI,2000,0.128571428571429
CIRC_00293,FJI,2000,0
CIRC_00294,FRA,2000,13.8674242424242
CIRC_00295,FRA,2000,63
CIRC_00296,FRA,2000,63
CIRC_00297,FRA,2000,59.7657342657343
CIRC_00298,FRA,2000,55.4623287671233
CIRC_00299,GAB,2000,0.258241758241758
CIRC_00300,GAB,2000,3.82258064516129
CIRC_00301,COG,2000,50.29375
CIRC_00302,GAB,2000,0
CIRC_00303,GMB,2000,0
CIRC_00304,GMB,2000,0.8203125
CIRC_00305,GMB,2000,1.19473684210526
CIRC_00306,DEU,2000,62.3366013071895
CIRC_00307,DEU,2000,58.080985915493
CIRC_00308,DEU,2000,12.0233333333333
CIRC_00309,DEU,2000,61.8503184713376
CIRC_00310,DEU,2000,20.7272727272727
CIRC_00311,GHA,2000,58.8412698412698
CIRC_00312,GHA,2000,58.4565217391304
CIRC_00313,GHA,2000,15.032967032967
CIRC_00314,GHA,2000,2.37634408602151
CIRC_00315,GNB,2000,9.57692307692307
CIRC_00316,GNB,2000,0
CIRC_00317,GNB,2000,0
CIRC_00318,GNB,2000,0.9375
CIRC_00319,GNB,2000,0
CIRC_00320,GRC,2000,62.9421487603306
CIRC_00321,GRC,2000,47.3923076923077
CIRC_00322,GRC,2000,0.702830188679245
CIRC_00323,GRC,2000,62.6875
CIRC_00324,USA,2000,62.9346153846154
CIRC_00325,GRC,2000,62.922131147541
CIRC_00326,GRC,2000,26.5
CIRC_00327,GEO,2000,32.5
CIRC_00328,GEO,2000,3.22
CIRC_00329,GEO,2000,0
CIRC_00330,GEO,2000,13.8515625
CIRC_00331,FRA,2000,63
CIRC_00332,GTM,2000,62.1701030927835
CIRC_00333,GTM,2000,3.01041666666666
CIRC_00334,GTM,2000,10.09375
CIRC_00335,GIN,2000,0
CIRC_00336,GIN,2000,0
CIRC_00337,GIN,2000,0
CIRC_00338,GIN,2000,47.3333333333333
CIRC_00339,GIN,2000,0
CIRC_00340,GIN,2000,0.412371134020618
CIRC_00341,GUY,2000,40.3550724637681
CIRC_00342,GUY,2000,5.07142857142857
CIRC_00343,GUY,2000,0.824675324675324
CIRC_00344,USA,2000,62.888
CIRC_00345,GUY,2000,23.3967391304348
CIRC_00346,GUY,2000,0
CIRC_00347,GUY,2000,3.94520547945205
CIRC_00348,HTI,2000,0
CIRC_00349,HTI,2000,39.6493506493507
CIRC_00350,HTI,2000,26.2765957446808
CIRC_00351,HTI,2000,0
CIRC_00352,HTI,2000,2.19767441860465
CIRC_00353,HTI,2000,0
CIRC_00354,HTI,2000,0
CIRC_00355,HTI,2000,0
CIRC_00356,HND,2000,26.6802325581395
CIRC_00357,HND,2000,60.0421052631579
CIRC_00358,HND,2000,56.4202127659575
CIRC_00359,PAN,2000,60.3333333333333
CIRC_00360,HND,2000,0
CIRC_00361,HND,2000,18.9583333333333
CIRC_00362,HND,2000,6.31034482758621
CIRC_00363,HND,2000,2.88947368421053
CIRC_00364,HND,2000,0.811827956989247
CIRC_00365,HUN,2000,10.0724637681159
CIRC_00366,HUN,2000,63
CIRC_00367,HUN,2000,1.55
CIRC_00368,HUN,2000,44.9927536231884
CIRC_00369,HUN,2000,17.6111111111111
CIRC_00370,HUN,2000,43.8646616541354
CIRC_00371,ISL,2000,61.7450980392157
CIRC_00372,ISL,2000,5.51171875
CIRC_00373,ISL,2000,61.9579831932773
CIRC_00374,IND,2000,56.4851485148515
CIRC_00375,IND,2000,1.91904761904762
CIRC_00376,IND,2000,10.6632653061224
CIRC_00377,IND,2000,52.8382352941177
CIRC_00378,IND,2000,4.11052631578947
CIRC_00379,PAK,2000,32.3288288288288
CIRC_00380,PAK,2000,2.56422018348624
CIRC_00381,IND,2000,6.92574257425743
CIRC_00382,IDN,2000,11.936170212766
CIRC_00383,IDN,2000,12.5892857142857
CIRC_00384,IDN,2000,11.0421052631579
CIRC_00385,IDN,2000,43.1117021276596
CIRC_00386,IDN,2000,3.91578947368421
CIRC_00387,IDN,2000,42.4574468085106
CIRC_00388,IRL,2000,19.4076433121019
CIRC_00389,IRL,2000,2.75465838509317
CIRC_00390,IRL,2000,22.7672955974843
CIRC_00391,IRL,2000,62.945945945946
CIRC_00392,IRL,2000,20.0095541401274
CIRC_00393,IRL,2000,56.29
CIRC_00394,IRN,2000,10.0607476635514
CIRC_00395,IRN,2000,38.1636363636364
CIRC_00396,IRN,2000,14.1106194690266
CIRC_00397,IRN,2000,0
CIRC_00398,IRN,2000,62.7543103448276
CIRC_00399,IRQ,2000,18.4347826086957
CIRC_00400,USA,2000,16.625
CIRC_00401,USA,2000,28.196261682243
CIRC_00402,USA,2000,62.875
CIRC_00403,IRQ,2000,62.7990654205608
CIRC_00404,IRQ,2000,38.7522123893805
CIRC_00405,IRQ,2000,12.8363636363636
CIRC_00406,IRQ,2000,63
CIRC_00407,BLR,2000,2.22333333333333
CIRC_00408,ISR,2000,62.9473684210526
CIRC_00409,BLR,2000,1.07911392405063
CIRC_00410,ISR,2000,62.9736842105263
CIRC_00411,ISR,2000,60.4305555555556
CIRC_00412,ISR,2000,62.8672566371682
CIRC_00413,ISR,2000,50.3073394495413
CIRC_00414,ISR,2000,62.6666666666667
CIRC_00415,ITA,2000,63
CIRC_00416,ITA,2000,58.4814814814815
CIRC_00417,ITA,2000,53.4277108433735
CIRC_00418,ITA,2000,62.9777777777778
CIRC_00419,ITA,2000,61.2403100775194
CIRC_00420,ITA,2000,36.34375
CIRC_00421,ITA,2000,63
CIRC_00422,ITA,2000,53.0183823529412
CIRC_00423,ITA,2000,49.453488372093
CIRC_00424,ITA,2000,6.2375
CIRC_00425,JAM,2000,31.7268041237113
CIRC_00426,JAM,2000,6.29032258064516
CIRC_00427,JAM,2000,23.180412371134
CIRC_00428,JAM,2000,6.80412371134021
CIRC_00429,JAM,2000,44.7268041237114
CIRC_00430,JOR,2000,61.7897196261682
CIRC_00431,JPN,2000,63
CIRC_00432,JPN,2000,55.5132743362832
CIRC_00433,JPN,2000,63
CIRC_00434,JPN,2000,56.6739130434783
CIRC_00435,JPN,2000,41.7061403508772
CIRC_00436,JPN,2000,18.8035714285714
CIRC_00437,JPN,2000,15.6623376623377
CIRC_00438,JPN,2000,33.9695652173913
CIRC_00439,JPN,2000,59.669014084507
CIRC_00440,JPN,2000,61.4173913043478
CIRC_00441,JPN,2000,50.1818181818182
CIRC_00442,JPN,2000,62.9911504424779
CIRC_00443,JPN,2000,51.2153846153846
CIRC_00444,JPN,2000,62.7912621359223
CIRC_00445,JPN,2000,25.9
CIRC_00446,JPN,2000,63
CIRC_00447,KEN,2000,0
CIRC_00448,KEN,2000,4.16129032258065
CIRC_00449,KEN,2000,54.6855670103093
CIRC_00450,KEN,2000,0.467741935483871
CIRC_00451,XKO,2000,4.42276422764228
CIRC_00452,XKO,2000,31.124
CIRC_00453,XKO,2000,6.62096774193548
CIRC_00454,XKO,2000,30.1507936507936
CIRC_00455,XKO,2000,3.86
CIRC_00456,KWT,2000,62.9745762711865
CIRC_00457,KWT,2000,24.5190476190476
CIRC_00458,KGZ,2000,1.53937007874016
CIRC_00459,KGZ,2000,22.3918918918919
CIRC_00460,KGZ,2000,52.3629032258065
CIRC_00461,KGZ,2000,7.05284552845529
CIRC_00462,KGZ,2000,4.76829268292683
CIRC_00463,KGZ,2000,1.22222222222222
CIRC_00464,KGZ,2000,5.49603174603175
CIRC_00465,KAZ,2000,5.78682170542636
CIRC_00466,KAZ,2000,58.6150793650794
CIRC_00467,LAO,2000,12.1041666666667
CIRC_00468,THA,2000,22.7571428571429
CIRC_00469,LAO,2000,0
CIRC_00470,LAO,2000,0.869791666666666
CIRC_00471,LAO,2000,0
CIRC_00472,LVA,2000,61.2063953488372
CIRC_00473,LVA,2000,1.84397163120567
CIRC_00474,RUS,2000,0.307692307692308
CIRC_00475,LVA,2000,26.2705882352941
CIRC_00476,LVA,2000,5.81521739130435
CIRC_00477,LVA,2000,1.07100591715976
CIRC_00478,LVA,2000,0
CIRC_00479,USA,2000,62.6336206896552
CIRC_00480,LBR,2000,0
CIRC_00481,LBR,2000,0.566666666666667
CIRC_00482,LBR,2000,0
CIRC_00483,LBR,2000,0
CIRC_00484,LBR,2000,0
CIRC_00485,LBR,2000,0
CIRC_00486,LBR,2000,0
CIRC_00487,LBR,2000,15.4342105263158
CIRC_00488,LBN,2000,44.5720720720721
CIRC_00489,LBN,2000,49.3230088495575
CIRC_00490,LBN,2000,55.2241379310345
CIRC_00491,LBN,2000,46.6641791044776
CIRC_00492,LBN,2000,62.7068965517241
CIRC_00493,LBN,2000,62.3641304347826
CIRC_00494,LBN,2000,56.0878378378378
CIRC_00495,LSO,2000,0.261261261261262
CIRC_00496,LSO,2000,1.37264150943396
CIRC_00497,LSO,2000,3.30555555555555
CIRC_00498,LSO,2000,1.74038461538462
CIRC_00499,LSO,2000,2.79861111111111
CIRC_00500,LSO,2000,34.9675324675325
CIRC_00501,LSO,2000,1.47560975609756
CIRC_00502,LSO,2000,0
CIRC_00503,LBY,2000,22.1517857142857
CIRC_00504,LBY,2000,36.9770642201835
CIRC_00505,LBY,2000,62.8382352941177
CIRC_00506,LBY,2000,60.4380952380952
CIRC_00507,LBY,2000,26.9328358208955
CIRC_00508,LBY,2000,18.0486725663717
CIRC_00509,LBY,2000,62.8823529411765
CIRC_00510,LBY,2000,48.3472222222222
CIRC_00511,LTU,2000,46.429012345679
CIRC_00512,LTU,2000,11.1301775147929
CIRC_00513,LTU,2000,13.1845238095238
CIRC_00514,LTU,2000,55.4347826086957
CIRC_00515,LTU,2000,42.31640625
CIRC_00516,LUX,2000,21.1666666666667
CIRC_00517,LUX,2000,10.4335664335664
CIRC_00518,LUX,2000,55.5171232876712
CIRC_00519,LUX,2000,47.9305555555556
CIRC_00520,MRT,2000,0
CIRC_00521,MRT,2000,47.1185567010309
CIRC_00522,MRT,2000,0
CIRC_00523,MRT,2000,0
CIRC_00524,MRT,2000,0
CIRC_00525,MRT,2000,0
CIRC_00526,MKD,2000,19.5125
CIRC_00527,BIH,2000,43.2403100775194
CIRC_00528,MKD,2000,54.688
CIRC_00529,MKD,2000,5.38188976377953
CIRC_00530,MKD,2000,6.95491803278689
CIRC_00531,MKD,2000,20.4016393442623
CIRC_00532,MKD,2000,30.42
CIRC_00533,MDG,2000,0
CIRC_00534,MDG,2000,0
CIRC_00535,MDG,2000,5.43333333333333
CIRC_00536,MDG,2000,0
CIRC_00537,MDG,2000,10.1340206185567
CIRC_00538,MDG,2000,0
CIRC_00539,MYS,2000,45.2771739130435
CIRC_00540,MYS,2000,43.0642857142857
CIRC_00541,MYS,2000,7.84782608695652
CIRC_00542,MYS,2000,37.9014084507042
CIRC_00543,MYS,2000,0.11340206185567
CIRC_00544,MYS,2000,41.6914893617021
CIRC_00545,MUS,2000,37.8622448979592
CIRC_00546,MUS,2000,34.4095744680851
CIRC_00547,MUS,2000,26.8979591836735
CIRC_00548,MWI,2000,5.84020618556701
CIRC_00549,MWI,2000,0.0927835051546393
CIRC_00550,MWI,2000,3.46875
CIRC_00551,MWI,2000,1.15979381443299
CIRC_00552,MWI,2000,0
CIRC_00553,MWI,2000,45.765306122449
CIRC_00554,MEX,2000,63
CIRC_00555,MEX,2000,57.5360824742268
CIRC_00556,MEX,2000,25.1581632653061
CIRC_00557,MEX,2000,4.20833333333333
CIRC_00558,MDA,2000,0.792857142857142
CIRC_00559,MDA,2000,0.489285714285715
CIRC_00560,MDA,2000,0.537313432835821
CIRC_00561,RUS,2000,0
CIRC_00562,MDA,2000,4.37591240875913
CIRC_00563,MDA,2000,1.74632352941176
CIRC_00564,MDA,2000,1.70437956204379
CIRC_00565,MDA,2000,1.32835820895522
CIRC_00566,MDA,2000,45.8540145985401
CIRC_00567,MDA,2000,2.8021582733813
CIRC_00568,MDA,2000,2.75238095238095
CIRC_00569,MDA,2000,3.94890510948905
CIRC_00570,MDA,2000,0.477941176470589
CIRC_00571,MDA,2000,2.21167883211679
CIRC_00572,MDA,2000,44.705223880597
CIRC_00573,MDA,2000,3.5206611570248
CIRC_00574,MDA,2000,4.34172661870504
CIRC_00575,MLI,2000,8.07368421052631
CIRC_00576,MLI,2000,3.44210526315789
CIRC_00577,MLI,2000,0
CIRC_00578,MLI,2000,6.82105263157895
CIRC_00579,MLI,2000,8.34736842105263
CIRC_00580,MLI,2000,0
CIRC_00581,MLI,2000,1.44086021505376
CIRC_00582,MLT,2000,61.392523364486
CIRC_00583,MLT,2000,61.8723404255319
CIRC_00584,MLT,2000,61.4130434782609
CIRC_00585,MLT,2000,61.8524590163935
CIRC_00586,MNG,2000,0
CIRC_00587,MNG,2000,0
CIRC_00588,MNG,2000,0
CIRC_00589,MNG,2000,45.5547445255475
CIRC_00590,MNG,2000,0
CIRC_00591,MAR,2000,59.8571428571429
CIRC_00592,MMR,2000,48.4234693877551
CIRC_00593,MMR,2000,2.0969387755102
CIRC_00594,MMR,2000,0
CIRC_00595,MMR,2000,59.9431818181818
CIRC_00596,MMR,2000,15.9949494949495
CIRC_00597,MOZ,2000,0
CIRC_00598,MOZ,2000,0
CIRC_00599,MOZ,2000,0
CIRC_00600,NAM,2000,2.69587628865979
CIRC_00601,NAM,2000,0
CIRC_00602,NAM,2000,15.2091836734694
CIRC_00603,NPL,2000,49.3301886792453
CIRC_00604,IND,2000,51.1875
CIRC_00605,IND,2000,7.59134615384615
CIRC_00606,NPL,2000,0
CIRC_00607,NPL,2000,0
CIRC_00608,NPL,2000,0
CIRC_00609,NPL,2000,5.21153846153847
CIRC_00610,NPL,2000,6.9469696969697
CIRC_00611,NPL,2000,0.0594059405940594
CIRC_00612,NPL,2000,0
CIRC_00613,NPL,2000,0
CIRC_00614,NPL,2000,18.0485436893204
CIRC_00615,NPL,2000,0
CIRC_00616,NZL,2000,20.8571428571429
CIRC_00617,NZL,2000,17.7179487179487
CIRC_00618,NZL,2000,3.84782608695652
CIRC_00619,NZL,2000,9.3955223880597
CIRC_00620,NZL,2000,2.13333333333333
CIRC_00621,NZL,2000,61.9794520547945
CIRC_00622,NZL,2000,0.845588235294118
CIRC_00623,NZL,2000,47.0086956521739
CIRC_00624,NZL,2000,25.3347107438016
CIRC_00625,NZL,2000,58.9922480620155
CIRC_00626,NIC,2000,1.1578947368421
CIRC_00627,NIC,2000,10.5263157894737
CIRC_00628,NIC,2000,56.8315789473684
CIRC_00629,NIC,2000,24.6888888888889
CIRC_00630,NGA,2000,20.5478723404255
CIRC_00631,NGA,2000,55.4659090909091
CIRC_00632,NGA,2000,53.5421052631579
CIRC_00633,NGA,2000,21.8723404255319
CIRC_00634,NGA,2000,26.4421052631579
CIRC_00635,NGA,2000,19.6318681318681
CIRC_00636,NGA,2000,3.88947368421053
CIRC_00637,NER,2000,1.20833333333333
CIRC_00638,NER,2000,12.8453608247423
CIRC_00639,NER,2000,2.65104166666667
CIRC_00640,NER,2000,43.6595744680851
CIRC_00641,NER,2000,1.23404255319149
CIRC_00642,NER,2000,0
CIRC_00643,NER,2000,0
CIRC_00644,NER,2000,0
CIRC_00645,NER,2000,0
CIRC_00646,NOR,2000,41.5948905109489
CIRC_00647,NOR,2000,50.6538461538461
CIRC_00648,NOR,2000,58.2098765432099
CIRC_00649,NOR,2000,36.68
CIRC_00650,NOR,2000,13.5409836065574
CIRC_00651,NOR,2000,61.7097902097902
CIRC_00652,NOR,2000,53.0629139072848
CIRC_00653,NLD,2000,61.9006622516556
CIRC_00654,NLD,2000,25.8046357615894
CIRC_00655,NLD,2000,24.5514705882353
CIRC_00656,NLD,2000,60.2517482517483
CIRC_00657,OMN,2000,48.2525773195876
CIRC_00658,OMN,2000,55.1233766233766
CIRC_00659,PAK,2000,62.813829787234
CIRC_00660,PAK,2000,6.77403846153846
CIRC_00661,PAK,2000,62.8443396226415
CIRC_00662,PAK,2000,6.99519230769231
CIRC_00663,PAK,2000,17.2735849056604
CIRC_00664,IND,2000,62.3653846153846
CIRC_00665,PAK,2000,58.0420560747664
CIRC_00666,PAK,2000,0.217391304347826
CIRC_00667,PAK,2000,62.9866071428572
CIRC_00668,PAK,2000,4.00467289719626
CIRC_00669,PAN,2000,59.7413793103448
CIRC_00670,PAN,2000,0.420212765957447
CIRC_00671,PAN,2000,20.4510869565217
CIRC_00672,PRY,2000,1.31067961165049
CIRC_00673,PRY,2000,59.7990196078431
CIRC_00674,PRY,2000,12.8883495145631
CIRC_00675,PRY,2000,0.333333333333333
CIRC_00676,PRY,2000,53.8777777777778
CIRC_00677,PER,2000,62.9
CIRC_00678,PER,2000,39.234375
CIRC_00679,PER,2000,1.60824742268041
CIRC_00680,PER,2000,62.734375
CIRC_00681,PER,2000,17.4354838709677
CIRC_00682,PER,2000,1.91326530612245
CIRC_00683,PHL,2000,0.0701754385964912
CIRC_00684,PHL,2000,7.04494382022472
CIRC_00685,PHL,2000,62.9035087719298
CIRC_00686,PHL,2000,62.9948453608247
CIRC_00687,PHL,2000,62.9829545454546
CIRC_00688,PHL,2000,1.19565217391304
CIRC_00689,PHL,2000,62.9565217391304
CIRC_00690,PNG,2000,0
CIRC_00691,PNG,2000,0.314432989690722
CIRC_00692,PNG,2000,0
CIRC_00693,PNG,2000,37.2362637362638
CIRC_00694,PNG,2000,0
CIRC_00695,PNG,2000,6.22794117647059
CIRC_00696,PNG,2000,0
CIRC_00697,PNG,2000,0
CIRC_00698,POL,2000,7.15
CIRC_00699,POL,2000,5.07792207792208
CIRC_00700,POL,2000,10.4
CIRC_00701,POL,2000,62.2086092715232
CIRC_00702,POL,2000,10.3952702702703
CIRC_00703,POL,2000,9.90189873417721
CIRC_00704,POL,2000,37.1404109589041
CIRC_00705,POL,2000,60.40625
CIRC_00706,POL,2000,53.7357142857143
CIRC_00707,PRT,2000,62.53125
CIRC_00708,PRT,2000,30.5929203539823
CIRC_00709,PRK,2000,24.3193277310924
CIRC_00710,RUS,2000,2.5034965034965
CIRC_00711,QAT,2000,62.8176470588235
CIRC_00712,KOR,2000,37.0084745762712
CIRC_00713,KOR,2000,26.8846153846154
CIRC_00714,KOR,2000,3.81914893617021
CIRC_00715,KOR,2000,38.469298245614
CIRC_00716,JPN,2000,63
CIRC_00717,KOR,2000,62.875
CIRC_00718,KOR,2000,63
CIRC_00719,KOR,2000,20.8867924528302
CIRC_00720,KOR,2000,63
CIRC_00721,ROU,2000,62.6832061068702
CIRC_00722,ROU,2000,26.530534351145
CIRC_00723,UKR,2000,15.4734848484848
CIRC_00724,ROU,2000,0
CIRC_00725,ROU,2000,4.19202898550724
CIRC_00726,ROU,2000,34.6529850746269
CIRC_00727,ROU,2000,11.4473684210526
CIRC_00728,ROU,2000,27.273381294964
CIRC_00729,ROU,2000,8.14661654135339
CIRC_00730,ROU,2000,19.2209302325581
CIRC_00731,ROU,2000,34.7205882352941
CIRC_00732,RUS,2000,3.59774436090226
CIRC_00733,RUS,2000,3.16985645933015
CIRC_00734,RUS,2000,62.9162162162162
CIRC_00735,RWA,2000,4.62295081967213
CIRC_00736,RWA,2000,4.31521739130435
CIRC_00737,RWA,2000,0
CIRC_00738,ZAF,2000,62.9852941176471
CIRC_00739,ZAF,2000,0
CIRC_00740,ZAF,2000,0.112612612612613
CIRC_00741,ZAF,2000,62.335
CIRC_00742,ZAF,2000,1.65714285714286
CIRC_00743,ZAF,2000,62.4851485148515
CIRC_00744,SLV,2000,58.8817204301075
CIRC_00745,SLV,2000,36.3697916666667
CIRC_00746,SLV,2000,6.01052631578947
CIRC_00747,SLV,2000,5.56185567010309
CIRC_00748,SLV,2000,3.80412371134021
CIRC_00749,SAU,2000,63
CIRC_00750,SEN,2000,0
CIRC_00751,SEN,2000,2.93367346938775
CIRC_00752,SEN,2000,0
CIRC_00753,SRB,2000,60.70703125
CIRC_00754,SRB,2000,17.72
CIRC_00755,XKO,2000,20.452380952381
CIRC_00756,SLE,2000,0
CIRC_00757,SLE,2000,13.969387755102
CIRC_00758,SLE,2000,0
CIRC_00759,SLE,2000,0
CIRC_00760,SLE,2000,0
CIRC_00761,SLE,2000,0
CIRC_00762,SGP,2000,61.9459459459459
CIRC_00763,SGP,2000,62.4673913043478
CIRC_00764,SVK,2000,30.6993006993007
CIRC_00765,SVK,2000,8.41197183098591
CIRC_00766,SVK,2000,11.6443661971831
CIRC_00767,SVK,2000,24.1205673758865
CIRC_00768,SVK,2000,15.4172661870504
CIRC_00769,SVK,2000,37.9820143884892
CIRC_00770,SVK,2000,7.78846153846154
CIRC_00771,SVN,2000,5.84926470588235
CIRC_00772,SVN,2000,4.64566929133858
CIRC_00773,SVN,2000,30.6925925925926
CIRC_00774,SVN,2000,55.2074074074074
CIRC_00775,SVN,2000,15.0267175572519
CIRC_00776,SVN,2000,11.0522388059701
CIRC_00777,SVN,2000,24.0804597701149
CIRC_00778,SLB,2000,0
CIRC_00779,SLB,2000,0
CIRC_00780,SLB,2000,0
CIRC_00781,SLB,2000,0
CIRC_00782,SLB,2000,0
CIRC_00783,SLB,2000,0
CIRC_00784,SLB,2000,0
CIRC_00785,SLB,2000,0
CIRC_00786,ETH,2000,0
CIRC_00787,SOM,2000,0
CIRC_00788,SOM,2000,11.8679245283019
CIRC_00789,ESP,2000,62.9615384615385
CIRC_00790,ESP,2000,63
CIRC_00791,ESP,2000,59.1895161290323
CIRC_00792,ESP,2000,47.516393442623
CIRC_00793,LKA,2000,62.125
CIRC_00794,LKA,2000,11.0684210526316
CIRC_00795,LKA,2000,6.1989247311828
CIRC_00796,LKA,2000,22.7021276595745
CIRC_00797,LKA,2000,13.3298969072165
CIRC_00798,SSD,2000,0
CIRC_00799,SDN,2000,3.65686274509804
CIRC_00800,SDN,2000,0
CIRC_00801,SUR,2000,37.0274725274725
CIRC_00802,SUR,2000,0
CIRC_00803,SUR,2000,6.29444444444444
CIRC_00804,SUR,2000,13.639175257732
CIRC_00805,SWZ,2000,26.875
CIRC_00806,SWE,2000,44.0993975903615
CIRC_00807,SWE,2000,47.5714285714286
CIRC_00808,SWE,2000,14.8232044198895
CIRC_00809,SWE,2000,62.7042682926829
CIRC_00810,SWE,2000,43.051912568306
CIRC_00811,SWE,2000,47.3855421686747
CIRC_00812,CHE,2000,39.7132352941177
CIRC_00813,CHE,2000,29.5751879699248
CIRC_00814,CHE,2000,38.2873134328358
CIRC_00815,CHE,2000,6.47388059701493
CIRC_00816,CHE,2000,57.9888888888889
CIRC_00817,CHE,2000,21.7189781021898
CIRC_00818,CHE,2000,28.9457364341085
CIRC_00819,CHE,2000,26.5814814814815
CIRC_00820,CHE,2000,40.3074074074074
CIRC_00821,CHE,2000,17.5398550724638
CIRC_00822,CHE,2000,41.7536764705882
CIRC_00823,CHE,2000,30.4117647058824
CIRC_00824,CHE,2000,19.8832116788321
CIRC_00825,CHE,2000,21.7557251908397
CIRC_00826,CHE,2000,40.1376811594203
CIRC_00827,CHE,2000,27.6050724637681
CIRC_00828,CHE,2000,36.8481481481481
CIRC_00829,CHE,2000,9.22262773722628
CIRC_00830,CHE,2000,18.6212121212121
CIRC_00831,CHE,2000,20.3461538461539
CIRC_00832,CHE,2000,20.6386861313869
CIRC_00833,SYR,2000,23.3491379310345
CIRC_00834,SYR,2000,62.4324324324324
CIRC_00835,TJK,2000,5.5
CIRC_00836,TJK,2000,38.9959016393443
CIRC_00837,TJK,2000,0
CIRC_00838,TJK,2000,15.4741379310345
CIRC_00839,TWN,2000,25.7260273972603
CIRC_00840,TWN,2000,25.315
CIRC_00841,HKG,2000,62.9347826086957
CIRC_00842,TWN,2000,62.5637254901961
CIRC_00843,TZA,2000,0
CIRC_00844,TZA,2000,0
CIRC_00845,TZA,2000,0
CIRC_00846,TZA,2000,0
CIRC_00847,TZA,2000,0
CIRC_00848,THA,2000,63
CIRC_00849,THA,2000,63
CIRC_00850,THA,2000,62.5104166666667
CIRC_00851,THA,2000,18.2074468085106
CIRC_00852,THA,2000,48.6614583333333
CIRC_00853,THA,2000,62.9032258064516
CIRC_00854,THA,2000,8.89690721649485
CIRC_00855,THA,2000,16.7371134020619
CIRC_00856,THA,2000,5.51052631578947
CIRC_00857,GBR,2000,62.7791411042945
CIRC_00858,THA,2000,42.9578947368421
CIRC_00859,TKM,2000,34.8884297520661
CIRC_00860,TKM,2000,14.9537815126051
CIRC_00861,TKM,2000,58.4652173913044
CIRC_00862,TGO,2000,1.38172043010753
CIRC_00863,TGO,2000,2.125
CIRC_00864,TGO,2000,0
CIRC_00865,TTO,2000,27.0245901639344
CIRC_00866,TTO,2000,50.5820895522388
CIRC_00867,TTO,2000,17.721052631579
CIRC_00868,TTO,2000,6.63513513513514
CIRC_00869,TTO,2000,15.4655172413793
CIRC_00870,TUN,2000,61.2133333333333
CIRC_00871,TUN,2000,19.1926605504587
CIRC_00872,TUN,2000,62.3225806451613
CIRC_00873,TUN,2000,19.3869565217391
CIRC_00874,TUN,2000,60.0113636363636
CIRC_00875,TUN,2000,14.6260869565217
CIRC_00876,TUN,2000,31.2466666666667
CIRC_00877,TUR,2000,31.5375
CIRC_00878,TUR,2000,62.7076923076923
CIRC_00879,TUR,2000,4.48275862068966
CIRC_00880,TUR,2000,62.676724137931
CIRC_00881,TUR,2000,11
CIRC_00882,TUR,2000,60.8305785123967
CIRC_00883,TUR,2000,62.8131868131868
CIRC_00884,ARE,2000,61.1130952380952
CIRC_00885,ARE,2000,61.5
CIRC_00886,UGA,2000,0
CIRC_00887,GBR,2000,33.6192052980132
CIRC_00888,GBR,2000,23.9657534246575
CIRC_00889,GBR,2000,62.3698630136986
CIRC_00890,GBR,2000,51.3
CIRC_00891,GBR,2000,46.9770114942529
CIRC_00892,USA,2000,63
CIRC_00893,GBR,2000,52.3278145695364
CIRC_00894,GBR,2000,60.793893129771
CIRC_00895,UKR,2000,0.414965986394558
CIRC_00896,UKR,2000,5.45394736842105
CIRC_00897,UKR,2000,0.348993288590603
CIRC_00898,UKR,2000,33.4464285714286
CIRC_00899,UKR,2000,59.9219858156029
CIRC_00900,UKR,2000,8.7
CIRC_00901,UKR,2000,55.8659420289855
CIRC_00902,URY,2000,62.2053571428572
CIRC_00903,URY,2000,61.6703296703297
CIRC_00904,USA,2000,61.4761904761905
CIRC_00905,USA,2000,34.2739130434783
CIRC_00906,USA,2000,62.2631578947368
CIRC_00907,USA,2000,61.4047619047619
CIRC_00908,USA,2000,62.9741379310345
CIRC_00909,USA,2000,58.1693548387097
CIRC_00910,UZB,2000,45.8388429752066
CIRC_00911,UZB,2000,61.3467741935484
CIRC_00912,UZB,2000,8.95378151260504
CIRC_00913,VEN,2000,24.2894736842105
CIRC_00914,VEN,2000,16.9944444444444
CIRC_00915,VEN,2000,3.70618556701031
CIRC_00916,VEN,2000,14.6813186813187
CIRC_00917,VEN,2000,62.8532608695652
CIRC_00918,YEM,2000,4.55729166666667
CIRC_00919,YEM,2000,0.388297872340425
CIRC_00920,YEM,2000,5.94329896907216
CIRC_00921,SRB,2000,24.5234375
CIRC_00922,MNE,2000,11.6077586206897
CIRC_00923,ZMB,2000,2.44505494505494
CIRC_00924,ZMB,2000,43.4421052631579
CIRC_00925,ZMB,2000,24.2708333333333
CIRC_00926,ZWE,2000,0
CIRC_00927,ZMB,2000,0
CIRC_00928,ZMB,2000,16.605
CIRC_00929,ZMB,2000,40.03125
CIRC_00930,ZMB,2000,0
CIRC_00931,ZWE,2000,0
CIRC_00932,ZWE,2000,9.05670103092783
CIRC_00933,COM,2000,0.772727272727273
CIRC_00934,MDV,2000,44
CIRC_00935,SAU,2000,63
CIRC_00936,ISR,2000,62.8888888888889
CIRC_00937,COM,2000,1.9
CIRC_00938,COM,2000,0.572222222222222
CIRC_00941,LBY,2000,62.8307692307692
CIRC_00942,SGP,2000,62.8411764705882
CIRC_00943,MKD,2000,53.6762295081967
CIRC_00945,QAT,2000,62.8630952380953
CIRC_00946,MDA,2000,2.50378787878788
CIRC_00947,SGP,2000,62.3117647058824
CIRC_00948,LSO,2000,1.91509433962264
CIRC_00949,MDA,2000,0.482014388489209
CIRC_00950,COM,2000,0.888888888888889
CIRC_00951,LSO,2000,0
CIRC_00952,MUS,2000,46.3310810810811
CIRC_00953,ISR,2000,62.9722222222222
CIRC_00954,TKM,2000,34.895652173913
CIRC_00955,LBY,2000,27.1742424242424
CIRC_00956,ISR,2000,49.9330357142857
CIRC_00957,MUS,2000,29.5515463917526
CIRC_00958,GTM,2000,62.1649484536083
CIRC_00959,MDA,2000,4.29710144927536
CIRC_00960,ISR,2000,62.9230769230769
CIRC_00961,SSD,2000,0
CIRC_00962,CYP,2000,55.0866666666667
CIRC_00964,LSO,2000,38.3015873015873
CIRC_00965,MDA,2000,1.74817518248175
CIRC_00001,AFG,2001,0.123893805309735
CIRC_00002,AFG,2001,22.46875
CIRC_00003,AFG,2001,0
CIRC_00004,AFG,2001,0
CIRC_00005,AFG,2001,4.49537037037036
CIRC_00006,AFG,2001,0
CIRC_00007,AFG,2001,0
CIRC_00008,ALB,2001,17.383064516129
CIRC_00009,ALB,2001,0
CIRC_00010,ALB,2001,42.9713114754098
CIRC_00011,ALB,2001,0.900000000000001
CIRC_00012,DZA,2001,4.98230088495575
CIRC_00013,DZA,2001,30.9608695652174
CIRC_00014,DZA,2001,8.43043478260869
CIRC_00015,DZA,2001,40.3815789473684
CIRC_00016,MAR,2001,46.9605263157895
CIRC_00017,DZA,2001,3.9780701754386
CIRC_00018,DZA,2001,17.7117117117117
CIRC_00019,AGO,2001,55.0392156862745
CIRC_00020,AGO,2001,25.1458333333333
CIRC_00021,ARG,2001,5.97663551401869
CIRC_00022,ARG,2001,62.3577981651376
CIRC_00023,ARG,2001,17
CIRC_00024,ARG,2001,49.6090909090909
CIRC_00025,ARG,2001,62.8739130434783
CIRC_00026,ARG,2001,39.1203703703704
CIRC_00027,ARG,2001,59.7739130434783
CIRC_00028,ARG,2001,37.2391304347826
CIRC_00029,ARG,2001,62.9550561797753
CIRC_00030,ARG,2001,62.9825581395349
CIRC_00031,SYR,2001,5.94347826086957
CIRC_00032,AZE,2001,7.07438016528926
CIRC_00033,ARM,2001,46.1747967479675
CIRC_00034,ARM,2001,46.8613445378151
CIRC_00035,ARM,2001,1.5635593220339
CIRC_00036,AUS,2001,4.91880341880342
CIRC_00037,AUS,2001,62.9418604651163
CIRC_00038,AUS,2001,16.0380952380952
CIRC_00039,GBR,2001,49.5691489361702
CIRC_00040,GBR,2001,63
CIRC_00041,AUS,2001,62.75
CIRC_00042,AUT,2001,62.7214285714286
CIRC_00043,AUT,2001,46.9154411764706
CIRC_00044,AUT,2001,35.2765957446809
CIRC_00045,AUT,2001,5.43262411347518
CIRC_00046,AUT,2001,60.9028776978417
CIRC_00047,AUT,2001,61.863309352518
CIRC_00048,AUT,2001,15.521582733813
CIRC_00049,CHE,2001,17.4416058394161
CIRC_00050,AZE,2001,58.6111111111111
CIRC_00051,AZE,2001,0.90983606557377
CIRC_00052,AZE,2001,58.5512820512821
CIRC_00053,AZE,2001,14.741935483871
CIRC_00054,BHR,2001,56.8771929824561
CIRC_00055,BHR,2001,62.77
CIRC_00056,BRB,2001,56.14375
CIRC_00057,BRB,2001,20.1184210526316
CIRC_00058,BRB,2001,26.2638888888889
CIRC_00059,BRB,2001,23.7239583333333
CIRC_00060,BEL,2001,44.8866666666667
CIRC_00061,FRA,2001,60.5551181102362
CIRC_00062,BEL,2001,56.6573426573427
CIRC_00063,BEL,2001,49.5714285714286
CIRC_00064,BEL,2001,62.4060402684564
CIRC_00065,BEL,2001,50.7256944444444
CIRC_00066,BEL,2001,53.1700680272109
CIRC_00067,BEL,2001,62.8469387755102
CIRC_00068,BEL,2001,61.2671232876712
CIRC_00069,BEN,2001,0
CIRC_00070,TGO,2001,48.4444444444445
CIRC_00071,BEN,2001,0
CIRC_00072,BEN,2001,4.35326086956522
CIRC_00073,BFA,2001,57.5894736842105
CIRC_00074,BFA,2001,4.54787234042553
CIRC_00075,BFA,2001,1.83157894736842
CIRC_00076,BFA,2001,57.8461538461539
CIRC_00077,BFA,2001,0
CIRC_00078,BHS,2001,61.1666666666667
CIRC_00079,BHS,2001,47.4679487179487
CIRC_00080,BHS,2001,58.3172043010753
CIRC_00081,BTN,2001,8.38425925925926
CIRC_00082,BTN,2001,0
CIRC_00083,BTN,2001,0.673076923076923
CIRC_00084,BTN,2001,5.07692307692308
CIRC_00085,BTN,2001,0.189320388349514
CIRC_00086,BTN,2001,0
CIRC_00087,BLR,2001,62.6055900621118
CIRC_00088,BLR,2001,4.82903225806452
CIRC_00089,BLR,2001,5.03773584905661
CIRC_00090,BLZ,2001,40.6428571428572
CIRC_00091,BLZ,2001,13.2142857142857
CIRC_00092,BLZ,2001,13.7323232323232
CIRC_00093,IND,2001,5.95192307692308
CIRC_00094,BGD,2001,0.792079207920792
CIRC_00095,BGD,2001,3.08415841584158
CIRC_00096,IND,2001,8.64077669902913
CIRC_00097,BGD,2001,2.16336633663366
CIRC_00098,BGD,2001,23.585
CIRC_00099,BGD,2001,5.46634615384615
CIRC_00100,BOL,2001,61.6354166666667
CIRC_00101,BOL,2001,60.3453608247423
CIRC_00102,BOL,2001,61.7864583333333
CIRC_00103,BOL,2001,0
CIRC_00104,BOL,2001,1.69791666666667
CIRC_00105,BIH,2001,2.68796992481203
CIRC_00106,BIH,2001,15.5038461538462
CIRC_00107,HRV,2001,4.54032258064516
CIRC_00108,BIH,2001,15.218253968254
CIRC_00109,BIH,2001,52.5343511450382
CIRC_00110,BIH,2001,4.692
CIRC_00111,BIH,2001,14.2007575757576
CIRC_00112,BIH,2001,32.9651162790698
CIRC_00113,BIH,2001,11.1411290322581
CIRC_00114,BIH,2001,12.2480620155039
CIRC_00115,BIH,2001,12.9692307692308
CIRC_00116,BIH,2001,3.22480620155038
CIRC_00117,BIH,2001,35.1171875
CIRC_00118,BIH,2001,10.7222222222222
CIRC_00119,BIH,2001,10.9153846153846
CIRC_00120,BWA,2001,7.58823529411765
CIRC_00121,BWA,2001,0
CIRC_00122,GBR,2001,60.2972027972028
CIRC_00123,BWA,2001,2.7156862745098
CIRC_00124,BRA,2001,10.2197802197802
CIRC_00125,BRA,2001,62.34375
CIRC_00126,BRA,2001,50.2424242424242
CIRC_00127,BRA,2001,7.10526315789474
CIRC_00128,BRA,2001,60.7760416666667
CIRC_00129,BRA,2001,25.71
CIRC_00130,BRA,2001,3.27184466019417
CIRC_00131,BRN,2001,54.9157303370787
CIRC_00132,BDI,2001,0
CIRC_00133,BDI,2001,0
CIRC_00134,BDI,2001,23.0531914893617
CIRC_00135,BDI,2001,0
CIRC_00136,BDI,2001,0
CIRC_00137,BDI,2001,2.23863636363636
CIRC_00138,BDI,2001,0
CIRC_00139,BDI,2001,0.234042553191489
CIRC_00140,BGR,2001,0.110687022900763
CIRC_00141,RUS,2001,63
CIRC_00142,BGR,2001,1.984375
CIRC_00143,BGR,2001,61.8015873015873
CIRC_00144,BGR,2001,11.896
CIRC_00145,BGR,2001,49.008
CIRC_00146,UKR,2001,35.8598484848485
CIRC_00147,BGR,2001,19.9488188976378
CIRC_00148,USA,2001,62.9110169491526
CIRC_00149,BGR,2001,11.636
CIRC_00150,BGR,2001,14.0201612903226
CIRC_00151,BGR,2001,5.65040650406504
CIRC_00152,BGR,2001,6.296
CIRC_00153,BGR,2001,26.2558139534884
CIRC_00154,KHM,2001,0
CIRC_00155,KHM,2001,43.994623655914
CIRC_00156,KHM,2001,0.7
CIRC_00157,CAN,2001,54.375
CIRC_00158,CAN,2001,30.0615384615385
CIRC_00159,CAN,2001,55.2074074074074
CIRC_00160,CAN,2001,62.4754901960784
CIRC_00161,CAN,2001,63
CIRC_00162,CAN,2001,62.9961538461539
CIRC_00163,CMR,2001,3.27659574468085
CIRC_00164,CPV,2001,0.0979381443298971
CIRC_00165,CPV,2001,17.4576271186441
CIRC_00166,CPV,2001,2.52577319587629
CIRC_00167,CPV,2001,18.3736842105263
CIRC_00168,CIV,2001,26.9184782608696
CIRC_00169,CIV,2001,0
CIRC_00170,CIV,2001,2.44444444444445
CIRC_00171,CIV,2001,18.0212765957447
CIRC_00172,CIV,2001,11.3423913043478
CIRC_00173,CAF,2001,26.1157894736842
CIRC_00174,CAF,2001,0
CIRC_00175,GAB,2001,6.01063829787234
CIRC_00176,CAF,2001,0
CIRC_00177,CAF,2001,0
CIRC_00178,TCD,2001,31.1338028169014
CIRC_00179,TCD,2001,1.155
CIRC_00180,TCD,2001,0
CIRC_00181,TCD,2001,31.9305555555556
CIRC_00182,CHL,2001,51.2788461538462
CIRC_00183,CHL,2001,58.2831325301205
CIRC_00184,CHL,2001,63
CIRC_00185,CHL,2001,48.2380952380952
CIRC_00186,CHN,2001,13.6342592592593
CIRC_00187,CHN,2001,48.5833333333333
CIRC_00188,CHN,2001,39.7547169811321
CIRC_00189,CHN,2001,62.9754098360656
CIRC_00190,COL,2001,61.1382978723404
CIRC_00191,COL,2001,52.9147727272727
CIRC_00192,COL,2001,57.8617021276596
CIRC_00193,COL,2001,60.9042553191489
CIRC_00194,COL,2001,6.67368421052631
CIRC_00195,MDG,2001,17.5135135135135
CIRC_00196,FRA,2001,7.95488721804511
CIRC_00197,COM,2001,1.24691358024691
CIRC_00198,COM,2001,0.0531914893617021
CIRC_00199,COM,2001,0.161016949152542
CIRC_00200,COM,2001,0.266233766233766
CIRC_00201,COM,2001,1.78703703703704
CIRC_00202,COM,2001,0.386792452830188
CIRC_00203,COG,2001,1.33333333333333
CIRC_00204,COG,2001,0
CIRC_00205,CRI,2001,60.7263157894737
CIRC_00206,NIC,2001,13.75
CIRC_00207,CRI,2001,62.7216494845361
CIRC_00208,CRI,2001,62.7287234042553
CIRC_00209,HRV,2001,14.3396946564886
CIRC_00210,HRV,2001,61.5851851851852
CIRC_00211,HRV,2001,7.13157894736842
CIRC_00212,HRV,2001,48.3098591549296
CIRC_00213,CUB,2001,1.34848484848485
CIRC_00214,CUB,2001,7.35858585858586
CIRC_00215,XNC,2001,30.9426229508197
CIRC_00216,XNC,2001,59.4818181818182
CIRC_00217,XNC,2001,17.3913043478261
CIRC_00218,CYP,2001,8.36842105263158
CIRC_00219,CYP,2001,39.9722222222222
CIRC_00220,SVK,2001,12.3676470588235
CIRC_00221,CZE,2001,53.9647887323944
CIRC_00222,CZE,2001,62.7607142857143
CIRC_00223,CZE,2001,26.0340909090909
CIRC_00224,CZE,2001,28.0445205479452
CIRC_00225,CZE,2001,50.4857142857143
CIRC_00226,CZE,2001,24.7753623188406
CIRC_00227,CZE,2001,33.5598591549296
CIRC_00228,CZE,2001,61.5
CIRC_00229,CZE,2001,17.3986013986014
CIRC_00230,SVK,2001,60.4527559055118
CIRC_00231,CZE,2001,17.3262411347518
CIRC_00232,DNK,2001,15.1701388888889
CIRC_00233,DNK,2001,43.6380952380952
CIRC_00234,DNK,2001,2.01183431952663
CIRC_00235,DNK,2001,37.6903225806452
CIRC_00236,DNK,2001,60.8986928104575
CIRC_00237,DNK,2001,50.5096153846154
CIRC_00238,SOM,2001,0
CIRC_00239,ETH,2001,14.7659574468085
CIRC_00240,DOM,2001,12.8556701030928
CIRC_00241,DOM,2001,61.8203125
CIRC_00242,DOM,2001,59.0495049504951
CIRC_00243,DOM,2001,0
CIRC_00244,COD,2001,0
CIRC_00245,COD,2001,0
CIRC_00246,COD,2001,0
CIRC_00247,COD,2001,60.0163043478261
CIRC_00248,VNM,2001,5.76288659793814
CIRC_00249,VNM,2001,23.1323529411765
CIRC_00250,VNM,2001,0
CIRC_00251,VNM,2001,0
CIRC_00252,VNM,2001,18.6584158415842
CIRC_00253,ECU,2001,54.6612903225807
CIRC_00254,USA,2001,61.4136363636364
CIRC_00255,ECU,2001,59.4777777777778
CIRC_00256,ECU,2001,50.0107526881721
CIRC_00257,ECU,2001,33.4333333333333
CIRC_00258,ECU,2001,0.649350649350649
CIRC_00259,ECU,2001,59.7634408602151
CIRC_00260,USA,2001,62.6290322580645
CIRC_00261,EGY,2001,54.0045045045045
CIRC_00262,EGY,2001,63
CIRC_00263,EGY,2001,40.256880733945
CIRC_00264,GNQ,2001,2.51204819277109
CIRC_00265,ERI,2001,31.3421052631579
CIRC_00266,EST,2001,40.3715083798883
CIRC_00267,EST,2001,0.590116279069767
CIRC_00268,EST,2001,25.938202247191
CIRC_00269,EST,2001,61.0151515151515
CIRC_00270,EST,2001,4.33522727272727
CIRC_00271,EST,2001,52.5449438202247
CIRC_00272,ETH,2001,5.28421052631579
CIRC_00273,ETH,2001,4.61578947368421
CIRC_00274,ETH,2001,0.422680412371134
CIRC_00275,ETH,2001,0
CIRC_00276,TLS,2001,1.08181818181818
CIRC_00277,TLS,2001,19.5076923076923
CIRC_00278,TLS,2001,0.292553191489362
CIRC_00279,TLS,2001,19.1492537313433
CIRC_00280,TLS,2001,0
CIRC_00281,TLS,2001,0
CIRC_00282,FIN,2001,51.7052631578948
CIRC_00283,RUS,2001,44.324427480916
CIRC_00284,FIN,2001,62.2602739726028
CIRC_00285,FIN,2001,43.7198952879581
CIRC_00286,FJI,2001,0
CIRC_00287,FJI,2001,0
CIRC_00288,FJI,2001,7.41666666666667
CIRC_00289,FJI,2001,7.43258426966292
CIRC_00290,FJI,2001,0.134020618556701
CIRC_00291,FJI,2001,0
CIRC_00292,FJI,2001,0.557142857142857
CIRC_00293,FJI,2001,0
CIRC_00294,FRA,2001,15.0871212121212
CIRC_00295,FRA,2001,63
CIRC_00296,FRA,2001,63
CIRC_00297,FRA,2001,62.0734265734266
CIRC_00298,FRA,2001,57.3184931506849
CIRC_00299,GAB,2001,0.763736263736264
CIRC_00300,GAB,2001,4.25806451612903
CIRC_00301,COG,2001,51.1125
CIRC_00302,GAB,2001,0
CIRC_00303,GMB,2001,0
CIRC_00304,GMB,2001,1.234375
CIRC_00305,GMB,2001,0.994736842105264
CIRC_00306,DEU,2001,62.8464052287582
CIRC_00307,DEU,2001,58.7007042253521
CIRC_00308,DEU,2001,11.4933333333333
CIRC_00309,DEU,2001,62.7866242038217
CIRC_00310,DEU,2001,17.034965034965
CIRC_00311,GHA,2001,58.7063492063492
CIRC_00312,GHA,2001,57.8913043478261
CIRC_00313,GHA,2001,15.6098901098901
CIRC_00314,GHA,2001,2.19354838709677
CIRC_00315,GNB,2001,9.96153846153846
CIRC_00316,GNB,2001,0
CIRC_00317,GNB,2001,0
CIRC_00318,GNB,2001,0
CIRC_00319,GNB,2001,0
CIRC_00320,GRC,2001,62.9793388429752
CIRC_00321,GRC,2001,44.2461538461539
CIRC_00322,GRC,2001,0.584905660377358
CIRC_00323,GRC,2001,62.6805555555556
CIRC_00324,USA,2001,62.3653846153846
CIRC_00325,GRC,2001,62.9672131147541
CIRC_00326,GRC,2001,24.969696969697
CIRC_00327,GEO,2001,35.38
CIRC_00328,GEO,2001,2.66
CIRC_00329,GEO,2001,0
CIRC_00330,GEO,2001,11.31640625
CIRC_00331,FRA,2001,63
CIRC_00332,GTM,2001,62.2422680412371
CIRC_00333,GTM,2001,2.890625
CIRC_00334,GTM,2001,10.59375
CIRC_00335,GIN,2001,0
CIRC_00336,GIN,2001,0
CIRC_00337,GIN,2001,0
CIRC_00338,GIN,2001,49.5952380952381
CIRC_00339,GIN,2001,0
CIRC_00340,GIN,2001,0.654639175257732
CIRC_00341,GUY,2001,40.1666666666667
CIRC_00342,GUY,2001,5.07936507936508
CIRC_00343,GUY,2001,1.20779220779221
CIRC_00344,USA,2001,62.94
CIRC_00345,GUY,2001,23.2989130434783
CIRC_00346,GUY,2001,0
CIRC_00347,GUY,2001,3.6986301369863
CIRC_00348,HTI,2001,0.0154639175257732
CIRC_00349,HTI,2001,37.512987012987
CIRC_00350,HTI,2001,23.281914893617
CIRC_00351,HTI,2001,0
CIRC_00352,HTI,2001,1.86046511627907
CIRC_00353,HTI,2001,0
CIRC_00354,HTI,2001,0
CIRC_00355,HTI,2001,0.0927835051546391
CIRC_00356,HND,2001,26.2906976744186
CIRC_00357,HND,2001,60.2789473684211
CIRC_00358,HND,2001,56.0691489361702
CIRC_00359,PAN,2001,61.1287878787879
CIRC_00360,HND,2001,0
CIRC_00361,HND,2001,20.6041666666667
CIRC_00362,HND,2001,6.60344827586207
CIRC_00363,HND,2001,3.15789473684211
CIRC_00364,HND,2001,1.0752688172043
CIRC_00365,HUN,2001,10.9347826086957
CIRC_00366,HUN,2001,62.2065217391304
CIRC_00367,HUN,2001,2.83846153846154
CIRC_00368,HUN,2001,44.7789855072464
CIRC_00369,HUN,2001,18.2333333333333
CIRC_00370,HUN,2001,45.3007518796993
CIRC_00371,ISL,2001,29.5686274509804
CIRC_00372,ISL,2001,1.53125
CIRC_00373,ISL,2001,29.0504201680672
CIRC_00374,IND,2001,57.460396039604
CIRC_00375,IND,2001,4.22380952380952
CIRC_00376,IND,2001,11.5
CIRC_00377,IND,2001,52.6176470588235
CIRC_00378,IND,2001,4.52631578947368
CIRC_00379,PAK,2001,35.0045045045045
CIRC_00380,PAK,2001,3.38990825688073
CIRC_00381,IND,2001,6.81683168316832
CIRC_00382,IDN,2001,13.0691489361702
CIRC_00383,IDN,2001,11.9375
CIRC_00384,IDN,2001,11.2473684210526
CIRC_00385,IDN,2001,43.6702127659575
CIRC_00386,IDN,2001,4.05789473684211
CIRC_00387,IDN,2001,41.8031914893617
CIRC_00388,IRL,2001,20.6687898089172
CIRC_00389,IRL,2001,2.53105590062112
CIRC_00390,IRL,2001,25.0031446540881
CIRC_00391,IRL,2001,62.9763513513514
CIRC_00392,IRL,2001,19.6974522292993
CIRC_00393,IRL,2001,57.5733333333333
CIRC_00394,IRN,2001,9.67289719626168
CIRC_00395,IRN,2001,39.1045454545455
CIRC_00396,IRN,2001,14.4380530973451
CIRC_00397,IRN,2001,0
CIRC_00398,IRN,2001,62.9655172413793
CIRC_00399,IRQ,2001,22.2173913043478
CIRC_00400,USA,2001,14.9553571428571
CIRC_00401,USA,2001,27.6028037383178
CIRC_00402,USA,2001,62.1532258064516
CIRC_00403,IRQ,2001,63
CIRC_00404,IRQ,2001,43.0353982300885
CIRC_00405,IRQ,2001,14.3090909090909
CIRC_00406,IRQ,2001,63
CIRC_00407,BLR,2001,2.74
CIRC_00408,ISR,2001,62.7280701754386
CIRC_00409,BLR,2001,0.658227848101268
CIRC_00410,ISR,2001,62.9802631578948
CIRC_00411,ISR,2001,60.4537037037037
CIRC_00412,ISR,2001,62.9513274336283
CIRC_00413,ISR,2001,51.2981651376147
CIRC_00414,ISR,2001,62.5925925925926
CIRC_00415,ITA,2001,63
CIRC_00416,ITA,2001,59.6555555555556
CIRC_00417,ITA,2001,54.7650602409639
CIRC_00418,ITA,2001,63
CIRC_00419,ITA,2001,60.7286821705426
CIRC_00420,ITA,2001,37.6796875
CIRC_00421,ITA,2001,62.9960317460318
CIRC_00422,ITA,2001,53.9742647058824
CIRC_00423,ITA,2001,49.7790697674419
CIRC_00424,ITA,2001,6.9875
CIRC_00425,JAM,2001,31.180412371134
CIRC_00426,JAM,2001,5.90322580645161
CIRC_00427,JAM,2001,22.840206185567
CIRC_00428,JAM,2001,6.83505154639175
CIRC_00429,JAM,2001,44.9278350515464
CIRC_00430,JOR,2001,61.9299065420561
CIRC_00431,JPN,2001,62.9424778761062
CIRC_00432,JPN,2001,54.6371681415929
CIRC_00433,JPN,2001,63
CIRC_00434,JPN,2001,57.8260869565218
CIRC_00435,JPN,2001,41.3157894736842
CIRC_00436,JPN,2001,20.21875
CIRC_00437,JPN,2001,14.9935064935065
CIRC_00438,JPN,2001,32.7695652173913
CIRC_00439,JPN,2001,58.9225352112676
CIRC_00440,JPN,2001,60.6739130434783
CIRC_00441,JPN,2001,51.0409090909091
CIRC_00442,JPN,2001,63
CIRC_00443,JPN,2001,54.4769230769231
CIRC_00444,JPN,2001,62.7087378640777
CIRC_00445,JPN,2001,33.1347826086956
CIRC_00446,JPN,2001,63
CIRC_00447,KEN,2001,0
CIRC_00448,KEN,2001,4.06451612903226
CIRC_00449,KEN,2001,55.6958762886598
CIRC_00450,KEN,2001,0.446236559139785
CIRC_00451,XKO,2001,5.29268292682927
CIRC_00452,XKO,2001,35.768
CIRC_00453,XKO,2001,6.93145161290323
CIRC_00454,XKO,2001,34.6865079365079
CIRC_00455,XKO,2001,4.128
CIRC_00456,KWT,2001,63
CIRC_00457,KWT,2001,16.4
CIRC_00458,KGZ,2001,0.688976377952756
CIRC_00459,KGZ,2001,25.045045045045
CIRC_00460,KGZ,2001,57.5483870967742
CIRC_00461,KGZ,2001,7.77642276422764
CIRC_00462,KGZ,2001,4.88617886178862
CIRC_00463,KGZ,2001,0.813492063492064
CIRC_00464,KGZ,2001,6.3015873015873
CIRC_00465,KAZ,2001,6.56976744186047
CIRC_00466,KAZ,2001,60.1944444444445
CIRC_00467,LAO,2001,13.0625
CIRC_00468,THA,2001,22.6785714285714
CIRC_00469,LAO,2001,0
CIRC_00470,LAO,2001,0.583333333333334
CIRC_00471,LAO,2001,0
CIRC_00472,LVA,2001,61.4651162790698
CIRC_00473,LVA,2001,2.15602836879433
CIRC_00474,RUS,2001,0
CIRC_00475,LVA,2001,24.1882352941177
CIRC_00476,LVA,2001,5.95108695652174
CIRC_00477,LVA,2001,0.514792899408284
CIRC_00478,LVA,2001,0
CIRC_00479,USA,2001,61.4827586206897
CIRC_00480,LBR,2001,0
CIRC_00481,LBR,2001,0.358333333333334
CIRC_00482,LBR,2001,0
CIRC_00483,LBR,2001,0
CIRC_00484,LBR,2001,0
CIRC_00485,LBR,2001,0
CIRC_00486,LBR,2001,0
CIRC_00487,LBR,2001,15.9078947368421
CIRC_00488,LBN,2001,44.7477477477478
CIRC_00489,LBN,2001,48.2168141592921
CIRC_00490,LBN,2001,57.6637931034483
CIRC_00491,LBN,2001,47.1194029850746
CIRC_00492,LBN,2001,62.7758620689655
CIRC_00493,LBN,2001,62.6467391304348
CIRC_00494,LBN,2001,54.4527027027027
CIRC_00495,LSO,2001,0.0990990990990989
CIRC_00496,LSO,2001,1.36320754716981
CIRC_00497,LSO,2001,3.08333333333333
CIRC_00498,LSO,2001,1.78365384615385
CIRC_00499,LSO,2001,3.22222222222222
CIRC_00500,LSO,2001,37.3116883116883
CIRC_00501,LSO,2001,1.46951219512195
CIRC_00502,LSO,2001,0
CIRC_00503,LBY,2001,24.0401785714286
CIRC_00504,LBY,2001,38.7660550458716
CIRC_00505,LBY,2001,62.8970588235294
CIRC_00506,LBY,2001,61.0904761904762
CIRC_00507,LBY,2001,26.7313432835821
CIRC_00508,LBY,2001,16.9646017699115
CIRC_00509,LBY,2001,62.9338235294118
CIRC_00510,LBY,2001,51.75
CIRC_00511,LTU,2001,46.533950617284
CIRC_00512,LTU,2001,13.3343195266272
CIRC_00513,LTU,2001,13.1994047619048
CIRC_00514,LTU,2001,57.3447204968944
CIRC_00515,LTU,2001,43.09375
CIRC_00516,LUX,2001,25.9083333333333
CIRC_00517,LUX,2001,11.5594405594406
CIRC_00518,LUX,2001,58.1609589041096
CIRC_00519,LUX,2001,52.587962962963
CIRC_00520,MRT,2001,0
CIRC_00521,MRT,2001,46.7628865979382
CIRC_00522,MRT,2001,0
CIRC_00523,MRT,2001,0
CIRC_00524,MRT,2001,0
CIRC_00525,MRT,2001,0
CIRC_00526,MKD,2001,18.5541666666667
CIRC_00527,BIH,2001,43.422480620155
CIRC_00528,MKD,2001,51.824
CIRC_00529,MKD,2001,5.27559055118111
CIRC_00530,MKD,2001,6.77868852459016
CIRC_00531,MKD,2001,18.8401639344262
CIRC_00532,MKD,2001,27.956
CIRC_00533,MDG,2001,0
CIRC_00534,MDG,2001,0
CIRC_00535,MDG,2001,5.76666666666666
CIRC_00536,MDG,2001,0
CIRC_00537,MDG,2001,9.30927835051546
CIRC_00538,MDG,2001,0
CIRC_00539,MYS,2001,45.4184782608696
CIRC_00540,MYS,2001,43.6857142857143
CIRC_00541,MYS,2001,8.26630434782609
CIRC_00542,MYS,2001,39.7605633802817
CIRC_00543,MYS,2001,0.489690721649485
CIRC_00544,MYS,2001,43.5904255319149
CIRC_00545,MUS,2001,37.265306122449
CIRC_00546,MUS,2001,34.1808510638298
CIRC_00547,MUS,2001,29.1785714285714
CIRC_00548,MWI,2001,5.64432989690722
CIRC_00549,MWI,2001,0.118556701030928
CIRC_00550,MWI,2001,3.72395833333333
CIRC_00551,MWI,2001,1.57216494845361
CIRC_00552,MWI,2001,0
CIRC_00553,MWI,2001,46.9795918367347
CIRC_00554,MEX,2001,63
CIRC_00555,MEX,2001,57.458762886598
CIRC_00556,MEX,2001,25.7755102040816
CIRC_00557,MEX,2001,5.13020833333333
CIRC_00558,MDA,2001,1.33571428571429
CIRC_00559,MDA,2001,0.882142857142857
CIRC_00560,MDA,2001,0.858208955223881
CIRC_00561,RUS,2001,0
CIRC_00562,MDA,2001,4.68613138686131
CIRC_00563,MDA,2001,2.27573529411765
CIRC_00564,MDA,2001,2.39051094890511
CIRC_00565,MDA,2001,2.08582089552239
CIRC_00566,MDA,2001,50.2153284671533
CIRC_00567,MDA,2001,3.85251798561151
CIRC_00568,MDA,2001,4.65238095238095
CIRC_00569,MDA,2001,4.35401459854015
CIRC_00570,MDA,2001,1.48529411764706
CIRC_00571,MDA,2001,2.96715328467153
CIRC_00572,MDA,2001,48.0708955223881
CIRC_00573,MDA,2001,2.58677685950413
CIRC_00574,MDA,2001,4.88129496402878
CIRC_00575,MLI,2001,9.47368421052632
CIRC_00576,MLI,2001,4.37894736842105
CIRC_00577,MLI,2001,0
CIRC_00578,MLI,2001,6.88421052631579
CIRC_00579,MLI,2001,8.9578947368421
CIRC_00580,MLI,2001,0
CIRC_00581,MLI,2001,2.45161290322581
CIRC_00582,MLT,2001,62.2570093457944
CIRC_00583,MLT,2001,62.718085106383
CIRC_00584,MLT,2001,62.4891304347826
CIRC_00585,MLT,2001,62.6147540983607
CIRC_00586,MNG,2001,0
CIRC_00587,MNG,2001,0
CIRC_00588,MNG,2001,0
CIRC_00589,MNG,2001,44.9744525547445
CIRC_00590,MNG,2001,0
CIRC_00591,MAR,2001,60.6547619047619
CIRC_00592,MMR,2001,44.4132653061225
CIRC_00593,MMR,2001,1.28061224489796
CIRC_00594,MMR,2001,0
CIRC_00595,MMR,2001,59.2386363636364
CIRC_00596,MMR,2001,15.030303030303
CIRC_00597,MOZ,2001,0
CIRC_00598,MOZ,2001,0
CIRC_00599,MOZ,2001,0
CIRC_00600,NAM,2001,2.78350515463918
CIRC_00601,NAM,2001,0
CIRC_00602,NAM,2001,14.9030612244898
CIRC_00603,NPL,2001,50.9198113207547
CIRC_00604,IND,2001,52.1971153846154
CIRC_00605,IND,2001,7.97596153846154
CIRC_00606,NPL,2001,0
CIRC_00607,NPL,2001,0
CIRC_00608,NPL,2001,0
CIRC_00609,NPL,2001,5.5625
CIRC_00610,NPL,2001,7.00757575757576
CIRC_00611,NPL,2001,0
CIRC_00612,NPL,2001,0
CIRC_00613,NPL,2001,0
CIRC_00614,NPL,2001,20.0873786407767
CIRC_00615,NPL,2001,0
CIRC_00616,NZL,2001,21.1233766233766
CIRC_00617,NZL,2001,18.9294871794872
CIRC_00618,NZL,2001,3.92753623188406
CIRC_00619,NZL,2001,8.67910447761194
CIRC_00620,NZL,2001,2.60416666666667
CIRC_00621,NZL,2001,61.1917808219178
CIRC_00622,NZL,2001,0.738970588235295
CIRC_00623,NZL,2001,48.5434782608696
CIRC_00624,NZL,2001,25.7396694214876
CIRC_00625,NZL,2001,59.1860465116279
CIRC_00626,NIC,2001,1.51052631578947
CIRC_00627,NIC,2001,11.6842105263158
CIRC_00628,NIC,2001,58.4
CIRC_00629,NIC,2001,25.9666666666667
CIRC_00630,NGA,2001,20.3031914893617
CIRC_00631,NGA,2001,55.9090909090909
CIRC_00632,NGA,2001,53.6526315789474
CIRC_00633,NGA,2001,23.8670212765957
CIRC_00634,NGA,2001,26.3842105263158
CIRC_00635,NGA,2001,17.3186813186813
CIRC_00636,NGA,2001,3.9
CIRC_00637,NER,2001,1.109375
CIRC_00638,NER,2001,12.8247422680412
CIRC_00639,NER,2001,2.75520833333333
CIRC_00640,NER,2001,43.7446808510638
CIRC_00641,NER,2001,1.31914893617021
CIRC_00642,NER,2001,0
CIRC_00643,NER,2001,0
CIRC_00644,NER,2001,0
CIRC_00645,NER,2001,0
CIRC_00646,NOR,2001,43.3576642335766
CIRC_00647,NOR,2001,57.7252747252747
CIRC_00648,NOR,2001,61.1975308641975
CIRC_00649,NOR,2001,38.58
CIRC_00650,NOR,2001,13.4672131147541
CIRC_00651,NOR,2001,62.2552447552448
CIRC_00652,NOR,2001,51.2417218543046
CIRC_00653,NLD,2001,62.4867549668874
CIRC_00654,NLD,2001,24.8476821192053
CIRC_00655,NLD,2001,23.8602941176471
CIRC_00656,NLD,2001,61.1118881118881
CIRC_00657,OMN,2001,49.2268041237114
CIRC_00658,OMN,2001,55.7857142857143
CIRC_00659,PAK,2001,62.8723404255319
CIRC_00660,PAK,2001,6.36057692307692
CIRC_00661,PAK,2001,62.7877358490566
CIRC_00662,PAK,2001,7.76923076923077
CIRC_00663,PAK,2001,18.877358490566
CIRC_00664,IND,2001,62.5432692307692
CIRC_00665,PAK,2001,58.2710280373832
CIRC_00666,PAK,2001,0.204347826086956
CIRC_00667,PAK,2001,62.9330357142857
CIRC_00668,PAK,2001,3.79906542056075
CIRC_00669,PAN,2001,61.1896551724138
CIRC_00670,PAN,2001,0.484042553191489
CIRC_00671,PAN,2001,21.5217391304348
CIRC_00672,PRY,2001,1.1747572815534
CIRC_00673,PRY,2001,60.0098039215686
CIRC_00674,PRY,2001,12.3834951456311
CIRC_00675,PRY,2001,0.180952380952381
CIRC_00676,PRY,2001,54.15
CIRC_00677,PER,2001,62.9736842105263
CIRC_00678,PER,2001,37.7083333333333
CIRC_00679,PER,2001,1.65979381443299
CIRC_00680,PER,2001,62.890625
CIRC_00681,PER,2001,16.3010752688172
CIRC_00682,PER,2001,1.29591836734694
CIRC_00683,PHL,2001,0.210526315789474
CIRC_00684,PHL,2001,7.19101123595505
CIRC_00685,PHL,2001,62.8070175438597
CIRC_00686,PHL,2001,63
CIRC_00687,PHL,2001,62.9318181818182
CIRC_00688,PHL,2001,1.13586956521739
CIRC_00689,PHL,2001,62.8840579710145
CIRC_00690,PNG,2001,0
CIRC_00691,PNG,2001,0
CIRC_00692,PNG,2001,0
CIRC_00693,PNG,2001,37.5714285714286
CIRC_00694,PNG,2001,0
CIRC_00695,PNG,2001,5.61029411764706
CIRC_00696,PNG,2001,0
CIRC_00697,PNG,2001,0
CIRC_00698,POL,2001,9.85999999999999
CIRC_00699,POL,2001,6.03896103896104
CIRC_00700,POL,2001,9.134375
CIRC_00701,POL,2001,62.976821192053
CIRC_00702,POL,2001,10.5101351351351
CIRC_00703,POL,2001,13.7025316455696
CIRC_00704,POL,2001,39.1506849315069
CIRC_00705,POL,2001,61.71875
CIRC_00706,POL,2001,52.9142857142857
CIRC_00707,PRT,2001,62.6640625
CIRC_00708,PRT,2001,32.7256637168141
CIRC_00709,PRK,2001,27.4243697478992
CIRC_00710,RUS,2001,2.70629370629371
CIRC_00711,QAT,2001,62.8411764705882
CIRC_00712,KOR,2001,38.0423728813559
CIRC_00713,KOR,2001,27.7019230769231
CIRC_00714,KOR,2001,4.31914893617021
CIRC_00715,KOR,2001,43
CIRC_00716,JPN,2001,63
CIRC_00717,KOR,2001,62.775
CIRC_00718,KOR,2001,62.9416666666667
CIRC_00719,KOR,2001,20.1792452830189
CIRC_00720,KOR,2001,62.9868421052632
CIRC_00721,ROU,2001,61.8473282442748
CIRC_00722,ROU,2001,22.5
CIRC_00723,UKR,2001,14.3484848484849
CIRC_00724,ROU,2001,0
CIRC_00725,ROU,2001,3.90217391304348
CIRC_00726,ROU,2001,35.8246268656716
CIRC_00727,ROU,2001,9.96240601503759
CIRC_00728,ROU,2001,30.7122302158273
CIRC_00729,ROU,2001,9.14661654135339
CIRC_00730,ROU,2001,20.4651162790698
CIRC_00731,ROU,2001,36.6580882352941
CIRC_00732,RUS,2001,2.59774436090226
CIRC_00733,RUS,2001,2.03827751196172
CIRC_00734,RUS,2001,62.9972972972973
CIRC_00735,RWA,2001,4.58196721311475
CIRC_00736,RWA,2001,3.20108695652174
CIRC_00737,RWA,2001,0.164835164835165
CIRC_00738,ZAF,2001,62.9117647058824
CIRC_00739,ZAF,2001,0
CIRC_00740,ZAF,2001,0.0495495495495495
CIRC_00741,ZAF,2001,62.655
CIRC_00742,ZAF,2001,3.43333333333333
CIRC_00743,ZAF,2001,62.1881188118812
CIRC_00744,SLV,2001,59.7258064516129
CIRC_00745,SLV,2001,35.6145833333333
CIRC_00746,SLV,2001,7.03157894736842
CIRC_00747,SLV,2001,5.33505154639175
CIRC_00748,SLV,2001,4.15979381443299
CIRC_00749,SAU,2001,63
CIRC_00750,SEN,2001,0
CIRC_00751,SEN,2001,2.97448979591837
CIRC_00752,SEN,2001,0
CIRC_00753,SRB,2001,61.01171875
CIRC_00754,SRB,2001,16.94
CIRC_00755,XKO,2001,18.0515873015873
CIRC_00756,SLE,2001,0
CIRC_00757,SLE,2001,17.3673469387755
CIRC_00758,SLE,2001,0
CIRC_00759,SLE,2001,0
CIRC_00760,SLE,2001,0
CIRC_00761,SLE,2001,0
CIRC_00762,SGP,2001,62.5135135135135
CIRC_00763,SGP,2001,62.8315217391304
CIRC_00764,SVK,2001,31.8076923076923
CIRC_00765,SVK,2001,8.41197183098591
CIRC_00766,SVK,2001,12.3274647887324
CIRC_00767,SVK,2001,26.1702127659575
CIRC_00768,SVK,2001,15.4676258992806
CIRC_00769,SVK,2001,40.4388489208633
CIRC_00770,SVK,2001,8.38942307692308
CIRC_00771,SVN,2001,5.54779411764706
CIRC_00772,SVN,2001,4.74803149606299
CIRC_00773,SVN,2001,29.0555555555556
CIRC_00774,SVN,2001,53.5407407407408
CIRC_00775,SVN,2001,15.1679389312977
CIRC_00776,SVN,2001,10.5820895522388
CIRC_00777,SVN,2001,24.3390804597701
CIRC_00778,SLB,2001,0
CIRC_00779,SLB,2001,0
CIRC_00780,SLB,2001,0
CIRC_00781,SLB,2001,0
CIRC_00782,SLB,2001,0
CIRC_00783,SLB,2001,0
CIRC_00784,SLB,2001,0
CIRC_00785,SLB,2001,0
CIRC_00786,ETH,2001,0
CIRC_00787,SOM,2001,0
CIRC_00788,SOM,2001,11.6037735849057
CIRC_00789,ESP,2001,62.982905982906
CIRC_00790,ESP,2001,63
CIRC_00791,ESP,2001,59.8911290322581
CIRC_00792,ESP,2001,50.4385245901639
CIRC_00793,LKA,2001,60.95
CIRC_00794,LKA,2001,9.43684210526316
CIRC_00795,LKA,2001,5.18279569892473
CIRC_00796,LKA,2001,19.1648936170213
CIRC_00797,LKA,2001,10.5567010309278
CIRC_00798,SSD,2001,0
CIRC_00799,SDN,2001,3.15196078431373
CIRC_00800,SDN,2001,0
CIRC_00801,SUR,2001,37.6043956043956
CIRC_00802,SUR,2001,0.422535211267606
CIRC_00803,SUR,2001,6.35555555555556
CIRC_00804,SUR,2001,13.659793814433
CIRC_00805,SWZ,2001,26.6153846153846
CIRC_00806,SWE,2001,39.1656626506024
CIRC_00807,SWE,2001,47.1428571428571
CIRC_00808,SWE,2001,13.0082872928177
CIRC_00809,SWE,2001,62.9756097560976
CIRC_00810,SWE,2001,43.8005464480875
CIRC_00811,SWE,2001,45.4277108433735
CIRC_00812,CHE,2001,41.4595588235294
CIRC_00813,CHE,2001,32.9285714285714
CIRC_00814,CHE,2001,39.7537313432836
CIRC_00815,CHE,2001,4.75746268656717
CIRC_00816,CHE,2001,58.0111111111111
CIRC_00817,CHE,2001,21.0948905109489
CIRC_00818,CHE,2001,26.5348837209302
CIRC_00819,CHE,2001,23.4740740740741
CIRC_00820,CHE,2001,37.9333333333333
CIRC_00821,CHE,2001,18.0108695652174
CIRC_00822,CHE,2001,39.2720588235294
CIRC_00823,CHE,2001,31.9926470588235
CIRC_00824,CHE,2001,20.5766423357664
CIRC_00825,CHE,2001,21.2251908396947
CIRC_00826,CHE,2001,39.463768115942
CIRC_00827,CHE,2001,28.0978260869565
CIRC_00828,CHE,2001,35.7296296296296
CIRC_00829,CHE,2001,9.40875912408759
CIRC_00830,CHE,2001,18.5378787878788
CIRC_00831,CHE,2001,22.9615384615385
CIRC_00832,CHE,2001,17.514598540146
CIRC_00833,SYR,2001,26.1336206896552
CIRC_00834,SYR,2001,62.5765765765766
CIRC_00835,TJK,2001,3.26495726495726
CIRC_00836,TJK,2001,37.6475409836066
CIRC_00837,TJK,2001,0
CIRC_00838,TJK,2001,15.9310344827586
CIRC_00839,TWN,2001,27.7808219178082
CIRC_00840,TWN,2001,27.415
CIRC_00841,HKG,2001,62.9855072463768
CIRC_00842,TWN,2001,62.6225490196079
CIRC_00843,TZA,2001,0
CIRC_00844,TZA,2001,0
CIRC_00845,TZA,2001,0
CIRC_00846,TZA,2001,0
CIRC_00847,TZA,2001,0
CIRC_00848,THA,2001,63
CIRC_00849,THA,2001,63
CIRC_00850,THA,2001,62.53125
CIRC_00851,THA,2001,18.063829787234
CIRC_00852,THA,2001,47.4583333333333
CIRC_00853,THA,2001,62.8870967741936
CIRC_00854,THA,2001,8.8659793814433
CIRC_00855,THA,2001,16.0412371134021
CIRC_00856,THA,2001,5.77894736842105
CIRC_00857,GBR,2001,62.5674846625767
CIRC_00858,THA,2001,45.521052631579
CIRC_00859,TKM,2001,38.5578512396694
CIRC_00860,TKM,2001,14.9411764705882
CIRC_00861,TKM,2001,61.0260869565217
CIRC_00862,TGO,2001,1.60752688172043
CIRC_00863,TGO,2001,2.89473684210526
CIRC_00864,TGO,2001,0
CIRC_00865,TTO,2001,29.2459016393443
CIRC_00866,TTO,2001,51.9776119402985
CIRC_00867,TTO,2001,20.1894736842105
CIRC_00868,TTO,2001,7.29054054054054
CIRC_00869,TTO,2001,16.8218390804598
CIRC_00870,TUN,2001,61.72
CIRC_00871,TUN,2001,20.0183486238532
CIRC_00872,TUN,2001,61.752688172043
CIRC_00873,TUN,2001,19.9
CIRC_00874,TUN,2001,58.9772727272727
CIRC_00875,TUN,2001,15.6739130434783
CIRC_00876,TUN,2001,33.74
CIRC_00877,TUR,2001,24.0916666666667
CIRC_00878,TUR,2001,62.1538461538462
CIRC_00879,TUR,2001,3.32327586206897
CIRC_00880,TUR,2001,61.9655172413793
CIRC_00881,TUR,2001,9.15909090909091
CIRC_00882,TUR,2001,58.5619834710744
CIRC_00883,TUR,2001,62.3681318681319
CIRC_00884,ARE,2001,60.5833333333333
CIRC_00885,ARE,2001,61.7352941176471
CIRC_00886,UGA,2001,0
CIRC_00887,GBR,2001,32.0695364238411
CIRC_00888,GBR,2001,22.6130136986301
CIRC_00889,GBR,2001,62.013698630137
CIRC_00890,GBR,2001,49.4
CIRC_00891,GBR,2001,47.5287356321839
CIRC_00892,USA,2001,63
CIRC_00893,GBR,2001,52.4735099337748
CIRC_00894,GBR,2001,62.0419847328244
CIRC_00895,UKR,2001,0.914965986394557
CIRC_00896,UKR,2001,5.91118421052632
CIRC_00897,UKR,2001,0.0906040268456375
CIRC_00898,UKR,2001,34.975
CIRC_00899,UKR,2001,58.8333333333333
CIRC_00900,UKR,2001,9.65384615384615
CIRC_00901,UKR,2001,54.7789855072464
CIRC_00902,URY,2001,62.5446428571429
CIRC_00903,URY,2001,61.6318681318681
CIRC_00904,USA,2001,59.4285714285714
CIRC_00905,USA,2001,31.7652173913043
CIRC_00906,USA,2001,61.8377192982456
CIRC_00907,USA,2001,62.1428571428572
CIRC_00908,USA,2001,62.7801724137931
CIRC_00909,USA,2001,56.4556451612903
CIRC_00910,UZB,2001,46.1280991735537
CIRC_00911,UZB,2001,60.9717741935484
CIRC_00912,UZB,2001,10.0966386554622
CIRC_00913,VEN,2001,25.7263157894737
CIRC_00914,VEN,2001,17.3166666666667
CIRC_00915,VEN,2001,3.38144329896907
CIRC_00916,VEN,2001,14.4065934065934
CIRC_00917,VEN,2001,62.9456521739131
CIRC_00918,YEM,2001,4.57291666666667
CIRC_00919,YEM,2001,0.218085106382978
CIRC_00920,YEM,2001,6.17525773195876
CIRC_00921,SRB,2001,23.609375
CIRC_00922,MNE,2001,10.9568965517241
CIRC_00923,ZMB,2001,2.19230769230769
CIRC_00924,ZMB,2001,44.0631578947369
CIRC_00925,ZMB,2001,22.8802083333333
CIRC_00926,ZWE,2001,0
CIRC_00927,ZMB,2001,0
CIRC_00928,ZMB,2001,16.56
CIRC_00929,ZMB,2001,38.5
CIRC_00930,ZMB,2001,0
CIRC_00931,ZWE,2001,0
CIRC_00932,ZWE,2001,9.22680412371134
CIRC_00933,COM,2001,1.20779220779221
CIRC_00934,MDV,2001,46.5
CIRC_00935,SAU,2001,63
CIRC_00936,ISR,2001,62.9583333333333
CIRC_00937,COM,2001,0.166666666666667
CIRC_00938,COM,2001,0.483333333333333
CIRC_00941,LBY,2001,62.8923076923077
CIRC_00942,SGP,2001,62.9529411764706
CIRC_00943,MKD,2001,50.7459016393443
CIRC_00945,QAT,2001,62.875
CIRC_00946,MDA,2001,3.18939393939394
CIRC_00947,SGP,2001,62.764705882353
CIRC_00948,LSO,2001,1.88679245283019
CIRC_00949,MDA,2001,0.766187050359713
CIRC_00950,COM,2001,1.11111111111111
CIRC_00951,LSO,2001,0
CIRC_00952,MUS,2001,46.0337837837838
CIRC_00953,ISR,2001,62.9861111111111
CIRC_00954,TKM,2001,38.8826086956522
CIRC_00955,LBY,2001,26.9469696969697
CIRC_00956,ISR,2001,51.0580357142857
CIRC_00957,MUS,2001,31.5567010309278
CIRC_00958,GTM,2001,62.2371134020619
CIRC_00959,MDA,2001,4.69927536231884
CIRC_00960,ISR,2001,62.8717948717949
CIRC_00961,SSD,2001,0
CIRC_00962,CYP,2001,55.98
CIRC_00964,LSO,2001,41.0555555555556
CIRC_00965,MDA,2001,2.29197080291971
CIRC_00001,AFG,2002,0.0796460176991151
CIRC_00002,AFG,2002,25.90625
CIRC_00003,AFG,2002,0
CIRC_00004,AFG,2002,0
CIRC_00005,AFG,2002,8.64814814814815
CIRC_00006,AFG,2002,0
CIRC_00007,AFG,2002,0
CIRC_00008,ALB,2002,18.7177419354839
CIRC_00009,ALB,2002,0.650862068965518
CIRC_00010,ALB,2002,45.7581967213115
CIRC_00011,ALB,2002,1.2375
CIRC_00012,DZA,2002,4.97345132743363
CIRC_00013,DZA,2002,32.7652173913044
CIRC_00014,DZA,2002,8.37826086956522
CIRC_00015,DZA,2002,41.8245614035088
CIRC_00016,MAR,2002,50.4035087719298
CIRC_00017,DZA,2002,4.45175438596491
CIRC_00018,DZA,2002,21.5765765765766
CIRC_00019,AGO,2002,52.5
CIRC_00020,AGO,2002,24.1354166666667
CIRC_00021,ARG,2002,5.95794392523365
CIRC_00022,ARG,2002,62.9036697247707
CIRC_00023,ARG,2002,16.6971153846154
CIRC_00024,ARG,2002,49.1772727272727
CIRC_00025,ARG,2002,62.9434782608696
CIRC_00026,ARG,2002,39.8333333333333
CIRC_00027,ARG,2002,59.2913043478261
CIRC_00028,ARG,2002,38.8608695652174
CIRC_00029,ARG,2002,62.7191011235955
CIRC_00030,ARG,2002,62.7441860465116
CIRC_00031,SYR,2002,6.32173913043478
CIRC_00032,AZE,2002,10.396694214876
CIRC_00033,ARM,2002,55.0813008130081
CIRC_00034,ARM,2002,55.7478991596639
CIRC_00035,ARM,2002,2.21610169491526
CIRC_00036,AUS,2002,5.18803418803419
CIRC_00037,AUS,2002,62.953488372093
CIRC_00038,AUS,2002,17.0380952380952
CIRC_00039,GBR,2002,45.8989361702128
CIRC_00040,GBR,2002,62.9433333333333
CIRC_00041,AUS,2002,62.8806818181818
CIRC_00042,AUT,2002,62.8821428571429
CIRC_00043,AUT,2002,45.6948529411765
CIRC_00044,AUT,2002,34.2304964539007
CIRC_00045,AUT,2002,4.93262411347518
CIRC_00046,AUT,2002,59.8669064748201
CIRC_00047,AUT,2002,61.7482014388489
CIRC_00048,AUT,2002,14.8884892086331
CIRC_00049,CHE,2002,20.9343065693431
CIRC_00050,AZE,2002,61.6543209876543
CIRC_00051,AZE,2002,1.63934426229508
CIRC_00052,AZE,2002,61.6217948717949
CIRC_00053,AZE,2002,18.366935483871
CIRC_00054,BHR,2002,58.4035087719298
CIRC_00055,BHR,2002,62.925
CIRC_00056,BRB,2002,56.45
CIRC_00057,BRB,2002,21.0065789473684
CIRC_00058,BRB,2002,27.6597222222222
CIRC_00059,BRB,2002,24.1666666666667
CIRC_00060,BEL,2002,43.59
CIRC_00061,FRA,2002,61.2834645669291
CIRC_00062,BEL,2002,55.6433566433567
CIRC_00063,BEL,2002,49.2472527472528
CIRC_00064,BEL,2002,62.2147651006712
CIRC_00065,BEL,2002,49.5381944444444
CIRC_00066,BEL,2002,53.234693877551
CIRC_00067,BEL,2002,62.6258503401361
CIRC_00068,BEL,2002,61.1712328767123
CIRC_00069,BEN,2002,0
CIRC_00070,TGO,2002,51.9
CIRC_00071,BEN,2002,0
CIRC_00072,BEN,2002,5.7554347826087
CIRC_00073,BFA,2002,56.3578947368421
CIRC_00074,BFA,2002,5.02659574468085
CIRC_00075,BFA,2002,1.69473684210526
CIRC_00076,BFA,2002,56.0769230769231
CIRC_00077,BFA,2002,0
CIRC_00078,BHS,2002,61.0308641975309
CIRC_00079,BHS,2002,44.4102564102564
CIRC_00080,BHS,2002,59.6720430107527
CIRC_00081,BTN,2002,10.1805555555556
CIRC_00082,BTN,2002,0
CIRC_00083,BTN,2002,1.13461538461538
CIRC_00084,BTN,2002,5.18269230769231
CIRC_00085,BTN,2002,0.830097087378641
CIRC_00086,BTN,2002,0
CIRC_00087,BLR,2002,61.8229813664596
CIRC_00088,BLR,2002,4.44193548387097
CIRC_00089,BLR,2002,3.35220125786163
CIRC_00090,BLZ,2002,41.5892857142857
CIRC_00091,BLZ,2002,14.1683673469388
CIRC_00092,BLZ,2002,14.4848484848485
CIRC_00093,IND,2002,6.78365384615385
CIRC_00094,BGD,2002,0.693069306930694
CIRC_00095,BGD,2002,2.96039603960396
CIRC_00096,IND,2002,9.40291262135922
CIRC_00097,BGD,2002,1.72277227722772
CIRC_00098,BGD,2002,24.5
CIRC_00099,BGD,2002,6.00480769230769
CIRC_00100,BOL,2002,60.9739583333333
CIRC_00101,BOL,2002,60.0103092783505
CIRC_00102,BOL,2002,60.796875
CIRC_00103,BOL,2002,0
CIRC_00104,BOL,2002,1.49479166666667
CIRC_00105,BIH,2002,2.34586466165414
CIRC_00106,BIH,2002,16.9038461538462
CIRC_00107,HRV,2002,4.55645161290323
CIRC_00108,BIH,2002,14.2063492063492
CIRC_00109,BIH,2002,52.263358778626
CIRC_00110,BIH,2002,5.728
CIRC_00111,BIH,2002,14.3939393939394
CIRC_00112,BIH,2002,33.7751937984496
CIRC_00113,BIH,2002,11.9435483870968
CIRC_00114,BIH,2002,12.3023255813953
CIRC_00115,BIH,2002,14.1192307692308
CIRC_00116,BIH,2002,2.77131782945737
CIRC_00117,BIH,2002,32.38671875
CIRC_00118,BIH,2002,11.0079365079365
CIRC_00119,BIH,2002,12.2961538461538
CIRC_00120,BWA,2002,7.79901960784314
CIRC_00121,BWA,2002,0
CIRC_00122,GBR,2002,54.6993006993007
CIRC_00123,BWA,2002,3.14705882352941
CIRC_00124,BRA,2002,11.978021978022
CIRC_00125,BRA,2002,62.7604166666667
CIRC_00126,BRA,2002,54.2373737373737
CIRC_00127,BRA,2002,9.41052631578948
CIRC_00128,BRA,2002,61.9270833333333
CIRC_00129,BRA,2002,27.16
CIRC_00130,BRA,2002,3.29611650485437
CIRC_00131,BRN,2002,55.6011235955056
CIRC_00132,BDI,2002,0
CIRC_00133,BDI,2002,0
CIRC_00134,BDI,2002,24.3829787234043
CIRC_00135,BDI,2002,0
CIRC_00136,BDI,2002,0
CIRC_00137,BDI,2002,2.61931818181818
CIRC_00138,BDI,2002,0
CIRC_00139,BDI,2002,0.0691489361702128
CIRC_00140,BGR,2002,0.893129770992366
CIRC_00141,RUS,2002,63
CIRC_00142,BGR,2002,1.6328125
CIRC_00143,BGR,2002,61.25
CIRC_00144,BGR,2002,14.236
CIRC_00145,BGR,2002,47.176
CIRC_00146,UKR,2002,35.2234848484848
CIRC_00147,BGR,2002,20.9055118110236
CIRC_00148,USA,2002,62.9745762711865
CIRC_00149,BGR,2002,14.272
CIRC_00150,BGR,2002,14.2298387096774
CIRC_00151,BGR,2002,5.8130081300813
CIRC_00152,BGR,2002,6.464
CIRC_00153,BGR,2002,30.2170542635659
CIRC_00154,KHM,2002,0
CIRC_00155,KHM,2002,45.5483870967742
CIRC_00156,KHM,2002,0.288888888888889
CIRC_00157,CAN,2002,55.2734375
CIRC_00158,CAN,2002,28.6653846153846
CIRC_00159,CAN,2002,57.9111111111111
CIRC_00160,CAN,2002,62.8333333333333
CIRC_00161,CAN,2002,63
CIRC_00162,CAN,2002,62.9884615384615
CIRC_00163,CMR,2002,3.83510638297872
CIRC_00164,CPV,2002,0.0412371134020619
CIRC_00165,CPV,2002,19.5762711864407
CIRC_00166,CPV,2002,2.22680412371134
CIRC_00167,CPV,2002,16.9684210526316
CIRC_00168,CIV,2002,32.4891304347826
CIRC_00169,CIV,2002,0
CIRC_00170,CIV,2002,2.37777777777778
CIRC_00171,CIV,2002,18.6702127659574
CIRC_00172,CIV,2002,12.7065217391304
CIRC_00173,CAF,2002,26.5736842105263
CIRC_00174,CAF,2002,0
CIRC_00175,GAB,2002,5.6968085106383
CIRC_00176,CAF,2002,0
CIRC_00177,CAF,2002,0
CIRC_00178,TCD,2002,31.3661971830986
CIRC_00179,TCD,2002,1.61
CIRC_00180,TCD,2002,0
CIRC_00181,TCD,2002,31.8263888888889
CIRC_00182,CHL,2002,53.2788461538462
CIRC_00183,CHL,2002,58.8734939759036
CIRC_00184,CHL,2002,63
CIRC_00185,CHL,2002,43.9619047619048
CIRC_00186,CHN,2002,22.8842592592593
CIRC_00187,CHN,2002,57.5555555555556
CIRC_00188,CHN,2002,49.7735849056604
CIRC_00189,CHN,2002,63
CIRC_00190,COL,2002,60.4042553191489
CIRC_00191,COL,2002,54.6079545454546
CIRC_00192,COL,2002,58.9787234042553
CIRC_00193,COL,2002,60.8776595744681
CIRC_00194,COL,2002,6.91578947368421
CIRC_00195,MDG,2002,16.1621621621622
CIRC_00196,FRA,2002,7.44360902255639
CIRC_00197,COM,2002,0.537037037037037
CIRC_00198,COM,2002,0.170212765957447
CIRC_00199,COM,2002,0.254237288135593
CIRC_00200,COM,2002,0
CIRC_00201,COM,2002,2.47222222222222
CIRC_00202,COM,2002,0.235849056603774
CIRC_00203,COG,2002,1.52222222222222
CIRC_00204,COG,2002,0
CIRC_00205,CRI,2002,60.5
CIRC_00206,NIC,2002,13.3829787234043
CIRC_00207,CRI,2002,62.9639175257732
CIRC_00208,CRI,2002,62.9308510638298
CIRC_00209,HRV,2002,13.5534351145038
CIRC_00210,HRV,2002,59.6148148148148
CIRC_00211,HRV,2002,6.20300751879699
CIRC_00212,HRV,2002,51.0915492957747
CIRC_00213,CUB,2002,1.0959595959596
CIRC_00214,CUB,2002,8.16161616161616
CIRC_00215,XNC,2002,32.7704918032787
CIRC_00216,XNC,2002,58.9181818181818
CIRC_00217,XNC,2002,17.0347826086957
CIRC_00218,CYP,2002,9.14473684210526
CIRC_00219,CYP,2002,45.55
CIRC_00220,SVK,2002,14.5919117647059
CIRC_00221,CZE,2002,53.7464788732394
CIRC_00222,CZE,2002,62.4464285714286
CIRC_00223,CZE,2002,27.7272727272727
CIRC_00224,CZE,2002,29.9246575342466
CIRC_00225,CZE,2002,52.1714285714286
CIRC_00226,CZE,2002,27.7536231884058
CIRC_00227,CZE,2002,39.9330985915493
CIRC_00228,CZE,2002,58.8698630136986
CIRC_00229,CZE,2002,18.3601398601399
CIRC_00230,SVK,2002,61.492125984252
CIRC_00231,CZE,2002,17.4468085106383
CIRC_00232,DNK,2002,13.0520833333333
CIRC_00233,DNK,2002,37.3857142857143
CIRC_00234,DNK,2002,1
CIRC_00235,DNK,2002,30.2193548387097
CIRC_00236,DNK,2002,58.4738562091503
CIRC_00237,DNK,2002,49.1442307692308
CIRC_00238,SOM,2002,0
CIRC_00239,ETH,2002,16.5212765957447
CIRC_00240,DOM,2002,14.4329896907217
CIRC_00241,DOM,2002,62.140625
CIRC_00242,DOM,2002,60.490099009901
CIRC_00243,DOM,2002,0
CIRC_00244,COD,2002,0
CIRC_00245,COD,2002,0
CIRC_00246,COD,2002,0
CIRC_00247,COD,2002,59.4456521739131
CIRC_00248,VNM,2002,6.87113402061856
CIRC_00249,VNM,2002,27.8235294117647
CIRC_00250,VNM,2002,0.237113402061856
CIRC_00251,VNM,2002,0
CIRC_00252,VNM,2002,21.509900990099
CIRC_00253,ECU,2002,52.9731182795699
CIRC_00254,USA,2002,62.8227272727273
CIRC_00255,ECU,2002,60.3833333333333
CIRC_00256,ECU,2002,53.1075268817204
CIRC_00257,ECU,2002,33.0055555555556
CIRC_00258,ECU,2002,0.162337662337662
CIRC_00259,ECU,2002,60.4623655913979
CIRC_00260,USA,2002,62.8548387096774
CIRC_00261,EGY,2002,52.954954954955
CIRC_00262,EGY,2002,63
CIRC_00263,EGY,2002,37.9862385321101
CIRC_00264,GNQ,2002,3.79518072289156
CIRC_00265,ERI,2002,31.4210526315789
CIRC_00266,EST,2002,19.9860335195531
CIRC_00267,EST,2002,0.0813953488372094
CIRC_00268,EST,2002,13.0084269662921
CIRC_00269,EST,2002,30.2121212121212
CIRC_00270,EST,2002,4.05397727272727
CIRC_00271,EST,2002,26.4831460674157
CIRC_00272,ETH,2002,6.11052631578948
CIRC_00273,ETH,2002,5
CIRC_00274,ETH,2002,0.298969072164948
CIRC_00275,ETH,2002,0
CIRC_00276,TLS,2002,2.00909090909091
CIRC_00277,TLS,2002,22.6307692307692
CIRC_00278,TLS,2002,0.0904255319148937
CIRC_00279,TLS,2002,22.2313432835821
CIRC_00280,TLS,2002,0
CIRC_00281,TLS,2002,0
CIRC_00282,FIN,2002,29.3421052631579
CIRC_00283,RUS,2002,23.5038167938931
CIRC_00284,FIN,2002,30.958904109589
CIRC_00285,FIN,2002,23.217277486911
CIRC_00286,FJI,2002,0
CIRC_00287,FJI,2002,0
CIRC_00288,FJI,2002,8.77604166666667
CIRC_00289,FJI,2002,7.59550561797753
CIRC_00290,FJI,2002,0.396907216494845
CIRC_00291,FJI,2002,0
CIRC_00292,FJI,2002,0
CIRC_00293,FJI,2002,0
CIRC_00294,FRA,2002,14.719696969697
CIRC_00295,FRA,2002,63
CIRC_00296,FRA,2002,63
CIRC_00297,FRA,2002,60.6608391608392
CIRC_00298,FRA,2002,55.4828767123288
CIRC_00299,GAB,2002,0.994505494505494
CIRC_00300,GAB,2002,4.76344086021505
CIRC_00301,COG,2002,52.675
CIRC_00302,GAB,2002,0.0268817204301075
CIRC_00303,GMB,2002,0
CIRC_00304,GMB,2002,1.84375
CIRC_00305,GMB,2002,0.773684210526316
CIRC_00306,DEU,2002,62.9248366013072
CIRC_00307,DEU,2002,59.1584507042254
CIRC_00308,DEU,2002,11.9133333333333
CIRC_00309,DEU,2002,62.4140127388535
CIRC_00310,DEU,2002,17.2202797202797
CIRC_00311,GHA,2002,59.9365079365079
CIRC_00312,GHA,2002,60.25
CIRC_00313,GHA,2002,16.8571428571429
CIRC_00314,GHA,2002,1.52688172043011
CIRC_00315,GNB,2002,11.1076923076923
CIRC_00316,GNB,2002,0
CIRC_00317,GNB,2002,0
CIRC_00318,GNB,2002,0.828125
CIRC_00319,GNB,2002,0
CIRC_00320,GRC,2002,63
CIRC_00321,GRC,2002,48.8846153846154
CIRC_00322,GRC,2002,0.716981132075472
CIRC_00323,GRC,2002,62.7222222222222
CIRC_00324,USA,2002,62.9384615384615
CIRC_00325,GRC,2002,63
CIRC_00326,GRC,2002,27.3712121212121
CIRC_00327,GEO,2002,38.552
CIRC_00328,GEO,2002,4.668
CIRC_00329,GEO,2002,0
CIRC_00330,GEO,2002,13.2890625
CIRC_00331,FRA,2002,63
CIRC_00332,GTM,2002,61.9948453608247
CIRC_00333,GTM,2002,2.3125
CIRC_00334,GTM,2002,11.3020833333333
CIRC_00335,GIN,2002,0
CIRC_00336,GIN,2002,0
CIRC_00337,GIN,2002,0
CIRC_00338,GIN,2002,51.6428571428572
CIRC_00339,GIN,2002,0
CIRC_00340,GIN,2002,0.515463917525773
CIRC_00341,GUY,2002,42.0217391304348
CIRC_00342,GUY,2002,6.15079365079365
CIRC_00343,GUY,2002,1.42207792207792
CIRC_00344,USA,2002,62.924
CIRC_00345,GUY,2002,25.8641304347826
CIRC_00346,GUY,2002,0
CIRC_00347,GUY,2002,4.39041095890411
CIRC_00348,HTI,2002,0
CIRC_00349,HTI,2002,37.4285714285714
CIRC_00350,HTI,2002,25.6595744680851
CIRC_00351,HTI,2002,0
CIRC_00352,HTI,2002,1.86046511627907
CIRC_00353,HTI,2002,0
CIRC_00354,HTI,2002,0
CIRC_00355,HTI,2002,0
CIRC_00356,HND,2002,27.8313953488372
CIRC_00357,HND,2002,60.921052631579
CIRC_00358,HND,2002,56.7287234042553
CIRC_00359,PAN,2002,61.3333333333333
CIRC_00360,HND,2002,0
CIRC_00361,HND,2002,19.4270833333333
CIRC_00362,HND,2002,8.43965517241379
CIRC_00363,HND,2002,2.98947368421053
CIRC_00364,HND,2002,0.741935483870968
CIRC_00365,HUN,2002,7.96376811594203
CIRC_00366,HUN,2002,62.7608695652174
CIRC_00367,HUN,2002,2.67307692307692
CIRC_00368,HUN,2002,43.8007246376812
CIRC_00369,HUN,2002,15.0555555555556
CIRC_00370,HUN,2002,44.2142857142857
CIRC_00371,ISL,2002,30.3529411764706
CIRC_00372,ISL,2002,1.359375
CIRC_00373,ISL,2002,30.3151260504202
CIRC_00374,IND,2002,57.4405940594059
CIRC_00375,IND,2002,2.62380952380952
CIRC_00376,IND,2002,11.0459183673469
CIRC_00377,IND,2002,53.2401960784314
CIRC_00378,IND,2002,4.40526315789474
CIRC_00379,PAK,2002,35.2567567567568
CIRC_00380,PAK,2002,3.64220183486239
CIRC_00381,IND,2002,7.26237623762376
CIRC_00382,IDN,2002,14.781914893617
CIRC_00383,IDN,2002,12.7589285714286
CIRC_00384,IDN,2002,13.6526315789474
CIRC_00385,IDN,2002,48.0957446808511
CIRC_00386,IDN,2002,4.14210526315789
CIRC_00387,IDN,2002,44.1436170212766
CIRC_00388,IRL,2002,19.5573248407643
CIRC_00389,IRL,2002,1.45652173913043
CIRC_00390,IRL,2002,24.9182389937107
CIRC_00391,IRL,2002,62.0844594594595
CIRC_00392,IRL,2002,18.4394904458599
CIRC_00393,IRL,2002,55.79
CIRC_00394,IRN,2002,10.1261682242991
CIRC_00395,IRN,2002,40.1136363636364
CIRC_00396,IRN,2002,15.3938053097345
CIRC_00397,IRN,2002,0
CIRC_00398,IRN,2002,62.7241379310345
CIRC_00399,IRQ,2002,28.1
CIRC_00400,USA,2002,14.5580357142857
CIRC_00401,USA,2002,29.3785046728972
CIRC_00402,USA,2002,62.3427419354839
CIRC_00403,IRQ,2002,62.9719626168224
CIRC_00404,IRQ,2002,45.0442477876106
CIRC_00405,IRQ,2002,16.0136363636364
CIRC_00406,IRQ,2002,63
CIRC_00407,BLR,2002,2.45
CIRC_00408,ISR,2002,62.9473684210526
CIRC_00409,BLR,2002,0.490506329113924
CIRC_00410,ISR,2002,62.9078947368421
CIRC_00411,ISR,2002,60.9722222222222
CIRC_00412,ISR,2002,62.4557522123894
CIRC_00413,ISR,2002,51.6009174311927
CIRC_00414,ISR,2002,62.9259259259259
CIRC_00415,ITA,2002,63
CIRC_00416,ITA,2002,59.7222222222222
CIRC_00417,ITA,2002,55.5602409638554
CIRC_00418,ITA,2002,62.3777777777778
CIRC_00419,ITA,2002,62.1317829457364
CIRC_00420,ITA,2002,39.76171875
CIRC_00421,ITA,2002,63
CIRC_00422,ITA,2002,54.0220588235294
CIRC_00423,ITA,2002,51.3875968992248
CIRC_00424,ITA,2002,7.70833333333334
CIRC_00425,JAM,2002,28.4432989690722
CIRC_00426,JAM,2002,6.33870967741936
CIRC_00427,JAM,2002,21.9329896907216
CIRC_00428,JAM,2002,6.68041237113402
CIRC_00429,JAM,2002,45.9381443298969
CIRC_00430,JOR,2002,62.1261682242991
CIRC_00431,JPN,2002,63
CIRC_00432,JPN,2002,56.5221238938053
CIRC_00433,JPN,2002,63
CIRC_00434,JPN,2002,59.0978260869565
CIRC_00435,JPN,2002,42.9912280701754
CIRC_00436,JPN,2002,21.3392857142857
CIRC_00437,JPN,2002,16.2727272727273
CIRC_00438,JPN,2002,33.8565217391304
CIRC_00439,JPN,2002,60.169014084507
CIRC_00440,JPN,2002,60.6347826086957
CIRC_00441,JPN,2002,51.4363636363636
CIRC_00442,JPN,2002,63
CIRC_00443,JPN,2002,53.4692307692308
CIRC_00444,JPN,2002,62.747572815534
CIRC_00445,JPN,2002,29.7826086956522
CIRC_00446,JPN,2002,63
CIRC_00447,KEN,2002,0.0268817204301075
CIRC_00448,KEN,2002,4.28494623655914
CIRC_00449,KEN,2002,57.5773195876289
CIRC_00450,KEN,2002,0.408602150537634
CIRC_00451,XKO,2002,4.45121951219512
CIRC_00452,XKO,2002,35.452
CIRC_00453,XKO,2002,7.30645161290323
CIRC_00454,XKO,2002,34.3373015873016
CIRC_00455,XKO,2002,4.888
CIRC_00456,KWT,2002,62.7033898305085
CIRC_00457,KWT,2002,31.6380952380952
CIRC_00458,KGZ,2002,1.12204724409449
CIRC_00459,KGZ,2002,28.1171171171171
CIRC_00460,KGZ,2002,58.3104838709678
CIRC_00461,KGZ,2002,8.06504065040651
CIRC_00462,KGZ,2002,5.50813008130081
CIRC_00463,KGZ,2002,0.738095238095239
CIRC_00464,KGZ,2002,7.27777777777778
CIRC_00465,KAZ,2002,7.94186046511628
CIRC_00466,KAZ,2002,60.9007936507937
CIRC_00467,LAO,2002,14.7708333333333
CIRC_00468,THA,2002,23.6857142857143
CIRC_00469,LAO,2002,0
CIRC_00470,LAO,2002,1.42708333333333
CIRC_00471,LAO,2002,0
CIRC_00472,LVA,2002,61.8313953488372
CIRC_00473,LVA,2002,1.10283687943263
CIRC_00474,RUS,2002,0.124260355029586
CIRC_00475,LVA,2002,29.6147058823529
CIRC_00476,LVA,2002,8.89673913043478
CIRC_00477,LVA,2002,0.159763313609468
CIRC_00478,LVA,2002,0
CIRC_00479,USA,2002,61.4612068965517
CIRC_00480,LBR,2002,0
CIRC_00481,LBR,2002,0.341666666666667
CIRC_00482,LBR,2002,0
CIRC_00483,LBR,2002,0
CIRC_00484,LBR,2002,0
CIRC_00485,LBR,2002,0
CIRC_00486,LBR,2002,0
CIRC_00487,LBR,2002,12.6184210526316
CIRC_00488,LBN,2002,46.2387387387388
CIRC_00489,LBN,2002,53.5575221238938
CIRC_00490,LBN,2002,58.0689655172414
CIRC_00491,LBN,2002,47.634328358209
CIRC_00492,LBN,2002,62.7931034482759
CIRC_00493,LBN,2002,62.8152173913044
CIRC_00494,LBN,2002,53.6891891891892
CIRC_00495,LSO,2002,0.315315315315315
CIRC_00496,LSO,2002,1.7311320754717
CIRC_00497,LSO,2002,3.30555555555555
CIRC_00498,LSO,2002,1.50961538461539
CIRC_00499,LSO,2002,2.625
CIRC_00500,LSO,2002,43.9480519480519
CIRC_00501,LSO,2002,2.02439024390244
CIRC_00502,LSO,2002,0
CIRC_00503,LBY,2002,24.5178571428571
CIRC_00504,LBY,2002,39.5688073394495
CIRC_00505,LBY,2002,62.75
CIRC_00506,LBY,2002,60.5809523809524
CIRC_00507,LBY,2002,28.4179104477612
CIRC_00508,LBY,2002,16.570796460177
CIRC_00509,LBY,2002,62.9705882352941
CIRC_00510,LBY,2002,53.9444444444445
CIRC_00511,LTU,2002,56.1604938271605
CIRC_00512,LTU,2002,11.7278106508876
CIRC_00513,LTU,2002,20.7886904761905
CIRC_00514,LTU,2002,57.4968944099379
CIRC_00515,LTU,2002,51.85546875
CIRC_00516,LUX,2002,28.225
CIRC_00517,LUX,2002,15.7132867132867
CIRC_00518,LUX,2002,58.9623287671233
CIRC_00519,LUX,2002,54.1481481481482
CIRC_00520,MRT,2002,0
CIRC_00521,MRT,2002,47.9278350515464
CIRC_00522,MRT,2002,0
CIRC_00523,MRT,2002,0
CIRC_00524,MRT,2002,0
CIRC_00525,MRT,2002,0
CIRC_00526,MKD,2002,18.3958333333333
CIRC_00527,BIH,2002,40.0581395348837
CIRC_00528,MKD,2002,53.284
CIRC_00529,MKD,2002,6.06692913385827
CIRC_00530,MKD,2002,7.66393442622951
CIRC_00531,MKD,2002,21.0327868852459
CIRC_00532,MKD,2002,30.664
CIRC_00533,MDG,2002,0
CIRC_00534,MDG,2002,0
CIRC_00535,MDG,2002,6.74
CIRC_00536,MDG,2002,0
CIRC_00537,MDG,2002,8.6340206185567
CIRC_00538,MDG,2002,0
CIRC_00539,MYS,2002,49.1630434782609
CIRC_00540,MYS,2002,47.3357142857143
CIRC_00541,MYS,2002,10.0652173913043
CIRC_00542,MYS,2002,43.0492957746479
CIRC_00543,MYS,2002,0.164948453608247
CIRC_00544,MYS,2002,44.9095744680851
CIRC_00545,MUS,2002,39.3520408163265
CIRC_00546,MUS,2002,36.6914893617021
CIRC_00547,MUS,2002,30.8316326530612
CIRC_00548,MWI,2002,5.94329896907217
CIRC_00549,MWI,2002,0.0515463917525774
CIRC_00550,MWI,2002,3.14583333333333
CIRC_00551,MWI,2002,1.97938144329897
CIRC_00552,MWI,2002,0
CIRC_00553,MWI,2002,48.6173469387755
CIRC_00554,MEX,2002,63
CIRC_00555,MEX,2002,58.3144329896907
CIRC_00556,MEX,2002,25.5204081632653
CIRC_00557,MEX,2002,3.96354166666667
CIRC_00558,MDA,2002,2.08928571428571
CIRC_00559,MDA,2002,0.99642857142857
CIRC_00560,MDA,2002,1.03358208955224
CIRC_00561,RUS,2002,0
CIRC_00562,MDA,2002,4.31386861313869
CIRC_00563,MDA,2002,2.22794117647059
CIRC_00564,MDA,2002,2.40510948905109
CIRC_00565,MDA,2002,1.36567164179104
CIRC_00566,MDA,2002,49.1715328467153
CIRC_00567,MDA,2002,3.74820143884892
CIRC_00568,MDA,2002,4.2047619047619
CIRC_00569,MDA,2002,3.72262773722628
CIRC_00570,MDA,2002,1.13970588235294
CIRC_00571,MDA,2002,2.14598540145985
CIRC_00572,MDA,2002,46.7985074626866
CIRC_00573,MDA,2002,3.28099173553719
CIRC_00574,MDA,2002,5.7158273381295
CIRC_00575,MLI,2002,14.6894736842105
CIRC_00576,MLI,2002,7.24736842105263
CIRC_00577,MLI,2002,0
CIRC_00578,MLI,2002,7.42105263157895
CIRC_00579,MLI,2002,8.85789473684211
CIRC_00580,MLI,2002,0
CIRC_00581,MLI,2002,3.21505376344086
CIRC_00582,MLT,2002,61.6121495327103
CIRC_00583,MLT,2002,62.2606382978723
CIRC_00584,MLT,2002,62.1630434782609
CIRC_00585,MLT,2002,62.0901639344262
CIRC_00586,MNG,2002,0
CIRC_00587,MNG,2002,0
CIRC_00588,MNG,2002,0
CIRC_00589,MNG,2002,46.4452554744526
CIRC_00590,MNG,2002,0
CIRC_00591,MAR,2002,60.9583333333333
CIRC_00592,MMR,2002,41.5714285714286
CIRC_00593,MMR,2002,1.37755102040816
CIRC_00594,MMR,2002,0
CIRC_00595,MMR,2002,58.8238636363636
CIRC_00596,MMR,2002,13.7878787878788
CIRC_00597,MOZ,2002,0
CIRC_00598,MOZ,2002,0
CIRC_00599,MOZ,2002,0
CIRC_00600,NAM,2002,3.04639175257732
CIRC_00601,NAM,2002,0
CIRC_00602,NAM,2002,16.2295918367347
CIRC_00603,NPL,2002,53.4245283018868
CIRC_00604,IND,2002,51.7548076923077
CIRC_00605,IND,2002,8.46634615384615
CIRC_00606,NPL,2002,0
CIRC_00607,NPL,2002,0
CIRC_00608,NPL,2002,0
CIRC_00609,NPL,2002,5.35576923076923
CIRC_00610,NPL,2002,6.38636363636364
CIRC_00611,NPL,2002,0
CIRC_00612,NPL,2002,0
CIRC_00613,NPL,2002,0
CIRC_00614,NPL,2002,22.2427184466019
CIRC_00615,NPL,2002,0
CIRC_00616,NZL,2002,24.6493506493507
CIRC_00617,NZL,2002,21.1923076923077
CIRC_00618,NZL,2002,4.65217391304348
CIRC_00619,NZL,2002,9.38432835820895
CIRC_00620,NZL,2002,2.66666666666667
CIRC_00621,NZL,2002,61.4178082191781
CIRC_00622,NZL,2002,0.761029411764706
CIRC_00623,NZL,2002,49.4217391304348
CIRC_00624,NZL,2002,26.5082644628099
CIRC_00625,NZL,2002,60.577519379845
CIRC_00626,NIC,2002,1.82105263157895
CIRC_00627,NIC,2002,12.1
CIRC_00628,NIC,2002,58.3578947368421
CIRC_00629,NIC,2002,24.6888888888889
CIRC_00630,NGA,2002,24.1170212765958
CIRC_00631,NGA,2002,56.8295454545455
CIRC_00632,NGA,2002,55.4157894736842
CIRC_00633,NGA,2002,30.6755319148936
CIRC_00634,NGA,2002,29.9842105263158
CIRC_00635,NGA,2002,12.4615384615385
CIRC_00636,NGA,2002,4.15263157894737
CIRC_00637,NER,2002,1.06770833333333
CIRC_00638,NER,2002,12.4690721649485
CIRC_00639,NER,2002,2.64583333333333
CIRC_00640,NER,2002,45.6968085106383
CIRC_00641,NER,2002,1.57978723404255
CIRC_00642,NER,2002,0
CIRC_00643,NER,2002,0
CIRC_00644,NER,2002,0
CIRC_00645,NER,2002,0
CIRC_00646,NOR,2002,24.0109489051095
CIRC_00647,NOR,2002,30.2857142857143
CIRC_00648,NOR,2002,31.0185185185185
CIRC_00649,NOR,2002,22.2
CIRC_00650,NOR,2002,9.39890710382513
CIRC_00651,NOR,2002,31.3251748251748
CIRC_00652,NOR,2002,23.6059602649007
CIRC_00653,NLD,2002,62.7251655629139
CIRC_00654,NLD,2002,23.0198675496689
CIRC_00655,NLD,2002,22.0551470588235
CIRC_00656,NLD,2002,61.4265734265734
CIRC_00657,OMN,2002,47.6082474226804
CIRC_00658,OMN,2002,57.3116883116883
CIRC_00659,PAK,2002,62.718085106383
CIRC_00660,PAK,2002,6.29807692307692
CIRC_00661,PAK,2002,62.9952830188679
CIRC_00662,PAK,2002,7.44711538461538
CIRC_00663,PAK,2002,19.4150943396226
CIRC_00664,IND,2002,62.4519230769231
CIRC_00665,PAK,2002,59.714953271028
CIRC_00666,PAK,2002,0.173913043478261
CIRC_00667,PAK,2002,62.9910714285714
CIRC_00668,PAK,2002,4.36448598130841
CIRC_00669,PAN,2002,61.7327586206897
CIRC_00670,PAN,2002,0.627659574468085
CIRC_00671,PAN,2002,24.4510869565217
CIRC_00672,PRY,2002,0.689320388349515
CIRC_00673,PRY,2002,57.6960784313726
CIRC_00674,PRY,2002,10.368932038835
CIRC_00675,PRY,2002,0.280952380952381
CIRC_00676,PRY,2002,51.3555555555556
CIRC_00677,PER,2002,62.8368421052632
CIRC_00678,PER,2002,38.484375
CIRC_00679,PER,2002,2.22164948453608
CIRC_00680,PER,2002,62.6510416666667
CIRC_00681,PER,2002,17.2741935483871
CIRC_00682,PER,2002,1.71428571428571
CIRC_00683,PHL,2002,0.798245614035088
CIRC_00684,PHL,2002,7.03370786516854
CIRC_00685,PHL,2002,62.9385964912281
CIRC_00686,PHL,2002,63
CIRC_00687,PHL,2002,62.9943181818182
CIRC_00688,PHL,2002,1.26086956521739
CIRC_00689,PHL,2002,62.9710144927536
CIRC_00690,PNG,2002,0
CIRC_00691,PNG,2002,0.0309278350515465
CIRC_00692,PNG,2002,0
CIRC_00693,PNG,2002,35.3736263736264
CIRC_00694,PNG,2002,0
CIRC_00695,PNG,2002,5.46323529411765
CIRC_00696,PNG,2002,0
CIRC_00697,PNG,2002,0.277777777777778
CIRC_00698,POL,2002,10.4666666666667
CIRC_00699,POL,2002,7.11363636363636
CIRC_00700,POL,2002,14.934375
CIRC_00701,POL,2002,63
CIRC_00702,POL,2002,13.6587837837838
CIRC_00703,POL,2002,13.870253164557
CIRC_00704,POL,2002,41.6506849315069
CIRC_00705,POL,2002,60.7152777777778
CIRC_00706,POL,2002,55.2107142857143
CIRC_00707,PRT,2002,62.8359375
CIRC_00708,PRT,2002,34.5442477876106
CIRC_00709,PRK,2002,28.4957983193277
CIRC_00710,RUS,2002,2.83916083916084
CIRC_00711,QAT,2002,62.9176470588235
CIRC_00712,KOR,2002,36.9364406779661
CIRC_00713,KOR,2002,29.4903846153846
CIRC_00714,KOR,2002,4.75531914893617
CIRC_00715,KOR,2002,45.0394736842105
CIRC_00716,JPN,2002,63
CIRC_00717,KOR,2002,62.8958333333333
CIRC_00718,KOR,2002,62.9916666666667
CIRC_00719,KOR,2002,21.811320754717
CIRC_00720,KOR,2002,62.9956140350877
CIRC_00721,ROU,2002,61.2557251908397
CIRC_00722,ROU,2002,31.030534351145
CIRC_00723,UKR,2002,14.3977272727273
CIRC_00724,ROU,2002,0.0183823529411765
CIRC_00725,ROU,2002,4.41304347826087
CIRC_00726,ROU,2002,40.8507462686567
CIRC_00727,ROU,2002,13.984962406015
CIRC_00728,ROU,2002,30.568345323741
CIRC_00729,ROU,2002,11.5037593984962
CIRC_00730,ROU,2002,20.3333333333333
CIRC_00731,ROU,2002,42.1691176470588
CIRC_00732,RUS,2002,4.80451127819549
CIRC_00733,RUS,2002,1.64354066985646
CIRC_00734,RUS,2002,31.4783783783784
CIRC_00735,RWA,2002,3.92622950819672
CIRC_00736,RWA,2002,2.91304347826087
CIRC_00737,RWA,2002,0
CIRC_00738,ZAF,2002,63
CIRC_00739,ZAF,2002,0
CIRC_00740,ZAF,2002,0.198198198198198
CIRC_00741,ZAF,2002,62.545
CIRC_00742,ZAF,2002,3.74285714285714
CIRC_00743,ZAF,2002,62.5049504950495
CIRC_00744,SLV,2002,59.8978494623656
CIRC_00745,SLV,2002,35.625
CIRC_00746,SLV,2002,5.89473684210527
CIRC_00747,SLV,2002,5.34020618556701
CIRC_00748,SLV,2002,3.92268041237113
CIRC_00749,SAU,2002,63
CIRC_00750,SEN,2002,0
CIRC_00751,SEN,2002,2.81632653061225
CIRC_00752,SEN,2002,0
CIRC_00753,SRB,2002,60.5
CIRC_00754,SRB,2002,16.836
CIRC_00755,XKO,2002,21.3769841269841
CIRC_00756,SLE,2002,0
CIRC_00757,SLE,2002,23.5918367346939
CIRC_00758,SLE,2002,0
CIRC_00759,SLE,2002,0
CIRC_00760,SLE,2002,0
CIRC_00761,SLE,2002,0.25
CIRC_00762,SGP,2002,62.8040540540541
CIRC_00763,SGP,2002,62.9402173913044
CIRC_00764,SVK,2002,34.6713286713287
CIRC_00765,SVK,2002,10.0915492957746
CIRC_00766,SVK,2002,11.0422535211268
CIRC_00767,SVK,2002,28.5177304964539
CIRC_00768,SVK,2002,16.9568345323741
CIRC_00769,SVK,2002,43.6510791366907
CIRC_00770,SVK,2002,6.15865384615385
CIRC_00771,SVN,2002,5.02941176470588
CIRC_00772,SVN,2002,3.54330708661417
CIRC_00773,SVN,2002,27.5962962962963
CIRC_00774,SVN,2002,52.0185185185185
CIRC_00775,SVN,2002,13.9961832061069
CIRC_00776,SVN,2002,9.9365671641791
CIRC_00777,SVN,2002,23.9540229885057
CIRC_00778,SLB,2002,0
CIRC_00779,SLB,2002,0
CIRC_00780,SLB,2002,0
CIRC_00781,SLB,2002,0
CIRC_00782,SLB,2002,0
CIRC_00783,SLB,2002,0
CIRC_00784,SLB,2002,0
CIRC_00785,SLB,2002,0
CIRC_00786,ETH,2002,0
CIRC_00787,SOM,2002,0
CIRC_00788,SOM,2002,12.5283018867925
CIRC_00789,ESP,2002,63
CIRC_00790,ESP,2002,63
CIRC_00791,ESP,2002,60.6209677419355
CIRC_00792,ESP,2002,49.5819672131148
CIRC_00793,LKA,2002,60.9416666666667
CIRC_00794,LKA,2002,9.47368421052632
CIRC_00795,LKA,2002,5.29032258064516
CIRC_00796,LKA,2002,18.2712765957447
CIRC_00797,LKA,2002,10.3092783505155
CIRC_00798,SSD,2002,0
CIRC_00799,SDN,2002,4.37254901960784
CIRC_00800,SDN,2002,0
CIRC_00801,SUR,2002,35.8681318681319
CIRC_00802,SUR,2002,0.352112676056338
CIRC_00803,SUR,2002,6.72777777777778
CIRC_00804,SUR,2002,14.5051546391753
CIRC_00805,SWZ,2002,29.0384615384615
CIRC_00806,SWE,2002,27.3222891566265
CIRC_00807,SWE,2002,48.9214285714286
CIRC_00808,SWE,2002,7.19337016574586
CIRC_00809,SWE,2002,31.4298780487805
CIRC_00810,SWE,2002,24.2868852459016
CIRC_00811,SWE,2002,44.1084337349398
CIRC_00812,CHE,2002,41.5477941176471
CIRC_00813,CHE,2002,32.1315789473684
CIRC_00814,CHE,2002,36.3283582089552
CIRC_00815,CHE,2002,6.50373134328358
CIRC_00816,CHE,2002,57.3
CIRC_00817,CHE,2002,20.5656934306569
CIRC_00818,CHE,2002,30.4418604651163
CIRC_00819,CHE,2002,25.3666666666667
CIRC_00820,CHE,2002,39.3777777777778
CIRC_00821,CHE,2002,15.481884057971
CIRC_00822,CHE,2002,40.8308823529412
CIRC_00823,CHE,2002,31.6323529411765
CIRC_00824,CHE,2002,18.3941605839416
CIRC_00825,CHE,2002,21.0038167938931
CIRC_00826,CHE,2002,40.3514492753623
CIRC_00827,CHE,2002,25.9927536231884
CIRC_00828,CHE,2002,35.9777777777778
CIRC_00829,CHE,2002,9.26277372262774
CIRC_00830,CHE,2002,18.5
CIRC_00831,CHE,2002,21.7076923076923
CIRC_00832,CHE,2002,18.2226277372263
CIRC_00833,SYR,2002,26.8362068965517
CIRC_00834,SYR,2002,61.9324324324324
CIRC_00835,TJK,2002,5.20512820512821
CIRC_00836,TJK,2002,38.5081967213115
CIRC_00837,TJK,2002,0
CIRC_00838,TJK,2002,18.5301724137931
CIRC_00839,TWN,2002,33.1095890410959
CIRC_00840,TWN,2002,36.35
CIRC_00841,HKG,2002,62.9057971014493
CIRC_00842,TWN,2002,62.9264705882353
CIRC_00843,TZA,2002,0
CIRC_00844,TZA,2002,0
CIRC_00845,TZA,2002,0
CIRC_00846,TZA,2002,0
CIRC_00847,TZA,2002,0.101351351351351
CIRC_00848,THA,2002,63
CIRC_00849,THA,2002,63
CIRC_00850,THA,2002,62.6822916666667
CIRC_00851,THA,2002,18.3404255319149
CIRC_00852,THA,2002,48.5520833333333
CIRC_00853,THA,2002,62.6236559139785
CIRC_00854,THA,2002,9.37628865979381
CIRC_00855,THA,2002,19.1494845360825
CIRC_00856,THA,2002,6.39473684210526
CIRC_00857,GBR,2002,62.7944785276074
CIRC_00858,THA,2002,48.1105263157895
CIRC_00859,TKM,2002,41.2396694214876
CIRC_00860,TKM,2002,15.3739495798319
CIRC_00861,TKM,2002,60.6478260869565
CIRC_00862,TGO,2002,0.817204301075269
CIRC_00863,TGO,2002,2.61842105263158
CIRC_00864,TGO,2002,0
CIRC_00865,TTO,2002,28.9590163934426
CIRC_00866,TTO,2002,53.3059701492537
CIRC_00867,TTO,2002,19.8736842105263
CIRC_00868,TTO,2002,7.93918918918919
CIRC_00869,TTO,2002,15.6954022988506
CIRC_00870,TUN,2002,61.6333333333333
CIRC_00871,TUN,2002,19.1009174311927
CIRC_00872,TUN,2002,62.3225806451613
CIRC_00873,TUN,2002,21.3826086956522
CIRC_00874,TUN,2002,61.3409090909091
CIRC_00875,TUN,2002,17.1434782608696
CIRC_00876,TUN,2002,33.4333333333333
CIRC_00877,TUR,2002,31.8125
CIRC_00878,TUR,2002,62.0538461538462
CIRC_00879,TUR,2002,3.23275862068966
CIRC_00880,TUR,2002,62.7672413793103
CIRC_00881,TUR,2002,12.6818181818182
CIRC_00882,TUR,2002,60.900826446281
CIRC_00883,TUR,2002,62.1428571428572
CIRC_00884,ARE,2002,61.4464285714286
CIRC_00885,ARE,2002,62.3333333333333
CIRC_00886,UGA,2002,0
CIRC_00887,GBR,2002,29.9834437086093
CIRC_00888,GBR,2002,20.4143835616438
CIRC_00889,GBR,2002,62.8493150684932
CIRC_00890,GBR,2002,49.1424242424243
CIRC_00891,GBR,2002,42.3793103448276
CIRC_00892,USA,2002,62.979381443299
CIRC_00893,GBR,2002,49.3509933774835
CIRC_00894,GBR,2002,59.0076335877863
CIRC_00895,UKR,2002,1.09183673469388
CIRC_00896,UKR,2002,5.20723684210526
CIRC_00897,UKR,2002,0
CIRC_00898,UKR,2002,34.7357142857143
CIRC_00899,UKR,2002,57.4893617021277
CIRC_00900,UKR,2002,11.6692307692308
CIRC_00901,UKR,2002,53.6159420289855
CIRC_00902,URY,2002,62.8839285714286
CIRC_00903,URY,2002,62.3241758241758
CIRC_00904,USA,2002,60.7976190476191
CIRC_00905,USA,2002,34.3130434782609
CIRC_00906,USA,2002,61.780701754386
CIRC_00907,USA,2002,61.6825396825397
CIRC_00908,USA,2002,62.6939655172414
CIRC_00909,USA,2002,56.2903225806452
CIRC_00910,UZB,2002,50
CIRC_00911,UZB,2002,61.4758064516129
CIRC_00912,UZB,2002,13.8697478991597
CIRC_00913,VEN,2002,27.0315789473684
CIRC_00914,VEN,2002,19.2555555555556
CIRC_00915,VEN,2002,3.2319587628866
CIRC_00916,VEN,2002,15.7142857142857
CIRC_00917,VEN,2002,62.7065217391304
CIRC_00918,YEM,2002,5.57291666666667
CIRC_00919,YEM,2002,0.351063829787235
CIRC_00920,YEM,2002,6.85567010309278
CIRC_00921,SRB,2002,26.08203125
CIRC_00922,MNE,2002,12.3275862068966
CIRC_00923,ZMB,2002,2.34615384615385
CIRC_00924,ZMB,2002,48.4157894736842
CIRC_00925,ZMB,2002,24.4114583333333
CIRC_00926,ZWE,2002,0
CIRC_00927,ZMB,2002,0
CIRC_00928,ZMB,2002,17.32
CIRC_00929,ZMB,2002,37.03125
CIRC_00930,ZMB,2002,0
CIRC_00931,ZWE,2002,0.149484536082474
CIRC_00932,ZWE,2002,8.48969072164949
CIRC_00933,COM,2002,0.564935064935065
CIRC_00934,MDV,2002,46
CIRC_00935,SAU,2002,63
CIRC_00936,ISR,2002,62.4861111111111
CIRC_00937,COM,2002,0.366666666666667
CIRC_00938,COM,2002,0.183333333333333
CIRC_00941,LBY,2002,62.7384615384615
CIRC_00942,SGP,2002,62.9764705882353
CIRC_00943,MKD,2002,52.2581967213115
CIRC_00945,QAT,2002,62.9226190476191
CIRC_00946,MDA,2002,3.22727272727273
CIRC_00947,SGP,2002,62.9235294117647
CIRC_00948,LSO,2002,1.62735849056604
CIRC_00949,MDA,2002,0.816546762589928
CIRC_00950,COM,2002,0.766666666666667
CIRC_00951,LSO,2002,0
CIRC_00952,MUS,2002,48.0743243243243
CIRC_00953,ISR,2002,62.9097222222222
CIRC_00954,TKM,2002,42.5347826086957
CIRC_00955,LBY,2002,28.6515151515152
CIRC_00956,ISR,2002,51.4151785714286
CIRC_00957,MUS,2002,33.5670103092783
CIRC_00958,GTM,2002,61.9845360824742
CIRC_00959,MDA,2002,4.27173913043478
CIRC_00960,ISR,2002,63
CIRC_00961,SSD,2002,0
CIRC_00962,CYP,2002,56.5866666666667
CIRC_00964,LSO,2002,46.7857142857143
CIRC_00965,MDA,2002,2.24452554744525
CIRC_00001,AFG,2003,1.2212389380531
CIRC_00002,AFG,2003,29.7946428571429
CIRC_00003,AFG,2003,0
CIRC_00004,AFG,2003,0
CIRC_00005,AFG,2003,6.84259259259259
CIRC_00006,AFG,2003,0
CIRC_00007,AFG,2003,0.169811320754717
CIRC_00008,ALB,2003,17.7540322580645
CIRC_00009,ALB,2003,0.0905172413793103
CIRC_00010,ALB,2003,45.2540983606558
CIRC_00011,ALB,2003,0.9875
CIRC_00012,DZA,2003,3.92035398230088
CIRC_00013,DZA,2003,31.3739130434783
CIRC_00014,DZA,2003,7.13913043478261
CIRC_00015,DZA,2003,41.3245614035088
CIRC_00016,MAR,2003,47.3289473684211
CIRC_00017,DZA,2003,2.85526315789474
CIRC_00018,DZA,2003,18.8648648648649
CIRC_00019,AGO,2003,52.3627450980392
CIRC_00020,AGO,2003,17.5520833333333
CIRC_00021,ARG,2003,4.42056074766355
CIRC_00022,ARG,2003,62.6146788990826
CIRC_00023,ARG,2003,14.5336538461539
CIRC_00024,ARG,2003,52.3181818181818
CIRC_00025,ARG,2003,63
CIRC_00026,ARG,2003,35.9027777777778
CIRC_00027,ARG,2003,58.6652173913044
CIRC_00028,ARG,2003,35.8782608695652
CIRC_00029,ARG,2003,62.8089887640449
CIRC_00030,ARG,2003,62.843023255814
CIRC_00031,SYR,2003,5.20434782608696
CIRC_00032,AZE,2003,6.73553719008265
CIRC_00033,ARM,2003,50.2073170731707
CIRC_00034,ARM,2003,50.7731092436975
CIRC_00035,ARM,2003,1.75423728813559
CIRC_00036,AUS,2003,3.88034188034188
CIRC_00037,AUS,2003,62.8720930232558
CIRC_00038,AUS,2003,13.8142857142857
CIRC_00039,GBR,2003,45.9840425531915
CIRC_00040,GBR,2003,62.9966666666667
CIRC_00041,AUS,2003,62.7784090909091
CIRC_00042,AUT,2003,62.1392857142857
CIRC_00043,AUT,2003,44.5992647058824
CIRC_00044,AUT,2003,30.4290780141844
CIRC_00045,AUT,2003,3.9290780141844
CIRC_00046,AUT,2003,58.7985611510792
CIRC_00047,AUT,2003,60.9244604316547
CIRC_00048,AUT,2003,11.3812949640288
CIRC_00049,CHE,2003,18.463503649635
CIRC_00050,AZE,2003,59.3271604938272
CIRC_00051,AZE,2003,0.352459016393443
CIRC_00052,AZE,2003,59.3205128205128
CIRC_00053,AZE,2003,14.1733870967742
CIRC_00054,BHR,2003,56.9473684210526
CIRC_00055,BHR,2003,62.955
CIRC_00056,BRB,2003,53.9
CIRC_00057,BRB,2003,17.4736842105263
CIRC_00058,BRB,2003,23.8402777777778
CIRC_00059,BRB,2003,20.6354166666667
CIRC_00060,BEL,2003,38.27
CIRC_00061,FRA,2003,61.0826771653543
CIRC_00062,BEL,2003,51.1538461538462
CIRC_00063,BEL,2003,45.021978021978
CIRC_00064,BEL,2003,61.8758389261745
CIRC_00065,BEL,2003,44.6458333333333
CIRC_00066,BEL,2003,49.0646258503401
CIRC_00067,BEL,2003,62.4965986394558
CIRC_00068,BEL,2003,59.958904109589
CIRC_00069,BEN,2003,0
CIRC_00070,TGO,2003,46.7333333333333
CIRC_00071,BEN,2003,0
CIRC_00072,BEN,2003,4.55978260869565
CIRC_00073,BFA,2003,55.2473684210526
CIRC_00074,BFA,2003,4.39361702127659
CIRC_00075,BFA,2003,1.31578947368421
CIRC_00076,BFA,2003,55.4010989010989
CIRC_00077,BFA,2003,0
CIRC_00078,BHS,2003,60.5
CIRC_00079,BHS,2003,45.5448717948718
CIRC_00080,BHS,2003,57.6182795698925
CIRC_00081,BTN,2003,8.375
CIRC_00082,BTN,2003,0
CIRC_00083,BTN,2003,0.995192307692308
CIRC_00084,BTN,2003,5.14903846153846
CIRC_00085,BTN,2003,0.757281553398058
CIRC_00086,BTN,2003,0
CIRC_00087,BLR,2003,62.0341614906832
CIRC_00088,BLR,2003,2.10645161290323
CIRC_00089,BLR,2003,1.73584905660377
CIRC_00090,BLZ,2003,40.4285714285714
CIRC_00091,BLZ,2003,12.9489795918367
CIRC_00092,BLZ,2003,13.8383838383838
CIRC_00093,IND,2003,5.21153846153846
CIRC_00094,BGD,2003,0.752475247524752
CIRC_00095,BGD,2003,1.92079207920792
CIRC_00096,IND,2003,7.49514563106796
CIRC_00097,BGD,2003,0.866336633663367
CIRC_00098,BGD,2003,19.26
CIRC_00099,BGD,2003,4.82211538461539
CIRC_00100,BOL,2003,61.2239583333333
CIRC_00101,BOL,2003,60.1855670103093
CIRC_00102,BOL,2003,61.3177083333333
CIRC_00103,BOL,2003,0
CIRC_00104,BOL,2003,1.359375
CIRC_00105,BIH,2003,2.04887218045113
CIRC_00106,BIH,2003,15.7423076923077
CIRC_00107,HRV,2003,4.61693548387097
CIRC_00108,BIH,2003,13.3928571428571
CIRC_00109,BIH,2003,51.0038167938931
CIRC_00110,BIH,2003,6.152
CIRC_00111,BIH,2003,14.4962121212121
CIRC_00112,BIH,2003,32.4186046511628
CIRC_00113,BIH,2003,11.1209677419355
CIRC_00114,BIH,2003,11.3255813953488
CIRC_00115,BIH,2003,13.3153846153846
CIRC_00116,BIH,2003,2.22868217054263
CIRC_00117,BIH,2003,35.484375
CIRC_00118,BIH,2003,9.79365079365079
CIRC_00119,BIH,2003,12.1846153846154
CIRC_00120,BWA,2003,6.75
CIRC_00121,BWA,2003,0
CIRC_00122,GBR,2003,57.6223776223776
CIRC_00123,BWA,2003,2.92647058823529
CIRC_00124,BRA,2003,10.6153846153846
CIRC_00125,BRA,2003,62.53125
CIRC_00126,BRA,2003,50.7222222222222
CIRC_00127,BRA,2003,10.6789473684211
CIRC_00128,BRA,2003,61.3333333333333
CIRC_00129,BRA,2003,27.36
CIRC_00130,BRA,2003,3.10679611650486
CIRC_00131,BRN,2003,53.8483146067416
CIRC_00132,BDI,2003,0
CIRC_00133,BDI,2003,0
CIRC_00134,BDI,2003,19.5744680851064
CIRC_00135,BDI,2003,0
CIRC_00136,BDI,2003,0
CIRC_00137,BDI,2003,0.823863636363636
CIRC_00138,BDI,2003,0
CIRC_00139,BDI,2003,0.0691489361702128
CIRC_00140,BGR,2003,0.698473282442748
CIRC_00141,RUS,2003,63
CIRC_00142,BGR,2003,1.62109375
CIRC_00143,BGR,2003,61.5357142857143
CIRC_00144,BGR,2003,10.824
CIRC_00145,BGR,2003,46.9
CIRC_00146,UKR,2003,32.8636363636364
CIRC_00147,BGR,2003,15.4330708661417
CIRC_00148,USA,2003,62.9745762711865
CIRC_00149,BGR,2003,13.828
CIRC_00150,BGR,2003,10.7459677419355
CIRC_00151,BGR,2003,4.08130081300813
CIRC_00152,BGR,2003,4.712
CIRC_00153,BGR,2003,25.1046511627907
CIRC_00154,KHM,2003,0.031578947368421
CIRC_00155,KHM,2003,42.6397849462366
CIRC_00156,KHM,2003,0.366666666666667
CIRC_00157,CAN,2003,51.875
CIRC_00158,CAN,2003,25.1730769230769
CIRC_00159,CAN,2003,50.1925925925926
CIRC_00160,CAN,2003,62.578431372549
CIRC_00161,CAN,2003,62.4576923076923
CIRC_00162,CAN,2003,62.5269230769231
CIRC_00163,CMR,2003,2.51063829787234
CIRC_00164,CPV,2003,0.0463917525773196
CIRC_00165,CPV,2003,15.6949152542373
CIRC_00166,CPV,2003,2.02577319587629
CIRC_00167,CPV,2003,15.9
CIRC_00168,CIV,2003,29.429347826087
CIRC_00169,CIV,2003,0
CIRC_00170,CIV,2003,1.28333333333333
CIRC_00171,CIV,2003,14.436170212766
CIRC_00172,CIV,2003,9.45108695652174
CIRC_00173,CAF,2003,19.9052631578947
CIRC_00174,CAF,2003,0
CIRC_00175,GAB,2003,4.39361702127659
CIRC_00176,CAF,2003,0
CIRC_00177,CAF,2003,0
CIRC_00178,TCD,2003,23.5422535211268
CIRC_00179,TCD,2003,1.515
CIRC_00180,TCD,2003,0
CIRC_00181,TCD,2003,23.9930555555556
CIRC_00182,CHL,2003,50.3365384615385
CIRC_00183,CHL,2003,58.0240963855422
CIRC_00184,CHL,2003,62.9823008849558
CIRC_00185,CHL,2003,44.8428571428571
CIRC_00186,CHN,2003,27.5509259259259
CIRC_00187,CHN,2003,58.287037037037
CIRC_00188,CHN,2003,51.2735849056604
CIRC_00189,CHN,2003,62.5204918032787
CIRC_00190,COL,2003,59.6063829787234
CIRC_00191,COL,2003,49.8465909090909
CIRC_00192,COL,2003,58.936170212766
CIRC_00193,COL,2003,60.1489361702128
CIRC_00194,COL,2003,5.09473684210526
CIRC_00195,MDG,2003,14.4459459459459
CIRC_00196,FRA,2003,6.1390977443609
CIRC_00197,COM,2003,0
CIRC_00198,COM,2003,0.0212765957446809
CIRC_00199,COM,2003,0
CIRC_00200,COM,2003,0.038961038961039
CIRC_00201,COM,2003,1.19444444444445
CIRC_00202,COM,2003,0.264150943396226
CIRC_00203,COG,2003,1.18888888888889
CIRC_00204,COG,2003,0
CIRC_00205,CRI,2003,57.8421052631579
CIRC_00206,NIC,2003,10.3031914893617
CIRC_00207,CRI,2003,62.4742268041237
CIRC_00208,CRI,2003,62.6063829787234
CIRC_00209,HRV,2003,15.4312977099237
CIRC_00210,HRV,2003,62.037037037037
CIRC_00211,HRV,2003,6.45112781954887
CIRC_00212,HRV,2003,49.1338028169014
CIRC_00213,CUB,2003,0.787878787878787
CIRC_00214,CUB,2003,5.61111111111111
CIRC_00215,XNC,2003,28.6311475409836
CIRC_00216,XNC,2003,57.7090909090909
CIRC_00217,XNC,2003,15.1869565217391
CIRC_00218,CYP,2003,7.2280701754386
CIRC_00219,CYP,2003,41.0388888888889
CIRC_00220,SVK,2003,10.5845588235294
CIRC_00221,CZE,2003,51.7147887323944
CIRC_00222,CZE,2003,61.5821428571429
CIRC_00223,CZE,2003,23.0984848484849
CIRC_00224,CZE,2003,23.3664383561644
CIRC_00225,CZE,2003,41.4535714285714
CIRC_00226,CZE,2003,18.9021739130435
CIRC_00227,CZE,2003,24.5316901408451
CIRC_00228,CZE,2003,58.4349315068493
CIRC_00229,CZE,2003,9.77622377622377
CIRC_00230,SVK,2003,59.1732283464567
CIRC_00231,CZE,2003,10.8085106382979
CIRC_00232,DNK,2003,12.3125
CIRC_00233,DNK,2003,38.6238095238095
CIRC_00234,DNK,2003,3.53254437869822
CIRC_00235,DNK,2003,34.5903225806452
CIRC_00236,DNK,2003,59.3104575163399
CIRC_00237,DNK,2003,47.5320512820513
CIRC_00238,SOM,2003,0
CIRC_00239,ETH,2003,14.2340425531915
CIRC_00240,DOM,2003,10.4432989690722
CIRC_00241,DOM,2003,61.6171875
CIRC_00242,DOM,2003,56.8217821782178
CIRC_00243,DOM,2003,0.697916666666666
CIRC_00244,COD,2003,0
CIRC_00245,COD,2003,0
CIRC_00246,COD,2003,0
CIRC_00247,COD,2003,58.7119565217391
CIRC_00248,VNM,2003,6.07216494845361
CIRC_00249,VNM,2003,29.8823529411765
CIRC_00250,VNM,2003,0.731958762886598
CIRC_00251,VNM,2003,0
CIRC_00252,VNM,2003,25.0990099009901
CIRC_00253,ECU,2003,53.5
CIRC_00254,USA,2003,62.7363636363636
CIRC_00255,ECU,2003,60.1888888888889
CIRC_00256,ECU,2003,49.1236559139785
CIRC_00257,ECU,2003,31.7444444444445
CIRC_00258,ECU,2003,0
CIRC_00259,ECU,2003,60.4462365591398
CIRC_00260,USA,2003,62.6774193548387
CIRC_00261,EGY,2003,47.7612612612613
CIRC_00262,EGY,2003,63
CIRC_00263,EGY,2003,35.3256880733945
CIRC_00264,GNQ,2003,3.33734939759036
CIRC_00265,ERI,2003,28.8894736842105
CIRC_00266,EST,2003,36.5139664804469
CIRC_00267,EST,2003,0
CIRC_00268,EST,2003,18.0421348314607
CIRC_00269,EST,2003,57.5719696969697
CIRC_00270,EST,2003,3.32670454545455
CIRC_00271,EST,2003,45.5337078651686
CIRC_00272,ETH,2003,4.81052631578947
CIRC_00273,ETH,2003,4.10526315789474
CIRC_00274,ETH,2003,0.206185567010309
CIRC_00275,ETH,2003,0
CIRC_00276,TLS,2003,0.99090909090909
CIRC_00277,TLS,2003,19.0846153846154
CIRC_00278,TLS,2003,0.478723404255319
CIRC_00279,TLS,2003,18.7014925373134
CIRC_00280,TLS,2003,0
CIRC_00281,TLS,2003,0
CIRC_00282,FIN,2003,50.6710526315789
CIRC_00283,RUS,2003,35.2404580152672
CIRC_00284,FIN,2003,57.8219178082192
CIRC_00285,FIN,2003,35.6701570680628
CIRC_00286,FJI,2003,0
CIRC_00287,FJI,2003,0.216494845360825
CIRC_00288,FJI,2003,7.85416666666667
CIRC_00289,FJI,2003,6.2808988764045
CIRC_00290,FJI,2003,0.365979381443299
CIRC_00291,FJI,2003,0
CIRC_00292,FJI,2003,0.0785714285714285
CIRC_00293,FJI,2003,0.157894736842105
CIRC_00294,FRA,2003,13.4090909090909
CIRC_00295,FRA,2003,63
CIRC_00296,FRA,2003,63
CIRC_00297,FRA,2003,60.493006993007
CIRC_00298,FRA,2003,54.3082191780822
CIRC_00299,GAB,2003,0.406593406593406
CIRC_00300,GAB,2003,5.32795698924731
CIRC_00301,COG,2003,50.1125
CIRC_00302,GAB,2003,0
CIRC_00303,GMB,2003,0
CIRC_00304,GMB,2003,1.703125
CIRC_00305,GMB,2003,0.373684210526316
CIRC_00306,DEU,2003,61.9509803921569
CIRC_00307,DEU,2003,57.2429577464789
CIRC_00308,DEU,2003,9.74
CIRC_00309,DEU,2003,61.2101910828026
CIRC_00310,DEU,2003,13.3146853146853
CIRC_00311,GHA,2003,58.7380952380952
CIRC_00312,GHA,2003,57.5108695652174
CIRC_00313,GHA,2003,12.9065934065934
CIRC_00314,GHA,2003,1.47849462365591
CIRC_00315,GNB,2003,9.69230769230769
CIRC_00316,GNB,2003,0
CIRC_00317,GNB,2003,0
CIRC_00318,GNB,2003,0.09375
CIRC_00319,GNB,2003,0
CIRC_00320,GRC,2003,62.9752066115703
CIRC_00321,GRC,2003,43.9923076923077
CIRC_00322,GRC,2003,0.783018867924528
CIRC_00323,GRC,2003,62.3819444444445
CIRC_00324,USA,2003,61.9576923076923
CIRC_00325,GRC,2003,62.9631147540984
CIRC_00326,GRC,2003,23.5909090909091
CIRC_00327,GEO,2003,36.692
CIRC_00328,GEO,2003,3.056
CIRC_00329,GEO,2003,0
CIRC_00330,GEO,2003,8.1328125
CIRC_00331,FRA,2003,63
CIRC_00332,GTM,2003,62.0979381443299
CIRC_00333,GTM,2003,2.29166666666666
CIRC_00334,GTM,2003,10.6770833333333
CIRC_00335,GIN,2003,0
CIRC_00336,GIN,2003,0.0618556701030928
CIRC_00337,GIN,2003,0
CIRC_00338,GIN,2003,36
CIRC_00339,GIN,2003,0
CIRC_00340,GIN,2003,1.00515463917526
CIRC_00341,GUY,2003,37.3623188405797
CIRC_00342,GUY,2003,3.90476190476191
CIRC_00343,GUY,2003,1.13636363636364
CIRC_00344,USA,2003,62.768
CIRC_00345,GUY,2003,20.9184782608695
CIRC_00346,GUY,2003,0
CIRC_00347,GUY,2003,2.71232876712329
CIRC_00348,HTI,2003,0
CIRC_00349,HTI,2003,30.1818181818182
CIRC_00350,HTI,2003,17.8510638297872
CIRC_00351,HTI,2003,0.136363636363636
CIRC_00352,HTI,2003,1.6046511627907
CIRC_00353,HTI,2003,0.0670103092783505
CIRC_00354,HTI,2003,0
CIRC_00355,HTI,2003,0.0927835051546391
CIRC_00356,HND,2003,24.6802325581395
CIRC_00357,HND,2003,59.2789473684211
CIRC_00358,HND,2003,55.6648936170213
CIRC_00359,PAN,2003,60.6136363636364
CIRC_00360,HND,2003,0.257894736842105
CIRC_00361,HND,2003,17.6041666666667
CIRC_00362,HND,2003,5.31896551724138
CIRC_00363,HND,2003,2.54736842105263
CIRC_00364,HND,2003,0.860215053763442
CIRC_00365,HUN,2003,9.94927536231884
CIRC_00366,HUN,2003,62.6485507246377
CIRC_00367,HUN,2003,3.76923076923077
CIRC_00368,HUN,2003,44.463768115942
CIRC_00369,HUN,2003,16.2148148148148
CIRC_00370,HUN,2003,45.2481203007519
CIRC_00371,ISL,2003,57.1960784313726
CIRC_00372,ISL,2003,4.19140625
CIRC_00373,ISL,2003,58.1974789915967
CIRC_00374,IND,2003,55.8366336633663
CIRC_00375,IND,2003,0.166666666666667
CIRC_00376,IND,2003,8.5765306122449
CIRC_00377,IND,2003,49.1323529411765
CIRC_00378,IND,2003,4.01052631578947
CIRC_00379,PAK,2003,31.6396396396396
CIRC_00380,PAK,2003,2.78899082568807
CIRC_00381,IND,2003,5.47524752475248
CIRC_00382,IDN,2003,12.3510638297872
CIRC_00383,IDN,2003,9.83928571428571
CIRC_00384,IDN,2003,10.8578947368421
CIRC_00385,IDN,2003,45.6755319148936
CIRC_00386,IDN,2003,3.43684210526316
CIRC_00387,IDN,2003,41.9414893617021
CIRC_00388,IRL,2003,18.0923566878981
CIRC_00389,IRL,2003,2.89130434782609
CIRC_00390,IRL,2003,23.5377358490566
CIRC_00391,IRL,2003,62.8716216216216
CIRC_00392,IRL,2003,17.6910828025478
CIRC_00393,IRL,2003,56.3566666666667
CIRC_00394,IRN,2003,9.00467289719626
CIRC_00395,IRN,2003,39.1681818181818
CIRC_00396,IRN,2003,13.0663716814159
CIRC_00397,IRN,2003,0
CIRC_00398,IRN,2003,62.9396551724138
CIRC_00399,IRQ,2003,14.5391304347826
CIRC_00400,USA,2003,12.2321428571429
CIRC_00401,USA,2003,27.2242990654206
CIRC_00402,USA,2003,62.5201612903226
CIRC_00403,IRQ,2003,60.9953271028037
CIRC_00404,IRQ,2003,42.5752212389381
CIRC_00405,IRQ,2003,15.1727272727273
CIRC_00406,IRQ,2003,61.5884955752212
CIRC_00407,BLR,2003,1.16
CIRC_00408,ISR,2003,63
CIRC_00409,BLR,2003,0.0727848101265823
CIRC_00410,ISR,2003,62.9539473684211
CIRC_00411,ISR,2003,59.6805555555556
CIRC_00412,ISR,2003,62.9778761061947
CIRC_00413,ISR,2003,49.3256880733945
CIRC_00414,ISR,2003,62.4722222222222
CIRC_00415,ITA,2003,63
CIRC_00416,ITA,2003,58.3296296296296
CIRC_00417,ITA,2003,54.2168674698795
CIRC_00418,ITA,2003,62.4888888888889
CIRC_00419,ITA,2003,60.7054263565892
CIRC_00420,ITA,2003,36.43359375
CIRC_00421,ITA,2003,63
CIRC_00422,ITA,2003,52.7904411764706
CIRC_00423,ITA,2003,49.4147286821706
CIRC_00424,ITA,2003,6.87916666666667
CIRC_00425,JAM,2003,26.7164948453608
CIRC_00426,JAM,2003,4.66666666666667
CIRC_00427,JAM,2003,17.8659793814433
CIRC_00428,JAM,2003,4.92783505154639
CIRC_00429,JAM,2003,41.5979381443299
CIRC_00430,JOR,2003,61.8504672897196
CIRC_00431,JPN,2003,62.7699115044248
CIRC_00432,JPN,2003,52.1238938053097
CIRC_00433,JPN,2003,62.9695652173913
CIRC_00434,JPN,2003,57.7663043478261
CIRC_00435,JPN,2003,37.1885964912281
CIRC_00436,JPN,2003,18.53125
CIRC_00437,JPN,2003,15.0064935064935
CIRC_00438,JPN,2003,28.3652173913044
CIRC_00439,JPN,2003,58.1619718309859
CIRC_00440,JPN,2003,59.5434782608696
CIRC_00441,JPN,2003,47.8636363636364
CIRC_00442,JPN,2003,62.8407079646018
CIRC_00443,JPN,2003,51.7230769230769
CIRC_00444,JPN,2003,62.2815533980583
CIRC_00445,JPN,2003,22.7434782608696
CIRC_00446,JPN,2003,62.9826086956522
CIRC_00447,KEN,2003,0
CIRC_00448,KEN,2003,2.23655913978495
CIRC_00449,KEN,2003,54.4896907216495
CIRC_00450,KEN,2003,0.0806451612903226
CIRC_00451,XKO,2003,3.88211382113821
CIRC_00452,XKO,2003,30.9
CIRC_00453,XKO,2003,6.21370967741936
CIRC_00454,XKO,2003,29.9206349206349
CIRC_00455,XKO,2003,3.268
CIRC_00456,KWT,2003,62.9491525423729
CIRC_00457,KWT,2003,30.7619047619048
CIRC_00458,KGZ,2003,0.716535433070866
CIRC_00459,KGZ,2003,20.1441441441441
CIRC_00460,KGZ,2003,57.2620967741936
CIRC_00461,KGZ,2003,6.87804878048781
CIRC_00462,KGZ,2003,4.36991869918699
CIRC_00463,KGZ,2003,0.73015873015873
CIRC_00464,KGZ,2003,4.61507936507937
CIRC_00465,KAZ,2003,7.36046511627907
CIRC_00466,KAZ,2003,61.3452380952381
CIRC_00467,LAO,2003,12.2222222222222
CIRC_00468,THA,2003,21.0571428571429
CIRC_00469,LAO,2003,0
CIRC_00470,LAO,2003,1.546875
CIRC_00471,LAO,2003,0
CIRC_00472,LVA,2003,57.4825581395349
CIRC_00473,LVA,2003,1.68794326241135
CIRC_00474,RUS,2003,0.0118343195266272
CIRC_00475,LVA,2003,19.8823529411765
CIRC_00476,LVA,2003,5.10869565217392
CIRC_00477,LVA,2003,0.260355029585798
CIRC_00478,LVA,2003,0
CIRC_00479,USA,2003,62.4181034482759
CIRC_00480,LBR,2003,0
CIRC_00481,LBR,2003,0
CIRC_00482,LBR,2003,0
CIRC_00483,LBR,2003,0
CIRC_00484,LBR,2003,0
CIRC_00485,LBR,2003,0
CIRC_00486,LBR,2003,0
CIRC_00487,LBR,2003,7.93421052631579
CIRC_00488,LBN,2003,41.7432432432433
CIRC_00489,LBN,2003,49.4911504424779
CIRC_00490,LBN,2003,55.2413793103448
CIRC_00491,LBN,2003,45.0820895522388
CIRC_00492,LBN,2003,62.3793103448276
CIRC_00493,LBN,2003,62.1847826086957
CIRC_00494,LBN,2003,52.472972972973
CIRC_00495,LSO,2003,0.162162162162163
CIRC_00496,LSO,2003,1.24528301886793
CIRC_00497,LSO,2003,3.06481481481481
CIRC_00498,LSO,2003,1.53846153846154
CIRC_00499,LSO,2003,2.16666666666667
CIRC_00500,LSO,2003,39.2402597402598
CIRC_00501,LSO,2003,1.66463414634146
CIRC_00502,LSO,2003,0
CIRC_00503,LBY,2003,23.7321428571429
CIRC_00504,LBY,2003,37.2247706422018
CIRC_00505,LBY,2003,62.7573529411765
CIRC_00506,LBY,2003,61.0428571428572
CIRC_00507,LBY,2003,28.0970149253731
CIRC_00508,LBY,2003,15.1769911504425
CIRC_00509,LBY,2003,62.5
CIRC_00510,LBY,2003,53.7083333333333
CIRC_00511,LTU,2003,48.0216049382716
CIRC_00512,LTU,2003,9.22485207100591
CIRC_00513,LTU,2003,12.4880952380952
CIRC_00514,LTU,2003,54.167701863354
CIRC_00515,LTU,2003,45.390625
CIRC_00516,LUX,2003,23.3
CIRC_00517,LUX,2003,10.527972027972
CIRC_00518,LUX,2003,57.1917808219178
CIRC_00519,LUX,2003,48.8796296296296
CIRC_00520,MRT,2003,0
CIRC_00521,MRT,2003,45.0360824742268
CIRC_00522,MRT,2003,0
CIRC_00523,MRT,2003,0
CIRC_00524,MRT,2003,0
CIRC_00525,MRT,2003,0
CIRC_00526,MKD,2003,14.7791666666667
CIRC_00527,BIH,2003,39.3720930232558
CIRC_00528,MKD,2003,51.412
CIRC_00529,MKD,2003,3.89370078740158
CIRC_00530,MKD,2003,5.12704918032787
CIRC_00531,MKD,2003,16.2868852459016
CIRC_00532,MKD,2003,24.02
CIRC_00533,MDG,2003,0
CIRC_00534,MDG,2003,0
CIRC_00535,MDG,2003,5.25333333333334
CIRC_00536,MDG,2003,0
CIRC_00537,MDG,2003,7.28350515463918
CIRC_00538,MDG,2003,0
CIRC_00539,MYS,2003,44.9510869565217
CIRC_00540,MYS,2003,45.4
CIRC_00541,MYS,2003,7.77173913043478
CIRC_00542,MYS,2003,40.3028169014085
CIRC_00543,MYS,2003,0.0463917525773196
CIRC_00544,MYS,2003,42.4414893617021
CIRC_00545,MUS,2003,35.1734693877551
CIRC_00546,MUS,2003,33.1170212765958
CIRC_00547,MUS,2003,26.1173469387755
CIRC_00548,MWI,2003,4.72680412371134
CIRC_00549,MWI,2003,0.0154639175257732
CIRC_00550,MWI,2003,1.88541666666667
CIRC_00551,MWI,2003,0.876288659793814
CIRC_00552,MWI,2003,0
CIRC_00553,MWI,2003,42.4744897959184
CIRC_00554,MEX,2003,63
CIRC_00555,MEX,2003,56.8144329896907
CIRC_00556,MEX,2003,22.7397959183673
CIRC_00557,MEX,2003,3.765625
CIRC_00558,MDA,2003,0.742857142857142
CIRC_00559,MDA,2003,0.378571428571428
CIRC_00560,MDA,2003,0.380597014925373
CIRC_00561,RUS,2003,0
CIRC_00562,MDA,2003,3.36131386861314
CIRC_00563,MDA,2003,1.22794117647059
CIRC_00564,MDA,2003,1.47445255474452
CIRC_00565,MDA,2003,0.936567164179104
CIRC_00566,MDA,2003,43.2919708029197
CIRC_00567,MDA,2003,2.65827338129496
CIRC_00568,MDA,2003,2.80476190476191
CIRC_00569,MDA,2003,2.44890510948905
CIRC_00570,MDA,2003,0.595588235294118
CIRC_00571,MDA,2003,1.18613138686131
CIRC_00572,MDA,2003,40.2761194029851
CIRC_00573,MDA,2003,2.6198347107438
CIRC_00574,MDA,2003,3.79136690647482
CIRC_00575,MLI,2003,10.6368421052632
CIRC_00576,MLI,2003,4.53684210526316
CIRC_00577,MLI,2003,0
CIRC_00578,MLI,2003,6.10526315789474
CIRC_00579,MLI,2003,6.66315789473684
CIRC_00580,MLI,2003,0
CIRC_00581,MLI,2003,2.48387096774194
CIRC_00582,MLT,2003,60.7757009345794
CIRC_00583,MLT,2003,61.8989361702128
CIRC_00584,MLT,2003,61.7663043478261
CIRC_00585,MLT,2003,61.5983606557377
CIRC_00586,MNG,2003,0
CIRC_00587,MNG,2003,0
CIRC_00588,MNG,2003,0
CIRC_00589,MNG,2003,44.6423357664234
CIRC_00590,MNG,2003,0
CIRC_00591,MAR,2003,60.2559523809524
CIRC_00592,MMR,2003,37.234693877551
CIRC_00593,MMR,2003,1.71938775510204
CIRC_00594,MMR,2003,0
CIRC_00595,MMR,2003,55.1818181818182
CIRC_00596,MMR,2003,10.2828282828283
CIRC_00597,MOZ,2003,0
CIRC_00598,MOZ,2003,0
CIRC_00599,MOZ,2003,0
CIRC_00600,NAM,2003,2.25257731958763
CIRC_00601,NAM,2003,0
CIRC_00602,NAM,2003,12.9387755102041
CIRC_00603,NPL,2003,49.0283018867925
CIRC_00604,IND,2003,49.8413461538462
CIRC_00605,IND,2003,4.91826923076923
CIRC_00606,NPL,2003,0
CIRC_00607,NPL,2003,0
CIRC_00608,NPL,2003,0
CIRC_00609,NPL,2003,4.53365384615385
CIRC_00610,NPL,2003,4.39393939393939
CIRC_00611,NPL,2003,0
CIRC_00612,NPL,2003,0
CIRC_00613,NPL,2003,0
CIRC_00614,NPL,2003,16.2621359223301
CIRC_00615,NPL,2003,0
CIRC_00616,NZL,2003,19.9220779220779
CIRC_00617,NZL,2003,16.4166666666667
CIRC_00618,NZL,2003,3.3695652173913
CIRC_00619,NZL,2003,7.18283582089552
CIRC_00620,NZL,2003,1.525
CIRC_00621,NZL,2003,60.5479452054795
CIRC_00622,NZL,2003,0.628676470588235
CIRC_00623,NZL,2003,46.7260869565218
CIRC_00624,NZL,2003,22.6487603305785
CIRC_00625,NZL,2003,58.5581395348837
CIRC_00626,NIC,2003,1.15789473684211
CIRC_00627,NIC,2003,8.3421052631579
CIRC_00628,NIC,2003,55.8578947368421
CIRC_00629,NIC,2003,19.7888888888889
CIRC_00630,NGA,2003,19.8404255319149
CIRC_00631,NGA,2003,53.5511363636364
CIRC_00632,NGA,2003,52
CIRC_00633,NGA,2003,27.5265957446809
CIRC_00634,NGA,2003,22.7368421052632
CIRC_00635,NGA,2003,14.5274725274725
CIRC_00636,NGA,2003,2.88421052631579
CIRC_00637,NER,2003,0.791666666666666
CIRC_00638,NER,2003,10.2113402061856
CIRC_00639,NER,2003,1.89583333333333
CIRC_00640,NER,2003,41.0744680851064
CIRC_00641,NER,2003,1.02659574468085
CIRC_00642,NER,2003,0
CIRC_00643,NER,2003,0
CIRC_00644,NER,2003,0
CIRC_00645,NER,2003,0
CIRC_00646,NOR,2003,36.963503649635
CIRC_00647,NOR,2003,51.7142857142857
CIRC_00648,NOR,2003,58.320987654321
CIRC_00649,NOR,2003,33.525
CIRC_00650,NOR,2003,10.3032786885246
CIRC_00651,NOR,2003,61.1363636363636
CIRC_00652,NOR,2003,45.4139072847682
CIRC_00653,NLD,2003,60.6456953642384
CIRC_00654,NLD,2003,18.2980132450331
CIRC_00655,NLD,2003,19.8419117647059
CIRC_00656,NLD,2003,59.3356643356643
CIRC_00657,OMN,2003,48.9020618556701
CIRC_00658,OMN,2003,55.7922077922078
CIRC_00659,PAK,2003,62.8617021276596
CIRC_00660,PAK,2003,5.00961538461539
CIRC_00661,PAK,2003,63
CIRC_00662,PAK,2003,5.70673076923077
CIRC_00663,PAK,2003,16.5188679245283
CIRC_00664,IND,2003,62.6634615384615
CIRC_00665,PAK,2003,57.803738317757
CIRC_00666,PAK,2003,0.182608695652174
CIRC_00667,PAK,2003,62.9776785714286
CIRC_00668,PAK,2003,3.85981308411215
CIRC_00669,PAN,2003,60.9396551724138
CIRC_00670,PAN,2003,0.345744680851064
CIRC_00671,PAN,2003,18.7065217391304
CIRC_00672,PRY,2003,0.281553398058253
CIRC_00673,PRY,2003,57.6960784313726
CIRC_00674,PRY,2003,10.004854368932
CIRC_00675,PRY,2003,0.0428571428571429
CIRC_00676,PRY,2003,50.6833333333333
CIRC_00677,PER,2003,62.6947368421053
CIRC_00678,PER,2003,36.8125
CIRC_00679,PER,2003,1.14948453608247
CIRC_00680,PER,2003,62.4375
CIRC_00681,PER,2003,14.9677419354839
CIRC_00682,PER,2003,1.32142857142857
CIRC_00683,PHL,2003,0.403508771929825
CIRC_00684,PHL,2003,5.75842696629214
CIRC_00685,PHL,2003,62.4912280701754
CIRC_00686,PHL,2003,62.8969072164949
CIRC_00687,PHL,2003,62.6761363636364
CIRC_00688,PHL,2003,1.22282608695652
CIRC_00689,PHL,2003,62.572463768116
CIRC_00690,PNG,2003,0
CIRC_00691,PNG,2003,0
CIRC_00692,PNG,2003,0
CIRC_00693,PNG,2003,31.9340659340659
CIRC_00694,PNG,2003,0
CIRC_00695,PNG,2003,4.00735294117647
CIRC_00696,PNG,2003,0
CIRC_00697,PNG,2003,0
CIRC_00698,POL,2003,7.40333333333333
CIRC_00699,POL,2003,5.17857142857143
CIRC_00700,POL,2003,11.3875
CIRC_00701,POL,2003,62.3013245033113
CIRC_00702,POL,2003,9.37162162162162
CIRC_00703,POL,2003,8.18670886075949
CIRC_00704,POL,2003,33.8561643835616
CIRC_00705,POL,2003,59.5
CIRC_00706,POL,2003,49.15
CIRC_00707,PRT,2003,62.5390625
CIRC_00708,PRT,2003,33.0530973451327
CIRC_00709,PRK,2003,23.6848739495798
CIRC_00710,RUS,2003,1.88811188811189
CIRC_00711,QAT,2003,62.9117647058824
CIRC_00712,KOR,2003,33.1949152542373
CIRC_00713,KOR,2003,24.1586538461539
CIRC_00714,KOR,2003,4.19148936170213
CIRC_00715,KOR,2003,39.3464912280702
CIRC_00716,JPN,2003,62.3080357142857
CIRC_00717,KOR,2003,62.475
CIRC_00718,KOR,2003,62.9875
CIRC_00719,KOR,2003,15.7735849056604
CIRC_00720,KOR,2003,62.9912280701754
CIRC_00721,ROU,2003,61.5725190839695
CIRC_00722,ROU,2003,23.969465648855
CIRC_00723,UKR,2003,11.780303030303
CIRC_00724,ROU,2003,0
CIRC_00725,ROU,2003,3.46014492753623
CIRC_00726,ROU,2003,37.0858208955224
CIRC_00727,ROU,2003,10.4548872180451
CIRC_00728,ROU,2003,26.9604316546762
CIRC_00729,ROU,2003,7.54135338345865
CIRC_00730,ROU,2003,16.2790697674419
CIRC_00731,ROU,2003,37.5625
CIRC_00732,RUS,2003,2.54511278195489
CIRC_00733,RUS,2003,1.88277511961722
CIRC_00734,RUS,2003,62.1243243243243
CIRC_00735,RWA,2003,2.27868852459016
CIRC_00736,RWA,2003,1.01630434782609
CIRC_00737,RWA,2003,0
CIRC_00738,ZAF,2003,62.9901960784314
CIRC_00739,ZAF,2003,0
CIRC_00740,ZAF,2003,0
CIRC_00741,ZAF,2003,62.39
CIRC_00742,ZAF,2003,2.56666666666667
CIRC_00743,ZAF,2003,62.1782178217822
CIRC_00744,SLV,2003,57.3978494623656
CIRC_00745,SLV,2003,31.0989583333333
CIRC_00746,SLV,2003,5.03157894736842
CIRC_00747,SLV,2003,4.52577319587629
CIRC_00748,SLV,2003,3.50515463917526
CIRC_00749,SAU,2003,63
CIRC_00750,SEN,2003,0
CIRC_00751,SEN,2003,2.08163265306123
CIRC_00752,SEN,2003,0
CIRC_00753,SRB,2003,61.05078125
CIRC_00754,SRB,2003,16.092
CIRC_00755,XKO,2003,20.0476190476191
CIRC_00756,SLE,2003,0
CIRC_00757,SLE,2003,17.9183673469388
CIRC_00758,SLE,2003,0
CIRC_00759,SLE,2003,0
CIRC_00760,SLE,2003,0
CIRC_00761,SLE,2003,0.277777777777777
CIRC_00762,SGP,2003,62.4189189189189
CIRC_00763,SGP,2003,62.7554347826087
CIRC_00764,SVK,2003,27.3706293706294
CIRC_00765,SVK,2003,7.25
CIRC_00766,SVK,2003,7.92605633802817
CIRC_00767,SVK,2003,18.0354609929078
CIRC_00768,SVK,2003,12.0791366906475
CIRC_00769,SVK,2003,30.8597122302158
CIRC_00770,SVK,2003,4.73076923076923
CIRC_00771,SVN,2003,5.34558823529412
CIRC_00772,SVN,2003,4.55905511811024
CIRC_00773,SVN,2003,28.2814814814815
CIRC_00774,SVN,2003,55.2481481481481
CIRC_00775,SVN,2003,15.469465648855
CIRC_00776,SVN,2003,9.51119402985075
CIRC_00777,SVN,2003,21.4885057471264
CIRC_00778,SLB,2003,0
CIRC_00779,SLB,2003,0
CIRC_00780,SLB,2003,0
CIRC_00781,SLB,2003,0
CIRC_00782,SLB,2003,0
CIRC_00783,SLB,2003,0
CIRC_00784,SLB,2003,0
CIRC_00785,SLB,2003,0
CIRC_00786,ETH,2003,0
CIRC_00787,SOM,2003,0
CIRC_00788,SOM,2003,10.2547169811321
CIRC_00789,ESP,2003,62.8717948717949
CIRC_00790,ESP,2003,63
CIRC_00791,ESP,2003,57.1612903225807
CIRC_00792,ESP,2003,47.1106557377049
CIRC_00793,LKA,2003,61.7916666666667
CIRC_00794,LKA,2003,9.50526315789474
CIRC_00795,LKA,2003,4.96236559139785
CIRC_00796,LKA,2003,19.5585106382979
CIRC_00797,LKA,2003,10.2525773195876
CIRC_00798,SSD,2003,0
CIRC_00799,SDN,2003,3.7843137254902
CIRC_00800,SDN,2003,0
CIRC_00801,SUR,2003,36.7967032967033
CIRC_00802,SUR,2003,0
CIRC_00803,SUR,2003,5.27222222222222
CIRC_00804,SUR,2003,11.8814432989691
CIRC_00805,SWZ,2003,26.0432692307692
CIRC_00806,SWE,2003,37.5210843373494
CIRC_00807,SWE,2003,46.525
CIRC_00808,SWE,2003,12.146408839779
CIRC_00809,SWE,2003,62.0213414634146
CIRC_00810,SWE,2003,43.9535519125683
CIRC_00811,SWE,2003,42.9638554216868
CIRC_00812,CHE,2003,42.0477941176471
CIRC_00813,CHE,2003,29.6992481203008
CIRC_00814,CHE,2003,41.0597014925373
CIRC_00815,CHE,2003,5.04477611940298
CIRC_00816,CHE,2003,57.7388888888889
CIRC_00817,CHE,2003,26.0036496350365
CIRC_00818,CHE,2003,27.3837209302326
CIRC_00819,CHE,2003,23.7592592592593
CIRC_00820,CHE,2003,39.7259259259259
CIRC_00821,CHE,2003,18.304347826087
CIRC_00822,CHE,2003,37.4669117647059
CIRC_00823,CHE,2003,33.422794117647
CIRC_00824,CHE,2003,20.6423357664234
CIRC_00825,CHE,2003,22.8320610687023
CIRC_00826,CHE,2003,43.1594202898551
CIRC_00827,CHE,2003,28.3586956521739
CIRC_00828,CHE,2003,37.962962962963
CIRC_00829,CHE,2003,9.81021897810219
CIRC_00830,CHE,2003,17.6401515151515
CIRC_00831,CHE,2003,20.4384615384615
CIRC_00832,CHE,2003,16.992700729927
CIRC_00833,SYR,2003,24.5646551724138
CIRC_00834,SYR,2003,62.2117117117117
CIRC_00835,TJK,2003,3.35897435897436
CIRC_00836,TJK,2003,33.2049180327869
CIRC_00837,TJK,2003,0
CIRC_00838,TJK,2003,15.8103448275862
CIRC_00839,TWN,2003,30.7808219178082
CIRC_00840,TWN,2003,28.07
CIRC_00841,HKG,2003,62.9782608695652
CIRC_00842,TWN,2003,62.6519607843137
CIRC_00843,TZA,2003,0
CIRC_00844,TZA,2003,0
CIRC_00845,TZA,2003,0
CIRC_00846,TZA,2003,0
CIRC_00847,TZA,2003,0.0810810810810811
CIRC_00848,THA,2003,63
CIRC_00849,THA,2003,63
CIRC_00850,THA,2003,62.6510416666667
CIRC_00851,THA,2003,15.6436170212766
CIRC_00852,THA,2003,46.9583333333333
CIRC_00853,THA,2003,62.6989247311828
CIRC_00854,THA,2003,7.95876288659794
CIRC_00855,THA,2003,17.8144329896907
CIRC_00856,THA,2003,5.4
CIRC_00857,GBR,2003,62.8680981595092
CIRC_00858,THA,2003,45.4421052631579
CIRC_00859,TKM,2003,37.5661157024793
CIRC_00860,TKM,2003,14.5798319327731
CIRC_00861,TKM,2003,59.7869565217391
CIRC_00862,TGO,2003,1.03763440860215
CIRC_00863,TGO,2003,2.86842105263158
CIRC_00864,TGO,2003,0
CIRC_00865,TTO,2003,26.827868852459
CIRC_00866,TTO,2003,50.6492537313433
CIRC_00867,TTO,2003,17.7578947368421
CIRC_00868,TTO,2003,6.62837837837838
CIRC_00869,TTO,2003,15.0229885057471
CIRC_00870,TUN,2003,60.4266666666667
CIRC_00871,TUN,2003,16.4633027522936
CIRC_00872,TUN,2003,62.2258064516129
CIRC_00873,TUN,2003,19.3391304347826
CIRC_00874,TUN,2003,60.7954545454546
CIRC_00875,TUN,2003,15.5217391304348
CIRC_00876,TUN,2003,29.7533333333333
CIRC_00877,TUR,2003,24.15
CIRC_00878,TUR,2003,60.3307692307692
CIRC_00879,TUR,2003,2.63362068965517
CIRC_00880,TUR,2003,62.1594827586207
CIRC_00881,TUR,2003,8.56818181818182
CIRC_00882,TUR,2003,58.4504132231405
CIRC_00883,TUR,2003,61.0824175824176
CIRC_00884,ARE,2003,60.9642857142857
CIRC_00885,ARE,2003,62.3480392156863
CIRC_00886,UGA,2003,0
CIRC_00887,GBR,2003,29.7450331125828
CIRC_00888,GBR,2003,19.8458904109589
CIRC_00889,GBR,2003,61.8253424657534
CIRC_00890,GBR,2003,45.7939393939394
CIRC_00891,GBR,2003,44.7701149425288
CIRC_00892,USA,2003,62.9948453608247
CIRC_00893,GBR,2003,50.7913907284768
CIRC_00894,GBR,2003,60.6641221374046
CIRC_00895,UKR,2003,0.343537414965986
CIRC_00896,UKR,2003,4.625
CIRC_00897,UKR,2003,0.120805369127517
CIRC_00898,UKR,2003,30.9857142857143
CIRC_00899,UKR,2003,55.4113475177305
CIRC_00900,UKR,2003,8.10769230769231
CIRC_00901,UKR,2003,49.554347826087
CIRC_00902,URY,2003,62.4017857142857
CIRC_00903,URY,2003,61.6703296703297
CIRC_00904,USA,2003,61.0515873015873
CIRC_00905,USA,2003,30.0304347826087
CIRC_00906,USA,2003,61.9035087719298
CIRC_00907,USA,2003,60.9206349206349
CIRC_00908,USA,2003,62.7931034482759
CIRC_00909,USA,2003,57.2137096774194
CIRC_00910,UZB,2003,41.797520661157
CIRC_00911,UZB,2003,60.4758064516129
CIRC_00912,UZB,2003,6.98739495798319
CIRC_00913,VEN,2003,20.3842105263158
CIRC_00914,VEN,2003,14.8444444444444
CIRC_00915,VEN,2003,2.55154639175258
CIRC_00916,VEN,2003,11.6978021978022
CIRC_00917,VEN,2003,62.7934782608696
CIRC_00918,YEM,2003,5.52083333333333
CIRC_00919,YEM,2003,0.377659574468085
CIRC_00920,YEM,2003,5.18556701030928
CIRC_00921,SRB,2003,24.375
CIRC_00922,MNE,2003,11.4008620689655
CIRC_00923,ZMB,2003,1.65934065934066
CIRC_00924,ZMB,2003,42.7789473684211
CIRC_00925,ZMB,2003,19.84375
CIRC_00926,ZWE,2003,0
CIRC_00927,ZMB,2003,0
CIRC_00928,ZMB,2003,14.37
CIRC_00929,ZMB,2003,33.0572916666667
CIRC_00930,ZMB,2003,0
CIRC_00931,ZWE,2003,0.0412371134020619
CIRC_00932,ZWE,2003,5.90721649484536
CIRC_00933,COM,2003,0
CIRC_00934,MDV,2003,42.6666666666667
CIRC_00935,SAU,2003,63
CIRC_00936,ISR,2003,62.9814814814815
CIRC_00937,COM,2003,0
CIRC_00938,COM,2003,0.311111111111111
CIRC_00941,LBY,2003,62.7538461538462
CIRC_00942,SGP,2003,62.9
CIRC_00943,MKD,2003,50.3032786885246
CIRC_00945,QAT,2003,62.9226190476191
CIRC_00946,MDA,2003,2.17045454545454
CIRC_00947,SGP,2003,62.6764705882353
CIRC_00948,LSO,2003,1.65094339622641
CIRC_00949,MDA,2003,0.143884892086331
CIRC_00950,COM,2003,0.488888888888889
CIRC_00951,LSO,2003,0
CIRC_00952,MUS,2003,44.8310810810811
CIRC_00953,ISR,2003,62.9722222222222
CIRC_00954,TKM,2003,39.1130434782609
CIRC_00955,LBY,2003,28.1742424242424
CIRC_00956,ISR,2003,49.2946428571429
CIRC_00957,MUS,2003,28.6958762886598
CIRC_00958,GTM,2003,62.0927835051547
CIRC_00959,MDA,2003,3.28985507246377
CIRC_00960,ISR,2003,63
CIRC_00961,SSD,2003,0
CIRC_00962,CYP,2003,55.8933333333333
CIRC_00964,LSO,2003,42.2142857142857
CIRC_00965,MDA,2003,1.24452554744526
CIRC_00001,AFG,2004,2.61946902654867
CIRC_00002,AFG,2004,38.7901785714286
CIRC_00003,AFG,2004,0
CIRC_00004,AFG,2004,0.189814814814815
CIRC_00005,AFG,2004,11.6064814814815
CIRC_00006,AFG,2004,0
CIRC_00007,AFG,2004,0.778301886792453
CIRC_00008,ALB,2004,16.8508064516129
CIRC_00009,ALB,2004,0
CIRC_00010,ALB,2004,47.0409836065574
CIRC_00011,ALB,2004,1.07916666666667
CIRC_00012,DZA,2004,5.08407079646018
CIRC_00013,DZA,2004,33.5478260869565
CIRC_00014,DZA,2004,10.9304347826087
CIRC_00015,DZA,2004,41.8333333333333
CIRC_00016,MAR,2004,48.2631578947369
CIRC_00017,DZA,2004,3.73684210526316
CIRC_00018,DZA,2004,19.6081081081081
CIRC_00019,AGO,2004,56.656862745098
CIRC_00020,AGO,2004,19.2708333333333
CIRC_00021,ARG,2004,4.13551401869159
CIRC_00022,ARG,2004,62.4403669724771
CIRC_00023,ARG,2004,14.6826923076923
CIRC_00024,ARG,2004,49.6090909090909
CIRC_00025,ARG,2004,63
CIRC_00026,ARG,2004,38.7592592592593
CIRC_00027,ARG,2004,58.1869565217391
CIRC_00028,ARG,2004,36.6
CIRC_00029,ARG,2004,62.7134831460674
CIRC_00030,ARG,2004,62.9186046511628
CIRC_00031,SYR,2004,5.50434782608696
CIRC_00032,AZE,2004,9.47520661157025
CIRC_00033,ARM,2004,54.890243902439
CIRC_00034,ARM,2004,55.5336134453782
CIRC_00035,ARM,2004,2.15254237288136
CIRC_00036,AUS,2004,4.18803418803419
CIRC_00037,AUS,2004,62.843023255814
CIRC_00038,AUS,2004,13.9238095238095
CIRC_00039,GBR,2004,44.8617021276596
CIRC_00040,GBR,2004,63
CIRC_00041,AUS,2004,62.7272727272727
CIRC_00042,AUT,2004,62.1178571428571
CIRC_00043,AUT,2004,42.0661764705882
CIRC_00044,AUT,2004,27.1347517730496
CIRC_00045,AUT,2004,4.34397163120567
CIRC_00046,AUT,2004,57.2230215827338
CIRC_00047,AUT,2004,60.1187050359712
CIRC_00048,AUT,2004,11.1187050359712
CIRC_00049,CHE,2004,14.1970802919708
CIRC_00050,AZE,2004,60.820987654321
CIRC_00051,AZE,2004,0
CIRC_00052,AZE,2004,60.8141025641026
CIRC_00053,AZE,2004,17.9556451612903
CIRC_00054,BHR,2004,57.4736842105263
CIRC_00055,BHR,2004,62.99
CIRC_00056,BRB,2004,53.95625
CIRC_00057,BRB,2004,18.5657894736842
CIRC_00058,BRB,2004,23.1875
CIRC_00059,BRB,2004,21.3125
CIRC_00060,BEL,2004,35.9166666666667
CIRC_00061,FRA,2004,60.6574803149606
CIRC_00062,BEL,2004,45.7167832167832
CIRC_00063,BEL,2004,42.7307692307692
CIRC_00064,BEL,2004,60.2986577181208
CIRC_00065,BEL,2004,40.5868055555556
CIRC_00066,BEL,2004,42.8095238095238
CIRC_00067,BEL,2004,61.3265306122449
CIRC_00068,BEL,2004,57.1301369863014
CIRC_00069,BEN,2004,0
CIRC_00070,TGO,2004,48.6222222222222
CIRC_00071,BEN,2004,0
CIRC_00072,BEN,2004,5.03804347826087
CIRC_00073,BFA,2004,55.9631578947369
CIRC_00074,BFA,2004,4.46276595744681
CIRC_00075,BFA,2004,1.15263157894737
CIRC_00076,BFA,2004,55.7967032967033
CIRC_00077,BFA,2004,0
CIRC_00078,BHS,2004,60.9382716049383
CIRC_00079,BHS,2004,40.3846153846154
CIRC_00080,BHS,2004,58.758064516129
CIRC_00081,BTN,2004,9.60185185185185
CIRC_00082,BTN,2004,0
CIRC_00083,BTN,2004,1.53846153846154
CIRC_00084,BTN,2004,6.125
CIRC_00085,BTN,2004,0.844660194174757
CIRC_00086,BTN,2004,0
CIRC_00087,BLR,2004,62.5590062111801
CIRC_00088,BLR,2004,2.9258064516129
CIRC_00089,BLR,2004,2.87106918238994
CIRC_00090,BLZ,2004,39.7678571428571
CIRC_00091,BLZ,2004,11.9948979591837
CIRC_00092,BLZ,2004,13.4949494949495
CIRC_00093,IND,2004,6.00480769230769
CIRC_00094,BGD,2004,0.896039603960396
CIRC_00095,BGD,2004,2.33168316831683
CIRC_00096,IND,2004,9.33009708737864
CIRC_00097,BGD,2004,1.26732673267327
CIRC_00098,BGD,2004,20.965
CIRC_00099,BGD,2004,5.46153846153846
CIRC_00100,BOL,2004,61.0416666666667
CIRC_00101,BOL,2004,60.9587628865979
CIRC_00102,BOL,2004,60.5677083333333
CIRC_00103,BOL,2004,0
CIRC_00104,BOL,2004,1.34375
CIRC_00105,BIH,2004,1.53383458646617
CIRC_00106,BIH,2004,13.0038461538462
CIRC_00107,HRV,2004,5.57258064516129
CIRC_00108,BIH,2004,10.8373015873016
CIRC_00109,BIH,2004,48.8511450381679
CIRC_00110,BIH,2004,5.784
CIRC_00111,BIH,2004,11.2651515151515
CIRC_00112,BIH,2004,30.1124031007752
CIRC_00113,BIH,2004,9.92741935483871
CIRC_00114,BIH,2004,9.04263565891473
CIRC_00115,BIH,2004,10.1576923076923
CIRC_00116,BIH,2004,2.05426356589147
CIRC_00117,BIH,2004,29.30078125
CIRC_00118,BIH,2004,8.01587301587302
CIRC_00119,BIH,2004,8.63076923076923
CIRC_00120,BWA,2004,7.49019607843137
CIRC_00121,BWA,2004,0
CIRC_00122,GBR,2004,58.1923076923077
CIRC_00123,BWA,2004,3.57352941176471
CIRC_00124,BRA,2004,12.4395604395604
CIRC_00125,BRA,2004,62.34375
CIRC_00126,BRA,2004,50.5808080808081
CIRC_00127,BRA,2004,10.8578947368421
CIRC_00128,BRA,2004,61.9010416666667
CIRC_00129,BRA,2004,26.165
CIRC_00130,BRA,2004,2.81553398058253
CIRC_00131,BRN,2004,54.5337078651685
CIRC_00132,BDI,2004,0
CIRC_00133,BDI,2004,0
CIRC_00134,BDI,2004,22.3670212765957
CIRC_00135,BDI,2004,0
CIRC_00136,BDI,2004,0
CIRC_00137,BDI,2004,2.3125
CIRC_00138,BDI,2004,0
CIRC_00139,BDI,2004,0.0159574468085106
CIRC_00140,BGR,2004,0.469465648854962
CIRC_00141,RUS,2004,62.9969325153374
CIRC_00142,BGR,2004,1.55078125
CIRC_00143,BGR,2004,59.6825396825397
CIRC_00144,BGR,2004,10.688
CIRC_00145,BGR,2004,48.436
CIRC_00146,UKR,2004,34.1969696969697
CIRC_00147,BGR,2004,15.255905511811
CIRC_00148,USA,2004,63
CIRC_00149,BGR,2004,12.796
CIRC_00150,BGR,2004,11.5604838709677
CIRC_00151,BGR,2004,4.37804878048781
CIRC_00152,BGR,2004,5.348
CIRC_00153,BGR,2004,26.2403100775194
CIRC_00154,KHM,2004,0
CIRC_00155,KHM,2004,44.5376344086022
CIRC_00156,KHM,2004,0
CIRC_00157,CAN,2004,50.9296875
CIRC_00158,CAN,2004,23.2923076923077
CIRC_00159,CAN,2004,50.5740740740741
CIRC_00160,CAN,2004,62.2009803921569
CIRC_00161,CAN,2004,62.7230769230769
CIRC_00162,CAN,2004,62.9538461538462
CIRC_00163,CMR,2004,3.38829787234043
CIRC_00164,CPV,2004,0.876288659793814
CIRC_00165,CPV,2004,18.5338983050847
CIRC_00166,CPV,2004,2.2319587628866
CIRC_00167,CPV,2004,15.7
CIRC_00168,CIV,2004,33.7771739130435
CIRC_00169,CIV,2004,0
CIRC_00170,CIV,2004,1.27777777777778
CIRC_00171,CIV,2004,15.6489361702128
CIRC_00172,CIV,2004,9
CIRC_00173,CAF,2004,20.3894736842105
CIRC_00174,CAF,2004,0
CIRC_00175,GAB,2004,5.20212765957447
CIRC_00176,CAF,2004,0
CIRC_00177,CAF,2004,0
CIRC_00178,TCD,2004,28.1901408450704
CIRC_00179,TCD,2004,0.86
CIRC_00180,TCD,2004,0
CIRC_00181,TCD,2004,28.2430555555556
CIRC_00182,CHL,2004,52.4134615384615
CIRC_00183,CHL,2004,58.9879518072289
CIRC_00184,CHL,2004,62.8097345132743
CIRC_00185,CHL,2004,43.7142857142857
CIRC_00186,CHN,2004,29.2361111111111
CIRC_00187,CHN,2004,60.0138888888889
CIRC_00188,CHN,2004,49.0188679245283
CIRC_00189,CHN,2004,63
CIRC_00190,COL,2004,59.5159574468085
CIRC_00191,COL,2004,51.8295454545455
CIRC_00192,COL,2004,59.2765957446809
CIRC_00193,COL,2004,60.4521276595745
CIRC_00194,COL,2004,6.4421052631579
CIRC_00195,MDG,2004,16.972972972973
CIRC_00196,FRA,2004,6.47744360902256
CIRC_00197,COM,2004,1.21604938271605
CIRC_00198,COM,2004,0.425531914893617
CIRC_00199,COM,2004,0.974576271186441
CIRC_00200,COM,2004,0.292207792207792
CIRC_00201,COM,2004,2.31481481481481
CIRC_00202,COM,2004,0.358490566037736
CIRC_00203,COG,2004,2.96111111111111
CIRC_00204,COG,2004,0
CIRC_00205,CRI,2004,58.8105263157895
CIRC_00206,NIC,2004,11.1542553191489
CIRC_00207,CRI,2004,62.9278350515464
CIRC_00208,CRI,2004,62.8191489361702
CIRC_00209,HRV,2004,11.3664122137405
CIRC_00210,HRV,2004,59.9481481481482
CIRC_00211,HRV,2004,5.65037593984962
CIRC_00212,HRV,2004,49.8239436619718
CIRC_00213,CUB,2004,1.91414141414141
CIRC_00214,CUB,2004,6.36363636363637
CIRC_00215,XNC,2004,31.5737704918033
CIRC_00216,XNC,2004,57.3090909090909
CIRC_00217,XNC,2004,15.8217391304348
CIRC_00218,CYP,2004,7.93859649122807
CIRC_00219,CYP,2004,41.3166666666667
CIRC_00220,SVK,2004,10.2610294117647
CIRC_00221,CZE,2004,49.524647887324
CIRC_00222,CZE,2004,62.3857142857143
CIRC_00223,CZE,2004,18.5606060606061
CIRC_00224,CZE,2004,23.1198630136986
CIRC_00225,CZE,2004,42.6928571428571
CIRC_00226,CZE,2004,19.0869565217391
CIRC_00227,CZE,2004,23.8415492957746
CIRC_00228,CZE,2004,58.3938356164384
CIRC_00229,CZE,2004,9.38811188811188
CIRC_00230,SVK,2004,58.0354330708662
CIRC_00231,CZE,2004,10.0070921985816
CIRC_00232,DNK,2004,11.3333333333333
CIRC_00233,DNK,2004,37.552380952381
CIRC_00234,DNK,2004,3.73372781065089
CIRC_00235,DNK,2004,34.2290322580645
CIRC_00236,DNK,2004,60.2679738562092
CIRC_00237,DNK,2004,50.5192307692308
CIRC_00238,SOM,2004,0
CIRC_00239,ETH,2004,15.7712765957447
CIRC_00240,DOM,2004,9.25773195876289
CIRC_00241,DOM,2004,61.7734375
CIRC_00242,DOM,2004,53.9653465346535
CIRC_00243,DOM,2004,0.119791666666667
CIRC_00244,COD,2004,0
CIRC_00245,COD,2004,0
CIRC_00246,COD,2004,0
CIRC_00247,COD,2004,59.2228260869565
CIRC_00248,VNM,2004,6.08762886597938
CIRC_00249,VNM,2004,29.0196078431373
CIRC_00250,VNM,2004,0.469072164948454
CIRC_00251,VNM,2004,0
CIRC_00252,VNM,2004,25.0594059405941
CIRC_00253,ECU,2004,52.5645161290323
CIRC_00254,USA,2004,61.9681818181818
CIRC_00255,ECU,2004,60.6611111111111
CIRC_00256,ECU,2004,51.1989247311828
CIRC_00257,ECU,2004,30.5055555555556
CIRC_00258,ECU,2004,0
CIRC_00259,ECU,2004,60.8172043010753
CIRC_00260,USA,2004,62.758064516129
CIRC_00261,EGY,2004,51.8288288288288
CIRC_00262,EGY,2004,63
CIRC_00263,EGY,2004,37.9678899082569
CIRC_00264,GNQ,2004,3.75903614457831
CIRC_00265,ERI,2004,29.6947368421053
CIRC_00266,EST,2004,35.8296089385475
CIRC_00267,EST,2004,0.0116279069767442
CIRC_00268,EST,2004,19.2443820224719
CIRC_00269,EST,2004,58.5113636363636
CIRC_00270,EST,2004,3.61931818181818
CIRC_00271,EST,2004,47.558988764045
CIRC_00272,ETH,2004,7.96315789473684
CIRC_00273,ETH,2004,5.26315789473684
CIRC_00274,ETH,2004,0.505154639175257
CIRC_00275,ETH,2004,0
CIRC_00276,TLS,2004,1
CIRC_00277,TLS,2004,18.3461538461539
CIRC_00278,TLS,2004,0.835106382978724
CIRC_00279,TLS,2004,18.0074626865672
CIRC_00280,TLS,2004,0
CIRC_00281,TLS,2004,0
CIRC_00282,FIN,2004,49.8578947368421
CIRC_00283,RUS,2004,40.793893129771
CIRC_00284,FIN,2004,61
CIRC_00285,FIN,2004,33.6753926701571
CIRC_00286,FJI,2004,0
CIRC_00287,FJI,2004,0
CIRC_00288,FJI,2004,7.796875
CIRC_00289,FJI,2004,6.64044943820225
CIRC_00290,FJI,2004,0.319587628865979
CIRC_00291,FJI,2004,0
CIRC_00292,FJI,2004,0.235714285714286
CIRC_00293,FJI,2004,0
CIRC_00294,FRA,2004,12.7992424242424
CIRC_00295,FRA,2004,63
CIRC_00296,FRA,2004,63
CIRC_00297,FRA,2004,58.965034965035
CIRC_00298,FRA,2004,52.8082191780822
CIRC_00299,GAB,2004,0.445054945054945
CIRC_00300,GAB,2004,5.87096774193548
CIRC_00301,COG,2004,49.975
CIRC_00302,GAB,2004,0
CIRC_00303,GMB,2004,0
CIRC_00304,GMB,2004,1.71875
CIRC_00305,GMB,2004,0.373684210526316
CIRC_00306,DEU,2004,62.4803921568628
CIRC_00307,DEU,2004,55.9823943661972
CIRC_00308,DEU,2004,9.16666666666667
CIRC_00309,DEU,2004,61.5732484076433
CIRC_00310,DEU,2004,13
CIRC_00311,GHA,2004,59.6984126984127
CIRC_00312,GHA,2004,58.0434782608696
CIRC_00313,GHA,2004,14.3076923076923
CIRC_00314,GHA,2004,1.67204301075269
CIRC_00315,GNB,2004,9.39230769230769
CIRC_00316,GNB,2004,0
CIRC_00317,GNB,2004,0
CIRC_00318,GNB,2004,0.125
CIRC_00319,GNB,2004,0
CIRC_00320,GRC,2004,62.9876033057851
CIRC_00321,GRC,2004,46.5076923076923
CIRC_00322,GRC,2004,1.14150943396226
CIRC_00323,GRC,2004,62.7083333333333
CIRC_00324,USA,2004,62.3807692307692
CIRC_00325,GRC,2004,62.9754098360656
CIRC_00326,GRC,2004,26.8409090909091
CIRC_00327,GEO,2004,38.32
CIRC_00328,GEO,2004,4.3
CIRC_00329,GEO,2004,0
CIRC_00330,GEO,2004,10.85546875
CIRC_00331,FRA,2004,63
CIRC_00332,GTM,2004,60.9175257731959
CIRC_00333,GTM,2004,2.38020833333334
CIRC_00334,GTM,2004,10.8125
CIRC_00335,GIN,2004,0
CIRC_00336,GIN,2004,0.608247422680412
CIRC_00337,GIN,2004,0
CIRC_00338,GIN,2004,42.1904761904762
CIRC_00339,GIN,2004,0
CIRC_00340,GIN,2004,1.37113402061856
CIRC_00341,GUY,2004,38.1449275362319
CIRC_00342,GUY,2004,5.2936507936508
CIRC_00343,GUY,2004,2.27922077922078
CIRC_00344,USA,2004,62.8
CIRC_00345,GUY,2004,22.8152173913043
CIRC_00346,GUY,2004,0
CIRC_00347,GUY,2004,3.24657534246576
CIRC_00348,HTI,2004,0
CIRC_00349,HTI,2004,29.9480519480519
CIRC_00350,HTI,2004,19.7021276595745
CIRC_00351,HTI,2004,0
CIRC_00352,HTI,2004,2.34883720930233
CIRC_00353,HTI,2004,0
CIRC_00354,HTI,2004,0
CIRC_00355,HTI,2004,0
CIRC_00356,HND,2004,27.7441860465116
CIRC_00357,HND,2004,60.2315789473684
CIRC_00358,HND,2004,56.1276595744681
CIRC_00359,PAN,2004,60.7348484848485
CIRC_00360,HND,2004,0
CIRC_00361,HND,2004,17.4010416666667
CIRC_00362,HND,2004,7.25
CIRC_00363,HND,2004,4.12105263157895
CIRC_00364,HND,2004,0.870967741935485
CIRC_00365,HUN,2004,6.84057971014493
CIRC_00366,HUN,2004,62.3333333333333
CIRC_00367,HUN,2004,2.57307692307692
CIRC_00368,HUN,2004,39.5869565217391
CIRC_00369,HUN,2004,13.662962962963
CIRC_00370,HUN,2004,38.2857142857143
CIRC_00371,ISL,2004,58.5539215686275
CIRC_00372,ISL,2004,4.5390625
CIRC_00373,ISL,2004,59.4663865546219
CIRC_00374,IND,2004,56.6534653465347
CIRC_00375,IND,2004,0.123809523809524
CIRC_00376,IND,2004,9.56632653061224
CIRC_00377,IND,2004,52.8676470588235
CIRC_00378,IND,2004,4.26842105263158
CIRC_00379,PAK,2004,33.9279279279279
CIRC_00380,PAK,2004,3.42201834862385
CIRC_00381,IND,2004,4.93564356435644
CIRC_00382,IDN,2004,12.7978723404255
CIRC_00383,IDN,2004,11.6875
CIRC_00384,IDN,2004,11.5210526315789
CIRC_00385,IDN,2004,48.6968085106383
CIRC_00386,IDN,2004,3.79473684210526
CIRC_00387,IDN,2004,43.6755319148936
CIRC_00388,IRL,2004,18.0605095541401
CIRC_00389,IRL,2004,3.31055900621118
CIRC_00390,IRL,2004,23.6320754716981
CIRC_00391,IRL,2004,62.7533783783784
CIRC_00392,IRL,2004,19.3375796178344
CIRC_00393,IRL,2004,56.2066666666667
CIRC_00394,IRN,2004,9.92056074766355
CIRC_00395,IRN,2004,40.4
CIRC_00396,IRN,2004,14.2743362831858
CIRC_00397,IRN,2004,0
CIRC_00398,IRN,2004,62.7844827586207
CIRC_00399,IRQ,2004,7.66521739130435
CIRC_00400,USA,2004,12.4017857142857
CIRC_00401,USA,2004,26.6355140186916
CIRC_00402,USA,2004,61.8508064516129
CIRC_00403,IRQ,2004,62.0373831775701
CIRC_00404,IRQ,2004,45.787610619469
CIRC_00405,IRQ,2004,17.9545454545455
CIRC_00406,IRQ,2004,62.712389380531
CIRC_00407,BLR,2004,1.19666666666667
CIRC_00408,ISR,2004,63
CIRC_00409,BLR,2004,0.613924050632912
CIRC_00410,ISR,2004,62.9342105263158
CIRC_00411,ISR,2004,59.4305555555556
CIRC_00412,ISR,2004,62.9601769911504
CIRC_00413,ISR,2004,49.1467889908257
CIRC_00414,ISR,2004,62.7685185185185
CIRC_00415,ITA,2004,62.996
CIRC_00416,ITA,2004,58.0962962962963
CIRC_00417,ITA,2004,55.7228915662651
CIRC_00418,ITA,2004,62.8962962962963
CIRC_00419,ITA,2004,61.4341085271318
CIRC_00420,ITA,2004,36.2578125
CIRC_00421,ITA,2004,62.9761904761905
CIRC_00422,ITA,2004,50.2463235294118
CIRC_00423,ITA,2004,52.4922480620155
CIRC_00424,ITA,2004,7.025
CIRC_00425,JAM,2004,26.6134020618557
CIRC_00426,JAM,2004,6.25268817204301
CIRC_00427,JAM,2004,19.860824742268
CIRC_00428,JAM,2004,6.04639175257732
CIRC_00429,JAM,2004,44.5824742268041
CIRC_00430,JOR,2004,62.3224299065421
CIRC_00431,JPN,2004,62.9513274336283
CIRC_00432,JPN,2004,55.4203539823009
CIRC_00433,JPN,2004,62.9217391304348
CIRC_00434,JPN,2004,59.3641304347826
CIRC_00435,JPN,2004,39.2368421052632
CIRC_00436,JPN,2004,17.5446428571429
CIRC_00437,JPN,2004,14.6493506493506
CIRC_00438,JPN,2004,31.0130434782609
CIRC_00439,JPN,2004,58.5
CIRC_00440,JPN,2004,59.3565217391304
CIRC_00441,JPN,2004,50.7863636363636
CIRC_00442,JPN,2004,62.9557522123894
CIRC_00443,JPN,2004,54.3538461538462
CIRC_00444,JPN,2004,61.9466019417476
CIRC_00445,JPN,2004,24.7347826086957
CIRC_00446,JPN,2004,62.9608695652174
CIRC_00447,KEN,2004,0
CIRC_00448,KEN,2004,4.23655913978495
CIRC_00449,KEN,2004,56.0927835051546
CIRC_00450,KEN,2004,0.290322580645161
CIRC_00451,XKO,2004,4.56910569105691
CIRC_00452,XKO,2004,33.356
CIRC_00453,XKO,2004,6.21774193548387
CIRC_00454,XKO,2004,32.1507936507937
CIRC_00455,XKO,2004,4.072
CIRC_00456,KWT,2004,62.9491525423729
CIRC_00457,KWT,2004,27.5190476190476
CIRC_00458,KGZ,2004,0.775590551181102
CIRC_00459,KGZ,2004,20.463963963964
CIRC_00460,KGZ,2004,56.1532258064516
CIRC_00461,KGZ,2004,6.09349593495935
CIRC_00462,KGZ,2004,4.36585365853659
CIRC_00463,KGZ,2004,0.694444444444445
CIRC_00464,KGZ,2004,4.37301587301587
CIRC_00465,KAZ,2004,5.4922480620155
CIRC_00466,KAZ,2004,60.3531746031746
CIRC_00467,LAO,2004,14.8888888888889
CIRC_00468,THA,2004,24.1785714285714
CIRC_00469,LAO,2004,0
CIRC_00470,LAO,2004,1.56770833333333
CIRC_00471,LAO,2004,0
CIRC_00472,LVA,2004,59.8691860465116
CIRC_00473,LVA,2004,1.25177304964539
CIRC_00474,RUS,2004,0.014792899408284
CIRC_00475,LVA,2004,24.25
CIRC_00476,LVA,2004,5.7554347826087
CIRC_00477,LVA,2004,0
CIRC_00478,LVA,2004,0
CIRC_00479,USA,2004,62.3663793103448
CIRC_00480,LBR,2004,0
CIRC_00481,LBR,2004,0
CIRC_00482,LBR,2004,0
CIRC_00483,LBR,2004,0
CIRC_00484,LBR,2004,0
CIRC_00485,LBR,2004,0
CIRC_00486,LBR,2004,0
CIRC_00487,LBR,2004,12.4210526315789
CIRC_00488,LBN,2004,43.1936936936937
CIRC_00489,LBN,2004,49.8407079646018
CIRC_00490,LBN,2004,55.2931034482759
CIRC_00491,LBN,2004,44.3582089552239
CIRC_00492,LBN,2004,62.6896551724138
CIRC_00493,LBN,2004,62.5978260869565
CIRC_00494,LBN,2004,52.3918918918919
CIRC_00495,LSO,2004,0.202702702702703
CIRC_00496,LSO,2004,1.45754716981132
CIRC_00497,LSO,2004,3.72685185185185
CIRC_00498,LSO,2004,1.69711538461538
CIRC_00499,LSO,2004,2.28472222222222
CIRC_00500,LSO,2004,41.7402597402597
CIRC_00501,LSO,2004,2.03658536585366
CIRC_00502,LSO,2004,0
CIRC_00503,LBY,2004,28.5401785714286
CIRC_00504,LBY,2004,38.8394495412844
CIRC_00505,LBY,2004,62.7867647058824
CIRC_00506,LBY,2004,61.7571428571429
CIRC_00507,LBY,2004,30.6940298507463
CIRC_00508,LBY,2004,16.3982300884956
CIRC_00509,LBY,2004,62.8897058823529
CIRC_00510,LBY,2004,53.1666666666667
CIRC_00511,LTU,2004,51.9691358024691
CIRC_00512,LTU,2004,8.24260355029586
CIRC_00513,LTU,2004,13.3065476190476
CIRC_00514,LTU,2004,53.7360248447205
CIRC_00515,LTU,2004,48.94140625
CIRC_00516,LUX,2004,17.875
CIRC_00517,LUX,2004,8.51748251748252
CIRC_00518,LUX,2004,52.3664383561644
CIRC_00519,LUX,2004,43.4259259259259
CIRC_00520,MRT,2004,0
CIRC_00521,MRT,2004,47.6649484536083
CIRC_00522,MRT,2004,0
CIRC_00523,MRT,2004,0
CIRC_00524,MRT,2004,0
CIRC_00525,MRT,2004,0
CIRC_00526,MKD,2004,16.35
CIRC_00527,BIH,2004,36.0891472868217
CIRC_00528,MKD,2004,51.172
CIRC_00529,MKD,2004,3.9251968503937
CIRC_00530,MKD,2004,5.09426229508197
CIRC_00531,MKD,2004,16.0081967213115
CIRC_00532,MKD,2004,25.156
CIRC_00533,MDG,2004,0
CIRC_00534,MDG,2004,0
CIRC_00535,MDG,2004,5.75333333333334
CIRC_00536,MDG,2004,0
CIRC_00537,MDG,2004,7.90721649484536
CIRC_00538,MDG,2004,0
CIRC_00539,MYS,2004,48.6630434782609
CIRC_00540,MYS,2004,46.6285714285714
CIRC_00541,MYS,2004,7.77173913043478
CIRC_00542,MYS,2004,43.1971830985916
CIRC_00543,MYS,2004,0.0154639175257732
CIRC_00544,MYS,2004,45.0159574468085
CIRC_00545,MUS,2004,36.2755102040816
CIRC_00546,MUS,2004,34.9521276595745
CIRC_00547,MUS,2004,27.3928571428571
CIRC_00548,MWI,2004,5.08247422680412
CIRC_00549,MWI,2004,0.0154639175257732
CIRC_00550,MWI,2004,2.36458333333333
CIRC_00551,MWI,2004,1.08762886597938
CIRC_00552,MWI,2004,0
CIRC_00553,MWI,2004,45.3469387755102
CIRC_00554,MEX,2004,62.5
CIRC_00555,MEX,2004,58.0051546391753
CIRC_00556,MEX,2004,22.3724489795919
CIRC_00557,MEX,2004,3.86458333333333
CIRC_00558,MDA,2004,0.489285714285715
CIRC_00559,MDA,2004,0.328571428571428
CIRC_00560,MDA,2004,0.526119402985075
CIRC_00561,RUS,2004,0
CIRC_00562,MDA,2004,4.24817518248175
CIRC_00563,MDA,2004,1.85661764705882
CIRC_00564,MDA,2004,2.00729927007299
CIRC_00565,MDA,2004,1.69776119402985
CIRC_00566,MDA,2004,48.7518248175183
CIRC_00567,MDA,2004,2.99280575539568
CIRC_00568,MDA,2004,3.05238095238095
CIRC_00569,MDA,2004,3.7007299270073
CIRC_00570,MDA,2004,0.61764705882353
CIRC_00571,MDA,2004,2.24452554744525
CIRC_00572,MDA,2004,46.410447761194
CIRC_00573,MDA,2004,2.99173553719008
CIRC_00574,MDA,2004,3.5
CIRC_00575,MLI,2004,10.5157894736842
CIRC_00576,MLI,2004,5.18421052631579
CIRC_00577,MLI,2004,0
CIRC_00578,MLI,2004,7.33157894736842
CIRC_00579,MLI,2004,9.67368421052631
CIRC_00580,MLI,2004,0
CIRC_00581,MLI,2004,2.80645161290323
CIRC_00582,MLT,2004,61.785046728972
CIRC_00583,MLT,2004,62.5531914893617
CIRC_00584,MLT,2004,62.375
CIRC_00585,MLT,2004,62.155737704918
CIRC_00586,MNG,2004,0
CIRC_00587,MNG,2004,0
CIRC_00588,MNG,2004,0
CIRC_00589,MNG,2004,46.2080291970803
CIRC_00590,MNG,2004,0
CIRC_00591,MAR,2004,59.9642857142857
CIRC_00592,MMR,2004,37.1887755102041
CIRC_00593,MMR,2004,2.35204081632653
CIRC_00594,MMR,2004,0
CIRC_00595,MMR,2004,55.7784090909091
CIRC_00596,MMR,2004,10.0909090909091
CIRC_00597,MOZ,2004,0
CIRC_00598,MOZ,2004,0
CIRC_00599,MOZ,2004,0
CIRC_00600,NAM,2004,2.12371134020619
CIRC_00601,NAM,2004,0
CIRC_00602,NAM,2004,13.2091836734694
CIRC_00603,NPL,2004,50.3207547169811
CIRC_00604,IND,2004,51.2644230769231
CIRC_00605,IND,2004,5.88942307692308
CIRC_00606,NPL,2004,0
CIRC_00607,NPL,2004,0
CIRC_00608,NPL,2004,0
CIRC_00609,NPL,2004,4.46153846153846
CIRC_00610,NPL,2004,4.6969696969697
CIRC_00611,NPL,2004,0
CIRC_00612,NPL,2004,0
CIRC_00613,NPL,2004,0
CIRC_00614,NPL,2004,18.9805825242718
CIRC_00615,NPL,2004,0
CIRC_00616,NZL,2004,21.7597402597403
CIRC_00617,NZL,2004,18.3333333333333
CIRC_00618,NZL,2004,3.34782608695652
CIRC_00619,NZL,2004,7.35074626865672
CIRC_00620,NZL,2004,2.21666666666667
CIRC_00621,NZL,2004,59.7465753424658
CIRC_00622,NZL,2004,0.952205882352941
CIRC_00623,NZL,2004,47.4565217391304
CIRC_00624,NZL,2004,23.0537190082645
CIRC_00625,NZL,2004,58.7170542635659
CIRC_00626,NIC,2004,1.55789473684211
CIRC_00627,NIC,2004,9.51052631578948
CIRC_00628,NIC,2004,58.6684210526316
CIRC_00629,NIC,2004,20.9055555555556
CIRC_00630,NGA,2004,24.1968085106383
CIRC_00631,NGA,2004,55.4034090909091
CIRC_00632,NGA,2004,53.9947368421053
CIRC_00633,NGA,2004,29.2659574468085
CIRC_00634,NGA,2004,27.1473684210526
CIRC_00635,NGA,2004,10.2362637362637
CIRC_00636,NGA,2004,4.98947368421053
CIRC_00637,NER,2004,1.00520833333333
CIRC_00638,NER,2004,10.5721649484536
CIRC_00639,NER,2004,1.94270833333333
CIRC_00640,NER,2004,42.0265957446809
CIRC_00641,NER,2004,1.15957446808511
CIRC_00642,NER,2004,0
CIRC_00643,NER,2004,0
CIRC_00644,NER,2004,0
CIRC_00645,NER,2004,0
CIRC_00646,NOR,2004,36.7007299270073
CIRC_00647,NOR,2004,51.4175824175824
CIRC_00648,NOR,2004,56.6913580246914
CIRC_00649,NOR,2004,28.475
CIRC_00650,NOR,2004,10.1775956284153
CIRC_00651,NOR,2004,61.7517482517483
CIRC_00652,NOR,2004,45.2417218543047
CIRC_00653,NLD,2004,61.1953642384106
CIRC_00654,NLD,2004,17.2384105960265
CIRC_00655,NLD,2004,17.6433823529412
CIRC_00656,NLD,2004,59.4195804195804
CIRC_00657,OMN,2004,48.3298969072165
CIRC_00658,OMN,2004,56.9415584415584
CIRC_00659,PAK,2004,62.8882978723404
CIRC_00660,PAK,2004,5.75
CIRC_00661,PAK,2004,62.9952830188679
CIRC_00662,PAK,2004,6.32211538461538
CIRC_00663,PAK,2004,18.1698113207547
CIRC_00664,IND,2004,62.7884615384615
CIRC_00665,PAK,2004,58.5420560747664
CIRC_00666,PAK,2004,0.143478260869565
CIRC_00667,PAK,2004,62.9821428571429
CIRC_00668,PAK,2004,5.33644859813084
CIRC_00669,PAN,2004,61.3706896551724
CIRC_00670,PAN,2004,0.590425531914893
CIRC_00671,PAN,2004,21.4673913043478
CIRC_00672,PRY,2004,0.747572815533981
CIRC_00673,PRY,2004,56.171568627451
CIRC_00674,PRY,2004,8.73300970873786
CIRC_00675,PRY,2004,0.061904761904762
CIRC_00676,PRY,2004,48.2888888888889
CIRC_00677,PER,2004,62.4842105263158
CIRC_00678,PER,2004,37.1666666666667
CIRC_00679,PER,2004,1.21134020618557
CIRC_00680,PER,2004,62.1145833333333
CIRC_00681,PER,2004,16.4139784946237
CIRC_00682,PER,2004,1.21938775510204
CIRC_00683,PHL,2004,0.350877192982456
CIRC_00684,PHL,2004,6.52808988764045
CIRC_00685,PHL,2004,62.6578947368421
CIRC_00686,PHL,2004,62.9432989690722
CIRC_00687,PHL,2004,62.8409090909091
CIRC_00688,PHL,2004,1
CIRC_00689,PHL,2004,62.7608695652174
CIRC_00690,PNG,2004,0
CIRC_00691,PNG,2004,0
CIRC_00692,PNG,2004,0
CIRC_00693,PNG,2004,30.0549450549451
CIRC_00694,PNG,2004,0
CIRC_00695,PNG,2004,4.26470588235294
CIRC_00696,PNG,2004,0
CIRC_00697,PNG,2004,0.138888888888889
CIRC_00698,POL,2004,7.62333333333333
CIRC_00699,POL,2004,4.94805194805195
CIRC_00700,POL,2004,11.85625
CIRC_00701,POL,2004,62.8079470198676
CIRC_00702,POL,2004,9.02027027027027
CIRC_00703,POL,2004,8.77848101265823
CIRC_00704,POL,2004,35.9452054794521
CIRC_00705,POL,2004,61.6840277777778
CIRC_00706,POL,2004,49.75
CIRC_00707,PRT,2004,62.6171875
CIRC_00708,PRT,2004,34.2610619469027
CIRC_00709,PRK,2004,27.7226890756303
CIRC_00710,RUS,2004,2.17482517482518
CIRC_00711,QAT,2004,62.8529411764706
CIRC_00712,KOR,2004,32.7457627118644
CIRC_00713,KOR,2004,28.4951923076923
CIRC_00714,KOR,2004,4.68085106382979
CIRC_00715,KOR,2004,43.9166666666667
CIRC_00716,JPN,2004,63
CIRC_00717,KOR,2004,62.5375
CIRC_00718,KOR,2004,62.9791666666667
CIRC_00719,KOR,2004,19.4528301886792
CIRC_00720,KOR,2004,62.9649122807018
CIRC_00721,ROU,2004,62.1030534351145
CIRC_00722,ROU,2004,24.2404580152672
CIRC_00723,UKR,2004,13.1401515151515
CIRC_00724,ROU,2004,0
CIRC_00725,ROU,2004,3.21014492753623
CIRC_00726,ROU,2004,36.6455223880597
CIRC_00727,ROU,2004,11.1804511278195
CIRC_00728,ROU,2004,27.363309352518
CIRC_00729,ROU,2004,8.70300751879699
CIRC_00730,ROU,2004,17.1356589147287
CIRC_00731,ROU,2004,36.7058823529412
CIRC_00732,RUS,2004,3.04135338345865
CIRC_00733,RUS,2004,2.4688995215311
CIRC_00734,RUS,2004,62.8486486486487
CIRC_00735,RWA,2004,4.68032786885246
CIRC_00736,RWA,2004,1.2445652173913
CIRC_00737,RWA,2004,0
CIRC_00738,ZAF,2004,63
CIRC_00739,ZAF,2004,0.28125
CIRC_00740,ZAF,2004,0.0135135135135135
CIRC_00741,ZAF,2004,62.32
CIRC_00742,ZAF,2004,2.37142857142857
CIRC_00743,ZAF,2004,62.5049504950495
CIRC_00744,SLV,2004,58.5967741935484
CIRC_00745,SLV,2004,32.0729166666667
CIRC_00746,SLV,2004,5.42105263157895
CIRC_00747,SLV,2004,5.22680412371134
CIRC_00748,SLV,2004,4.74742268041237
CIRC_00749,SAU,2004,63
CIRC_00750,SEN,2004,0
CIRC_00751,SEN,2004,2.73469387755102
CIRC_00752,SEN,2004,0
CIRC_00753,SRB,2004,58.765625
CIRC_00754,SRB,2004,15.232
CIRC_00755,XKO,2004,21.1984126984127
CIRC_00756,SLE,2004,0
CIRC_00757,SLE,2004,22.2857142857143
CIRC_00758,SLE,2004,0
CIRC_00759,SLE,2004,0
CIRC_00760,SLE,2004,0
CIRC_00761,SLE,2004,0.966666666666666
CIRC_00762,SGP,2004,62.6148648648649
CIRC_00763,SGP,2004,62.8315217391304
CIRC_00764,SVK,2004,26.2692307692308
CIRC_00765,SVK,2004,6.0669014084507
CIRC_00766,SVK,2004,7.45422535211268
CIRC_00767,SVK,2004,18.0283687943262
CIRC_00768,SVK,2004,9.87410071942446
CIRC_00769,SVK,2004,31.021582733813
CIRC_00770,SVK,2004,4.52884615384616
CIRC_00771,SVN,2004,4.35294117647059
CIRC_00772,SVN,2004,4.34251968503937
CIRC_00773,SVN,2004,22.6074074074074
CIRC_00774,SVN,2004,52.437037037037
CIRC_00775,SVN,2004,12.9656488549618
CIRC_00776,SVN,2004,8.98880597014925
CIRC_00777,SVN,2004,21.6609195402299
CIRC_00778,SLB,2004,0
CIRC_00779,SLB,2004,0
CIRC_00780,SLB,2004,0
CIRC_00781,SLB,2004,0
CIRC_00782,SLB,2004,0
CIRC_00783,SLB,2004,0
CIRC_00784,SLB,2004,0
CIRC_00785,SLB,2004,0
CIRC_00786,ETH,2004,0
CIRC_00787,SOM,2004,0
CIRC_00788,SOM,2004,11.3962264150943
CIRC_00789,ESP,2004,62.9529914529915
CIRC_00790,ESP,2004,63
CIRC_00791,ESP,2004,59.0725806451613
CIRC_00792,ESP,2004,49.0245901639344
CIRC_00793,LKA,2004,61.3833333333333
CIRC_00794,LKA,2004,10.5526315789474
CIRC_00795,LKA,2004,5.13978494623656
CIRC_00796,LKA,2004,20.9946808510638
CIRC_00797,LKA,2004,10.9948453608247
CIRC_00798,SSD,2004,0
CIRC_00799,SDN,2004,3.7156862745098
CIRC_00800,SDN,2004,0
CIRC_00801,SUR,2004,34.8241758241758
CIRC_00802,SUR,2004,0.788732394366198
CIRC_00803,SUR,2004,5.92777777777778
CIRC_00804,SUR,2004,12.3298969072165
CIRC_00805,SWZ,2004,28.3269230769231
CIRC_00806,SWE,2004,39.5632530120482
CIRC_00807,SWE,2004,46.8535714285715
CIRC_00808,SWE,2004,11.671270718232
CIRC_00809,SWE,2004,62.1310975609756
CIRC_00810,SWE,2004,40.5737704918033
CIRC_00811,SWE,2004,44.9849397590362
CIRC_00812,CHE,2004,37.2205882352941
CIRC_00813,CHE,2004,29.6240601503759
CIRC_00814,CHE,2004,33.6902985074627
CIRC_00815,CHE,2004,3.84701492537314
CIRC_00816,CHE,2004,55.8722222222222
CIRC_00817,CHE,2004,17.7700729927007
CIRC_00818,CHE,2004,24.3410852713178
CIRC_00819,CHE,2004,22.2703703703704
CIRC_00820,CHE,2004,34.1777777777778
CIRC_00821,CHE,2004,14.0978260869565
CIRC_00822,CHE,2004,36.5919117647059
CIRC_00823,CHE,2004,27.4154411764706
CIRC_00824,CHE,2004,15.8394160583942
CIRC_00825,CHE,2004,19.8931297709924
CIRC_00826,CHE,2004,33.054347826087
CIRC_00827,CHE,2004,22.8297101449275
CIRC_00828,CHE,2004,31.2111111111111
CIRC_00829,CHE,2004,7.40875912408759
CIRC_00830,CHE,2004,15.2424242424242
CIRC_00831,CHE,2004,18.9846153846154
CIRC_00832,CHE,2004,16.2080291970803
CIRC_00833,SYR,2004,29.4353448275862
CIRC_00834,SYR,2004,62.3153153153153
CIRC_00835,TJK,2004,4.38034188034188
CIRC_00836,TJK,2004,34.0696721311475
CIRC_00837,TJK,2004,0
CIRC_00838,TJK,2004,17.25
CIRC_00839,TWN,2004,31.3630136986301
CIRC_00840,TWN,2004,27.765
CIRC_00841,HKG,2004,62.6304347826087
CIRC_00842,TWN,2004,61.7892156862745
CIRC_00843,TZA,2004,0
CIRC_00844,TZA,2004,0
CIRC_00845,TZA,2004,0
CIRC_00846,TZA,2004,0
CIRC_00847,TZA,2004,0.52027027027027
CIRC_00848,THA,2004,62.9473684210526
CIRC_00849,THA,2004,62.936170212766
CIRC_00850,THA,2004,62.921875
CIRC_00851,THA,2004,14.8776595744681
CIRC_00852,THA,2004,44.859375
CIRC_00853,THA,2004,62.8655913978495
CIRC_00854,THA,2004,9.05670103092784
CIRC_00855,THA,2004,17.4432989690722
CIRC_00856,THA,2004,5.42631578947369
CIRC_00857,GBR,2004,62.9079754601227
CIRC_00858,THA,2004,47.2263157894737
CIRC_00859,TKM,2004,45.2809917355372
CIRC_00860,TKM,2004,16.0546218487395
CIRC_00861,TKM,2004,61.4695652173913
CIRC_00862,TGO,2004,1.54838709677419
CIRC_00863,TGO,2004,2.57894736842105
CIRC_00864,TGO,2004,0
CIRC_00865,TTO,2004,28.1803278688525
CIRC_00866,TTO,2004,52.2686567164179
CIRC_00867,TTO,2004,18.8473684210526
CIRC_00868,TTO,2004,7.74324324324324
CIRC_00869,TTO,2004,15.3850574712644
CIRC_00870,TUN,2004,60.2466666666667
CIRC_00871,TUN,2004,17.0596330275229
CIRC_00872,TUN,2004,62.1989247311828
CIRC_00873,TUN,2004,21.8913043478261
CIRC_00874,TUN,2004,60.4204545454546
CIRC_00875,TUN,2004,15.7652173913043
CIRC_00876,TUN,2004,31.92
CIRC_00877,TUR,2004,25.6958333333333
CIRC_00878,TUR,2004,61.8538461538462
CIRC_00879,TUR,2004,2.99568965517241
CIRC_00880,TUR,2004,62.3577586206897
CIRC_00881,TUR,2004,9.79545454545454
CIRC_00882,TUR,2004,60.2231404958678
CIRC_00883,TUR,2004,62.1373626373626
CIRC_00884,ARE,2004,61.0595238095238
CIRC_00885,ARE,2004,62.7205882352941
CIRC_00886,UGA,2004,0
CIRC_00887,GBR,2004,29.4172185430464
CIRC_00888,GBR,2004,18.6952054794521
CIRC_00889,GBR,2004,62.0924657534247
CIRC_00890,GBR,2004,44.6212121212121
CIRC_00891,GBR,2004,44.6781609195402
CIRC_00892,USA,2004,62.9175257731959
CIRC_00893,GBR,2004,51.6258278145696
CIRC_00894,GBR,2004,61.1603053435115
CIRC_00895,UKR,2004,0.755102040816327
CIRC_00896,UKR,2004,3.97368421052632
CIRC_00897,UKR,2004,0.0671140939597315
CIRC_00898,UKR,2004,27.8571428571429
CIRC_00899,UKR,2004,57.8120567375887
CIRC_00900,UKR,2004,7.37692307692308
CIRC_00901,UKR,2004,51.7210144927536
CIRC_00902,URY,2004,62.6071428571429
CIRC_00903,URY,2004,62.0494505494506
CIRC_00904,USA,2004,59.4444444444445
CIRC_00905,USA,2004,30.7
CIRC_00906,USA,2004,61.3026315789474
CIRC_00907,USA,2004,60.4444444444444
CIRC_00908,USA,2004,62.5775862068966
CIRC_00909,USA,2004,56.7177419354839
CIRC_00910,UZB,2004,42.5413223140496
CIRC_00911,UZB,2004,60.6370967741936
CIRC_00912,UZB,2004,8.80252100840336
CIRC_00913,VEN,2004,21.4789473684211
CIRC_00914,VEN,2004,15.8944444444444
CIRC_00915,VEN,2004,2.42783505154639
CIRC_00916,VEN,2004,13.6098901098901
CIRC_00917,VEN,2004,62.6467391304348
CIRC_00918,YEM,2004,7.28125
CIRC_00919,YEM,2004,0.702127659574469
CIRC_00920,YEM,2004,5.21649484536082
CIRC_00921,SRB,2004,20.91796875
CIRC_00922,MNE,2004,10.9094827586207
CIRC_00923,ZMB,2004,2.23626373626374
CIRC_00924,ZMB,2004,44.9315789473684
CIRC_00925,ZMB,2004,19.453125
CIRC_00926,ZWE,2004,0
CIRC_00927,ZMB,2004,0.132978723404255
CIRC_00928,ZMB,2004,16.41
CIRC_00929,ZMB,2004,33.0104166666667
CIRC_00930,ZMB,2004,0
CIRC_00931,ZWE,2004,0.0979381443298969
CIRC_00932,ZWE,2004,6.62886597938144
CIRC_00933,COM,2004,1.2987012987013
CIRC_00934,MDV,2004,45.8333333333333
CIRC_00935,SAU,2004,63
CIRC_00936,ISR,2004,62.9490740740741
CIRC_00937,COM,2004,1.2
CIRC_00938,COM,2004,0.488888888888889
CIRC_00941,LBY,2004,62.7769230769231
CIRC_00942,SGP,2004,62.9529411764706
CIRC_00943,MKD,2004,50.3975409836066
CIRC_00945,QAT,2004,62.875
CIRC_00946,MDA,2004,2.8030303030303
CIRC_00947,SGP,2004,62.7823529411765
CIRC_00948,LSO,2004,1.74528301886793
CIRC_00949,MDA,2004,0.219424460431654
CIRC_00950,COM,2004,1.02222222222222
CIRC_00951,LSO,2004,0
CIRC_00952,MUS,2004,46.8310810810811
CIRC_00953,ISR,2004,62.9513888888889
CIRC_00954,TKM,2004,48.1695652173913
CIRC_00955,LBY,2004,30.8484848484849
CIRC_00956,ISR,2004,48.9017857142857
CIRC_00957,MUS,2004,29.9639175257732
CIRC_00958,GTM,2004,60.8814432989691
CIRC_00959,MDA,2004,4.22101449275362
CIRC_00960,ISR,2004,63
CIRC_00961,SSD,2004,0
CIRC_00962,CYP,2004,56.3266666666667
CIRC_00964,LSO,2004,44.468253968254
CIRC_00965,MDA,2004,1.86131386861314
CIRC_00001,AFG,2005,3.40265486725664
CIRC_00002,AFG,2005,41.6294642857143
CIRC_00003,AFG,2005,0
CIRC_00004,AFG,2005,0.583333333333334
CIRC_00005,AFG,2005,9.12962962962964
CIRC_00006,AFG,2005,0
CIRC_00007,AFG,2005,0.877358490566037
CIRC_00008,ALB,2005,16.4354838709677
CIRC_00009,ALB,2005,0.0258620689655172
CIRC_00010,ALB,2005,44.8483606557377
CIRC_00011,ALB,2005,1.22916666666667
CIRC_00012,DZA,2005,4.38053097345133
CIRC_00013,DZA,2005,31.3347826086957
CIRC_00014,DZA,2005,10.0521739130435
CIRC_00015,DZA,2005,40.8421052631579
CIRC_00016,MAR,2005,47.8464912280702
CIRC_00017,DZA,2005,3.49122807017544
CIRC_00018,DZA,2005,18.2522522522523
CIRC_00019,AGO,2005,59.4607843137255
CIRC_00020,AGO,2005,23.4166666666667
CIRC_00021,ARG,2005,3.77102803738318
CIRC_00022,ARG,2005,61.5504587155963
CIRC_00023,ARG,2005,13.9278846153846
CIRC_00024,ARG,2005,49.0318181818182
CIRC_00025,ARG,2005,63
CIRC_00026,ARG,2005,35.4490740740741
CIRC_00027,ARG,2005,58.5956521739131
CIRC_00028,ARG,2005,34.7478260869565
CIRC_00029,ARG,2005,62.6404494382023
CIRC_00030,ARG,2005,62.8081395348837
CIRC_00031,SYR,2005,5.03478260869565
CIRC_00032,AZE,2005,8.37603305785124
CIRC_00033,ARM,2005,54.4268292682927
CIRC_00034,ARM,2005,54.890756302521
CIRC_00035,ARM,2005,2.23728813559322
CIRC_00036,AUS,2005,3.64102564102564
CIRC_00037,AUS,2005,62.8662790697675
CIRC_00038,AUS,2005,13.2190476190476
CIRC_00039,GBR,2005,43.2978723404255
CIRC_00040,GBR,2005,63
CIRC_00041,AUS,2005,62.5454545454546
CIRC_00042,AUT,2005,62.8857142857143
CIRC_00043,AUT,2005,48.6948529411765
CIRC_00044,AUT,2005,30.9964539007092
CIRC_00045,AUT,2005,3.69503546099291
CIRC_00046,AUT,2005,60.2194244604317
CIRC_00047,AUT,2005,62.1474820143885
CIRC_00048,AUT,2005,13.3884892086331
CIRC_00049,CHE,2005,20.7992700729927
CIRC_00050,AZE,2005,60.5987654320988
CIRC_00051,AZE,2005,0.405737704918033
CIRC_00052,AZE,2005,60.5769230769231
CIRC_00053,AZE,2005,17.3427419354839
CIRC_00054,BHR,2005,56.0350877192983
CIRC_00055,BHR,2005,62.905
CIRC_00056,BRB,2005,54.05
CIRC_00057,BRB,2005,18.3618421052632
CIRC_00058,BRB,2005,23.3680555555556
CIRC_00059,BRB,2005,21.2135416666667
CIRC_00060,BEL,2005,38.2733333333334
CIRC_00061,FRA,2005,62.0118110236221
CIRC_00062,BEL,2005,48.3216783216783
CIRC_00063,BEL,2005,41.5659340659341
CIRC_00064,BEL,2005,61.8959731543624
CIRC_00065,BEL,2005,42.9236111111111
CIRC_00066,BEL,2005,45.5748299319728
CIRC_00067,BEL,2005,62.5578231292517
CIRC_00068,BEL,2005,59.1164383561644
CIRC_00069,BEN,2005,0
CIRC_00070,TGO,2005,42.4
CIRC_00071,BEN,2005,0
CIRC_00072,BEN,2005,4.64130434782609
CIRC_00073,BFA,2005,56.5526315789474
CIRC_00074,BFA,2005,4.1968085106383
CIRC_00075,BFA,2005,1.38947368421053
CIRC_00076,BFA,2005,57.1428571428572
CIRC_00077,BFA,2005,0
CIRC_00078,BHS,2005,59.7654320987654
CIRC_00079,BHS,2005,42.275641025641
CIRC_00080,BHS,2005,57.0215053763441
CIRC_00081,BTN,2005,9.02314814814815
CIRC_00082,BTN,2005,0
CIRC_00083,BTN,2005,1.40384615384615
CIRC_00084,BTN,2005,6.30288461538462
CIRC_00085,BTN,2005,1.04854368932039
CIRC_00086,BTN,2005,0
CIRC_00087,BLR,2005,62.5186335403727
CIRC_00088,BLR,2005,4.39677419354839
CIRC_00089,BLR,2005,3.53459119496855
CIRC_00090,BLZ,2005,35.5892857142857
CIRC_00091,BLZ,2005,10.6020408163265
CIRC_00092,BLZ,2005,12.9242424242424
CIRC_00093,IND,2005,5.38942307692308
CIRC_00094,BGD,2005,0.544554455445544
CIRC_00095,BGD,2005,1.51980198019802
CIRC_00096,IND,2005,9.36893203883495
CIRC_00097,BGD,2005,1.18316831683168
CIRC_00098,BGD,2005,18.295
CIRC_00099,BGD,2005,4.90865384615385
CIRC_00100,BOL,2005,61.28125
CIRC_00101,BOL,2005,60.0154639175258
CIRC_00102,BOL,2005,60.3854166666667
CIRC_00103,BOL,2005,0
CIRC_00104,BOL,2005,0.9375
CIRC_00105,BIH,2005,2.59022556390978
CIRC_00106,BIH,2005,17.9653846153846
CIRC_00107,HRV,2005,6.25806451612903
CIRC_00108,BIH,2005,14.5952380952381
CIRC_00109,BIH,2005,52.9198473282443
CIRC_00110,BIH,2005,6.72
CIRC_00111,BIH,2005,15.7689393939394
CIRC_00112,BIH,2005,33.7945736434109
CIRC_00113,BIH,2005,12.0161290322581
CIRC_00114,BIH,2005,13.1434108527132
CIRC_00115,BIH,2005,12.9423076923077
CIRC_00116,BIH,2005,3.2984496124031
CIRC_00117,BIH,2005,40.15234375
CIRC_00118,BIH,2005,10.1309523809524
CIRC_00119,BIH,2005,13.3923076923077
CIRC_00120,BWA,2005,8.80392156862745
CIRC_00121,BWA,2005,0
CIRC_00122,GBR,2005,56.9405594405594
CIRC_00123,BWA,2005,3.60294117647059
CIRC_00124,BRA,2005,12.7307692307692
CIRC_00125,BRA,2005,61.5520833333333
CIRC_00126,BRA,2005,48.1666666666667
CIRC_00127,BRA,2005,9.31052631578947
CIRC_00128,BRA,2005,61.296875
CIRC_00129,BRA,2005,26.07
CIRC_00130,BRA,2005,2.90291262135922
CIRC_00131,BRN,2005,51.9662921348315
CIRC_00132,BDI,2005,0
CIRC_00133,BDI,2005,0
CIRC_00134,BDI,2005,20.6489361702128
CIRC_00135,BDI,2005,0
CIRC_00136,BDI,2005,0
CIRC_00137,BDI,2005,1.60227272727273
CIRC_00138,BDI,2005,0
CIRC_00139,BDI,2005,0.0212765957446809
CIRC_00140,BGR,2005,0.408396946564886
CIRC_00141,RUS,2005,63
CIRC_00142,BGR,2005,1.6875
CIRC_00143,BGR,2005,61.6904761904762
CIRC_00144,BGR,2005,11.82
CIRC_00145,BGR,2005,49.772
CIRC_00146,UKR,2005,34.7310606060606
CIRC_00147,BGR,2005,18.4212598425197
CIRC_00148,USA,2005,63
CIRC_00149,BGR,2005,13.664
CIRC_00150,BGR,2005,16.0846774193549
CIRC_00151,BGR,2005,4.40243902439024
CIRC_00152,BGR,2005,5.768
CIRC_00153,BGR,2005,26.3139534883721
CIRC_00154,KHM,2005,0
CIRC_00155,KHM,2005,43.5430107526882
CIRC_00156,KHM,2005,0
CIRC_00157,CAN,2005,45.4453125
CIRC_00158,CAN,2005,23.3307692307692
CIRC_00159,CAN,2005,46.3555555555556
CIRC_00160,CAN,2005,62.4362745098039
CIRC_00161,CAN,2005,62.75
CIRC_00162,CAN,2005,62.4076923076923
CIRC_00163,CMR,2005,2.46808510638298
CIRC_00164,CPV,2005,0.479381443298969
CIRC_00165,CPV,2005,17.3983050847458
CIRC_00166,CPV,2005,2.34020618556701
CIRC_00167,CPV,2005,16.3052631578947
CIRC_00168,CIV,2005,32.3913043478261
CIRC_00169,CIV,2005,0
CIRC_00170,CIV,2005,0.0500000000000001
CIRC_00171,CIV,2005,14.5372340425532
CIRC_00172,CIV,2005,8.03804347826087
CIRC_00173,CAF,2005,16.6947368421053
CIRC_00174,CAF,2005,0
CIRC_00175,GAB,2005,5.17021276595745
CIRC_00176,CAF,2005,0
CIRC_00177,CAF,2005,0
CIRC_00178,TCD,2005,29.2605633802817
CIRC_00179,TCD,2005,1.025
CIRC_00180,TCD,2005,0
CIRC_00181,TCD,2005,29.6111111111111
CIRC_00182,CHL,2005,47.375
CIRC_00183,CHL,2005,56.210843373494
CIRC_00184,CHL,2005,63
CIRC_00185,CHL,2005,40.9285714285714
CIRC_00186,CHN,2005,23.0648148148148
CIRC_00187,CHN,2005,57.9583333333333
CIRC_00188,CHN,2005,43.6556603773585
CIRC_00189,CHN,2005,63
CIRC_00190,COL,2005,56.7712765957447
CIRC_00191,COL,2005,49.7556818181818
CIRC_00192,COL,2005,58.718085106383
CIRC_00193,COL,2005,59.936170212766
CIRC_00194,COL,2005,5.05263157894737
CIRC_00195,MDG,2005,13.7027027027027
CIRC_00196,FRA,2005,6.03383458646617
CIRC_00197,COM,2005,1.38271604938272
CIRC_00198,COM,2005,0.0585106382978723
CIRC_00199,COM,2005,1.05932203389831
CIRC_00200,COM,2005,0.038961038961039
CIRC_00201,COM,2005,1.46296296296296
CIRC_00202,COM,2005,0.0754716981132076
CIRC_00203,COG,2005,3.42777777777778
CIRC_00204,COG,2005,0
CIRC_00205,CRI,2005,57.8578947368421
CIRC_00206,NIC,2005,10.3776595744681
CIRC_00207,CRI,2005,61.9742268041237
CIRC_00208,CRI,2005,62.063829787234
CIRC_00209,HRV,2005,20.0076335877863
CIRC_00210,HRV,2005,62.6740740740741
CIRC_00211,HRV,2005,8.87593984962406
CIRC_00212,HRV,2005,47.2676056338028
CIRC_00213,CUB,2005,0.444444444444444
CIRC_00214,CUB,2005,5.8030303030303
CIRC_00215,XNC,2005,29.1147540983607
CIRC_00216,XNC,2005,57.4363636363636
CIRC_00217,XNC,2005,18.3521739130435
CIRC_00218,CYP,2005,7.3640350877193
CIRC_00219,CYP,2005,41.25
CIRC_00220,SVK,2005,11.0514705882353
CIRC_00221,CZE,2005,52.2429577464789
CIRC_00222,CZE,2005,62.0535714285714
CIRC_00223,CZE,2005,24.5113636363636
CIRC_00224,CZE,2005,28.3184931506849
CIRC_00225,CZE,2005,49.6785714285714
CIRC_00226,CZE,2005,23.231884057971
CIRC_00227,CZE,2005,29.1971830985916
CIRC_00228,CZE,2005,60.1849315068493
CIRC_00229,CZE,2005,12.9475524475524
CIRC_00230,SVK,2005,60.0984251968504
CIRC_00231,CZE,2005,12.2730496453901
CIRC_00232,DNK,2005,10.8680555555556
CIRC_00233,DNK,2005,36.7333333333333
CIRC_00234,DNK,2005,3.28994082840237
CIRC_00235,DNK,2005,34.4903225806452
CIRC_00236,DNK,2005,59.0032679738562
CIRC_00237,DNK,2005,47.0160256410257
CIRC_00238,SOM,2005,0
CIRC_00239,ETH,2005,15.9946808510638
CIRC_00240,DOM,2005,8.19072164948454
CIRC_00241,DOM,2005,60.7265625
CIRC_00242,DOM,2005,53.1683168316832
CIRC_00243,DOM,2005,0.0677083333333333
CIRC_00244,COD,2005,0
CIRC_00245,COD,2005,0
CIRC_00246,COD,2005,0
CIRC_00247,COD,2005,60.0815217391304
CIRC_00248,VNM,2005,5.98969072164949
CIRC_00249,VNM,2005,24.9852941176471
CIRC_00250,VNM,2005,0.489690721649485
CIRC_00251,VNM,2005,0
CIRC_00252,VNM,2005,22.9257425742574
CIRC_00253,ECU,2005,53.5161290322581
CIRC_00254,USA,2005,62.2954545454546
CIRC_00255,ECU,2005,59.9555555555556
CIRC_00256,ECU,2005,49.8709677419355
CIRC_00257,ECU,2005,29.2444444444445
CIRC_00258,ECU,2005,0
CIRC_00259,ECU,2005,60.2150537634409
CIRC_00260,USA,2005,61.7096774193549
CIRC_00261,EGY,2005,52.1351351351351
CIRC_00262,EGY,2005,63
CIRC_00263,EGY,2005,34.4403669724771
CIRC_00264,GNQ,2005,2.77710843373494
CIRC_00265,ERI,2005,29.3315789473684
CIRC_00266,EST,2005,39.3212290502793
CIRC_00267,EST,2005,0.0116279069767442
CIRC_00268,EST,2005,22.3089887640449
CIRC_00269,EST,2005,58.6325757575758
CIRC_00270,EST,2005,4.30397727272728
CIRC_00271,EST,2005,49.6488764044944
CIRC_00272,ETH,2005,8.92105263157895
CIRC_00273,ETH,2005,5.32105263157895
CIRC_00274,ETH,2005,0.474226804123711
CIRC_00275,ETH,2005,0
CIRC_00276,TLS,2005,0.736363636363636
CIRC_00277,TLS,2005,10.1923076923077
CIRC_00278,TLS,2005,0.851063829787235
CIRC_00279,TLS,2005,9.97761194029851
CIRC_00280,TLS,2005,0
CIRC_00281,TLS,2005,0
CIRC_00282,FIN,2005,48.2184210526316
CIRC_00283,RUS,2005,32.4541984732825
CIRC_00284,FIN,2005,59.8013698630137
CIRC_00285,FIN,2005,34.7774869109948
CIRC_00286,FJI,2005,0
CIRC_00287,FJI,2005,0
CIRC_00288,FJI,2005,6.25520833333333
CIRC_00289,FJI,2005,6.3876404494382
CIRC_00290,FJI,2005,0.195876288659794
CIRC_00291,FJI,2005,0
CIRC_00292,FJI,2005,0
CIRC_00293,FJI,2005,0
CIRC_00294,FRA,2005,11.8636363636364
CIRC_00295,FRA,2005,63
CIRC_00296,FRA,2005,63
CIRC_00297,FRA,2005,58.6573426573427
CIRC_00298,FRA,2005,51.6815068493151
CIRC_00299,GAB,2005,1.12087912087912
CIRC_00300,GAB,2005,5.20430107526882
CIRC_00301,COG,2005,50.775
CIRC_00302,GAB,2005,0
CIRC_00303,GMB,2005,0
CIRC_00304,GMB,2005,1.5078125
CIRC_00305,GMB,2005,0.31578947368421
CIRC_00306,DEU,2005,62.8137254901961
CIRC_00307,DEU,2005,55.556338028169
CIRC_00308,DEU,2005,9.15
CIRC_00309,DEU,2005,62.656050955414
CIRC_00310,DEU,2005,14.8496503496504
CIRC_00311,GHA,2005,56.4126984126984
CIRC_00312,GHA,2005,51.3641304347826
CIRC_00313,GHA,2005,14.0604395604396
CIRC_00314,GHA,2005,1.46236559139785
CIRC_00315,GNB,2005,9.50769230769231
CIRC_00316,GNB,2005,0
CIRC_00317,GNB,2005,0
CIRC_00318,GNB,2005,0
CIRC_00319,GNB,2005,0
CIRC_00320,GRC,2005,62.9628099173554
CIRC_00321,GRC,2005,44.3
CIRC_00322,GRC,2005,0.849056603773586
CIRC_00323,GRC,2005,62.2361111111111
CIRC_00324,USA,2005,62.9692307692308
CIRC_00325,GRC,2005,62.9426229508197
CIRC_00326,GRC,2005,23.3939393939394
CIRC_00327,GEO,2005,38.572
CIRC_00328,GEO,2005,4.62
CIRC_00329,GEO,2005,0.0604838709677419
CIRC_00330,GEO,2005,9.890625
CIRC_00331,FRA,2005,63
CIRC_00332,GTM,2005,61.4587628865979
CIRC_00333,GTM,2005,2.328125
CIRC_00334,GTM,2005,10.1614583333333
CIRC_00335,GIN,2005,0
CIRC_00336,GIN,2005,0.0618556701030928
CIRC_00337,GIN,2005,0
CIRC_00338,GIN,2005,31.9761904761905
CIRC_00339,GIN,2005,0
CIRC_00340,GIN,2005,0.443298969072165
CIRC_00341,GUY,2005,34.2173913043478
CIRC_00342,GUY,2005,4.37301587301587
CIRC_00343,GUY,2005,2.34415584415584
CIRC_00344,USA,2005,62.8
CIRC_00345,GUY,2005,19.6684782608696
CIRC_00346,GUY,2005,0
CIRC_00347,GUY,2005,2.56849315068493
CIRC_00348,HTI,2005,0
CIRC_00349,HTI,2005,28.5454545454545
CIRC_00350,HTI,2005,20.5106382978724
CIRC_00351,HTI,2005,0.472727272727273
CIRC_00352,HTI,2005,1.80232558139535
CIRC_00353,HTI,2005,0
CIRC_00354,HTI,2005,0
CIRC_00355,HTI,2005,0
CIRC_00356,HND,2005,25.8720930232558
CIRC_00357,HND,2005,60.0526315789474
CIRC_00358,HND,2005,55.6010638297872
CIRC_00359,PAN,2005,60.3333333333333
CIRC_00360,HND,2005,0.0631578947368421
CIRC_00361,HND,2005,17.859375
CIRC_00362,HND,2005,5.3448275862069
CIRC_00363,HND,2005,4.24736842105263
CIRC_00364,HND,2005,0.85483870967742
CIRC_00365,HUN,2005,9.31159420289855
CIRC_00366,HUN,2005,62.8079710144928
CIRC_00367,HUN,2005,2.53076923076923
CIRC_00368,HUN,2005,45.1268115942029
CIRC_00369,HUN,2005,17.8111111111111
CIRC_00370,HUN,2005,43.6353383458647
CIRC_00371,ISL,2005,58.6078431372549
CIRC_00372,ISL,2005,4.87109375
CIRC_00373,ISL,2005,58.7983193277311
CIRC_00374,IND,2005,54.5742574257426
CIRC_00375,IND,2005,0.476190476190476
CIRC_00376,IND,2005,8.38775510204082
CIRC_00377,IND,2005,52.1568627450981
CIRC_00378,IND,2005,4.11052631578947
CIRC_00379,PAK,2005,31.5225225225225
CIRC_00380,PAK,2005,3.56880733944954
CIRC_00381,IND,2005,4.09405940594059
CIRC_00382,IDN,2005,11.7446808510638
CIRC_00383,IDN,2005,8.91071428571429
CIRC_00384,IDN,2005,9.78421052631579
CIRC_00385,IDN,2005,45.2393617021277
CIRC_00386,IDN,2005,3.23684210526316
CIRC_00387,IDN,2005,42.2021276595745
CIRC_00388,IRL,2005,17.0732484076433
CIRC_00389,IRL,2005,2.99378881987578
CIRC_00390,IRL,2005,20.8553459119497
CIRC_00391,IRL,2005,62.7060810810811
CIRC_00392,IRL,2005,18.4044585987261
CIRC_00393,IRL,2005,55.6666666666667
CIRC_00394,IRN,2005,9.35046728971962
CIRC_00395,IRN,2005,42.2
CIRC_00396,IRN,2005,13.7610619469027
CIRC_00397,IRN,2005,0
CIRC_00398,IRN,2005,62.8146551724138
CIRC_00399,IRQ,2005,8.1695652173913
CIRC_00400,USA,2005,11.3348214285714
CIRC_00401,USA,2005,25.5373831775701
CIRC_00402,USA,2005,61.883064516129
CIRC_00403,IRQ,2005,62.1728971962617
CIRC_00404,IRQ,2005,44.0442477876106
CIRC_00405,IRQ,2005,17.1363636363636
CIRC_00406,IRQ,2005,62.7522123893805
CIRC_00407,BLR,2005,2.32
CIRC_00408,ISR,2005,62.921052631579
CIRC_00409,BLR,2005,1.34810126582279
CIRC_00410,ISR,2005,62.7697368421053
CIRC_00411,ISR,2005,58.712962962963
CIRC_00412,ISR,2005,62.9601769911504
CIRC_00413,ISR,2005,48.3119266055046
CIRC_00414,ISR,2005,62.4074074074074
CIRC_00415,ITA,2005,63
CIRC_00416,ITA,2005,58.1481481481482
CIRC_00417,ITA,2005,54.8253012048193
CIRC_00418,ITA,2005,62.9185185185185
CIRC_00419,ITA,2005,60.3798449612403
CIRC_00420,ITA,2005,36.80078125
CIRC_00421,ITA,2005,63
CIRC_00422,ITA,2005,52.4044117647059
CIRC_00423,ITA,2005,51.593023255814
CIRC_00424,ITA,2005,7.12083333333333
CIRC_00425,JAM,2005,28.2164948453608
CIRC_00426,JAM,2005,5.94623655913979
CIRC_00427,JAM,2005,18.8969072164949
CIRC_00428,JAM,2005,5.35051546391753
CIRC_00429,JAM,2005,41.9896907216495
CIRC_00430,JOR,2005,62.0700934579439
CIRC_00431,JPN,2005,63
CIRC_00432,JPN,2005,53.7389380530973
CIRC_00433,JPN,2005,63
CIRC_00434,JPN,2005,59.2065217391304
CIRC_00435,JPN,2005,39.2412280701754
CIRC_00436,JPN,2005,17.5
CIRC_00437,JPN,2005,14.8571428571429
CIRC_00438,JPN,2005,29.5304347826087
CIRC_00439,JPN,2005,59.0281690140845
CIRC_00440,JPN,2005,59.3347826086957
CIRC_00441,JPN,2005,48.7545454545455
CIRC_00442,JPN,2005,63
CIRC_00443,JPN,2005,52.8769230769231
CIRC_00444,JPN,2005,62.495145631068
CIRC_00445,JPN,2005,26.1478260869565
CIRC_00446,JPN,2005,63
CIRC_00447,KEN,2005,0
CIRC_00448,KEN,2005,2.89784946236559
CIRC_00449,KEN,2005,53.458762886598
CIRC_00450,KEN,2005,0.0322580645161291
CIRC_00451,XKO,2005,4.15447154471545
CIRC_00452,XKO,2005,36.892
CIRC_00453,XKO,2005,7.36693548387097
CIRC_00454,XKO,2005,35.4166666666667
CIRC_00455,XKO,2005,4.228
CIRC_00456,KWT,2005,62.8983050847458
CIRC_00457,KWT,2005,31.8666666666667
CIRC_00458,KGZ,2005,0.716535433070866
CIRC_00459,KGZ,2005,19.3198198198198
CIRC_00460,KGZ,2005,55.9637096774194
CIRC_00461,KGZ,2005,5.78048780487805
CIRC_00462,KGZ,2005,4.32113821138211
CIRC_00463,KGZ,2005,0.825396825396825
CIRC_00464,KGZ,2005,4.73412698412698
CIRC_00465,KAZ,2005,6.83333333333333
CIRC_00466,KAZ,2005,60.7539682539683
CIRC_00467,LAO,2005,15
CIRC_00468,THA,2005,21.9571428571429
CIRC_00469,LAO,2005,0
CIRC_00470,LAO,2005,1.00520833333333
CIRC_00471,LAO,2005,0
CIRC_00472,LVA,2005,60.4476744186047
CIRC_00473,LVA,2005,2.20212765957447
CIRC_00474,RUS,2005,0.0414201183431953
CIRC_00475,LVA,2005,25.8352941176471
CIRC_00476,LVA,2005,6.71739130434783
CIRC_00477,LVA,2005,0
CIRC_00478,LVA,2005,0
CIRC_00479,USA,2005,61.1637931034483
CIRC_00480,LBR,2005,0
CIRC_00481,LBR,2005,0
CIRC_00482,LBR,2005,0
CIRC_00483,LBR,2005,0
CIRC_00484,LBR,2005,0
CIRC_00485,LBR,2005,0
CIRC_00486,LBR,2005,0
CIRC_00487,LBR,2005,14.671052631579
CIRC_00488,LBN,2005,40.5225225225225
CIRC_00489,LBN,2005,45.3185840707965
CIRC_00490,LBN,2005,53.8706896551724
CIRC_00491,LBN,2005,41.6268656716418
CIRC_00492,LBN,2005,62.2931034482759
CIRC_00493,LBN,2005,62.1902173913044
CIRC_00494,LBN,2005,48.8378378378378
CIRC_00495,LSO,2005,0.072072072072072
CIRC_00496,LSO,2005,1.0377358490566
CIRC_00497,LSO,2005,4.87037037037037
CIRC_00498,LSO,2005,1.625
CIRC_00499,LSO,2005,2.59027777777778
CIRC_00500,LSO,2005,35.7987012987013
CIRC_00501,LSO,2005,1.99390243902439
CIRC_00502,LSO,2005,0
CIRC_00503,LBY,2005,25.1473214285714
CIRC_00504,LBY,2005,37.5229357798165
CIRC_00505,LBY,2005,62.5220588235294
CIRC_00506,LBY,2005,60.9857142857143
CIRC_00507,LBY,2005,26.7164179104478
CIRC_00508,LBY,2005,15.4070796460177
CIRC_00509,LBY,2005,62.8676470588235
CIRC_00510,LBY,2005,51.3680555555556
CIRC_00511,LTU,2005,53.820987654321
CIRC_00512,LTU,2005,9.47633136094675
CIRC_00513,LTU,2005,16.0803571428571
CIRC_00514,LTU,2005,55.4316770186336
CIRC_00515,LTU,2005,50.015625
CIRC_00516,LUX,2005,18.0416666666667
CIRC_00517,LUX,2005,9.35664335664336
CIRC_00518,LUX,2005,54.0102739726028
CIRC_00519,LUX,2005,46.8981481481482
CIRC_00520,MRT,2005,0
CIRC_00521,MRT,2005,45.4329896907217
CIRC_00522,MRT,2005,0
CIRC_00523,MRT,2005,0
CIRC_00524,MRT,2005,0
CIRC_00525,MRT,2005,0
CIRC_00526,MKD,2005,17.3708333333333
CIRC_00527,BIH,2005,40.7054263565891
CIRC_00528,MKD,2005,53.868
CIRC_00529,MKD,2005,4.56299212598425
CIRC_00530,MKD,2005,5.5655737704918
CIRC_00531,MKD,2005,16.6065573770492
CIRC_00532,MKD,2005,27.636
CIRC_00533,MDG,2005,0
CIRC_00534,MDG,2005,0
CIRC_00535,MDG,2005,4.37333333333333
CIRC_00536,MDG,2005,0
CIRC_00537,MDG,2005,6.52061855670103
CIRC_00538,MDG,2005,0
CIRC_00539,MYS,2005,48.6032608695652
CIRC_00540,MYS,2005,44.0071428571429
CIRC_00541,MYS,2005,7.89130434782609
CIRC_00542,MYS,2005,42.4507042253521
CIRC_00543,MYS,2005,0.0309278350515464
CIRC_00544,MYS,2005,45.8670212765957
CIRC_00545,MUS,2005,32.9744897959184
CIRC_00546,MUS,2005,33
CIRC_00547,MUS,2005,24.6581632653061
CIRC_00548,MWI,2005,5.49484536082474
CIRC_00549,MWI,2005,0
CIRC_00550,MWI,2005,1.65104166666667
CIRC_00551,MWI,2005,0.541237113402062
CIRC_00552,MWI,2005,0
CIRC_00553,MWI,2005,45.234693877551
CIRC_00554,MEX,2005,63
CIRC_00555,MEX,2005,58.0412371134021
CIRC_00556,MEX,2005,22.1428571428571
CIRC_00557,MEX,2005,3.91666666666667
CIRC_00558,MDA,2005,1.21071428571429
CIRC_00559,MDA,2005,0.682142857142857
CIRC_00560,MDA,2005,0.335820895522388
CIRC_00561,RUS,2005,0
CIRC_00562,MDA,2005,3.67153284671533
CIRC_00563,MDA,2005,1.77573529411765
CIRC_00564,MDA,2005,1.50729927007299
CIRC_00565,MDA,2005,1.42537313432836
CIRC_00566,MDA,2005,48.8722627737226
CIRC_00567,MDA,2005,2.89928057553957
CIRC_00568,MDA,2005,3.23333333333333
CIRC_00569,MDA,2005,3.2956204379562
CIRC_00570,MDA,2005,1.03676470588235
CIRC_00571,MDA,2005,2.09489051094891
CIRC_00572,MDA,2005,45.3544776119403
CIRC_00573,MDA,2005,2.24380165289256
CIRC_00574,MDA,2005,4.35251798561151
CIRC_00575,MLI,2005,10.1368421052632
CIRC_00576,MLI,2005,4.39473684210527
CIRC_00577,MLI,2005,0
CIRC_00578,MLI,2005,7.02105263157895
CIRC_00579,MLI,2005,9.00526315789474
CIRC_00580,MLI,2005,0
CIRC_00581,MLI,2005,5.02688172043011
CIRC_00582,MLT,2005,60.1869158878505
CIRC_00583,MLT,2005,61.1489361702128
CIRC_00584,MLT,2005,60.7771739130435
CIRC_00585,MLT,2005,60.7131147540984
CIRC_00586,MNG,2005,0
CIRC_00587,MNG,2005,0
CIRC_00588,MNG,2005,0
CIRC_00589,MNG,2005,44.7116788321168
CIRC_00590,MNG,2005,0
CIRC_00591,MAR,2005,60.2619047619048
CIRC_00592,MMR,2005,35.9438775510204
CIRC_00593,MMR,2005,2.00510204081633
CIRC_00594,MMR,2005,0
CIRC_00595,MMR,2005,53.7159090909091
CIRC_00596,MMR,2005,9.27272727272727
CIRC_00597,MOZ,2005,0
CIRC_00598,MOZ,2005,0.118556701030928
CIRC_00599,MOZ,2005,0
CIRC_00600,NAM,2005,1.63917525773196
CIRC_00601,NAM,2005,0
CIRC_00602,NAM,2005,11.8112244897959
CIRC_00603,NPL,2005,50.5047169811321
CIRC_00604,IND,2005,49.6923076923077
CIRC_00605,IND,2005,5.15865384615385
CIRC_00606,NPL,2005,0
CIRC_00607,NPL,2005,0
CIRC_00608,NPL,2005,0
CIRC_00609,NPL,2005,4.47115384615385
CIRC_00610,NPL,2005,4.49242424242424
CIRC_00611,NPL,2005,0
CIRC_00612,NPL,2005,0
CIRC_00613,NPL,2005,0
CIRC_00614,NPL,2005,18.0291262135922
CIRC_00615,NPL,2005,0
CIRC_00616,NZL,2005,19.012987012987
CIRC_00617,NZL,2005,16.6410256410256
CIRC_00618,NZL,2005,3.39855072463768
CIRC_00619,NZL,2005,6.91044776119403
CIRC_00620,NZL,2005,2.14583333333333
CIRC_00621,NZL,2005,60.027397260274
CIRC_00622,NZL,2005,0.786764705882353
CIRC_00623,NZL,2005,45.5217391304348
CIRC_00624,NZL,2005,20.5867768595041
CIRC_00625,NZL,2005,57.8062015503876
CIRC_00626,NIC,2005,1.1
CIRC_00627,NIC,2005,8.52631578947368
CIRC_00628,NIC,2005,57.0210526315789
CIRC_00629,NIC,2005,18.7444444444444
CIRC_00630,NGA,2005,21.6010638297872
CIRC_00631,NGA,2005,53.6875
CIRC_00632,NGA,2005,51.4526315789474
CIRC_00633,NGA,2005,28.5585106382979
CIRC_00634,NGA,2005,23.1578947368421
CIRC_00635,NGA,2005,8.70879120879121
CIRC_00636,NGA,2005,4.12631578947368
CIRC_00637,NER,2005,0.979166666666666
CIRC_00638,NER,2005,9.9381443298969
CIRC_00639,NER,2005,1.97916666666667
CIRC_00640,NER,2005,39.0797872340426
CIRC_00641,NER,2005,1.06382978723404
CIRC_00642,NER,2005,0
CIRC_00643,NER,2005,0
CIRC_00644,NER,2005,0
CIRC_00645,NER,2005,0
CIRC_00646,NOR,2005,30.1094890510949
CIRC_00647,NOR,2005,46.0137362637363
CIRC_00648,NOR,2005,52.3271604938272
CIRC_00649,NOR,2005,34.355
CIRC_00650,NOR,2005,7.48633879781421
CIRC_00651,NOR,2005,59.513986013986
CIRC_00652,NOR,2005,42.2880794701987
CIRC_00653,NLD,2005,62.4701986754967
CIRC_00654,NLD,2005,18.1721854304636
CIRC_00655,NLD,2005,18.1654411764706
CIRC_00656,NLD,2005,59.6713286713287
CIRC_00657,OMN,2005,49.7680412371134
CIRC_00658,OMN,2005,55.1168831168831
CIRC_00659,PAK,2005,62.7021276595745
CIRC_00660,PAK,2005,4.95673076923077
CIRC_00661,PAK,2005,63
CIRC_00662,PAK,2005,6.25
CIRC_00663,PAK,2005,17.1603773584906
CIRC_00664,IND,2005,62.7836538461539
CIRC_00665,PAK,2005,58.5934579439252
CIRC_00666,PAK,2005,0.343478260869565
CIRC_00667,PAK,2005,62.96875
CIRC_00668,PAK,2005,4.56542056074766
CIRC_00669,PAN,2005,60.551724137931
CIRC_00670,PAN,2005,0.398936170212766
CIRC_00671,PAN,2005,17.6086956521739
CIRC_00672,PRY,2005,0.0970873786407767
CIRC_00673,PRY,2005,58.0588235294118
CIRC_00674,PRY,2005,10.9417475728155
CIRC_00675,PRY,2005,0.1
CIRC_00676,PRY,2005,51.2611111111111
CIRC_00677,PER,2005,62.7894736842105
CIRC_00678,PER,2005,34.234375
CIRC_00679,PER,2005,1.0360824742268
CIRC_00680,PER,2005,62.5989583333333
CIRC_00681,PER,2005,16.8870967741935
CIRC_00682,PER,2005,1.06122448979592
CIRC_00683,PHL,2005,0.0263157894736842
CIRC_00684,PHL,2005,5.88202247191011
CIRC_00685,PHL,2005,62.719298245614
CIRC_00686,PHL,2005,63
CIRC_00687,PHL,2005,62.9431818181818
CIRC_00688,PHL,2005,1.22826086956522
CIRC_00689,PHL,2005,62.8768115942029
CIRC_00690,PNG,2005,0
CIRC_00691,PNG,2005,0.0773195876288661
CIRC_00692,PNG,2005,0
CIRC_00693,PNG,2005,30.6703296703297
CIRC_00694,PNG,2005,0
CIRC_00695,PNG,2005,3.18382352941176
CIRC_00696,PNG,2005,0
CIRC_00697,PNG,2005,0
CIRC_00698,POL,2005,7.67666666666666
CIRC_00699,POL,2005,5.2987012987013
CIRC_00700,POL,2005,13.58125
CIRC_00701,POL,2005,62.9801324503311
CIRC_00702,POL,2005,9.83783783783784
CIRC_00703,POL,2005,9.13924050632911
CIRC_00704,POL,2005,38.8184931506849
CIRC_00705,POL,2005,61.5069444444444
CIRC_00706,POL,2005,51.125
CIRC_00707,PRT,2005,62.2109375
CIRC_00708,PRT,2005,34.8097345132744
CIRC_00709,PRK,2005,27.3571428571429
CIRC_00710,RUS,2005,2.0034965034965
CIRC_00711,QAT,2005,62.9176470588235
CIRC_00712,KOR,2005,31.6949152542373
CIRC_00713,KOR,2005,27.2932692307692
CIRC_00714,KOR,2005,3.80851063829787
CIRC_00715,KOR,2005,45.2280701754386
CIRC_00716,JPN,2005,62.9508928571429
CIRC_00717,KOR,2005,62.4333333333333
CIRC_00718,KOR,2005,62.9875
CIRC_00719,KOR,2005,17.8962264150943
CIRC_00720,KOR,2005,62.9561403508772
CIRC_00721,ROU,2005,62.206106870229
CIRC_00722,ROU,2005,28.0534351145038
CIRC_00723,UKR,2005,12.1628787878788
CIRC_00724,ROU,2005,0
CIRC_00725,ROU,2005,3.11956521739131
CIRC_00726,ROU,2005,39.6417910447761
CIRC_00727,ROU,2005,12.0300751879699
CIRC_00728,ROU,2005,29.6402877697842
CIRC_00729,ROU,2005,9.49624060150376
CIRC_00730,ROU,2005,18.8217054263566
CIRC_00731,ROU,2005,39.702205882353
CIRC_00732,RUS,2005,3.16541353383459
CIRC_00733,RUS,2005,2.29904306220096
CIRC_00734,RUS,2005,63
CIRC_00735,RWA,2005,3.97540983606557
CIRC_00736,RWA,2005,0.760869565217392
CIRC_00737,RWA,2005,0
CIRC_00738,ZAF,2005,62.9460784313726
CIRC_00739,ZAF,2005,0
CIRC_00740,ZAF,2005,0.0135135135135135
CIRC_00741,ZAF,2005,62.18
CIRC_00742,ZAF,2005,3.55714285714286
CIRC_00743,ZAF,2005,61.9455445544555
CIRC_00744,SLV,2005,56.7634408602151
CIRC_00745,SLV,2005,30.09375
CIRC_00746,SLV,2005,5.53684210526316
CIRC_00747,SLV,2005,5.79381443298969
CIRC_00748,SLV,2005,3.95876288659794
CIRC_00749,SAU,2005,63
CIRC_00750,SEN,2005,0
CIRC_00751,SEN,2005,4.25
CIRC_00752,SEN,2005,0
CIRC_00753,SRB,2005,61.8984375
CIRC_00754,SRB,2005,18.784
CIRC_00755,XKO,2005,24.6468253968254
CIRC_00756,SLE,2005,0
CIRC_00757,SLE,2005,19.6428571428571
CIRC_00758,SLE,2005,0
CIRC_00759,SLE,2005,0
CIRC_00760,SLE,2005,0
CIRC_00761,SLE,2005,0.744444444444445
CIRC_00762,SGP,2005,61.9121621621622
CIRC_00763,SGP,2005,62.4239130434783
CIRC_00764,SVK,2005,28.1048951048951
CIRC_00765,SVK,2005,6.72535211267605
CIRC_00766,SVK,2005,8.1056338028169
CIRC_00767,SVK,2005,21.4858156028369
CIRC_00768,SVK,2005,11.6151079136691
CIRC_00769,SVK,2005,34.8812949640288
CIRC_00770,SVK,2005,5.375
CIRC_00771,SVN,2005,5.23161764705882
CIRC_00772,SVN,2005,5.07874015748032
CIRC_00773,SVN,2005,29.3703703703704
CIRC_00774,SVN,2005,55.4407407407407
CIRC_00775,SVN,2005,14.9198473282443
CIRC_00776,SVN,2005,9.23507462686567
CIRC_00777,SVN,2005,20.2183908045977
CIRC_00778,SLB,2005,0
CIRC_00779,SLB,2005,0
CIRC_00780,SLB,2005,0
CIRC_00781,SLB,2005,0
CIRC_00782,SLB,2005,0
CIRC_00783,SLB,2005,0
CIRC_00784,SLB,2005,0
CIRC_00785,SLB,2005,0
CIRC_00786,ETH,2005,0
CIRC_00787,SOM,2005,0
CIRC_00788,SOM,2005,10.1603773584906
CIRC_00789,ESP,2005,62.957264957265
CIRC_00790,ESP,2005,63
CIRC_00791,ESP,2005,58
CIRC_00792,ESP,2005,46.3729508196721
CIRC_00793,LKA,2005,61.4166666666667
CIRC_00794,LKA,2005,9.07894736842105
CIRC_00795,LKA,2005,4.84408602150538
CIRC_00796,LKA,2005,19.8776595744681
CIRC_00797,LKA,2005,11.2216494845361
CIRC_00798,SSD,2005,0
CIRC_00799,SDN,2005,4.01470588235294
CIRC_00800,SDN,2005,0
CIRC_00801,SUR,2005,36.543956043956
CIRC_00802,SUR,2005,0.147887323943662
CIRC_00803,SUR,2005,5.68888888888889
CIRC_00804,SUR,2005,10.8144329896907
CIRC_00805,SWZ,2005,26.9759615384615
CIRC_00806,SWE,2005,36.355421686747
CIRC_00807,SWE,2005,44.2642857142857
CIRC_00808,SWE,2005,10.7403314917127
CIRC_00809,SWE,2005,62.625
CIRC_00810,SWE,2005,37.6557377049181
CIRC_00811,SWE,2005,42.7168674698795
CIRC_00812,CHE,2005,44.9485294117647
CIRC_00813,CHE,2005,28.8984962406015
CIRC_00814,CHE,2005,40.1492537313433
CIRC_00815,CHE,2005,7.30597014925373
CIRC_00816,CHE,2005,58.2277777777778
CIRC_00817,CHE,2005,25.1569343065693
CIRC_00818,CHE,2005,29.3565891472868
CIRC_00819,CHE,2005,25.7185185185185
CIRC_00820,CHE,2005,43.0555555555556
CIRC_00821,CHE,2005,19.3333333333333
CIRC_00822,CHE,2005,39.2316176470588
CIRC_00823,CHE,2005,35.672794117647
CIRC_00824,CHE,2005,22.1204379562044
CIRC_00825,CHE,2005,22.763358778626
CIRC_00826,CHE,2005,43.195652173913
CIRC_00827,CHE,2005,26.268115942029
CIRC_00828,CHE,2005,38.762962962963
CIRC_00829,CHE,2005,9.9963503649635
CIRC_00830,CHE,2005,16.7613636363636
CIRC_00831,CHE,2005,18.8538461538462
CIRC_00832,CHE,2005,17.8284671532847
CIRC_00833,SYR,2005,25.8793103448276
CIRC_00834,SYR,2005,62.3513513513514
CIRC_00835,TJK,2005,4.4059829059829
CIRC_00836,TJK,2005,34.0901639344262
CIRC_00837,TJK,2005,0
CIRC_00838,TJK,2005,17.1465517241379
CIRC_00839,TWN,2005,30.3356164383562
CIRC_00840,TWN,2005,23.835
CIRC_00841,HKG,2005,62.5942028985507
CIRC_00842,TWN,2005,62.2941176470588
CIRC_00843,TZA,2005,0
CIRC_00844,TZA,2005,0
CIRC_00845,TZA,2005,0
CIRC_00846,TZA,2005,0
CIRC_00847,TZA,2005,0.243243243243243
CIRC_00848,THA,2005,63
CIRC_00849,THA,2005,63
CIRC_00850,THA,2005,63
CIRC_00851,THA,2005,16.1702127659575
CIRC_00852,THA,2005,39.8541666666667
CIRC_00853,THA,2005,62.8548387096774
CIRC_00854,THA,2005,8.6340206185567
CIRC_00855,THA,2005,15.298969072165
CIRC_00856,THA,2005,4.87894736842105
CIRC_00857,GBR,2005,62.7484662576687
CIRC_00858,THA,2005,44.3789473684211
CIRC_00859,TKM,2005,45.1735537190083
CIRC_00860,TKM,2005,15.0756302521008
CIRC_00861,TKM,2005,59.9173913043478
CIRC_00862,TGO,2005,0.537634408602151
CIRC_00863,TGO,2005,2.73684210526316
CIRC_00864,TGO,2005,0
CIRC_00865,TTO,2005,28.7131147540984
CIRC_00866,TTO,2005,52.455223880597
CIRC_00867,TTO,2005,18.7526315789474
CIRC_00868,TTO,2005,6.60810810810811
CIRC_00869,TTO,2005,16.8045977011494
CIRC_00870,TUN,2005,59.5133333333333
CIRC_00871,TUN,2005,15.2064220183486
CIRC_00872,TUN,2005,61.7096774193549
CIRC_00873,TUN,2005,20.7521739130435
CIRC_00874,TUN,2005,59.9659090909091
CIRC_00875,TUN,2005,14.0086956521739
CIRC_00876,TUN,2005,30.1266666666667
CIRC_00877,TUR,2005,21.1416666666667
CIRC_00878,TUR,2005,62.0461538461539
CIRC_00879,TUR,2005,3.58189655172414
CIRC_00880,TUR,2005,62.0431034482759
CIRC_00881,TUR,2005,8.13636363636364
CIRC_00882,TUR,2005,56.5413223140496
CIRC_00883,TUR,2005,62.521978021978
CIRC_00884,ARE,2005,59.75
CIRC_00885,ARE,2005,62.6078431372549
CIRC_00886,UGA,2005,0
CIRC_00887,GBR,2005,28.046357615894
CIRC_00888,GBR,2005,17.4965753424658
CIRC_00889,GBR,2005,61.6369863013699
CIRC_00890,GBR,2005,47.169696969697
CIRC_00891,GBR,2005,43.0804597701149
CIRC_00892,USA,2005,62.5927835051547
CIRC_00893,GBR,2005,48.771523178808
CIRC_00894,GBR,2005,59.2022900763359
CIRC_00895,UKR,2005,1.04081632653061
CIRC_00896,UKR,2005,4.68421052631579
CIRC_00897,UKR,2005,1.30201342281879
CIRC_00898,UKR,2005,27.3
CIRC_00899,UKR,2005,57.581560283688
CIRC_00900,UKR,2005,6.89615384615385
CIRC_00901,UKR,2005,54.7644927536232
CIRC_00902,URY,2005,60.2857142857143
CIRC_00903,URY,2005,59.5164835164835
CIRC_00904,USA,2005,58.1349206349206
CIRC_00905,USA,2005,29.3130434782609
CIRC_00906,USA,2005,60.8245614035088
CIRC_00907,USA,2005,60.515873015873
CIRC_00908,USA,2005,61.9353448275862
CIRC_00909,USA,2005,54.8387096774194
CIRC_00910,UZB,2005,42.4421487603306
CIRC_00911,UZB,2005,61.0725806451613
CIRC_00912,UZB,2005,8.17647058823529
CIRC_00913,VEN,2005,22.1631578947368
CIRC_00914,VEN,2005,14.6166666666667
CIRC_00915,VEN,2005,2.75257731958763
CIRC_00916,VEN,2005,14.4505494505495
CIRC_00917,VEN,2005,62.6141304347826
CIRC_00918,YEM,2005,6.88020833333334
CIRC_00919,YEM,2005,0.462765957446808
CIRC_00920,YEM,2005,4.53608247422681
CIRC_00921,SRB,2005,26.67578125
CIRC_00922,MNE,2005,11.3362068965517
CIRC_00923,ZMB,2005,1.98351648351648
CIRC_00924,ZMB,2005,40.9473684210527
CIRC_00925,ZMB,2005,19.8177083333333
CIRC_00926,ZWE,2005,0
CIRC_00927,ZMB,2005,0.271276595744681
CIRC_00928,ZMB,2005,16.185
CIRC_00929,ZMB,2005,33.1666666666667
CIRC_00930,ZMB,2005,0
CIRC_00931,ZWE,2005,0.020618556701031
CIRC_00932,ZWE,2005,6.22680412371134
CIRC_00933,COM,2005,1.44805194805195
CIRC_00934,MDV,2005,42.8333333333333
CIRC_00935,SAU,2005,63
CIRC_00936,ISR,2005,62.9490740740741
CIRC_00937,COM,2005,1.41111111111111
CIRC_00938,COM,2005,0.0777777777777777
CIRC_00941,LBY,2005,62.5
CIRC_00942,SGP,2005,62.8176470588235
CIRC_00943,MKD,2005,52.9344262295082
CIRC_00945,QAT,2005,62.9345238095238
CIRC_00946,MDA,2005,2.18939393939394
CIRC_00947,SGP,2005,62.2352941176471
CIRC_00948,LSO,2005,1.7122641509434
CIRC_00949,MDA,2005,0.600719424460432
CIRC_00950,COM,2005,0.777777777777778
CIRC_00951,LSO,2005,0
CIRC_00952,MUS,2005,44.222972972973
CIRC_00953,ISR,2005,62.8194444444445
CIRC_00954,TKM,2005,47.3782608695652
CIRC_00955,LBY,2005,26.8257575757576
CIRC_00956,ISR,2005,47.8616071428572
CIRC_00957,MUS,2005,26.8711340206185
CIRC_00958,GTM,2005,61.4536082474227
CIRC_00959,MDA,2005,3.67391304347826
CIRC_00960,ISR,2005,63
CIRC_00961,SSD,2005,0
CIRC_00962,CYP,2005,56.48
CIRC_00964,LSO,2005,38.4920634920635
CIRC_00965,MDA,2005,1.77372262773723
CIRC_00001,AFG,2006,2.23451327433629
CIRC_00002,AFG,2006,45.96875
CIRC_00003,AFG,2006,0
CIRC_00004,AFG,2006,0.50462962962963
CIRC_00005,AFG,2006,9.60185185185185
CIRC_00006,AFG,2006,0
CIRC_00007,AFG,2006,0.0377358490566038
CIRC_00008,ALB,2006,19.1088709677419
CIRC_00009,ALB,2006,0
CIRC_00010,ALB,2006,45.0737704918033
CIRC_00011,ALB,2006,0.695833333333334
CIRC_00012,DZA,2006,4.61504424778761
CIRC_00013,DZA,2006,31.6739130434783
CIRC_00014,DZA,2006,12.1391304347826
CIRC_00015,DZA,2006,43.9078947368421
CIRC_00016,MAR,2006,48.3245614035088
CIRC_00017,DZA,2006,3.28070175438596
CIRC_00018,DZA,2006,18.5720720720721
CIRC_00019,AGO,2006,58.764705882353
CIRC_00020,AGO,2006,31.6979166666667
CIRC_00021,ARG,2006,5.36915887850467
CIRC_00022,ARG,2006,62.6605504587156
CIRC_00023,ARG,2006,16.5144230769231
CIRC_00024,ARG,2006,53.4636363636364
CIRC_00025,ARG,2006,63
CIRC_00026,ARG,2006,37.287037037037
CIRC_00027,ARG,2006,59.1565217391305
CIRC_00028,ARG,2006,38.3478260869565
CIRC_00029,ARG,2006,62.4325842696629
CIRC_00030,ARG,2006,62.6220930232558
CIRC_00031,SYR,2006,5.67826086956522
CIRC_00032,AZE,2006,11.0867768595041
CIRC_00033,ARM,2006,57.0081300813008
CIRC_00034,ARM,2006,57.4411764705882
CIRC_00035,ARM,2006,2.33050847457627
CIRC_00036,AUS,2006,3.57692307692308
CIRC_00037,AUS,2006,62.5406976744186
CIRC_00038,AUS,2006,15.3857142857143
CIRC_00039,GBR,2006,43.4308510638298
CIRC_00040,GBR,2006,63
CIRC_00041,AUS,2006,62.1875
CIRC_00042,AUT,2006,62.7821428571429
CIRC_00043,AUT,2006,47.8014705882353
CIRC_00044,AUT,2006,30.8120567375887
CIRC_00045,AUT,2006,3.48936170212766
CIRC_00046,AUT,2006,59.9388489208633
CIRC_00047,AUT,2006,62.2302158273381
CIRC_00048,AUT,2006,11.4064748201439
CIRC_00049,CHE,2006,15.8795620437956
CIRC_00050,AZE,2006,59.7037037037037
CIRC_00051,AZE,2006,0
CIRC_00052,AZE,2006,59.6602564102564
CIRC_00053,AZE,2006,19.8266129032258
CIRC_00054,BHR,2006,56.5964912280702
CIRC_00055,BHR,2006,62.98
CIRC_00056,BRB,2006,54.79375
CIRC_00057,BRB,2006,19.625
CIRC_00058,BRB,2006,26.0625
CIRC_00059,BRB,2006,23.234375
CIRC_00060,BEL,2006,37.34
CIRC_00061,FRA,2006,62.0275590551181
CIRC_00062,BEL,2006,47.8146853146853
CIRC_00063,BEL,2006,46.489010989011
CIRC_00064,BEL,2006,60.9664429530201
CIRC_00065,BEL,2006,41.6180555555556
CIRC_00066,BEL,2006,46.0850340136054
CIRC_00067,BEL,2006,61.891156462585
CIRC_00068,BEL,2006,57.9417808219178
CIRC_00069,BEN,2006,0
CIRC_00070,TGO,2006,44.4222222222222
CIRC_00071,BEN,2006,0
CIRC_00072,BEN,2006,4.45652173913043
CIRC_00073,BFA,2006,58.6368421052632
CIRC_00074,BFA,2006,4.55851063829787
CIRC_00075,BFA,2006,1.65263157894737
CIRC_00076,BFA,2006,58.7747252747253
CIRC_00077,BFA,2006,0
CIRC_00078,BHS,2006,60.0740740740741
CIRC_00079,BHS,2006,46.9487179487179
CIRC_00080,BHS,2006,57.4677419354839
CIRC_00081,BTN,2006,9.77314814814815
CIRC_00082,BTN,2006,0
CIRC_00083,BTN,2006,1.79326923076923
CIRC_00084,BTN,2006,6.75
CIRC_00085,BTN,2006,1.10194174757282
CIRC_00086,BTN,2006,0
CIRC_00087,BLR,2006,61.8913043478261
CIRC_00088,BLR,2006,5.61612903225807
CIRC_00089,BLR,2006,3.78616352201258
CIRC_00090,BLZ,2006,38
CIRC_00091,BLZ,2006,11.5102040816327
CIRC_00092,BLZ,2006,13.6616161616162
CIRC_00093,IND,2006,5.55288461538462
CIRC_00094,BGD,2006,0
CIRC_00095,BGD,2006,0.955445544554455
CIRC_00096,IND,2006,9.42233009708738
CIRC_00097,BGD,2006,0.920792079207921
CIRC_00098,BGD,2006,16.895
CIRC_00099,BGD,2006,4.35096153846154
CIRC_00100,BOL,2006,61.265625
CIRC_00101,BOL,2006,60.5257731958763
CIRC_00102,BOL,2006,61.3333333333333
CIRC_00103,BOL,2006,0
CIRC_00104,BOL,2006,1.25
CIRC_00105,BIH,2006,1.78571428571429
CIRC_00106,BIH,2006,16.1884615384615
CIRC_00107,HRV,2006,5.63306451612903
CIRC_00108,BIH,2006,11.7698412698413
CIRC_00109,BIH,2006,49.2099236641221
CIRC_00110,BIH,2006,5.032
CIRC_00111,BIH,2006,15.1931818181818
CIRC_00112,BIH,2006,31.3294573643411
CIRC_00113,BIH,2006,11.4677419354839
CIRC_00114,BIH,2006,12.4922480620155
CIRC_00115,BIH,2006,10.5269230769231
CIRC_00116,BIH,2006,1.85658914728682
CIRC_00117,BIH,2006,36.765625
CIRC_00118,BIH,2006,8.75793650793651
CIRC_00119,BIH,2006,11.7961538461538
CIRC_00120,BWA,2006,9.62745098039216
CIRC_00121,BWA,2006,0
CIRC_00122,GBR,2006,56.1608391608392
CIRC_00123,BWA,2006,3.98529411764706
CIRC_00124,BRA,2006,15.0494505494506
CIRC_00125,BRA,2006,62.46875
CIRC_00126,BRA,2006,50.9090909090909
CIRC_00127,BRA,2006,9.78421052631579
CIRC_00128,BRA,2006,61.75
CIRC_00129,BRA,2006,28.86
CIRC_00130,BRA,2006,3.72815533980583
CIRC_00131,BRN,2006,50.5449438202247
CIRC_00132,BDI,2006,0
CIRC_00133,BDI,2006,0
CIRC_00134,BDI,2006,23.75
CIRC_00135,BDI,2006,0
CIRC_00136,BDI,2006,0
CIRC_00137,BDI,2006,2.59090909090909
CIRC_00138,BDI,2006,0
CIRC_00139,BDI,2006,0.026595744680851
CIRC_00140,BGR,2006,0.435114503816794
CIRC_00141,RUS,2006,63
CIRC_00142,BGR,2006,1.28125
CIRC_00143,BGR,2006,61.0238095238095
CIRC_00144,BGR,2006,11.272
CIRC_00145,BGR,2006,48.192
CIRC_00146,UKR,2006,36.1174242424242
CIRC_00147,BGR,2006,15.8267716535433
CIRC_00148,USA,2006,62.8686440677966
CIRC_00149,BGR,2006,12.372
CIRC_00150,BGR,2006,13.6008064516129
CIRC_00151,BGR,2006,3.67073170731707
CIRC_00152,BGR,2006,5.344
CIRC_00153,BGR,2006,26.3372093023256
CIRC_00154,KHM,2006,0
CIRC_00155,KHM,2006,46.2903225806452
CIRC_00156,KHM,2006,0.588888888888889
CIRC_00157,CAN,2006,47.640625
CIRC_00158,CAN,2006,21.3807692307692
CIRC_00159,CAN,2006,48.4111111111111
CIRC_00160,CAN,2006,62.7156862745098
CIRC_00161,CAN,2006,62.1115384615385
CIRC_00162,CAN,2006,62.5884615384615
CIRC_00163,CMR,2006,2.65425531914894
CIRC_00164,CPV,2006,0.355670103092784
CIRC_00165,CPV,2006,16.9745762711864
CIRC_00166,CPV,2006,2.61855670103093
CIRC_00167,CPV,2006,19.121052631579
CIRC_00168,CIV,2006,33.9728260869565
CIRC_00169,CIV,2006,0
CIRC_00170,CIV,2006,0.700000000000001
CIRC_00171,CIV,2006,15.8244680851064
CIRC_00172,CIV,2006,10.054347826087
CIRC_00173,CAF,2006,17.8684210526316
CIRC_00174,CAF,2006,0
CIRC_00175,GAB,2006,5.85106382978723
CIRC_00176,CAF,2006,0.0652173913043479
CIRC_00177,CAF,2006,0
CIRC_00178,TCD,2006,30.8802816901408
CIRC_00179,TCD,2006,1.205
CIRC_00180,TCD,2006,0
CIRC_00181,TCD,2006,31.2916666666667
CIRC_00182,CHL,2006,51.7403846153846
CIRC_00183,CHL,2006,56.8915662650602
CIRC_00184,CHL,2006,63
CIRC_00185,CHL,2006,45.2095238095238
CIRC_00186,CHN,2006,20.6203703703704
CIRC_00187,CHN,2006,59.087962962963
CIRC_00188,CHN,2006,48.561320754717
CIRC_00189,CHN,2006,63
CIRC_00190,COL,2006,59.4308510638298
CIRC_00191,COL,2006,49.5795454545455
CIRC_00192,COL,2006,58.3776595744681
CIRC_00193,COL,2006,59.4946808510638
CIRC_00194,COL,2006,5.18947368421053
CIRC_00195,MDG,2006,13.1756756756757
CIRC_00196,FRA,2006,6.55263157894737
CIRC_00197,COM,2006,0.765432098765432
CIRC_00198,COM,2006,0.0851063829787235
CIRC_00199,COM,2006,0.593220338983051
CIRC_00200,COM,2006,0.0649350649350649
CIRC_00201,COM,2006,1.57407407407407
CIRC_00202,COM,2006,0.19811320754717
CIRC_00203,COG,2006,3.24444444444444
CIRC_00204,COG,2006,0
CIRC_00205,CRI,2006,58.8157894736842
CIRC_00206,NIC,2006,10.3563829787234
CIRC_00207,CRI,2006,62.5463917525773
CIRC_00208,CRI,2006,62.5478723404255
CIRC_00209,HRV,2006,19.7862595419847
CIRC_00210,HRV,2006,62.1592592592593
CIRC_00211,HRV,2006,7.35714285714286
CIRC_00212,HRV,2006,48.3450704225352
CIRC_00213,CUB,2006,0.398989898989899
CIRC_00214,CUB,2006,5.37373737373738
CIRC_00215,XNC,2006,34.9672131147541
CIRC_00216,XNC,2006,59.1818181818182
CIRC_00217,XNC,2006,21.5086956521739
CIRC_00218,CYP,2006,8.34649122807018
CIRC_00219,CYP,2006,43.7111111111111
CIRC_00220,SVK,2006,13.3897058823529
CIRC_00221,CZE,2006,50.5035211267606
CIRC_00222,CZE,2006,61.8892857142857
CIRC_00223,CZE,2006,21.5984848484848
CIRC_00224,CZE,2006,28.0924657534247
CIRC_00225,CZE,2006,48.7571428571429
CIRC_00226,CZE,2006,20.5905797101449
CIRC_00227,CZE,2006,29.3450704225352
CIRC_00228,CZE,2006,56.6575342465754
CIRC_00229,CZE,2006,12.8706293706294
CIRC_00230,SVK,2006,60.3070866141732
CIRC_00231,CZE,2006,12.9219858156028
CIRC_00232,DNK,2006,8.6875
CIRC_00233,DNK,2006,34.5619047619048
CIRC_00234,DNK,2006,3.58579881656805
CIRC_00235,DNK,2006,34.6806451612903
CIRC_00236,DNK,2006,58.3954248366013
CIRC_00237,DNK,2006,52.4935897435897
CIRC_00238,SOM,2006,0
CIRC_00239,ETH,2006,16.3191489361702
CIRC_00240,DOM,2006,9.57216494845361
CIRC_00241,DOM,2006,60.8984375
CIRC_00242,DOM,2006,55.1138613861386
CIRC_00243,DOM,2006,0
CIRC_00244,COD,2006,0
CIRC_00245,COD,2006,0
CIRC_00246,COD,2006,0
CIRC_00247,COD,2006,58.5978260869565
CIRC_00248,VNM,2006,7.11340206185567
CIRC_00249,VNM,2006,27.9411764705882
CIRC_00250,VNM,2006,0.649484536082474
CIRC_00251,VNM,2006,0
CIRC_00252,VNM,2006,27.5544554455446
CIRC_00253,ECU,2006,56.0913978494624
CIRC_00254,USA,2006,62.5090909090909
CIRC_00255,ECU,2006,59.9388888888889
CIRC_00256,ECU,2006,52.8548387096774
CIRC_00257,ECU,2006,32.9277777777778
CIRC_00258,ECU,2006,0
CIRC_00259,ECU,2006,60.1666666666667
CIRC_00260,USA,2006,62.4677419354839
CIRC_00261,EGY,2006,54.6711711711712
CIRC_00262,EGY,2006,63
CIRC_00263,EGY,2006,37.5183486238532
CIRC_00264,GNQ,2006,3.74096385542169
CIRC_00265,ERI,2006,28.5473684210526
CIRC_00266,EST,2006,42.1452513966481
CIRC_00267,EST,2006,0.0755813953488373
CIRC_00268,EST,2006,21.2780898876404
CIRC_00269,EST,2006,60.155303030303
CIRC_00270,EST,2006,3.86363636363636
CIRC_00271,EST,2006,51.5702247191011
CIRC_00272,ETH,2006,10.4421052631579
CIRC_00273,ETH,2006,6.26315789473684
CIRC_00274,ETH,2006,0.917525773195876
CIRC_00275,ETH,2006,0
CIRC_00276,TLS,2006,0.609090909090909
CIRC_00277,TLS,2006,15.3923076923077
CIRC_00278,TLS,2006,0.776595744680851
CIRC_00279,TLS,2006,15.0820895522388
CIRC_00280,TLS,2006,0
CIRC_00281,TLS,2006,0
CIRC_00282,FIN,2006,52.1105263157895
CIRC_00283,RUS,2006,41.2213740458015
CIRC_00284,FIN,2006,61.4178082191781
CIRC_00285,FIN,2006,35.6623036649215
CIRC_00286,FJI,2006,0
CIRC_00287,FJI,2006,0
CIRC_00288,FJI,2006,8.015625
CIRC_00289,FJI,2006,6.85955056179775
CIRC_00290,FJI,2006,0.108247422680412
CIRC_00291,FJI,2006,0
CIRC_00292,FJI,2006,0.0714285714285714
CIRC_00293,FJI,2006,0
CIRC_00294,FRA,2006,13.5643939393939
CIRC_00295,FRA,2006,63
CIRC_00296,FRA,2006,63
CIRC_00297,FRA,2006,58.2517482517483
CIRC_00298,FRA,2006,51.8184931506849
CIRC_00299,GAB,2006,1.70879120879121
CIRC_00300,GAB,2006,5.67204301075269
CIRC_00301,COG,2006,49.9
CIRC_00302,GAB,2006,0.112903225806452
CIRC_00303,GMB,2006,0
CIRC_00304,GMB,2006,1.859375
CIRC_00305,GMB,2006,1.0421052631579
CIRC_00306,DEU,2006,61.9738562091503
CIRC_00307,DEU,2006,57.4683098591549
CIRC_00308,DEU,2006,10.14
CIRC_00309,DEU,2006,61.0191082802548
CIRC_00310,DEU,2006,14.5804195804196
CIRC_00311,GHA,2006,57.0793650793651
CIRC_00312,GHA,2006,54.9945652173913
CIRC_00313,GHA,2006,14.3681318681319
CIRC_00314,GHA,2006,1.88709677419355
CIRC_00315,GNB,2006,11.6384615384615
CIRC_00316,GNB,2006,0
CIRC_00317,GNB,2006,0
CIRC_00318,GNB,2006,0.177083333333333
CIRC_00319,GNB,2006,0
CIRC_00320,GRC,2006,62.9793388429752
CIRC_00321,GRC,2006,44.8461538461538
CIRC_00322,GRC,2006,1.24056603773585
CIRC_00323,GRC,2006,62.6041666666667
CIRC_00324,USA,2006,62.4423076923077
CIRC_00325,GRC,2006,62.9631147540984
CIRC_00326,GRC,2006,23.6439393939394
CIRC_00327,GEO,2006,45.364
CIRC_00328,GEO,2006,6.104
CIRC_00329,GEO,2006,0
CIRC_00330,GEO,2006,11.75
CIRC_00331,FRA,2006,63
CIRC_00332,GTM,2006,61.5927835051546
CIRC_00333,GTM,2006,2.125
CIRC_00334,GTM,2006,10.9791666666667
CIRC_00335,GIN,2006,0
CIRC_00336,GIN,2006,0
CIRC_00337,GIN,2006,0
CIRC_00338,GIN,2006,30.4047619047619
CIRC_00339,GIN,2006,0
CIRC_00340,GIN,2006,0.510309278350515
CIRC_00341,GUY,2006,38.268115942029
CIRC_00342,GUY,2006,3.94444444444445
CIRC_00343,GUY,2006,3.54545454545455
CIRC_00344,USA,2006,62.408
CIRC_00345,GUY,2006,20.8641304347826
CIRC_00346,GUY,2006,0
CIRC_00347,GUY,2006,2.78082191780822
CIRC_00348,HTI,2006,0
CIRC_00349,HTI,2006,26.1038961038961
CIRC_00350,HTI,2006,17.6063829787234
CIRC_00351,HTI,2006,0.763636363636364
CIRC_00352,HTI,2006,1.81395348837209
CIRC_00353,HTI,2006,0
CIRC_00354,HTI,2006,0
CIRC_00355,HTI,2006,0
CIRC_00356,HND,2006,27.2848837209302
CIRC_00357,HND,2006,59.0947368421053
CIRC_00358,HND,2006,55.8297872340426
CIRC_00359,PAN,2006,60.5530303030303
CIRC_00360,HND,2006,0
CIRC_00361,HND,2006,18.40625
CIRC_00362,HND,2006,6.0948275862069
CIRC_00363,HND,2006,4.84736842105263
CIRC_00364,HND,2006,1.32258064516129
CIRC_00365,HUN,2006,7.29347826086957
CIRC_00366,HUN,2006,62.6594202898551
CIRC_00367,HUN,2006,2.4
CIRC_00368,HUN,2006,41.6086956521739
CIRC_00369,HUN,2006,15.5777777777778
CIRC_00370,HUN,2006,40.9624060150376
CIRC_00371,ISL,2006,60.0882352941177
CIRC_00372,ISL,2006,4.75
CIRC_00373,ISL,2006,60.5588235294118
CIRC_00374,IND,2006,57.7772277227723
CIRC_00375,IND,2006,0.680952380952381
CIRC_00376,IND,2006,9.39795918367347
CIRC_00377,IND,2006,54.6225490196079
CIRC_00378,IND,2006,4.55789473684211
CIRC_00379,PAK,2006,32.1846846846847
CIRC_00380,PAK,2006,4.26605504587156
CIRC_00381,IND,2006,4.63861386138614
CIRC_00382,IDN,2006,15.031914893617
CIRC_00383,IDN,2006,11.5535714285714
CIRC_00384,IDN,2006,12.7842105263158
CIRC_00385,IDN,2006,52.5053191489362
CIRC_00386,IDN,2006,3.96315789473684
CIRC_00387,IDN,2006,44.7925531914894
CIRC_00388,IRL,2006,18.6910828025478
CIRC_00389,IRL,2006,3.23291925465839
CIRC_00390,IRL,2006,22.5062893081761
CIRC_00391,IRL,2006,62.652027027027
CIRC_00392,IRL,2006,19.156050955414
CIRC_00393,IRL,2006,55.19
CIRC_00394,IRN,2006,9.30373831775701
CIRC_00395,IRN,2006,43.2
CIRC_00396,IRN,2006,16.1504424778761
CIRC_00397,IRN,2006,0
CIRC_00398,IRN,2006,62.8189655172414
CIRC_00399,IRQ,2006,7.74347826086957
CIRC_00400,USA,2006,13.6651785714286
CIRC_00401,USA,2006,25.9906542056075
CIRC_00402,USA,2006,61.7338709677419
CIRC_00403,IRQ,2006,62.5794392523365
CIRC_00404,IRQ,2006,46.0398230088496
CIRC_00405,IRQ,2006,18.0772727272727
CIRC_00406,IRQ,2006,63
CIRC_00407,BLR,2006,1.84666666666667
CIRC_00408,ISR,2006,62.9736842105263
CIRC_00409,BLR,2006,1.45569620253165
CIRC_00410,ISR,2006,62.9671052631579
CIRC_00411,ISR,2006,59.0972222222222
CIRC_00412,ISR,2006,62.8495575221239
CIRC_00413,ISR,2006,50.5733944954128
CIRC_00414,ISR,2006,62.6944444444445
CIRC_00415,ITA,2006,62.852
CIRC_00416,ITA,2006,57.6888888888889
CIRC_00417,ITA,2006,53.4277108433735
CIRC_00418,ITA,2006,62.6925925925926
CIRC_00419,ITA,2006,60.1821705426357
CIRC_00420,ITA,2006,37.48046875
CIRC_00421,ITA,2006,62.8492063492064
CIRC_00422,ITA,2006,49.9227941176471
CIRC_00423,ITA,2006,51.2248062015504
CIRC_00424,ITA,2006,6.97083333333333
CIRC_00425,JAM,2006,26.1288659793815
CIRC_00426,JAM,2006,5.5752688172043
CIRC_00427,JAM,2006,21.2061855670103
CIRC_00428,JAM,2006,5.71649484536083
CIRC_00429,JAM,2006,43.6958762886598
CIRC_00430,JOR,2006,62.5140186915888
CIRC_00431,JPN,2006,62.9513274336283
CIRC_00432,JPN,2006,53.9690265486726
CIRC_00433,JPN,2006,62.9
CIRC_00434,JPN,2006,56.5489130434783
CIRC_00435,JPN,2006,42.2719298245614
CIRC_00436,JPN,2006,18.0133928571429
CIRC_00437,JPN,2006,18.0064935064935
CIRC_00438,JPN,2006,30.3739130434783
CIRC_00439,JPN,2006,57.5985915492958
CIRC_00440,JPN,2006,60.7869565217391
CIRC_00441,JPN,2006,48.6954545454546
CIRC_00442,JPN,2006,63
CIRC_00443,JPN,2006,49.7615384615385
CIRC_00444,JPN,2006,62.1990291262136
CIRC_00445,JPN,2006,25.5434782608696
CIRC_00446,JPN,2006,62.9130434782609
CIRC_00447,KEN,2006,0
CIRC_00448,KEN,2006,3.66666666666667
CIRC_00449,KEN,2006,55.360824742268
CIRC_00450,KEN,2006,0.0806451612903226
CIRC_00451,XKO,2006,3.86991869918699
CIRC_00452,XKO,2006,36.392
CIRC_00453,XKO,2006,5.22177419354839
CIRC_00454,XKO,2006,34.9047619047619
CIRC_00455,XKO,2006,3.448
CIRC_00456,KWT,2006,62.9661016949153
CIRC_00457,KWT,2006,31.2
CIRC_00458,KGZ,2006,0.637795275590551
CIRC_00459,KGZ,2006,22.3738738738739
CIRC_00460,KGZ,2006,58.1814516129032
CIRC_00461,KGZ,2006,6.22357723577236
CIRC_00462,KGZ,2006,4.45934959349593
CIRC_00463,KGZ,2006,0.456349206349207
CIRC_00464,KGZ,2006,4.68650793650794
CIRC_00465,KAZ,2006,7.92248062015504
CIRC_00466,KAZ,2006,61.6071428571429
CIRC_00467,LAO,2006,19.7152777777778
CIRC_00468,THA,2006,26.3857142857143
CIRC_00469,LAO,2006,0
CIRC_00470,LAO,2006,1.68229166666667
CIRC_00471,LAO,2006,0
CIRC_00472,LVA,2006,59.8081395348837
CIRC_00473,LVA,2006,2.0709219858156
CIRC_00474,RUS,2006,0
CIRC_00475,LVA,2006,27.2
CIRC_00476,LVA,2006,6.1195652173913
CIRC_00477,LVA,2006,0
CIRC_00478,LVA,2006,0
CIRC_00479,USA,2006,61.0431034482759
CIRC_00480,LBR,2006,0
CIRC_00481,LBR,2006,0
CIRC_00482,LBR,2006,0
CIRC_00483,LBR,2006,0
CIRC_00484,LBR,2006,0
CIRC_00485,LBR,2006,0
CIRC_00486,LBR,2006,0
CIRC_00487,LBR,2006,20.0526315789474
CIRC_00488,LBN,2006,42.0720720720721
CIRC_00489,LBN,2006,46.6194690265487
CIRC_00490,LBN,2006,54.7758620689655
CIRC_00491,LBN,2006,40.9776119402985
CIRC_00492,LBN,2006,62.9224137931035
CIRC_00493,LBN,2006,62.7771739130435
CIRC_00494,LBN,2006,49.5945945945946
CIRC_00495,LSO,2006,0.108108108108108
CIRC_00496,LSO,2006,1.08962264150943
CIRC_00497,LSO,2006,5.56018518518518
CIRC_00498,LSO,2006,1.35576923076923
CIRC_00499,LSO,2006,2.86111111111111
CIRC_00500,LSO,2006,38.9350649350649
CIRC_00501,LSO,2006,2.09756097560976
CIRC_00502,LSO,2006,0
CIRC_00503,LBY,2006,27.1205357142857
CIRC_00504,LBY,2006,39.1880733944954
CIRC_00505,LBY,2006,62.8823529411765
CIRC_00506,LBY,2006,61.5047619047619
CIRC_00507,LBY,2006,29.8208955223881
CIRC_00508,LBY,2006,17.5663716814159
CIRC_00509,LBY,2006,62.9044117647059
CIRC_00510,LBY,2006,53.1666666666667
CIRC_00511,LTU,2006,54.1172839506173
CIRC_00512,LTU,2006,10.2189349112426
CIRC_00513,LTU,2006,16.2172619047619
CIRC_00514,LTU,2006,53.6273291925466
CIRC_00515,LTU,2006,50.12890625
CIRC_00516,LUX,2006,22.9583333333333
CIRC_00517,LUX,2006,9.26573426573426
CIRC_00518,LUX,2006,53.5753424657534
CIRC_00519,LUX,2006,46.3009259259259
CIRC_00520,MRT,2006,0
CIRC_00521,MRT,2006,48.1443298969072
CIRC_00522,MRT,2006,0
CIRC_00523,MRT,2006,0
CIRC_00524,MRT,2006,0
CIRC_00525,MRT,2006,0
CIRC_00526,MKD,2006,15.7833333333333
CIRC_00527,BIH,2006,34.7480620155039
CIRC_00528,MKD,2006,52.608
CIRC_00529,MKD,2006,3.66141732283465
CIRC_00530,MKD,2006,4.73770491803279
CIRC_00531,MKD,2006,17.2254098360656
CIRC_00532,MKD,2006,25.116
CIRC_00533,MDG,2006,0
CIRC_00534,MDG,2006,0
CIRC_00535,MDG,2006,4.86666666666667
CIRC_00536,MDG,2006,0
CIRC_00537,MDG,2006,6.4639175257732
CIRC_00538,MDG,2006,0
CIRC_00539,MYS,2006,48.9565217391304
CIRC_00540,MYS,2006,46.7857142857143
CIRC_00541,MYS,2006,7.54891304347826
CIRC_00542,MYS,2006,48.9295774647887
CIRC_00543,MYS,2006,0.077319587628866
CIRC_00544,MYS,2006,47.2606382978723
CIRC_00545,MUS,2006,38.0663265306123
CIRC_00546,MUS,2006,33.5744680851064
CIRC_00547,MUS,2006,26.8826530612245
CIRC_00548,MWI,2006,5.59278350515464
CIRC_00549,MWI,2006,0.0515463917525774
CIRC_00550,MWI,2006,1.76041666666667
CIRC_00551,MWI,2006,0.860824742268041
CIRC_00552,MWI,2006,0
CIRC_00553,MWI,2006,47.2551020408163
CIRC_00554,MEX,2006,63
CIRC_00555,MEX,2006,58.1237113402062
CIRC_00556,MEX,2006,21.7602040816327
CIRC_00557,MEX,2006,3.53125
CIRC_00558,MDA,2006,0.575000000000001
CIRC_00559,MDA,2006,0.289285714285714
CIRC_00560,MDA,2006,0.182835820895522
CIRC_00561,RUS,2006,0
CIRC_00562,MDA,2006,3.38686131386861
CIRC_00563,MDA,2006,1.92279411764706
CIRC_00564,MDA,2006,1.97810218978102
CIRC_00565,MDA,2006,1.05597014925373
CIRC_00566,MDA,2006,53.4890510948905
CIRC_00567,MDA,2006,2.4136690647482
CIRC_00568,MDA,2006,3.6
CIRC_00569,MDA,2006,3.17153284671533
CIRC_00570,MDA,2006,0.110294117647059
CIRC_00571,MDA,2006,1.62408759124088
CIRC_00572,MDA,2006,50.0186567164179
CIRC_00573,MDA,2006,2.28925619834711
CIRC_00574,MDA,2006,4.02877697841727
CIRC_00575,MLI,2006,11.2263157894737
CIRC_00576,MLI,2006,5.06842105263158
CIRC_00577,MLI,2006,0
CIRC_00578,MLI,2006,7.86842105263158
CIRC_00579,MLI,2006,10.0421052631579
CIRC_00580,MLI,2006,0
CIRC_00581,MLI,2006,5.76344086021505
CIRC_00582,MLT,2006,61.0794392523365
CIRC_00583,MLT,2006,61.4255319148936
CIRC_00584,MLT,2006,60.9836956521739
CIRC_00585,MLT,2006,60.9098360655738
CIRC_00586,MNG,2006,0
CIRC_00587,MNG,2006,0
CIRC_00588,MNG,2006,0
CIRC_00589,MNG,2006,46.1605839416058
CIRC_00590,MNG,2006,0
CIRC_00591,MAR,2006,60.2321428571429
CIRC_00592,MMR,2006,33.3826530612245
CIRC_00593,MMR,2006,2.66836734693878
CIRC_00594,MMR,2006,0
CIRC_00595,MMR,2006,53.4261363636364
CIRC_00596,MMR,2006,9.63131313131313
CIRC_00597,MOZ,2006,0
CIRC_00598,MOZ,2006,0
CIRC_00599,MOZ,2006,0
CIRC_00600,NAM,2006,1.87113402061856
CIRC_00601,NAM,2006,0
CIRC_00602,NAM,2006,12.9540816326531
CIRC_00603,NPL,2006,50.2216981132076
CIRC_00604,IND,2006,50.1201923076923
CIRC_00605,IND,2006,6.16346153846154
CIRC_00606,NPL,2006,0
CIRC_00607,NPL,2006,0
CIRC_00608,NPL,2006,0
CIRC_00609,NPL,2006,4.85096153846153
CIRC_00610,NPL,2006,3.5530303030303
CIRC_00611,NPL,2006,0
CIRC_00612,NPL,2006,0
CIRC_00613,NPL,2006,0
CIRC_00614,NPL,2006,17.2766990291262
CIRC_00615,NPL,2006,0
CIRC_00616,NZL,2006,19.7207792207792
CIRC_00617,NZL,2006,18.6153846153846
CIRC_00618,NZL,2006,2.6304347826087
CIRC_00619,NZL,2006,7.14179104477612
CIRC_00620,NZL,2006,1.3875
CIRC_00621,NZL,2006,59.6917808219178
CIRC_00622,NZL,2006,0.9375
CIRC_00623,NZL,2006,45.9826086956522
CIRC_00624,NZL,2006,21.7933884297521
CIRC_00625,NZL,2006,57.6937984496124
CIRC_00626,NIC,2006,1.3
CIRC_00627,NIC,2006,9.03157894736843
CIRC_00628,NIC,2006,55.9631578947369
CIRC_00629,NIC,2006,17.7
CIRC_00630,NGA,2006,21.9521276595745
CIRC_00631,NGA,2006,55.1136363636364
CIRC_00632,NGA,2006,50.4789473684211
CIRC_00633,NGA,2006,29
CIRC_00634,NGA,2006,23.0526315789474
CIRC_00635,NGA,2006,8.67582417582418
CIRC_00636,NGA,2006,3.93157894736842
CIRC_00637,NER,2006,1.03125
CIRC_00638,NER,2006,10.8865979381443
CIRC_00639,NER,2006,2.06770833333333
CIRC_00640,NER,2006,41.75
CIRC_00641,NER,2006,1.02127659574468
CIRC_00642,NER,2006,0
CIRC_00643,NER,2006,0
CIRC_00644,NER,2006,0
CIRC_00645,NER,2006,0
CIRC_00646,NOR,2006,39.8248175182482
CIRC_00647,NOR,2006,50.0467032967033
CIRC_00648,NOR,2006,54.6141975308642
CIRC_00649,NOR,2006,30.695
CIRC_00650,NOR,2006,10.3688524590164
CIRC_00651,NOR,2006,60.6293706293706
CIRC_00652,NOR,2006,44.953642384106
CIRC_00653,NLD,2006,61.3344370860927
CIRC_00654,NLD,2006,18.2748344370861
CIRC_00655,NLD,2006,17.3713235294118
CIRC_00656,NLD,2006,59.5454545454545
CIRC_00657,OMN,2006,52.9175257731959
CIRC_00658,OMN,2006,56.0519480519481
CIRC_00659,PAK,2006,62.8829787234043
CIRC_00660,PAK,2006,5.64423076923077
CIRC_00661,PAK,2006,63
CIRC_00662,PAK,2006,8.15384615384615
CIRC_00663,PAK,2006,20.0518867924528
CIRC_00664,IND,2006,62.9182692307692
CIRC_00665,PAK,2006,59.0654205607477
CIRC_00666,PAK,2006,0.208695652173913
CIRC_00667,PAK,2006,62.9776785714286
CIRC_00668,PAK,2006,4.3411214953271
CIRC_00669,PAN,2006,60.6034482758621
CIRC_00670,PAN,2006,0.404255319148936
CIRC_00671,PAN,2006,19.2934782608696
CIRC_00672,PRY,2006,0.305825242718447
CIRC_00673,PRY,2006,59.5196078431373
CIRC_00674,PRY,2006,11.4902912621359
CIRC_00675,PRY,2006,0.1
CIRC_00676,PRY,2006,52.7055555555556
CIRC_00677,PER,2006,62.5526315789474
CIRC_00678,PER,2006,37.9270833333333
CIRC_00679,PER,2006,1.34020618556701
CIRC_00680,PER,2006,62.2552083333333
CIRC_00681,PER,2006,18.747311827957
CIRC_00682,PER,2006,1.41836734693878
CIRC_00683,PHL,2006,0.166666666666667
CIRC_00684,PHL,2006,5.42696629213483
CIRC_00685,PHL,2006,62.9298245614035
CIRC_00686,PHL,2006,62.9690721649485
CIRC_00687,PHL,2006,62.9375
CIRC_00688,PHL,2006,1.1304347826087
CIRC_00689,PHL,2006,62.9420289855073
CIRC_00690,PNG,2006,0
CIRC_00691,PNG,2006,0
CIRC_00692,PNG,2006,0
CIRC_00693,PNG,2006,33.6593406593407
CIRC_00694,PNG,2006,0
CIRC_00695,PNG,2006,4.44117647058824
CIRC_00696,PNG,2006,0
CIRC_00697,PNG,2006,0
CIRC_00698,POL,2006,8.31333333333333
CIRC_00699,POL,2006,7.28896103896104
CIRC_00700,POL,2006,12.328125
CIRC_00701,POL,2006,62.9271523178808
CIRC_00702,POL,2006,11.597972972973
CIRC_00703,POL,2006,9.14240506329114
CIRC_00704,POL,2006,38.3698630136986
CIRC_00705,POL,2006,61.0173611111111
CIRC_00706,POL,2006,51.2
CIRC_00707,PRT,2006,62.25
CIRC_00708,PRT,2006,38.3805309734514
CIRC_00709,PRK,2006,25.4033613445378
CIRC_00710,RUS,2006,2.81468531468531
CIRC_00711,QAT,2006,62.9588235294118
CIRC_00712,KOR,2006,35.9618644067797
CIRC_00713,KOR,2006,29.3365384615385
CIRC_00714,KOR,2006,4.13829787234043
CIRC_00715,KOR,2006,45.5701754385965
CIRC_00716,JPN,2006,63
CIRC_00717,KOR,2006,62.65
CIRC_00718,KOR,2006,62.9916666666667
CIRC_00719,KOR,2006,20.4528301886792
CIRC_00720,KOR,2006,62.9868421052632
CIRC_00721,ROU,2006,62.2328244274809
CIRC_00722,ROU,2006,26.9732824427481
CIRC_00723,UKR,2006,14.3295454545455
CIRC_00724,ROU,2006,0
CIRC_00725,ROU,2006,1.19927536231884
CIRC_00726,ROU,2006,39.2014925373134
CIRC_00727,ROU,2006,11.2518796992481
CIRC_00728,ROU,2006,29.1007194244605
CIRC_00729,ROU,2006,8.23684210526316
CIRC_00730,ROU,2006,21.2674418604651
CIRC_00731,ROU,2006,39.1985294117647
CIRC_00732,RUS,2006,3.86842105263158
CIRC_00733,RUS,2006,1.80382775119618
CIRC_00734,RUS,2006,62.9810810810811
CIRC_00735,RWA,2006,3.82786885245902
CIRC_00736,RWA,2006,2.02717391304348
CIRC_00737,RWA,2006,0
CIRC_00738,ZAF,2006,62.9901960784314
CIRC_00739,ZAF,2006,0
CIRC_00740,ZAF,2006,0
CIRC_00741,ZAF,2006,62.405
CIRC_00742,ZAF,2006,3.55714285714286
CIRC_00743,ZAF,2006,62.3712871287129
CIRC_00744,SLV,2006,56.8279569892473
CIRC_00745,SLV,2006,30.640625
CIRC_00746,SLV,2006,6.17894736842106
CIRC_00747,SLV,2006,5
CIRC_00748,SLV,2006,4.42268041237113
CIRC_00749,SAU,2006,63
CIRC_00750,SEN,2006,0
CIRC_00751,SEN,2006,4.67857142857143
CIRC_00752,SEN,2006,0
CIRC_00753,SRB,2006,61.8046875
CIRC_00754,SRB,2006,17.008
CIRC_00755,XKO,2006,21.9087301587301
CIRC_00756,SLE,2006,0
CIRC_00757,SLE,2006,21.2959183673469
CIRC_00758,SLE,2006,0
CIRC_00759,SLE,2006,0
CIRC_00760,SLE,2006,0
CIRC_00761,SLE,2006,1.18888888888889
CIRC_00762,SGP,2006,62.6081081081081
CIRC_00763,SGP,2006,62.8152173913044
CIRC_00764,SVK,2006,27.0874125874126
CIRC_00765,SVK,2006,6.05281690140845
CIRC_00766,SVK,2006,7.50352112676057
CIRC_00767,SVK,2006,18.8510638297872
CIRC_00768,SVK,2006,9.79856115107914
CIRC_00769,SVK,2006,36.9532374100719
CIRC_00770,SVK,2006,4.64903846153846
CIRC_00771,SVN,2006,4.83455882352941
CIRC_00772,SVN,2006,5.69685039370079
CIRC_00773,SVN,2006,29.4074074074074
CIRC_00774,SVN,2006,54.2703703703704
CIRC_00775,SVN,2006,14.7709923664122
CIRC_00776,SVN,2006,9.0820895522388
CIRC_00777,SVN,2006,19.2241379310345
CIRC_00778,SLB,2006,0
CIRC_00779,SLB,2006,0
CIRC_00780,SLB,2006,0
CIRC_00781,SLB,2006,0
CIRC_00782,SLB,2006,0
CIRC_00783,SLB,2006,0
CIRC_00784,SLB,2006,0
CIRC_00785,SLB,2006,0
CIRC_00786,ETH,2006,0
CIRC_00787,SOM,2006,0
CIRC_00788,SOM,2006,11.1698113207547
CIRC_00789,ESP,2006,62.9700854700855
CIRC_00790,ESP,2006,63
CIRC_00791,ESP,2006,58.375
CIRC_00792,ESP,2006,46.0327868852459
CIRC_00793,LKA,2006,60.5166666666667
CIRC_00794,LKA,2006,11.0052631578947
CIRC_00795,LKA,2006,5.54301075268817
CIRC_00796,LKA,2006,22.9627659574468
CIRC_00797,LKA,2006,12.979381443299
CIRC_00798,SSD,2006,0
CIRC_00799,SDN,2006,4.27941176470588
CIRC_00800,SDN,2006,0
CIRC_00801,SUR,2006,39.0989010989011
CIRC_00802,SUR,2006,0.126760563380282
CIRC_00803,SUR,2006,6.16666666666667
CIRC_00804,SUR,2006,11.7938144329897
CIRC_00805,SWZ,2006,29.8221153846154
CIRC_00806,SWE,2006,43.0090361445783
CIRC_00807,SWE,2006,46.6357142857143
CIRC_00808,SWE,2006,11.7292817679558
CIRC_00809,SWE,2006,61.9451219512195
CIRC_00810,SWE,2006,40.9043715846995
CIRC_00811,SWE,2006,45.1746987951807
CIRC_00812,CHE,2006,37.875
CIRC_00813,CHE,2006,29.3007518796993
CIRC_00814,CHE,2006,37.5373134328358
CIRC_00815,CHE,2006,5.62686567164179
CIRC_00816,CHE,2006,56.7388888888889
CIRC_00817,CHE,2006,18.3357664233577
CIRC_00818,CHE,2006,27.953488372093
CIRC_00819,CHE,2006,22.7740740740741
CIRC_00820,CHE,2006,35.1037037037037
CIRC_00821,CHE,2006,15.6557971014493
CIRC_00822,CHE,2006,37.4411764705882
CIRC_00823,CHE,2006,27.9595588235294
CIRC_00824,CHE,2006,18.1532846715329
CIRC_00825,CHE,2006,21.5381679389313
CIRC_00826,CHE,2006,35.0797101449275
CIRC_00827,CHE,2006,24.75
CIRC_00828,CHE,2006,31.6222222222222
CIRC_00829,CHE,2006,7.15693430656935
CIRC_00830,CHE,2006,17.3939393939394
CIRC_00831,CHE,2006,19.8769230769231
CIRC_00832,CHE,2006,17.1459854014599
CIRC_00833,SYR,2006,28.7931034482759
CIRC_00834,SYR,2006,62.5675675675676
CIRC_00835,TJK,2006,3.81196581196582
CIRC_00836,TJK,2006,30.6024590163934
CIRC_00837,TJK,2006,0
CIRC_00838,TJK,2006,17.0172413793103
CIRC_00839,TWN,2006,34.1438356164384
CIRC_00840,TWN,2006,27.33
CIRC_00841,HKG,2006,62.804347826087
CIRC_00842,TWN,2006,62.1323529411765
CIRC_00843,TZA,2006,0
CIRC_00844,TZA,2006,0
CIRC_00845,TZA,2006,0
CIRC_00846,TZA,2006,0
CIRC_00847,TZA,2006,0.932432432432433
CIRC_00848,THA,2006,63
CIRC_00849,THA,2006,63
CIRC_00850,THA,2006,63
CIRC_00851,THA,2006,17.5
CIRC_00852,THA,2006,42.1458333333333
CIRC_00853,THA,2006,62.9838709677419
CIRC_00854,THA,2006,9.18041237113402
CIRC_00855,THA,2006,16.7061855670103
CIRC_00856,THA,2006,5.16842105263158
CIRC_00857,GBR,2006,62.8680981595092
CIRC_00858,THA,2006,48.3842105263158
CIRC_00859,TKM,2006,45.2685950413223
CIRC_00860,TKM,2006,14.7773109243697
CIRC_00861,TKM,2006,59.8913043478261
CIRC_00862,TGO,2006,1.17741935483871
CIRC_00863,TGO,2006,2.55263157894737
CIRC_00864,TGO,2006,0
CIRC_00865,TTO,2006,31.8934426229508
CIRC_00866,TTO,2006,56.0373134328358
CIRC_00867,TTO,2006,29.1368421052632
CIRC_00868,TTO,2006,9.16891891891892
CIRC_00869,TTO,2006,18.7931034482759
CIRC_00870,TUN,2006,61.3266666666667
CIRC_00871,TUN,2006,16.0550458715596
CIRC_00872,TUN,2006,61.5430107526882
CIRC_00873,TUN,2006,22.2652173913043
CIRC_00874,TUN,2006,58.3977272727273
CIRC_00875,TUN,2006,15.704347826087
CIRC_00876,TUN,2006,30.5066666666667
CIRC_00877,TUR,2006,27.425
CIRC_00878,TUR,2006,62.0538461538462
CIRC_00879,TUR,2006,4.60775862068966
CIRC_00880,TUR,2006,62.7284482758621
CIRC_00881,TUR,2006,9.56818181818182
CIRC_00882,TUR,2006,58.301652892562
CIRC_00883,TUR,2006,62.2307692307692
CIRC_00884,ARE,2006,60.3571428571429
CIRC_00885,ARE,2006,62.5539215686275
CIRC_00886,UGA,2006,0
CIRC_00887,GBR,2006,28.2748344370861
CIRC_00888,GBR,2006,18.0719178082192
CIRC_00889,GBR,2006,61.2431506849315
CIRC_00890,GBR,2006,45.7454545454545
CIRC_00891,GBR,2006,42.5114942528736
CIRC_00892,USA,2006,62.8917525773196
CIRC_00893,GBR,2006,49.5198675496689
CIRC_00894,GBR,2006,59.9083969465649
CIRC_00895,UKR,2006,0.986394557823129
CIRC_00896,UKR,2006,3.58552631578948
CIRC_00897,UKR,2006,1.01342281879195
CIRC_00898,UKR,2006,26.3
CIRC_00899,UKR,2006,54.6631205673759
CIRC_00900,UKR,2006,6.64615384615385
CIRC_00901,UKR,2006,54.0326086956522
CIRC_00902,URY,2006,61.375
CIRC_00903,URY,2006,60.9395604395605
CIRC_00904,USA,2006,60.4325396825397
CIRC_00905,USA,2006,29.8086956521739
CIRC_00906,USA,2006,61.8552631578947
CIRC_00907,USA,2006,60.8650793650794
CIRC_00908,USA,2006,62.0603448275862
CIRC_00909,USA,2006,52.9112903225806
CIRC_00910,UZB,2006,44.6818181818182
CIRC_00911,UZB,2006,62.0524193548387
CIRC_00912,UZB,2006,9.53361344537816
CIRC_00913,VEN,2006,22.8736842105263
CIRC_00914,VEN,2006,15.1333333333333
CIRC_00915,VEN,2006,2.76288659793815
CIRC_00916,VEN,2006,15.521978021978
CIRC_00917,VEN,2006,62.7880434782609
CIRC_00918,YEM,2006,7.19270833333334
CIRC_00919,YEM,2006,0.159574468085107
CIRC_00920,YEM,2006,4.93298969072165
CIRC_00921,SRB,2006,24.30078125
CIRC_00922,MNE,2006,11.8577586206897
CIRC_00923,ZMB,2006,1.78021978021978
CIRC_00924,ZMB,2006,42.8157894736842
CIRC_00925,ZMB,2006,22.4947916666667
CIRC_00926,ZWE,2006,0
CIRC_00927,ZMB,2006,0
CIRC_00928,ZMB,2006,18.26
CIRC_00929,ZMB,2006,34.1822916666667
CIRC_00930,ZMB,2006,0
CIRC_00931,ZWE,2006,0
CIRC_00932,ZWE,2006,5.22680412371134
CIRC_00933,COM,2006,0.883116883116882
CIRC_00934,MDV,2006,40.1666666666667
CIRC_00935,SAU,2006,63
CIRC_00936,ISR,2006,62.8611111111111
CIRC_00937,COM,2006,0.733333333333333
CIRC_00938,COM,2006,0.2
CIRC_00941,LBY,2006,62.8769230769231
CIRC_00942,SGP,2006,62.9823529411765
CIRC_00943,MKD,2006,51.6967213114754
CIRC_00945,QAT,2006,62.9642857142857
CIRC_00946,MDA,2006,2.88636363636364
CIRC_00947,SGP,2006,62.764705882353
CIRC_00948,LSO,2006,1.42924528301887
CIRC_00949,MDA,2006,0
CIRC_00950,COM,2006,0.922222222222222
CIRC_00951,LSO,2006,0
CIRC_00952,MUS,2006,45.4324324324324
CIRC_00953,ISR,2006,62.9791666666667
CIRC_00954,TKM,2006,47.4391304347826
CIRC_00955,LBY,2006,29.9545454545455
CIRC_00956,ISR,2006,50.2142857142857
CIRC_00957,MUS,2006,29.6185567010309
CIRC_00958,GTM,2006,61.5721649484536
CIRC_00959,MDA,2006,3.30434782608696
CIRC_00960,ISR,2006,62.9871794871795
CIRC_00961,SSD,2006,0
CIRC_00962,CYP,2006,57.0933333333333
CIRC_00964,LSO,2006,41.8253968253968
CIRC_00965,MDA,2006,1.93795620437956
CIRC_00001,AFG,2007,2.26991150442478
CIRC_00002,AFG,2007,48.1651785714286
CIRC_00003,AFG,2007,0
CIRC_00004,AFG,2007,0
CIRC_00005,AFG,2007,8.37037037037036
CIRC_00006,AFG,2007,0
CIRC_00007,AFG,2007,0
CIRC_00008,ALB,2007,20.3185483870968
CIRC_00009,ALB,2007,0
CIRC_00010,ALB,2007,43.1803278688524
CIRC_00011,ALB,2007,1.25
CIRC_00012,DZA,2007,5.14601769911505
CIRC_00013,DZA,2007,32.4739130434783
CIRC_00014,DZA,2007,12.7695652173913
CIRC_00015,DZA,2007,44.7368421052632
CIRC_00016,MAR,2007,48.4385964912281
CIRC_00017,DZA,2007,4.04824561403509
CIRC_00018,DZA,2007,21.4504504504505
CIRC_00019,AGO,2007,57.7156862745098
CIRC_00020,AGO,2007,34.7083333333333
CIRC_00021,ARG,2007,6.5981308411215
CIRC_00022,ARG,2007,60.9036697247707
CIRC_00023,ARG,2007,15.7836538461539
CIRC_00024,ARG,2007,53.2272727272727
CIRC_00025,ARG,2007,62.2130434782609
CIRC_00026,ARG,2007,36.7731481481481
CIRC_00027,ARG,2007,56.9695652173913
CIRC_00028,ARG,2007,39.7
CIRC_00029,ARG,2007,61.9044943820225
CIRC_00030,ARG,2007,62.296511627907
CIRC_00031,SYR,2007,6.15217391304348
CIRC_00032,AZE,2007,12.4421487603306
CIRC_00033,ARM,2007,57.9959349593496
CIRC_00034,ARM,2007,58.4243697478992
CIRC_00035,ARM,2007,2.81779661016949
CIRC_00036,AUS,2007,3.7991452991453
CIRC_00037,AUS,2007,61.1046511627907
CIRC_00038,AUS,2007,15.852380952381
CIRC_00039,GBR,2007,47.2446808510638
CIRC_00040,GBR,2007,63
CIRC_00041,AUS,2007,60.7386363636364
CIRC_00042,AUT,2007,62.7035714285714
CIRC_00043,AUT,2007,47.9191176470588
CIRC_00044,AUT,2007,29.4255319148936
CIRC_00045,AUT,2007,4.20212765957447
CIRC_00046,AUT,2007,59.3165467625899
CIRC_00047,AUT,2007,61.8597122302158
CIRC_00048,AUT,2007,9.83093525179856
CIRC_00049,CHE,2007,15.6240875912409
CIRC_00050,AZE,2007,59.5123456790124
CIRC_00051,AZE,2007,1.25
CIRC_00052,AZE,2007,59.5064102564103
CIRC_00053,AZE,2007,21.9516129032258
CIRC_00054,BHR,2007,57.0438596491228
CIRC_00055,BHR,2007,62.685
CIRC_00056,BRB,2007,54.5875
CIRC_00057,BRB,2007,21.2631578947368
CIRC_00058,BRB,2007,28.9513888888889
CIRC_00059,BRB,2007,24.9895833333333
CIRC_00060,BEL,2007,41.4533333333333
CIRC_00061,FRA,2007,62.2322834645669
CIRC_00062,BEL,2007,49.8181818181818
CIRC_00063,BEL,2007,48.467032967033
CIRC_00064,BEL,2007,60.4026845637584
CIRC_00065,BEL,2007,42.1666666666667
CIRC_00066,BEL,2007,44.2517006802721
CIRC_00067,BEL,2007,61.469387755102
CIRC_00068,BEL,2007,59.513698630137
CIRC_00069,BEN,2007,0
CIRC_00070,TGO,2007,43.6
CIRC_00071,BEN,2007,0
CIRC_00072,BEN,2007,5.41847826086957
CIRC_00073,BFA,2007,57.8684210526316
CIRC_00074,BFA,2007,5.04787234042553
CIRC_00075,BFA,2007,1.84210526315789
CIRC_00076,BFA,2007,57.9010989010989
CIRC_00077,BFA,2007,0
CIRC_00078,BHS,2007,60.4876543209877
CIRC_00079,BHS,2007,47.9166666666667
CIRC_00080,BHS,2007,57.4569892473118
CIRC_00081,BTN,2007,10.4722222222222
CIRC_00082,BTN,2007,0
CIRC_00083,BTN,2007,2.13461538461538
CIRC_00084,BTN,2007,7.46153846153846
CIRC_00085,BTN,2007,1.24757281553398
CIRC_00086,BTN,2007,0
CIRC_00087,BLR,2007,62.1273291925466
CIRC_00088,BLR,2007,2.62258064516129
CIRC_00089,BLR,2007,6.02830188679245
CIRC_00090,BLZ,2007,37.75
CIRC_00091,BLZ,2007,12.2397959183673
CIRC_00092,BLZ,2007,13.979797979798
CIRC_00093,IND,2007,6.4375
CIRC_00094,BGD,2007,0.0445544554455445
CIRC_00095,BGD,2007,0.990099009900991
CIRC_00096,IND,2007,11.1407766990291
CIRC_00097,BGD,2007,0.856435643564356
CIRC_00098,BGD,2007,15.685
CIRC_00099,BGD,2007,5.02884615384615
CIRC_00100,BOL,2007,60.7760416666667
CIRC_00101,BOL,2007,60.9020618556701
CIRC_00102,BOL,2007,61.1302083333333
CIRC_00103,BOL,2007,0
CIRC_00104,BOL,2007,1.078125
CIRC_00105,BIH,2007,2.05263157894737
CIRC_00106,BIH,2007,18.4076923076923
CIRC_00107,HRV,2007,6.43145161290323
CIRC_00108,BIH,2007,11.8373015873016
CIRC_00109,BIH,2007,48.7175572519084
CIRC_00110,BIH,2007,6.172
CIRC_00111,BIH,2007,16.1515151515152
CIRC_00112,BIH,2007,33.6007751937985
CIRC_00113,BIH,2007,11.7137096774194
CIRC_00114,BIH,2007,13.8410852713178
CIRC_00115,BIH,2007,10.4653846153846
CIRC_00116,BIH,2007,2.62403100775194
CIRC_00117,BIH,2007,36.3671875
CIRC_00118,BIH,2007,8.72222222222222
CIRC_00119,BIH,2007,11.4192307692308
CIRC_00120,BWA,2007,9.78921568627451
CIRC_00121,BWA,2007,0
CIRC_00122,GBR,2007,60.3636363636364
CIRC_00123,BWA,2007,4.76960784313726
CIRC_00124,BRA,2007,14.5
CIRC_00125,BRA,2007,62.5
CIRC_00126,BRA,2007,52.1212121212121
CIRC_00127,BRA,2007,9.74736842105263
CIRC_00128,BRA,2007,61.6927083333333
CIRC_00129,BRA,2007,30.135
CIRC_00130,BRA,2007,4.16504854368932
CIRC_00131,BRN,2007,51.6685393258427
CIRC_00132,BDI,2007,0
CIRC_00133,BDI,2007,0
CIRC_00134,BDI,2007,26.6755319148936
CIRC_00135,BDI,2007,0
CIRC_00136,BDI,2007,0
CIRC_00137,BDI,2007,2.52840909090909
CIRC_00138,BDI,2007,0
CIRC_00139,BDI,2007,0.0797872340425532
CIRC_00140,BGR,2007,0.339694656488549
CIRC_00141,RUS,2007,63
CIRC_00142,BGR,2007,2.01171875
CIRC_00143,BGR,2007,60.3809523809524
CIRC_00144,BGR,2007,12.024
CIRC_00145,BGR,2007,48.8
CIRC_00146,UKR,2007,32.5303030303031
CIRC_00147,BGR,2007,16.3464566929134
CIRC_00148,USA,2007,62.9745762711865
CIRC_00149,BGR,2007,13.68
CIRC_00150,BGR,2007,12.6370967741936
CIRC_00151,BGR,2007,4.28861788617886
CIRC_00152,BGR,2007,5.776
CIRC_00153,BGR,2007,28.4186046511628
CIRC_00154,KHM,2007,0
CIRC_00155,KHM,2007,45.7043010752688
CIRC_00156,KHM,2007,0.783333333333333
CIRC_00157,CAN,2007,49.671875
CIRC_00158,CAN,2007,23.0884615384615
CIRC_00159,CAN,2007,51.6185185185185
CIRC_00160,CAN,2007,62.3039215686275
CIRC_00161,CAN,2007,62.2884615384615
CIRC_00162,CAN,2007,62.45
CIRC_00163,CMR,2007,2.63297872340426
CIRC_00164,CPV,2007,0.824742268041237
CIRC_00165,CPV,2007,16.4745762711864
CIRC_00166,CPV,2007,2.94845360824742
CIRC_00167,CPV,2007,20.5894736842105
CIRC_00168,CIV,2007,32.7989130434783
CIRC_00169,CIV,2007,0
CIRC_00170,CIV,2007,0.177777777777778
CIRC_00171,CIV,2007,18.4468085106383
CIRC_00172,CIV,2007,9.67934782608695
CIRC_00173,CAF,2007,17.4105263157895
CIRC_00174,CAF,2007,0
CIRC_00175,GAB,2007,5.11702127659574
CIRC_00176,CAF,2007,0
CIRC_00177,CAF,2007,0
CIRC_00178,TCD,2007,34.7605633802817
CIRC_00179,TCD,2007,1.655
CIRC_00180,TCD,2007,0
CIRC_00181,TCD,2007,35.5208333333333
CIRC_00182,CHL,2007,52.3942307692308
CIRC_00183,CHL,2007,55.9036144578313
CIRC_00184,CHL,2007,62.5
CIRC_00185,CHL,2007,46.7428571428572
CIRC_00186,CHN,2007,21.462962962963
CIRC_00187,CHN,2007,59.7407407407408
CIRC_00188,CHN,2007,50.9811320754717
CIRC_00189,CHN,2007,62.2622950819672
CIRC_00190,COL,2007,58.7340425531915
CIRC_00191,COL,2007,50.4659090909091
CIRC_00192,COL,2007,58.6436170212766
CIRC_00193,COL,2007,59.7606382978723
CIRC_00194,COL,2007,5.15263157894737
CIRC_00195,MDG,2007,14.8513513513514
CIRC_00196,FRA,2007,7.19548872180451
CIRC_00197,COM,2007,0.339506172839506
CIRC_00198,COM,2007,0.0531914893617021
CIRC_00199,COM,2007,0.169491525423729
CIRC_00200,COM,2007,0.0194805194805195
CIRC_00201,COM,2007,1.56481481481481
CIRC_00202,COM,2007,0.292452830188679
CIRC_00203,COG,2007,5.36111111111111
CIRC_00204,COG,2007,0
CIRC_00205,CRI,2007,56.0421052631579
CIRC_00206,NIC,2007,11.4414893617021
CIRC_00207,CRI,2007,60.9484536082474
CIRC_00208,CRI,2007,60.8563829787234
CIRC_00209,HRV,2007,20.2175572519084
CIRC_00210,HRV,2007,62.2111111111111
CIRC_00211,HRV,2007,8.43984962406015
CIRC_00212,HRV,2007,52.8169014084507
CIRC_00213,CUB,2007,0.515151515151515
CIRC_00214,CUB,2007,6.13131313131313
CIRC_00215,XNC,2007,36.8196721311476
CIRC_00216,XNC,2007,59.6454545454546
CIRC_00217,XNC,2007,24.1086956521739
CIRC_00218,CYP,2007,8.28947368421053
CIRC_00219,CYP,2007,44.7722222222222
CIRC_00220,SVK,2007,9.41176470588236
CIRC_00221,CZE,2007,49.9084507042254
CIRC_00222,CZE,2007,62.5964285714286
CIRC_00223,CZE,2007,16.6401515151515
CIRC_00224,CZE,2007,25.4041095890411
CIRC_00225,CZE,2007,47.1785714285714
CIRC_00226,CZE,2007,15.7898550724638
CIRC_00227,CZE,2007,23.7112676056338
CIRC_00228,CZE,2007,57.8595890410959
CIRC_00229,CZE,2007,10.6328671328671
CIRC_00230,SVK,2007,60.3937007874016
CIRC_00231,CZE,2007,11.0496453900709
CIRC_00232,DNK,2007,10.3958333333333
CIRC_00233,DNK,2007,36.3380952380953
CIRC_00234,DNK,2007,4.13609467455621
CIRC_00235,DNK,2007,34.8322580645161
CIRC_00236,DNK,2007,58.5849673202614
CIRC_00237,DNK,2007,50.4134615384615
CIRC_00238,SOM,2007,0
CIRC_00239,ETH,2007,17.1010638297872
CIRC_00240,DOM,2007,9.11340206185567
CIRC_00241,DOM,2007,58.453125
CIRC_00242,DOM,2007,52.5841584158416
CIRC_00243,DOM,2007,0.375
CIRC_00244,COD,2007,0
CIRC_00245,COD,2007,0.365591397849462
CIRC_00246,COD,2007,0
CIRC_00247,COD,2007,58.3315217391304
CIRC_00248,VNM,2007,7.19072164948454
CIRC_00249,VNM,2007,27.2058823529412
CIRC_00250,VNM,2007,0.634020618556701
CIRC_00251,VNM,2007,0
CIRC_00252,VNM,2007,26.6188118811881
CIRC_00253,ECU,2007,56.3978494623656
CIRC_00254,USA,2007,61.6727272727273
CIRC_00255,ECU,2007,59.3833333333333
CIRC_00256,ECU,2007,53.1290322580645
CIRC_00257,ECU,2007,31.4833333333333
CIRC_00258,ECU,2007,0
CIRC_00259,ECU,2007,59.5376344086022
CIRC_00260,USA,2007,62.0483870967742
CIRC_00261,EGY,2007,57.1261261261261
CIRC_00262,EGY,2007,63
CIRC_00263,EGY,2007,43.0779816513761
CIRC_00264,GNQ,2007,5.52409638554217
CIRC_00265,ERI,2007,30.1368421052632
CIRC_00266,EST,2007,42.2402234636872
CIRC_00267,EST,2007,0
CIRC_00268,EST,2007,19.9719101123596
CIRC_00269,EST,2007,59.8068181818182
CIRC_00270,EST,2007,3.70738636363636
CIRC_00271,EST,2007,52.3567415730337
CIRC_00272,ETH,2007,10.6421052631579
CIRC_00273,ETH,2007,6.16315789473684
CIRC_00274,ETH,2007,0.77319587628866
CIRC_00275,ETH,2007,0
CIRC_00276,TLS,2007,1.02727272727273
CIRC_00277,TLS,2007,18.4461538461539
CIRC_00278,TLS,2007,0.680851063829787
CIRC_00279,TLS,2007,18.089552238806
CIRC_00280,TLS,2007,0
CIRC_00281,TLS,2007,0
CIRC_00282,FIN,2007,52.3342105263158
CIRC_00283,RUS,2007,36.5610687022901
CIRC_00284,FIN,2007,58.2739726027397
CIRC_00285,FIN,2007,32.7094240837697
CIRC_00286,FJI,2007,0
CIRC_00287,FJI,2007,0
CIRC_00288,FJI,2007,8.33333333333333
CIRC_00289,FJI,2007,7.01685393258427
CIRC_00290,FJI,2007,0.0618556701030928
CIRC_00291,FJI,2007,0
CIRC_00292,FJI,2007,0.0857142857142857
CIRC_00293,FJI,2007,0
CIRC_00294,FRA,2007,13.5757575757576
CIRC_00295,FRA,2007,63
CIRC_00296,FRA,2007,63
CIRC_00297,FRA,2007,59.0314685314685
CIRC_00298,FRA,2007,52.4931506849315
CIRC_00299,GAB,2007,1.32967032967033
CIRC_00300,GAB,2007,5.86559139784946
CIRC_00301,COG,2007,50.2
CIRC_00302,GAB,2007,0.0322580645161291
CIRC_00303,GMB,2007,0
CIRC_00304,GMB,2007,1.9921875
CIRC_00305,GMB,2007,2.90526315789474
CIRC_00306,DEU,2007,62.1732026143791
CIRC_00307,DEU,2007,58.5457746478873
CIRC_00308,DEU,2007,9.86
CIRC_00309,DEU,2007,62.4235668789809
CIRC_00310,DEU,2007,14.3286713286713
CIRC_00311,GHA,2007,55.5
CIRC_00312,GHA,2007,50.3695652173913
CIRC_00313,GHA,2007,14.0824175824176
CIRC_00314,GHA,2007,1.24193548387097
CIRC_00315,GNB,2007,12.9692307692308
CIRC_00316,GNB,2007,0
CIRC_00317,GNB,2007,0
CIRC_00318,GNB,2007,0.463541666666666
CIRC_00319,GNB,2007,0
CIRC_00320,GRC,2007,62.8760330578512
CIRC_00321,GRC,2007,46.2307692307692
CIRC_00322,GRC,2007,1.02830188679245
CIRC_00323,GRC,2007,62.5347222222222
CIRC_00324,USA,2007,62.5076923076923
CIRC_00325,GRC,2007,62.8483606557377
CIRC_00326,GRC,2007,22.8106060606061
CIRC_00327,GEO,2007,48.7
CIRC_00328,GEO,2007,8.468
CIRC_00329,GEO,2007,0.0161290322580645
CIRC_00330,GEO,2007,14.21875
CIRC_00331,FRA,2007,63
CIRC_00332,GTM,2007,61.860824742268
CIRC_00333,GTM,2007,2.8125
CIRC_00334,GTM,2007,13.4375
CIRC_00335,GIN,2007,0
CIRC_00336,GIN,2007,0.561855670103093
CIRC_00337,GIN,2007,0
CIRC_00338,GIN,2007,29.8809523809524
CIRC_00339,GIN,2007,0
CIRC_00340,GIN,2007,0.505154639175258
CIRC_00341,GUY,2007,37.9855072463768
CIRC_00342,GUY,2007,3.96825396825397
CIRC_00343,GUY,2007,3.15584415584416
CIRC_00344,USA,2007,62.42
CIRC_00345,GUY,2007,21.0217391304348
CIRC_00346,GUY,2007,0
CIRC_00347,GUY,2007,2.96575342465753
CIRC_00348,HTI,2007,0.0979381443298969
CIRC_00349,HTI,2007,30.5714285714286
CIRC_00350,HTI,2007,19.1436170212766
CIRC_00351,HTI,2007,0.609090909090909
CIRC_00352,HTI,2007,1.51162790697674
CIRC_00353,HTI,2007,0
CIRC_00354,HTI,2007,0
CIRC_00355,HTI,2007,0
CIRC_00356,HND,2007,26.0523255813953
CIRC_00357,HND,2007,58.0315789473684
CIRC_00358,HND,2007,55.186170212766
CIRC_00359,PAN,2007,58.9772727272727
CIRC_00360,HND,2007,0
CIRC_00361,HND,2007,19.8958333333333
CIRC_00362,HND,2007,6.5
CIRC_00363,HND,2007,5.52105263157895
CIRC_00364,HND,2007,2.99462365591398
CIRC_00365,HUN,2007,6.57246376811595
CIRC_00366,HUN,2007,62.5398550724638
CIRC_00367,HUN,2007,3.11538461538462
CIRC_00368,HUN,2007,42.2210144927536
CIRC_00369,HUN,2007,14.9222222222222
CIRC_00370,HUN,2007,38.5789473684211
CIRC_00371,ISL,2007,60.5588235294118
CIRC_00372,ISL,2007,7.34765625
CIRC_00373,ISL,2007,60.4201680672269
CIRC_00374,IND,2007,58.6188118811881
CIRC_00375,IND,2007,0.319047619047619
CIRC_00376,IND,2007,10.7091836734694
CIRC_00377,IND,2007,54.7107843137255
CIRC_00378,IND,2007,5.23157894736842
CIRC_00379,PAK,2007,34.0405405405405
CIRC_00380,PAK,2007,4.53211009174312
CIRC_00381,IND,2007,5.71782178217822
CIRC_00382,IDN,2007,14.6382978723404
CIRC_00383,IDN,2007,14.3125
CIRC_00384,IDN,2007,12.6631578947368
CIRC_00385,IDN,2007,52.4202127659575
CIRC_00386,IDN,2007,3.69473684210526
CIRC_00387,IDN,2007,44.9414893617021
CIRC_00388,IRL,2007,20.7292993630573
CIRC_00389,IRL,2007,3.90683229813665
CIRC_00390,IRL,2007,25.1069182389937
CIRC_00391,IRL,2007,62.6013513513514
CIRC_00392,IRL,2007,21.6592356687898
CIRC_00393,IRL,2007,57.09
CIRC_00394,IRN,2007,9.44859813084112
CIRC_00395,IRN,2007,43.2363636363636
CIRC_00396,IRN,2007,16.9867256637168
CIRC_00397,IRN,2007,0
CIRC_00398,IRN,2007,62.4353448275862
CIRC_00399,IRQ,2007,6.85652173913044
CIRC_00400,USA,2007,12.6116071428571
CIRC_00401,USA,2007,27.0700934579439
CIRC_00402,USA,2007,62.0725806451613
CIRC_00403,IRQ,2007,59.2803738317757
CIRC_00404,IRQ,2007,43.5176991150443
CIRC_00405,IRQ,2007,16.8136363636364
CIRC_00406,IRQ,2007,60.712389380531
CIRC_00407,BLR,2007,1.73333333333333
CIRC_00408,ISR,2007,62.5701754385965
CIRC_00409,BLR,2007,0.474683544303798
CIRC_00410,ISR,2007,62.9342105263158
CIRC_00411,ISR,2007,58.5324074074074
CIRC_00412,ISR,2007,62.7300884955752
CIRC_00413,ISR,2007,51.2477064220184
CIRC_00414,ISR,2007,62.4259259259259
CIRC_00415,ITA,2007,62.932
CIRC_00416,ITA,2007,58.3740740740741
CIRC_00417,ITA,2007,52.0361445783133
CIRC_00418,ITA,2007,62.7
CIRC_00419,ITA,2007,59.8565891472868
CIRC_00420,ITA,2007,40.43359375
CIRC_00421,ITA,2007,62.9007936507937
CIRC_00422,ITA,2007,54.5477941176471
CIRC_00423,ITA,2007,53.1162790697675
CIRC_00424,ITA,2007,7.375
CIRC_00425,JAM,2007,27.0567010309278
CIRC_00426,JAM,2007,5.5752688172043
CIRC_00427,JAM,2007,20.819587628866
CIRC_00428,JAM,2007,5.52577319587629
CIRC_00429,JAM,2007,42.0154639175258
CIRC_00430,JOR,2007,61.3971962616822
CIRC_00431,JPN,2007,63
CIRC_00432,JPN,2007,55.0530973451327
CIRC_00433,JPN,2007,63
CIRC_00434,JPN,2007,59.1358695652174
CIRC_00435,JPN,2007,44.5789473684211
CIRC_00436,JPN,2007,19.9553571428571
CIRC_00437,JPN,2007,19.461038961039
CIRC_00438,JPN,2007,29.2391304347826
CIRC_00439,JPN,2007,58.9507042253521
CIRC_00440,JPN,2007,60.3826086956522
CIRC_00441,JPN,2007,50.9
CIRC_00442,JPN,2007,63
CIRC_00443,JPN,2007,51.1384615384615
CIRC_00444,JPN,2007,62.5873786407767
CIRC_00445,JPN,2007,28.4913043478261
CIRC_00446,JPN,2007,63
CIRC_00447,KEN,2007,0
CIRC_00448,KEN,2007,2.46774193548387
CIRC_00449,KEN,2007,53.798969072165
CIRC_00450,KEN,2007,0.134408602150538
CIRC_00451,XKO,2007,4.50813008130082
CIRC_00452,XKO,2007,36.096
CIRC_00453,XKO,2007,6.8508064516129
CIRC_00454,XKO,2007,34.6825396825397
CIRC_00455,XKO,2007,4.192
CIRC_00456,KWT,2007,62.4152542372881
CIRC_00457,KWT,2007,27.2952380952381
CIRC_00458,KGZ,2007,1.00787401574803
CIRC_00459,KGZ,2007,23.2837837837838
CIRC_00460,KGZ,2007,56.4475806451613
CIRC_00461,KGZ,2007,6.58943089430894
CIRC_00462,KGZ,2007,4.94715447154472
CIRC_00463,KGZ,2007,1.28968253968254
CIRC_00464,KGZ,2007,4.97619047619048
CIRC_00465,KAZ,2007,9.1046511627907
CIRC_00466,KAZ,2007,60.5595238095238
CIRC_00467,LAO,2007,21.4583333333333
CIRC_00468,THA,2007,27.1857142857143
CIRC_00469,LAO,2007,0
CIRC_00470,LAO,2007,1.93229166666667
CIRC_00471,LAO,2007,0
CIRC_00472,LVA,2007,59.8081395348837
CIRC_00473,LVA,2007,1.5886524822695
CIRC_00474,RUS,2007,0
CIRC_00475,LVA,2007,25.9235294117647
CIRC_00476,LVA,2007,3.90217391304348
CIRC_00477,LVA,2007,0.446745562130177
CIRC_00478,LVA,2007,0
CIRC_00479,USA,2007,61.1379310344828
CIRC_00480,LBR,2007,0
CIRC_00481,LBR,2007,0.183333333333333
CIRC_00482,LBR,2007,0
CIRC_00483,LBR,2007,0
CIRC_00484,LBR,2007,0
CIRC_00485,LBR,2007,0
CIRC_00486,LBR,2007,0
CIRC_00487,LBR,2007,20.7631578947368
CIRC_00488,LBN,2007,36.8063063063063
CIRC_00489,LBN,2007,42.5840707964602
CIRC_00490,LBN,2007,52.0431034482759
CIRC_00491,LBN,2007,39.9626865671642
CIRC_00492,LBN,2007,62.448275862069
CIRC_00493,LBN,2007,62.054347826087
CIRC_00494,LBN,2007,48.1891891891892
CIRC_00495,LSO,2007,0.193693693693694
CIRC_00496,LSO,2007,1.21698113207547
CIRC_00497,LSO,2007,5.54166666666667
CIRC_00498,LSO,2007,1.39423076923077
CIRC_00499,LSO,2007,2.69444444444445
CIRC_00500,LSO,2007,39.3116883116883
CIRC_00501,LSO,2007,2.89634146341463
CIRC_00502,LSO,2007,0
CIRC_00503,LBY,2007,29.2142857142857
CIRC_00504,LBY,2007,41.5733944954129
CIRC_00505,LBY,2007,62.8235294117647
CIRC_00506,LBY,2007,61.0666666666667
CIRC_00507,LBY,2007,30.7761194029851
CIRC_00508,LBY,2007,17.5044247787611
CIRC_00509,LBY,2007,62.9117647058824
CIRC_00510,LBY,2007,54.7222222222222
CIRC_00511,LTU,2007,51.858024691358
CIRC_00512,LTU,2007,10.6952662721894
CIRC_00513,LTU,2007,15.2529761904762
CIRC_00514,LTU,2007,51.0621118012423
CIRC_00515,LTU,2007,49.93359375
CIRC_00516,LUX,2007,21.2333333333333
CIRC_00517,LUX,2007,9.56993006993007
CIRC_00518,LUX,2007,51.5068493150685
CIRC_00519,LUX,2007,43.0925925925926
CIRC_00520,MRT,2007,0
CIRC_00521,MRT,2007,48.7577319587629
CIRC_00522,MRT,2007,0
CIRC_00523,MRT,2007,0
CIRC_00524,MRT,2007,0
CIRC_00525,MRT,2007,0
CIRC_00526,MKD,2007,15.4041666666667
CIRC_00527,BIH,2007,35.2364341085271
CIRC_00528,MKD,2007,51.236
CIRC_00529,MKD,2007,4.27165354330709
CIRC_00530,MKD,2007,5.29918032786885
CIRC_00531,MKD,2007,17.4672131147541
CIRC_00532,MKD,2007,24.64
CIRC_00533,MDG,2007,0
CIRC_00534,MDG,2007,0
CIRC_00535,MDG,2007,4.20666666666667
CIRC_00536,MDG,2007,0
CIRC_00537,MDG,2007,6.63917525773196
CIRC_00538,MDG,2007,0
CIRC_00539,MYS,2007,49.8152173913044
CIRC_00540,MYS,2007,45.8642857142857
CIRC_00541,MYS,2007,10.2663043478261
CIRC_00542,MYS,2007,50.3239436619718
CIRC_00543,MYS,2007,0
CIRC_00544,MYS,2007,48.686170212766
CIRC_00545,MUS,2007,37.719387755102
CIRC_00546,MUS,2007,32.9893617021277
CIRC_00547,MUS,2007,26.9030612244898
CIRC_00548,MWI,2007,6.10309278350515
CIRC_00549,MWI,2007,0
CIRC_00550,MWI,2007,1.36458333333333
CIRC_00551,MWI,2007,0.211340206185567
CIRC_00552,MWI,2007,0
CIRC_00553,MWI,2007,46.9132653061225
CIRC_00554,MEX,2007,62.8247422680412
CIRC_00555,MEX,2007,58.2216494845361
CIRC_00556,MEX,2007,23.9438775510204
CIRC_00557,MEX,2007,3.51041666666667
CIRC_00558,MDA,2007,0.332142857142857
CIRC_00559,MDA,2007,0.414285714285715
CIRC_00560,MDA,2007,0.44776119402985
CIRC_00561,RUS,2007,0
CIRC_00562,MDA,2007,3.36131386861314
CIRC_00563,MDA,2007,1.71691176470588
CIRC_00564,MDA,2007,1.8065693430657
CIRC_00565,MDA,2007,1.49626865671642
CIRC_00566,MDA,2007,49.0328467153285
CIRC_00567,MDA,2007,3.21942446043166
CIRC_00568,MDA,2007,3.6
CIRC_00569,MDA,2007,3.80656934306569
CIRC_00570,MDA,2007,0.297794117647059
CIRC_00571,MDA,2007,1.87956204379562
CIRC_00572,MDA,2007,44.8470149253731
CIRC_00573,MDA,2007,1.60743801652893
CIRC_00574,MDA,2007,4.48201438848921
CIRC_00575,MLI,2007,12.0368421052632
CIRC_00576,MLI,2007,7.27894736842105
CIRC_00577,MLI,2007,0
CIRC_00578,MLI,2007,8.95263157894737
CIRC_00579,MLI,2007,10.7684210526316
CIRC_00580,MLI,2007,0
CIRC_00581,MLI,2007,5.72043010752688
CIRC_00582,MLT,2007,61.6168224299065
CIRC_00583,MLT,2007,61.9574468085106
CIRC_00584,MLT,2007,61.4239130434783
CIRC_00585,MLT,2007,61.7786885245902
CIRC_00586,MNG,2007,0
CIRC_00587,MNG,2007,0
CIRC_00588,MNG,2007,0
CIRC_00589,MNG,2007,48.9343065693431
CIRC_00590,MNG,2007,0
CIRC_00591,MAR,2007,60.3630952380953
CIRC_00592,MMR,2007,33.6785714285714
CIRC_00593,MMR,2007,2.86224489795918
CIRC_00594,MMR,2007,0
CIRC_00595,MMR,2007,52.3465909090909
CIRC_00596,MMR,2007,9.53030303030303
CIRC_00597,MOZ,2007,0
CIRC_00598,MOZ,2007,0
CIRC_00599,MOZ,2007,0
CIRC_00600,NAM,2007,2.18556701030928
CIRC_00601,NAM,2007,0
CIRC_00602,NAM,2007,13.8316326530612
CIRC_00603,NPL,2007,49.0188679245283
CIRC_00604,IND,2007,49.8028846153846
CIRC_00605,IND,2007,7.16826923076923
CIRC_00606,NPL,2007,0
CIRC_00607,NPL,2007,0
CIRC_00608,NPL,2007,0
CIRC_00609,NPL,2007,5.50961538461538
CIRC_00610,NPL,2007,3.21969696969697
CIRC_00611,NPL,2007,0.0396039603960396
CIRC_00612,NPL,2007,0
CIRC_00613,NPL,2007,0
CIRC_00614,NPL,2007,17.1796116504854
CIRC_00615,NPL,2007,0
CIRC_00616,NZL,2007,20.2727272727273
CIRC_00617,NZL,2007,19.1089743589744
CIRC_00618,NZL,2007,2.60144927536232
CIRC_00619,NZL,2007,7.44029850746269
CIRC_00620,NZL,2007,1.925
CIRC_00621,NZL,2007,58.6369863013699
CIRC_00622,NZL,2007,0.683823529411765
CIRC_00623,NZL,2007,45.8739130434783
CIRC_00624,NZL,2007,23.4132231404959
CIRC_00625,NZL,2007,58.1279069767442
CIRC_00626,NIC,2007,1.27368421052632
CIRC_00627,NIC,2007,9.27368421052632
CIRC_00628,NIC,2007,54.3105263157895
CIRC_00629,NIC,2007,18.6888888888889
CIRC_00630,NGA,2007,19.2925531914894
CIRC_00631,NGA,2007,54.7670454545455
CIRC_00632,NGA,2007,46.821052631579
CIRC_00633,NGA,2007,26.4627659574468
CIRC_00634,NGA,2007,24.6526315789474
CIRC_00635,NGA,2007,8.66483516483516
CIRC_00636,NGA,2007,3.70526315789474
CIRC_00637,NER,2007,0.864583333333334
CIRC_00638,NER,2007,12.1546391752577
CIRC_00639,NER,2007,1.953125
CIRC_00640,NER,2007,40.5053191489362
CIRC_00641,NER,2007,0.973404255319149
CIRC_00642,NER,2007,0.446236559139785
CIRC_00643,NER,2007,0
CIRC_00644,NER,2007,0
CIRC_00645,NER,2007,0
CIRC_00646,NOR,2007,36.3686131386862
CIRC_00647,NOR,2007,53.9642857142857
CIRC_00648,NOR,2007,56.2253086419753
CIRC_00649,NOR,2007,41.615
CIRC_00650,NOR,2007,9.97267759562842
CIRC_00651,NOR,2007,61.8181818181818
CIRC_00652,NOR,2007,47.3311258278146
CIRC_00653,NLD,2007,62.1986754966888
CIRC_00654,NLD,2007,20.8774834437086
CIRC_00655,NLD,2007,18.8455882352941
CIRC_00656,NLD,2007,60.6503496503497
CIRC_00657,OMN,2007,55.5360824742268
CIRC_00658,OMN,2007,55.8961038961039
CIRC_00659,PAK,2007,62.7234042553192
CIRC_00660,PAK,2007,5.91346153846154
CIRC_00661,PAK,2007,62.5754716981132
CIRC_00662,PAK,2007,8.99038461538462
CIRC_00663,PAK,2007,22.1933962264151
CIRC_00664,IND,2007,62.4423076923077
CIRC_00665,PAK,2007,57.6308411214953
CIRC_00666,PAK,2007,0.369565217391304
CIRC_00667,PAK,2007,62.5178571428572
CIRC_00668,PAK,2007,4.42990654205608
CIRC_00669,PAN,2007,58.7241379310345
CIRC_00670,PAN,2007,0.50531914893617
CIRC_00671,PAN,2007,20.2717391304348
CIRC_00672,PRY,2007,0.349514563106796
CIRC_00673,PRY,2007,58.3774509803922
CIRC_00674,PRY,2007,12.2135922330097
CIRC_00675,PRY,2007,0.142857142857143
CIRC_00676,PRY,2007,52.6055555555556
CIRC_00677,PER,2007,60.8736842105263
CIRC_00678,PER,2007,37.3697916666667
CIRC_00679,PER,2007,1.17525773195876
CIRC_00680,PER,2007,60.5520833333333
CIRC_00681,PER,2007,18.1559139784946
CIRC_00682,PER,2007,1.22959183673469
CIRC_00683,PHL,2007,0.333333333333333
CIRC_00684,PHL,2007,6.26966292134832
CIRC_00685,PHL,2007,62.4385964912281
CIRC_00686,PHL,2007,62.8556701030928
CIRC_00687,PHL,2007,62.6931818181818
CIRC_00688,PHL,2007,1.33152173913043
CIRC_00689,PHL,2007,62.6594202898551
CIRC_00690,PNG,2007,0
CIRC_00691,PNG,2007,0
CIRC_00692,PNG,2007,0
CIRC_00693,PNG,2007,32.7362637362638
CIRC_00694,PNG,2007,0
CIRC_00695,PNG,2007,4.47794117647059
CIRC_00696,PNG,2007,0
CIRC_00697,PNG,2007,0
CIRC_00698,POL,2007,6.44
CIRC_00699,POL,2007,5.76623376623377
CIRC_00700,POL,2007,11.9
CIRC_00701,POL,2007,62.8973509933775
CIRC_00702,POL,2007,8.58108108108108
CIRC_00703,POL,2007,8.99050632911392
CIRC_00704,POL,2007,33.0890410958904
CIRC_00705,POL,2007,61.0555555555556
CIRC_00706,POL,2007,51.1821428571428
CIRC_00707,PRT,2007,62.109375
CIRC_00708,PRT,2007,40.5044247787611
CIRC_00709,PRK,2007,25.8529411764706
CIRC_00710,RUS,2007,2.25874125874126
CIRC_00711,QAT,2007,62.9647058823529
CIRC_00712,KOR,2007,36.8050847457627
CIRC_00713,KOR,2007,29.9759615384615
CIRC_00714,KOR,2007,4.02127659574468
CIRC_00715,KOR,2007,49.1842105263158
CIRC_00716,JPN,2007,63
CIRC_00717,KOR,2007,62.7875
CIRC_00718,KOR,2007,62.9791666666667
CIRC_00719,KOR,2007,20.4528301886792
CIRC_00720,KOR,2007,62.9868421052632
CIRC_00721,ROU,2007,61.5534351145038
CIRC_00722,ROU,2007,25.8473282442748
CIRC_00723,UKR,2007,13.2348484848485
CIRC_00724,ROU,2007,0.327205882352941
CIRC_00725,ROU,2007,3.92028985507246
CIRC_00726,ROU,2007,39.7201492537313
CIRC_00727,ROU,2007,9.43984962406015
CIRC_00728,ROU,2007,27.0503597122302
CIRC_00729,ROU,2007,8.90601503759398
CIRC_00730,ROU,2007,21.7286821705426
CIRC_00731,ROU,2007,40.2904411764706
CIRC_00732,RUS,2007,3.78195488721805
CIRC_00733,RUS,2007,1.87799043062201
CIRC_00734,RUS,2007,63
CIRC_00735,RWA,2007,4.69672131147541
CIRC_00736,RWA,2007,2.29891304347826
CIRC_00737,RWA,2007,0.131868131868132
CIRC_00738,ZAF,2007,61.6911764705882
CIRC_00739,ZAF,2007,0
CIRC_00740,ZAF,2007,0.0630630630630631
CIRC_00741,ZAF,2007,60.79
CIRC_00742,ZAF,2007,3.80952380952381
CIRC_00743,ZAF,2007,61.0495049504951
CIRC_00744,SLV,2007,54.8118279569893
CIRC_00745,SLV,2007,32.2604166666667
CIRC_00746,SLV,2007,6.85789473684211
CIRC_00747,SLV,2007,5.65463917525773
CIRC_00748,SLV,2007,4.8659793814433
CIRC_00749,SAU,2007,62.5
CIRC_00750,SEN,2007,0
CIRC_00751,SEN,2007,4.95408163265306
CIRC_00752,SEN,2007,0
CIRC_00753,SRB,2007,61.91796875
CIRC_00754,SRB,2007,18.712
CIRC_00755,XKO,2007,21.1150793650794
CIRC_00756,SLE,2007,0
CIRC_00757,SLE,2007,21.0816326530612
CIRC_00758,SLE,2007,0
CIRC_00759,SLE,2007,0
CIRC_00760,SLE,2007,0
CIRC_00761,SLE,2007,0.922222222222222
CIRC_00762,SGP,2007,62.0743243243243
CIRC_00763,SGP,2007,62.2826086956522
CIRC_00764,SVK,2007,22.4510489510489
CIRC_00765,SVK,2007,5.70070422535211
CIRC_00766,SVK,2007,7.1725352112676
CIRC_00767,SVK,2007,18.0425531914894
CIRC_00768,SVK,2007,7.86690647482014
CIRC_00769,SVK,2007,38.6618705035971
CIRC_00770,SVK,2007,4.9375
CIRC_00771,SVN,2007,4.875
CIRC_00772,SVN,2007,6.19291338582677
CIRC_00773,SVN,2007,28.8148148148148
CIRC_00774,SVN,2007,52.7851851851852
CIRC_00775,SVN,2007,13.9503816793893
CIRC_00776,SVN,2007,8.74253731343283
CIRC_00777,SVN,2007,19.2816091954023
CIRC_00778,SLB,2007,0
CIRC_00779,SLB,2007,0
CIRC_00780,SLB,2007,0
CIRC_00781,SLB,2007,0
CIRC_00782,SLB,2007,0
CIRC_00783,SLB,2007,0
CIRC_00784,SLB,2007,0
CIRC_00785,SLB,2007,0
CIRC_00786,ETH,2007,0
CIRC_00787,SOM,2007,0
CIRC_00788,SOM,2007,9.66037735849057
CIRC_00789,ESP,2007,62.9059829059829
CIRC_00790,ESP,2007,63
CIRC_00791,ESP,2007,59.0241935483871
CIRC_00792,ESP,2007,49.0409836065574
CIRC_00793,LKA,2007,59.6833333333333
CIRC_00794,LKA,2007,11.6526315789474
CIRC_00795,LKA,2007,5.67204301075269
CIRC_00796,LKA,2007,24.5531914893617
CIRC_00797,LKA,2007,13.4123711340206
CIRC_00798,SSD,2007,0
CIRC_00799,SDN,2007,4.21078431372549
CIRC_00800,SDN,2007,0
CIRC_00801,SUR,2007,36.9835164835165
CIRC_00802,SUR,2007,0
CIRC_00803,SUR,2007,6.39444444444444
CIRC_00804,SUR,2007,10.8144329896907
CIRC_00805,SWZ,2007,30.3509615384615
CIRC_00806,SWE,2007,37.1837349397591
CIRC_00807,SWE,2007,44.8214285714286
CIRC_00808,SWE,2007,12.2403314917127
CIRC_00809,SWE,2007,62.0518292682927
CIRC_00810,SWE,2007,41.4207650273224
CIRC_00811,SWE,2007,40.3433734939759
CIRC_00812,CHE,2007,39.452205882353
CIRC_00813,CHE,2007,31.4511278195489
CIRC_00814,CHE,2007,37.2985074626866
CIRC_00815,CHE,2007,5.00373134328358
CIRC_00816,CHE,2007,59.9055555555556
CIRC_00817,CHE,2007,20.6386861313869
CIRC_00818,CHE,2007,29.5232558139535
CIRC_00819,CHE,2007,21.7740740740741
CIRC_00820,CHE,2007,37.2777777777778
CIRC_00821,CHE,2007,15.2355072463768
CIRC_00822,CHE,2007,36.7169117647059
CIRC_00823,CHE,2007,28.1654411764706
CIRC_00824,CHE,2007,19.9489051094891
CIRC_00825,CHE,2007,22.1450381679389
CIRC_00826,CHE,2007,36.4275362318841
CIRC_00827,CHE,2007,24.4166666666667
CIRC_00828,CHE,2007,32.4703703703704
CIRC_00829,CHE,2007,7.40510948905109
CIRC_00830,CHE,2007,19.0113636363636
CIRC_00831,CHE,2007,24.7
CIRC_00832,CHE,2007,16.4963503649635
CIRC_00833,SYR,2007,28.75
CIRC_00834,SYR,2007,62.5315315315315
CIRC_00835,TJK,2007,5.22222222222222
CIRC_00836,TJK,2007,31.1475409836066
CIRC_00837,TJK,2007,0
CIRC_00838,TJK,2007,16.9870689655172
CIRC_00839,TWN,2007,27.1438356164384
CIRC_00840,TWN,2007,30.16
CIRC_00841,HKG,2007,62.0869565217391
CIRC_00842,TWN,2007,61.0147058823529
CIRC_00843,TZA,2007,0
CIRC_00844,TZA,2007,0
CIRC_00845,TZA,2007,0
CIRC_00846,TZA,2007,0
CIRC_00847,TZA,2007,0.202702702702703
CIRC_00848,THA,2007,62.9684210526316
CIRC_00849,THA,2007,62.8882978723404
CIRC_00850,THA,2007,62.1927083333333
CIRC_00851,THA,2007,19.7446808510638
CIRC_00852,THA,2007,41.2604166666667
CIRC_00853,THA,2007,62.3387096774194
CIRC_00854,THA,2007,10.479381443299
CIRC_00855,THA,2007,17.7474226804124
CIRC_00856,THA,2007,6.17368421052631
CIRC_00857,GBR,2007,61.898773006135
CIRC_00858,THA,2007,49.7684210526316
CIRC_00859,TKM,2007,47.904958677686
CIRC_00860,TKM,2007,19.6680672268908
CIRC_00861,TKM,2007,61.5565217391304
CIRC_00862,TGO,2007,1.01612903225806
CIRC_00863,TGO,2007,3.36842105263158
CIRC_00864,TGO,2007,0
CIRC_00865,TTO,2007,41.1229508196721
CIRC_00866,TTO,2007,58.2089552238806
CIRC_00867,TTO,2007,36.8263157894737
CIRC_00868,TTO,2007,10.8648648648649
CIRC_00869,TTO,2007,26.7011494252874
CIRC_00870,TUN,2007,61.1733333333333
CIRC_00871,TUN,2007,16.0321100917431
CIRC_00872,TUN,2007,61.9247311827957
CIRC_00873,TUN,2007,23.3521739130435
CIRC_00874,TUN,2007,58.8636363636364
CIRC_00875,TUN,2007,16.4217391304348
CIRC_00876,TUN,2007,31.5466666666667
CIRC_00877,TUR,2007,25.65
CIRC_00878,TUR,2007,62.3769230769231
CIRC_00879,TUR,2007,6.50862068965517
CIRC_00880,TUR,2007,62.0991379310345
CIRC_00881,TUR,2007,10.4772727272727
CIRC_00882,TUR,2007,59.4132231404959
CIRC_00883,TUR,2007,62.7527472527473
CIRC_00884,ARE,2007,60.5238095238095
CIRC_00885,ARE,2007,62.2794117647059
CIRC_00886,UGA,2007,0
CIRC_00887,GBR,2007,28.341059602649
CIRC_00888,GBR,2007,20.3287671232877
CIRC_00889,GBR,2007,62.277397260274
CIRC_00890,GBR,2007,47.7
CIRC_00891,GBR,2007,44.4827586206897
CIRC_00892,USA,2007,62.9690721649485
CIRC_00893,GBR,2007,52.8278145695364
CIRC_00894,GBR,2007,61.1679389312977
CIRC_00895,UKR,2007,0.159863945578231
CIRC_00896,UKR,2007,3.89802631578947
CIRC_00897,UKR,2007,0.788590604026846
CIRC_00898,UKR,2007,21.475
CIRC_00899,UKR,2007,55.7021276595745
CIRC_00900,UKR,2007,6.72692307692308
CIRC_00901,UKR,2007,50.786231884058
CIRC_00902,URY,2007,59.9732142857143
CIRC_00903,URY,2007,59.3241758241758
CIRC_00904,USA,2007,59.2380952380952
CIRC_00905,USA,2007,31.1478260869565
CIRC_00906,USA,2007,60.7631578947369
CIRC_00907,USA,2007,60.0555555555556
CIRC_00908,USA,2007,62.4741379310345
CIRC_00909,USA,2007,53
CIRC_00910,UZB,2007,47.099173553719
CIRC_00911,UZB,2007,60.5524193548387
CIRC_00912,UZB,2007,11.5882352941176
CIRC_00913,VEN,2007,23.9263157894737
CIRC_00914,VEN,2007,16.4111111111111
CIRC_00915,VEN,2007,3.25773195876289
CIRC_00916,VEN,2007,15.5769230769231
CIRC_00917,VEN,2007,62.5163043478261
CIRC_00918,YEM,2007,8.49479166666667
CIRC_00919,YEM,2007,0.558510638297873
CIRC_00920,YEM,2007,5.79896907216495
CIRC_00921,SRB,2007,25.1875
CIRC_00922,MNE,2007,13.2198275862069
CIRC_00923,ZMB,2007,1.6978021978022
CIRC_00924,ZMB,2007,43.2842105263158
CIRC_00925,ZMB,2007,23.71875
CIRC_00926,ZWE,2007,0
CIRC_00927,ZMB,2007,0
CIRC_00928,ZMB,2007,19.215
CIRC_00929,ZMB,2007,34.6979166666667
CIRC_00930,ZMB,2007,0
CIRC_00931,ZWE,2007,0
CIRC_00932,ZWE,2007,4.35567010309279
CIRC_00933,COM,2007,0.38961038961039
CIRC_00934,MDV,2007,41.6666666666667
CIRC_00935,SAU,2007,62.5
CIRC_00936,ISR,2007,62.7685185185185
CIRC_00937,COM,2007,0.222222222222222
CIRC_00938,COM,2007,0.288888888888889
CIRC_00941,LBY,2007,62.8153846153846
CIRC_00942,SGP,2007,62.4176470588235
CIRC_00943,MKD,2007,50.0614754098361
CIRC_00945,QAT,2007,62.9702380952381
CIRC_00946,MDA,2007,2.75757575757576
CIRC_00947,SGP,2007,62.2352941176471
CIRC_00948,LSO,2007,1.49528301886793
CIRC_00949,MDA,2007,0.0719424460431656
CIRC_00950,COM,2007,0.511111111111111
CIRC_00951,LSO,2007,0
CIRC_00952,MUS,2007,44.3918918918919
CIRC_00953,ISR,2007,62.9513888888889
CIRC_00954,TKM,2007,49.7304347826087
CIRC_00955,LBY,2007,30.9242424242424
CIRC_00956,ISR,2007,50.8928571428572
CIRC_00957,MUS,2007,29.6185567010309
CIRC_00958,GTM,2007,61.8453608247423
CIRC_00959,MDA,2007,3.36594202898551
CIRC_00960,ISR,2007,62.4871794871795
CIRC_00961,SSD,2007,0
CIRC_00962,CYP,2007,56.7533333333333
CIRC_00964,LSO,2007,42.0079365079365
CIRC_00965,MDA,2007,1.76642335766423
CIRC_00001,AFG,2008,3.36283185840708
CIRC_00002,AFG,2008,54.1339285714286
CIRC_00003,AFG,2008,0
CIRC_00004,AFG,2008,0
CIRC_00005,AFG,2008,5.70370370370371
CIRC_00006,AFG,2008,0
CIRC_00007,AFG,2008,0
CIRC_00008,ALB,2008,23.5806451612903
CIRC_00009,ALB,2008,0.0517241379310344
CIRC_00010,ALB,2008,51.4754098360656
CIRC_00011,ALB,2008,2.2
CIRC_00012,DZA,2008,6.10619469026549
CIRC_00013,DZA,2008,36.2
CIRC_00014,DZA,2008,15.6782608695652
CIRC_00015,DZA,2008,45.9824561403509
CIRC_00016,MAR,2008,50.640350877193
CIRC_00017,DZA,2008,4.57894736842105
CIRC_00018,DZA,2008,23.6396396396396
CIRC_00019,AGO,2008,62.0980392156863
CIRC_00020,AGO,2008,43.9166666666667
CIRC_00021,ARG,2008,7.38317757009346
CIRC_00022,ARG,2008,62.6146788990826
CIRC_00023,ARG,2008,18.1057692307692
CIRC_00024,ARG,2008,53.3727272727273
CIRC_00025,ARG,2008,63
CIRC_00026,ARG,2008,41.5648148148148
CIRC_00027,ARG,2008,60.5739130434783
CIRC_00028,ARG,2008,43.2521739130435
CIRC_00029,ARG,2008,62.8202247191011
CIRC_00030,ARG,2008,62.9418604651163
CIRC_00031,SYR,2008,5.75652173913043
CIRC_00032,AZE,2008,16.8760330578512
CIRC_00033,ARM,2008,61.8373983739837
CIRC_00034,ARM,2008,61.9747899159664
CIRC_00035,ARM,2008,4.38135593220339
CIRC_00036,AUS,2008,4.45299145299145
CIRC_00037,AUS,2008,62.9651162790698
CIRC_00038,AUS,2008,17.8666666666667
CIRC_00039,GBR,2008,45.2553191489362
CIRC_00040,GBR,2008,63
CIRC_00041,AUS,2008,62.8068181818182
CIRC_00042,AUT,2008,62.9857142857143
CIRC_00043,AUT,2008,47.9117647058824
CIRC_00044,AUT,2008,31.5815602836879
CIRC_00045,AUT,2008,5.10638297872341
CIRC_00046,AUT,2008,60.7913669064748
CIRC_00047,AUT,2008,62.4964028776978
CIRC_00048,AUT,2008,14.3956834532374
CIRC_00049,CHE,2008,23.5839416058394
CIRC_00050,AZE,2008,61.4444444444445
CIRC_00051,AZE,2008,2.18032786885246
CIRC_00052,AZE,2008,61.4102564102564
CIRC_00053,AZE,2008,24.758064516129
CIRC_00054,BHR,2008,56.5087719298246
CIRC_00055,BHR,2008,62.97
CIRC_00056,BRB,2008,57.5625
CIRC_00057,BRB,2008,22.0526315789474
CIRC_00058,BRB,2008,29.625
CIRC_00059,BRB,2008,26.2708333333333
CIRC_00060,BEL,2008,42.5666666666666
CIRC_00061,FRA,2008,61.1889763779528
CIRC_00062,BEL,2008,54.8741258741259
CIRC_00063,BEL,2008,48.7472527472528
CIRC_00064,BEL,2008,62.0872483221477
CIRC_00065,BEL,2008,46.8472222222222
CIRC_00066,BEL,2008,50.1768707482993
CIRC_00067,BEL,2008,62.6530612244898
CIRC_00068,BEL,2008,60.8972602739726
CIRC_00069,BEN,2008,0
CIRC_00070,TGO,2008,51.5111111111111
CIRC_00071,BEN,2008,0
CIRC_00072,BEN,2008,6.72826086956522
CIRC_00073,BFA,2008,59.6842105263158
CIRC_00074,BFA,2008,5.48936170212766
CIRC_00075,BFA,2008,2.36842105263158
CIRC_00076,BFA,2008,59.6153846153846
CIRC_00077,BFA,2008,0
CIRC_00078,BHS,2008,60.8765432098766
CIRC_00079,BHS,2008,50.8846153846154
CIRC_00080,BHS,2008,58.4516129032258
CIRC_00081,BTN,2008,14.5462962962963
CIRC_00082,BTN,2008,0
CIRC_00083,BTN,2008,2.86538461538462
CIRC_00084,BTN,2008,8.79807692307693
CIRC_00085,BTN,2008,1.72815533980583
CIRC_00086,BTN,2008,0
CIRC_00087,BLR,2008,62.6459627329193
CIRC_00088,BLR,2008,3.74193548387097
CIRC_00089,BLR,2008,6.08176100628931
CIRC_00090,BLZ,2008,38.0714285714286
CIRC_00091,BLZ,2008,13.1734693877551
CIRC_00092,BLZ,2008,15.9191919191919
CIRC_00093,IND,2008,7.25
CIRC_00094,BGD,2008,0.514851485148515
CIRC_00095,BGD,2008,3.38613861386139
CIRC_00096,IND,2008,12.5631067961165
CIRC_00097,BGD,2008,1.72277227722772
CIRC_00098,BGD,2008,18.02
CIRC_00099,BGD,2008,5.375
CIRC_00100,BOL,2008,61.3333333333333
CIRC_00101,BOL,2008,61.979381443299
CIRC_00102,BOL,2008,62.4375
CIRC_00103,BOL,2008,0
CIRC_00104,BOL,2008,0.666666666666667
CIRC_00105,BIH,2008,3.60902255639097
CIRC_00106,BIH,2008,20.4230769230769
CIRC_00107,HRV,2008,7.5241935483871
CIRC_00108,BIH,2008,16.6587301587302
CIRC_00109,BIH,2008,55.4503816793893
CIRC_00110,BIH,2008,6.968
CIRC_00111,BIH,2008,19.5833333333333
CIRC_00112,BIH,2008,40.4883720930233
CIRC_00113,BIH,2008,13.7258064516129
CIRC_00114,BIH,2008,19.953488372093
CIRC_00115,BIH,2008,15.3615384615385
CIRC_00116,BIH,2008,2.25581395348837
CIRC_00117,BIH,2008,41.6796875
CIRC_00118,BIH,2008,12.7142857142857
CIRC_00119,BIH,2008,17.0461538461538
CIRC_00120,BWA,2008,10.0588235294118
CIRC_00121,BWA,2008,0
CIRC_00122,GBR,2008,56.6573426573427
CIRC_00123,BWA,2008,5.34313725490196
CIRC_00124,BRA,2008,18.7032967032967
CIRC_00125,BRA,2008,62.8958333333333
CIRC_00126,BRA,2008,53.1818181818182
CIRC_00127,BRA,2008,11.3894736842105
CIRC_00128,BRA,2008,62.4583333333333
CIRC_00129,BRA,2008,31.98
CIRC_00130,BRA,2008,5.19417475728155
CIRC_00131,BRN,2008,54.5393258426967
CIRC_00132,BDI,2008,0
CIRC_00133,BDI,2008,0
CIRC_00134,BDI,2008,27.7021276595745
CIRC_00135,BDI,2008,0
CIRC_00136,BDI,2008,0
CIRC_00137,BDI,2008,3.05681818181818
CIRC_00138,BDI,2008,0
CIRC_00139,BDI,2008,0
CIRC_00140,BGR,2008,1.29007633587786
CIRC_00141,RUS,2008,63
CIRC_00142,BGR,2008,1.625
CIRC_00143,BGR,2008,62.1746031746032
CIRC_00144,BGR,2008,14.952
CIRC_00145,BGR,2008,53.912
CIRC_00146,UKR,2008,38.0530303030303
CIRC_00147,BGR,2008,22.0551181102362
CIRC_00148,USA,2008,63
CIRC_00149,BGR,2008,18.312
CIRC_00150,BGR,2008,18.0483870967742
CIRC_00151,BGR,2008,5.1869918699187
CIRC_00152,BGR,2008,7.832
CIRC_00153,BGR,2008,34.7829457364341
CIRC_00154,KHM,2008,0
CIRC_00155,KHM,2008,50.7741935483871
CIRC_00156,KHM,2008,0.955555555555556
CIRC_00157,CAN,2008,48.140625
CIRC_00158,CAN,2008,28.0153846153846
CIRC_00159,CAN,2008,52.7333333333333
CIRC_00160,CAN,2008,62.5686274509804
CIRC_00161,CAN,2008,63
CIRC_00162,CAN,2008,62.9
CIRC_00163,CMR,2008,3.17021276595745
CIRC_00164,CPV,2008,1.39175257731959
CIRC_00165,CPV,2008,18.5084745762712
CIRC_00166,CPV,2008,2.88659793814433
CIRC_00167,CPV,2008,21.3894736842105
CIRC_00168,CIV,2008,40.9673913043478
CIRC_00169,CIV,2008,0
CIRC_00170,CIV,2008,0.322222222222222
CIRC_00171,CIV,2008,20.3723404255319
CIRC_00172,CIV,2008,12.2173913043478
CIRC_00173,CAF,2008,17.6947368421053
CIRC_00174,CAF,2008,0
CIRC_00175,GAB,2008,5.9468085106383
CIRC_00176,CAF,2008,0
CIRC_00177,CAF,2008,0
CIRC_00178,TCD,2008,38.7183098591549
CIRC_00179,TCD,2008,2.28
CIRC_00180,TCD,2008,0
CIRC_00181,TCD,2008,39.2916666666667
CIRC_00182,CHL,2008,53.9615384615385
CIRC_00183,CHL,2008,57.8313253012048
CIRC_00184,CHL,2008,63
CIRC_00185,CHL,2008,46.8666666666667
CIRC_00186,CHN,2008,24.0740740740741
CIRC_00187,CHN,2008,59.6851851851852
CIRC_00188,CHN,2008,53.8584905660377
CIRC_00189,CHN,2008,63
CIRC_00190,COL,2008,59.6382978723404
CIRC_00191,COL,2008,52.3181818181818
CIRC_00192,COL,2008,60.031914893617
CIRC_00193,COL,2008,61.6489361702128
CIRC_00194,COL,2008,5.53684210526316
CIRC_00195,MDG,2008,13.8378378378378
CIRC_00196,FRA,2008,7.42105263157895
CIRC_00197,COM,2008,0.518518518518518
CIRC_00198,COM,2008,0
CIRC_00199,COM,2008,0
CIRC_00200,COM,2008,0.311688311688312
CIRC_00201,COM,2008,1.7037037037037
CIRC_00202,COM,2008,0.792452830188679
CIRC_00203,COG,2008,6.85555555555556
CIRC_00204,COG,2008,0
CIRC_00205,CRI,2008,60.221052631579
CIRC_00206,NIC,2008,13.2340425531915
CIRC_00207,CRI,2008,62.3298969072165
CIRC_00208,CRI,2008,62.5957446808511
CIRC_00209,HRV,2008,20.6106870229008
CIRC_00210,HRV,2008,62.7703703703704
CIRC_00211,HRV,2008,11.4135338345865
CIRC_00212,HRV,2008,53.8169014084507
CIRC_00213,CUB,2008,0.545454545454545
CIRC_00214,CUB,2008,6.4949494949495
CIRC_00215,XNC,2008,36.8688524590164
CIRC_00216,XNC,2008,61.7272727272727
CIRC_00217,XNC,2008,25.704347826087
CIRC_00218,CYP,2008,8.57017543859649
CIRC_00219,CYP,2008,48.5666666666667
CIRC_00220,SVK,2008,10.6544117647059
CIRC_00221,CZE,2008,51.2112676056338
CIRC_00222,CZE,2008,61.9714285714286
CIRC_00223,CZE,2008,21.4090909090909
CIRC_00224,CZE,2008,27.1369863013699
CIRC_00225,CZE,2008,50.7785714285714
CIRC_00226,CZE,2008,23.1231884057971
CIRC_00227,CZE,2008,27.9929577464789
CIRC_00228,CZE,2008,61.9041095890411
CIRC_00229,CZE,2008,11.5524475524476
CIRC_00230,SVK,2008,60.9212598425197
CIRC_00231,CZE,2008,12.2340425531915
CIRC_00232,DNK,2008,10.4375
CIRC_00233,DNK,2008,37.1523809523809
CIRC_00234,DNK,2008,3.39644970414201
CIRC_00235,DNK,2008,32.3032258064516
CIRC_00236,DNK,2008,57.5163398692811
CIRC_00237,DNK,2008,50.1346153846154
CIRC_00238,SOM,2008,0
CIRC_00239,ETH,2008,17.968085106383
CIRC_00240,DOM,2008,10.6082474226804
CIRC_00241,DOM,2008,61.34375
CIRC_00242,DOM,2008,56.2673267326733
CIRC_00243,DOM,2008,1.39583333333333
CIRC_00244,COD,2008,0
CIRC_00245,COD,2008,0
CIRC_00246,COD,2008,0
CIRC_00247,COD,2008,58.3804347826087
CIRC_00248,VNM,2008,8.20618556701031
CIRC_00249,VNM,2008,34.421568627451
CIRC_00250,VNM,2008,0.0412371134020618
CIRC_00251,VNM,2008,0
CIRC_00252,VNM,2008,35.2079207920792
CIRC_00253,ECU,2008,56.247311827957
CIRC_00254,USA,2008,62.1363636363636
CIRC_00255,ECU,2008,61.4888888888889
CIRC_00256,ECU,2008,56.4408602150538
CIRC_00257,ECU,2008,35.9777777777778
CIRC_00258,ECU,2008,0
CIRC_00259,ECU,2008,61.6129032258065
CIRC_00260,USA,2008,62.6935483870968
CIRC_00261,EGY,2008,60.7927927927928
CIRC_00262,EGY,2008,63
CIRC_00263,EGY,2008,50.5412844036697
CIRC_00264,GNQ,2008,11.4939759036145
CIRC_00265,ERI,2008,33.4736842105263
CIRC_00266,EST,2008,41.9441340782123
CIRC_00267,EST,2008,0
CIRC_00268,EST,2008,23.6348314606742
CIRC_00269,EST,2008,60.530303030303
CIRC_00270,EST,2008,4.09659090909091
CIRC_00271,EST,2008,56.7303370786517
CIRC_00272,ETH,2008,9.72631578947368
CIRC_00273,ETH,2008,6.58947368421052
CIRC_00274,ETH,2008,0.938144329896907
CIRC_00275,ETH,2008,0
CIRC_00276,TLS,2008,1.94545454545455
CIRC_00277,TLS,2008,25.2615384615385
CIRC_00278,TLS,2008,0.904255319148935
CIRC_00279,TLS,2008,24.8208955223881
CIRC_00280,TLS,2008,0
CIRC_00281,TLS,2008,0
CIRC_00282,FIN,2008,53.3526315789474
CIRC_00283,RUS,2008,42.236641221374
CIRC_00284,FIN,2008,58.8082191780822
CIRC_00285,FIN,2008,34.5078534031414
CIRC_00286,FJI,2008,0
CIRC_00287,FJI,2008,0
CIRC_00288,FJI,2008,8.5
CIRC_00289,FJI,2008,9.51685393258427
CIRC_00290,FJI,2008,0.154639175257732
CIRC_00291,FJI,2008,0
CIRC_00292,FJI,2008,0
CIRC_00293,FJI,2008,0
CIRC_00294,FRA,2008,14.8636363636364
CIRC_00295,FRA,2008,63
CIRC_00296,FRA,2008,63
CIRC_00297,FRA,2008,61.6503496503497
CIRC_00298,FRA,2008,56.041095890411
CIRC_00299,GAB,2008,1.25274725274725
CIRC_00300,GAB,2008,7.96774193548387
CIRC_00301,COG,2008,53.55
CIRC_00302,GAB,2008,0.0537634408602151
CIRC_00303,GMB,2008,0
CIRC_00304,GMB,2008,2.375
CIRC_00305,GMB,2008,3.13684210526316
CIRC_00306,DEU,2008,62.4313725490196
CIRC_00307,DEU,2008,58.3028169014085
CIRC_00308,DEU,2008,12.2666666666667
CIRC_00309,DEU,2008,61.5987261146497
CIRC_00310,DEU,2008,16.8391608391608
CIRC_00311,GHA,2008,59.7619047619048
CIRC_00312,GHA,2008,58.3804347826087
CIRC_00313,GHA,2008,16.5934065934066
CIRC_00314,GHA,2008,2.17204301075269
CIRC_00315,GNB,2008,14.5692307692308
CIRC_00316,GNB,2008,0
CIRC_00317,GNB,2008,0
CIRC_00318,GNB,2008,0.291666666666667
CIRC_00319,GNB,2008,0
CIRC_00320,GRC,2008,62.9917355371901
CIRC_00321,GRC,2008,46.4769230769231
CIRC_00322,GRC,2008,1
CIRC_00323,GRC,2008,62.8333333333333
CIRC_00324,USA,2008,63
CIRC_00325,GRC,2008,62.9836065573771
CIRC_00326,GRC,2008,24.2575757575758
CIRC_00327,GEO,2008,54.376
CIRC_00328,GEO,2008,12.744
CIRC_00329,GEO,2008,0
CIRC_00330,GEO,2008,22.6953125
CIRC_00331,FRA,2008,63
CIRC_00332,GTM,2008,62.6907216494845
CIRC_00333,GTM,2008,2.33333333333334
CIRC_00334,GTM,2008,13.3333333333333
CIRC_00335,GIN,2008,0
CIRC_00336,GIN,2008,1.16494845360825
CIRC_00337,GIN,2008,0
CIRC_00338,GIN,2008,40.5238095238095
CIRC_00339,GIN,2008,0
CIRC_00340,GIN,2008,0.969072164948454
CIRC_00341,GUY,2008,40.6521739130435
CIRC_00342,GUY,2008,5.03174603174603
CIRC_00343,GUY,2008,3.46753246753247
CIRC_00344,USA,2008,62.8
CIRC_00345,GUY,2008,24.9565217391305
CIRC_00346,GUY,2008,0
CIRC_00347,GUY,2008,3.58904109589041
CIRC_00348,HTI,2008,0.268041237113402
CIRC_00349,HTI,2008,32.7142857142857
CIRC_00350,HTI,2008,21.4148936170213
CIRC_00351,HTI,2008,0.654545454545455
CIRC_00352,HTI,2008,1.6046511627907
CIRC_00353,HTI,2008,0
CIRC_00354,HTI,2008,0
CIRC_00355,HTI,2008,0
CIRC_00356,HND,2008,29.3023255813954
CIRC_00357,HND,2008,58.8736842105263
CIRC_00358,HND,2008,55.6595744680851
CIRC_00359,PAN,2008,61.4848484848485
CIRC_00360,HND,2008,0
CIRC_00361,HND,2008,22.21875
CIRC_00362,HND,2008,8.08620689655172
CIRC_00363,HND,2008,7.6421052631579
CIRC_00364,HND,2008,4.19354838709677
CIRC_00365,HUN,2008,7.76811594202898
CIRC_00366,HUN,2008,62.4782608695652
CIRC_00367,HUN,2008,2.93846153846154
CIRC_00368,HUN,2008,46.3478260869565
CIRC_00369,HUN,2008,17.2814814814815
CIRC_00370,HUN,2008,46.4436090225564
CIRC_00371,ISL,2008,59.8137254901961
CIRC_00372,ISL,2008,5.53125
CIRC_00373,ISL,2008,60.2773109243698
CIRC_00374,IND,2008,59.8019801980198
CIRC_00375,IND,2008,0.8
CIRC_00376,IND,2008,11.8469387755102
CIRC_00377,IND,2008,57.2254901960784
CIRC_00378,IND,2008,6.2
CIRC_00379,PAK,2008,32.4594594594595
CIRC_00380,PAK,2008,4.20183486238532
CIRC_00381,IND,2008,6.23762376237624
CIRC_00382,IDN,2008,16.2553191489362
CIRC_00383,IDN,2008,14.2321428571429
CIRC_00384,IDN,2008,15.1894736842105
CIRC_00385,IDN,2008,56.2021276595745
CIRC_00386,IDN,2008,4.17894736842105
CIRC_00387,IDN,2008,47.8936170212766
CIRC_00388,IRL,2008,20.9936305732484
CIRC_00389,IRL,2008,4.47204968944099
CIRC_00390,IRL,2008,25.7924528301887
CIRC_00391,IRL,2008,62.8716216216216
CIRC_00392,IRL,2008,24.0700636942675
CIRC_00393,IRL,2008,57.0733333333333
CIRC_00394,IRN,2008,11.2336448598131
CIRC_00395,IRN,2008,46.2909090909091
CIRC_00396,IRN,2008,17.6902654867257
CIRC_00397,IRN,2008,0
CIRC_00398,IRN,2008,62.8448275862069
CIRC_00399,IRQ,2008,8.09565217391305
CIRC_00400,USA,2008,15.2589285714286
CIRC_00401,USA,2008,28.6635514018692
CIRC_00402,USA,2008,61.1129032258065
CIRC_00403,IRQ,2008,62.214953271028
CIRC_00404,IRQ,2008,49.9734513274336
CIRC_00405,IRQ,2008,17.8181818181818
CIRC_00406,IRQ,2008,62.9115044247788
CIRC_00407,BLR,2008,1.77333333333333
CIRC_00408,ISR,2008,62.859649122807
CIRC_00409,BLR,2008,0.284810126582278
CIRC_00410,ISR,2008,62.9473684210526
CIRC_00411,ISR,2008,59.1203703703704
CIRC_00412,ISR,2008,62.1681415929204
CIRC_00413,ISR,2008,53.4403669724771
CIRC_00414,ISR,2008,62.7037037037037
CIRC_00415,ITA,2008,63
CIRC_00416,ITA,2008,61.0518518518519
CIRC_00417,ITA,2008,56.3614457831325
CIRC_00418,ITA,2008,63
CIRC_00419,ITA,2008,62.093023255814
CIRC_00420,ITA,2008,40.2265625
CIRC_00421,ITA,2008,63
CIRC_00422,ITA,2008,56.3676470588235
CIRC_00423,ITA,2008,54.6279069767442
CIRC_00424,ITA,2008,7.175
CIRC_00425,JAM,2008,28.1030927835052
CIRC_00426,JAM,2008,6.24731182795699
CIRC_00427,JAM,2008,21.6701030927835
CIRC_00428,JAM,2008,5.88659793814433
CIRC_00429,JAM,2008,43.9484536082474
CIRC_00430,JOR,2008,62.7383177570094
CIRC_00431,JPN,2008,63
CIRC_00432,JPN,2008,54.6991150442478
CIRC_00433,JPN,2008,63
CIRC_00434,JPN,2008,60.4673913043478
CIRC_00435,JPN,2008,45.9035087719298
CIRC_00436,JPN,2008,19.9732142857143
CIRC_00437,JPN,2008,19.2207792207792
CIRC_00438,JPN,2008,29.9565217391305
CIRC_00439,JPN,2008,60.1549295774648
CIRC_00440,JPN,2008,60.6
CIRC_00441,JPN,2008,50.8727272727273
CIRC_00442,JPN,2008,63
CIRC_00443,JPN,2008,54.0153846153846
CIRC_00444,JPN,2008,60.9320388349515
CIRC_00445,JPN,2008,29.1217391304348
CIRC_00446,JPN,2008,63
CIRC_00447,KEN,2008,0
CIRC_00448,KEN,2008,3.79569892473118
CIRC_00449,KEN,2008,56.5463917525773
CIRC_00450,KEN,2008,0
CIRC_00451,XKO,2008,3.08943089430894
CIRC_00452,XKO,2008,42.848
CIRC_00453,XKO,2008,6.49193548387097
CIRC_00454,XKO,2008,40.9920634920635
CIRC_00455,XKO,2008,1.2
CIRC_00456,KWT,2008,63
CIRC_00457,KWT,2008,29.0476190476191
CIRC_00458,KGZ,2008,1.14173228346457
CIRC_00459,KGZ,2008,25.0540540540541
CIRC_00460,KGZ,2008,60.0322580645161
CIRC_00461,KGZ,2008,7.7479674796748
CIRC_00462,KGZ,2008,5.52032520325203
CIRC_00463,KGZ,2008,0.888888888888889
CIRC_00464,KGZ,2008,5.54761904761905
CIRC_00465,KAZ,2008,10.2945736434108
CIRC_00466,KAZ,2008,61.9047619047619
CIRC_00467,LAO,2008,27.4444444444444
CIRC_00468,THA,2008,29.0285714285714
CIRC_00469,LAO,2008,0
CIRC_00470,LAO,2008,2.47916666666667
CIRC_00471,LAO,2008,0
CIRC_00472,LVA,2008,61.3720930232558
CIRC_00473,LVA,2008,2.14184397163121
CIRC_00474,RUS,2008,0
CIRC_00475,LVA,2008,33.7176470588235
CIRC_00476,LVA,2008,5
CIRC_00477,LVA,2008,0.514792899408284
CIRC_00478,LVA,2008,0
CIRC_00479,USA,2008,61.4224137931035
CIRC_00480,LBR,2008,0
CIRC_00481,LBR,2008,0.466666666666667
CIRC_00482,LBR,2008,0
CIRC_00483,LBR,2008,0
CIRC_00484,LBR,2008,0
CIRC_00485,LBR,2008,0
CIRC_00486,LBR,2008,0
CIRC_00487,LBR,2008,23.7631578947368
CIRC_00488,LBN,2008,38.0810810810811
CIRC_00489,LBN,2008,42.3805309734514
CIRC_00490,LBN,2008,51.3275862068966
CIRC_00491,LBN,2008,46.1044776119403
CIRC_00492,LBN,2008,62.2068965517241
CIRC_00493,LBN,2008,61.7391304347826
CIRC_00494,LBN,2008,49.5135135135135
CIRC_00495,LSO,2008,0.306306306306306
CIRC_00496,LSO,2008,1.45283018867925
CIRC_00497,LSO,2008,6.41666666666667
CIRC_00498,LSO,2008,2.42307692307692
CIRC_00499,LSO,2008,2.95833333333333
CIRC_00500,LSO,2008,44.4415584415584
CIRC_00501,LSO,2008,3.48780487804878
CIRC_00502,LSO,2008,0
CIRC_00503,LBY,2008,31.5803571428571
CIRC_00504,LBY,2008,43.8165137614679
CIRC_00505,LBY,2008,62.9558823529412
CIRC_00506,LBY,2008,62.2666666666667
CIRC_00507,LBY,2008,31.0298507462687
CIRC_00508,LBY,2008,19.5840707964602
CIRC_00509,LBY,2008,62.9705882352941
CIRC_00510,LBY,2008,55.3055555555556
CIRC_00511,LTU,2008,53.3395061728395
CIRC_00512,LTU,2008,12.7278106508876
CIRC_00513,LTU,2008,19.3869047619048
CIRC_00514,LTU,2008,58.0434782608696
CIRC_00515,LTU,2008,51.0859375
CIRC_00516,LUX,2008,25.1666666666667
CIRC_00517,LUX,2008,11.8041958041958
CIRC_00518,LUX,2008,56.3972602739726
CIRC_00519,LUX,2008,49.8888888888889
CIRC_00520,MRT,2008,0
CIRC_00521,MRT,2008,52.5876288659794
CIRC_00522,MRT,2008,0
CIRC_00523,MRT,2008,0
CIRC_00524,MRT,2008,0
CIRC_00525,MRT,2008,0
CIRC_00526,MKD,2008,18.625
CIRC_00527,BIH,2008,43.0077519379845
CIRC_00528,MKD,2008,56.648
CIRC_00529,MKD,2008,4.64566929133858
CIRC_00530,MKD,2008,6.15573770491803
CIRC_00531,MKD,2008,20.5327868852459
CIRC_00532,MKD,2008,28.736
CIRC_00533,MDG,2008,0
CIRC_00534,MDG,2008,0
CIRC_00535,MDG,2008,6.24
CIRC_00536,MDG,2008,0
CIRC_00537,MDG,2008,7.20618556701031
CIRC_00538,MDG,2008,0
CIRC_00539,MYS,2008,51.0108695652174
CIRC_00540,MYS,2008,47.2
CIRC_00541,MYS,2008,10.4021739130435
CIRC_00542,MYS,2008,53.3239436619718
CIRC_00543,MYS,2008,0
CIRC_00544,MYS,2008,52.436170212766
CIRC_00545,MUS,2008,41.9285714285714
CIRC_00546,MUS,2008,37.0531914893617
CIRC_00547,MUS,2008,31.7959183673469
CIRC_00548,MWI,2008,8.2680412371134
CIRC_00549,MWI,2008,0
CIRC_00550,MWI,2008,1.79166666666667
CIRC_00551,MWI,2008,0.144329896907217
CIRC_00552,MWI,2008,0
CIRC_00553,MWI,2008,49.4591836734694
CIRC_00554,MEX,2008,63
CIRC_00555,MEX,2008,61.020618556701
CIRC_00556,MEX,2008,25.3163265306123
CIRC_00557,MEX,2008,4.28125
CIRC_00558,MDA,2008,0.171428571428572
CIRC_00559,MDA,2008,0.307142857142857
CIRC_00560,MDA,2008,0
CIRC_00561,RUS,2008,0
CIRC_00562,MDA,2008,4.56934306569343
CIRC_00563,MDA,2008,1.28676470588235
CIRC_00564,MDA,2008,2.35766423357664
CIRC_00565,MDA,2008,1.08208955223881
CIRC_00566,MDA,2008,55.7299270072993
CIRC_00567,MDA,2008,1.92805755395683
CIRC_00568,MDA,2008,3.44761904761905
CIRC_00569,MDA,2008,3.28467153284672
CIRC_00570,MDA,2008,0.411764705882353
CIRC_00571,MDA,2008,1.99270072992701
CIRC_00572,MDA,2008,52.3432835820896
CIRC_00573,MDA,2008,1.62809917355372
CIRC_00574,MDA,2008,5.59712230215827
CIRC_00575,MLI,2008,14.0526315789474
CIRC_00576,MLI,2008,9.24210526315789
CIRC_00577,MLI,2008,0
CIRC_00578,MLI,2008,9.92631578947368
CIRC_00579,MLI,2008,11.7578947368421
CIRC_00580,MLI,2008,0
CIRC_00581,MLI,2008,6.80645161290323
CIRC_00582,MLT,2008,61.588785046729
CIRC_00583,MLT,2008,62.0212765957447
CIRC_00584,MLT,2008,61.6304347826087
CIRC_00585,MLT,2008,62.1475409836066
CIRC_00586,MNG,2008,0
CIRC_00587,MNG,2008,0
CIRC_00588,MNG,2008,0
CIRC_00589,MNG,2008,51.6788321167883
CIRC_00590,MNG,2008,0
CIRC_00591,MAR,2008,62.0595238095238
CIRC_00592,MMR,2008,37.8673469387755
CIRC_00593,MMR,2008,3.22448979591837
CIRC_00594,MMR,2008,0
CIRC_00595,MMR,2008,57.0681818181818
CIRC_00596,MMR,2008,12.9393939393939
CIRC_00597,MOZ,2008,0
CIRC_00598,MOZ,2008,0
CIRC_00599,MOZ,2008,0
CIRC_00600,NAM,2008,2.63917525773196
CIRC_00601,NAM,2008,0
CIRC_00602,NAM,2008,15.3877551020408
CIRC_00603,NPL,2008,50.7452830188679
CIRC_00604,IND,2008,53.375
CIRC_00605,IND,2008,11.7692307692308
CIRC_00606,NPL,2008,0
CIRC_00607,NPL,2008,0
CIRC_00608,NPL,2008,0
CIRC_00609,NPL,2008,5.26923076923077
CIRC_00610,NPL,2008,3.39393939393939
CIRC_00611,NPL,2008,0.118811881188119
CIRC_00612,NPL,2008,0
CIRC_00613,NPL,2008,0
CIRC_00614,NPL,2008,13.6116504854369
CIRC_00615,NPL,2008,0
CIRC_00616,NZL,2008,22.2337662337662
CIRC_00617,NZL,2008,20.8717948717949
CIRC_00618,NZL,2008,2.84057971014493
CIRC_00619,NZL,2008,8.27611940298507
CIRC_00620,NZL,2008,1.8
CIRC_00621,NZL,2008,61.4520547945206
CIRC_00622,NZL,2008,0.786764705882353
CIRC_00623,NZL,2008,48.3391304347826
CIRC_00624,NZL,2008,22.1239669421488
CIRC_00625,NZL,2008,59.6356589147287
CIRC_00626,NIC,2008,1.6
CIRC_00627,NIC,2008,11.2421052631579
CIRC_00628,NIC,2008,58.4210526315789
CIRC_00629,NIC,2008,21.3111111111111
CIRC_00630,NGA,2008,23.8510638297872
CIRC_00631,NGA,2008,57.3295454545455
CIRC_00632,NGA,2008,52.2526315789474
CIRC_00633,NGA,2008,30.8297872340426
CIRC_00634,NGA,2008,28.2947368421053
CIRC_00635,NGA,2008,11.010989010989
CIRC_00636,NGA,2008,4.67368421052631
CIRC_00637,NER,2008,0.875
CIRC_00638,NER,2008,13.5670103092784
CIRC_00639,NER,2008,2.125
CIRC_00640,NER,2008,43.2340425531915
CIRC_00641,NER,2008,1.5
CIRC_00642,NER,2008,0
CIRC_00643,NER,2008,0
CIRC_00644,NER,2008,0
CIRC_00645,NER,2008,0
CIRC_00646,NOR,2008,39.4671532846715
CIRC_00647,NOR,2008,55.1318681318681
CIRC_00648,NOR,2008,59.5987654320988
CIRC_00649,NOR,2008,36.31
CIRC_00650,NOR,2008,10.9016393442623
CIRC_00651,NOR,2008,62.1958041958042
CIRC_00652,NOR,2008,48.8675496688742
CIRC_00653,NLD,2008,62.6688741721854
CIRC_00654,NLD,2008,22.9205298013245
CIRC_00655,NLD,2008,21.4632352941176
CIRC_00656,NLD,2008,61.6993006993007
CIRC_00657,OMN,2008,58.1649484536083
CIRC_00658,OMN,2008,57.4675324675325
CIRC_00659,PAK,2008,62.6063829787234
CIRC_00660,PAK,2008,6.23076923076923
CIRC_00661,PAK,2008,62.9622641509434
CIRC_00662,PAK,2008,8.51923076923077
CIRC_00663,PAK,2008,22.1981132075472
CIRC_00664,IND,2008,63
CIRC_00665,PAK,2008,58.2990654205608
CIRC_00666,PAK,2008,0.226086956521739
CIRC_00667,PAK,2008,62.8125
CIRC_00668,PAK,2008,4.02803738317757
CIRC_00669,PAN,2008,61.5172413793103
CIRC_00670,PAN,2008,0.521276595744681
CIRC_00671,PAN,2008,22.195652173913
CIRC_00672,PRY,2008,0.864077669902913
CIRC_00673,PRY,2008,59.156862745098
CIRC_00674,PRY,2008,11.0388349514563
CIRC_00675,PRY,2008,0.152380952380952
CIRC_00676,PRY,2008,52.4333333333333
CIRC_00677,PER,2008,62.7578947368421
CIRC_00678,PER,2008,38.65625
CIRC_00679,PER,2008,1.92783505154639
CIRC_00680,PER,2008,62.5
CIRC_00681,PER,2008,21.2150537634409
CIRC_00682,PER,2008,1.89795918367347
CIRC_00683,PHL,2008,0
CIRC_00684,PHL,2008,7.39325842696629
CIRC_00685,PHL,2008,62.6315789473684
CIRC_00686,PHL,2008,62.979381443299
CIRC_00687,PHL,2008,62.8977272727273
CIRC_00688,PHL,2008,1.31521739130435
CIRC_00689,PHL,2008,62.8115942028986
CIRC_00690,PNG,2008,0
CIRC_00691,PNG,2008,0
CIRC_00692,PNG,2008,0
CIRC_00693,PNG,2008,32.3516483516484
CIRC_00694,PNG,2008,0
CIRC_00695,PNG,2008,4.77941176470588
CIRC_00696,PNG,2008,0
CIRC_00697,PNG,2008,0
CIRC_00698,POL,2008,6.96666666666667
CIRC_00699,POL,2008,4.96103896103896
CIRC_00700,POL,2008,12.4875
CIRC_00701,POL,2008,62.9801324503311
CIRC_00702,POL,2008,10.3378378378378
CIRC_00703,POL,2008,11.9240506329114
CIRC_00704,POL,2008,42.041095890411
CIRC_00705,POL,2008,62.7083333333333
CIRC_00706,POL,2008,54.2214285714286
CIRC_00707,PRT,2008,62.875
CIRC_00708,PRT,2008,41.424778761062
CIRC_00709,PRK,2008,27.8067226890756
CIRC_00710,RUS,2008,2.02797202797203
CIRC_00711,QAT,2008,63
CIRC_00712,KOR,2008,38.1016949152542
CIRC_00713,KOR,2008,32.6442307692308
CIRC_00714,KOR,2008,3.76595744680851
CIRC_00715,KOR,2008,52.719298245614
CIRC_00716,JPN,2008,63
CIRC_00717,KOR,2008,62.7333333333333
CIRC_00718,KOR,2008,63
CIRC_00719,KOR,2008,22.6603773584906
CIRC_00720,KOR,2008,63
CIRC_00721,ROU,2008,61.8549618320611
CIRC_00722,ROU,2008,33.5267175572519
CIRC_00723,UKR,2008,17.1893939393939
CIRC_00724,ROU,2008,0.88970588235294
CIRC_00725,ROU,2008,6.55072463768116
CIRC_00726,ROU,2008,43.8283582089552
CIRC_00727,ROU,2008,13.5338345864662
CIRC_00728,ROU,2008,32.1079136690648
CIRC_00729,ROU,2008,12.0300751879699
CIRC_00730,ROU,2008,25.4573643410853
CIRC_00731,ROU,2008,44.2573529411765
CIRC_00732,RUS,2008,4.07518796992481
CIRC_00733,RUS,2008,2.17703349282296
CIRC_00734,RUS,2008,63
CIRC_00735,RWA,2008,7.45901639344262
CIRC_00736,RWA,2008,2.42391304347826
CIRC_00737,RWA,2008,0
CIRC_00738,ZAF,2008,63
CIRC_00739,ZAF,2008,0.0892857142857143
CIRC_00740,ZAF,2008,0
CIRC_00741,ZAF,2008,62.55
CIRC_00742,ZAF,2008,4.20952380952381
CIRC_00743,ZAF,2008,62.8217821782178
CIRC_00744,SLV,2008,58.3870967741936
CIRC_00745,SLV,2008,33.9270833333333
CIRC_00746,SLV,2008,6.97894736842106
CIRC_00747,SLV,2008,6.76288659793814
CIRC_00748,SLV,2008,5.22680412371134
CIRC_00749,SAU,2008,63
CIRC_00750,SEN,2008,0
CIRC_00751,SEN,2008,5.34693877551021
CIRC_00752,SEN,2008,0
CIRC_00753,SRB,2008,62.6796875
CIRC_00754,SRB,2008,23.736
CIRC_00755,XKO,2008,26.2301587301587
CIRC_00756,SLE,2008,0
CIRC_00757,SLE,2008,27.1428571428572
CIRC_00758,SLE,2008,0
CIRC_00759,SLE,2008,0
CIRC_00760,SLE,2008,0
CIRC_00761,SLE,2008,1.65555555555556
CIRC_00762,SGP,2008,62.8513513513514
CIRC_00763,SGP,2008,62.9456521739131
CIRC_00764,SVK,2008,26.3776223776224
CIRC_00765,SVK,2008,6.52112676056338
CIRC_00766,SVK,2008,9.67605633802817
CIRC_00767,SVK,2008,20.3829787234043
CIRC_00768,SVK,2008,9.86330935251799
CIRC_00769,SVK,2008,38.3884892086331
CIRC_00770,SVK,2008,5.25961538461538
CIRC_00771,SVN,2008,4.63235294117647
CIRC_00772,SVN,2008,6.59842519685039
CIRC_00773,SVN,2008,28.2814814814815
CIRC_00774,SVN,2008,53.437037037037
CIRC_00775,SVN,2008,14.7557251908397
CIRC_00776,SVN,2008,10.2388059701493
CIRC_00777,SVN,2008,24.2528735632184
CIRC_00778,SLB,2008,0
CIRC_00779,SLB,2008,0
CIRC_00780,SLB,2008,0
CIRC_00781,SLB,2008,0
CIRC_00782,SLB,2008,0
CIRC_00783,SLB,2008,0
CIRC_00784,SLB,2008,0
CIRC_00785,SLB,2008,0
CIRC_00786,ETH,2008,0
CIRC_00787,SOM,2008,0
CIRC_00788,SOM,2008,8.52830188679245
CIRC_00789,ESP,2008,62.957264957265
CIRC_00790,ESP,2008,63
CIRC_00791,ESP,2008,60.3790322580645
CIRC_00792,ESP,2008,50.0081967213115
CIRC_00793,LKA,2008,61.55
CIRC_00794,LKA,2008,12.8526315789474
CIRC_00795,LKA,2008,6.2258064516129
CIRC_00796,LKA,2008,24.3936170212766
CIRC_00797,LKA,2008,13.659793814433
CIRC_00798,SSD,2008,0
CIRC_00799,SDN,2008,5.36274509803922
CIRC_00800,SDN,2008,0
CIRC_00801,SUR,2008,39.8131868131868
CIRC_00802,SUR,2008,0
CIRC_00803,SUR,2008,8.42222222222222
CIRC_00804,SUR,2008,14.2474226804124
CIRC_00805,SWZ,2008,32.4903846153846
CIRC_00806,SWE,2008,40.7168674698795
CIRC_00807,SWE,2008,45.1214285714286
CIRC_00808,SWE,2008,12.4972375690608
CIRC_00809,SWE,2008,62.4085365853659
CIRC_00810,SWE,2008,45.120218579235
CIRC_00811,SWE,2008,42.4096385542169
CIRC_00812,CHE,2008,43.2279411764706
CIRC_00813,CHE,2008,33.2330827067669
CIRC_00814,CHE,2008,39.9776119402985
CIRC_00815,CHE,2008,8.2910447761194
CIRC_00816,CHE,2008,59.7888888888889
CIRC_00817,CHE,2008,25.1240875912409
CIRC_00818,CHE,2008,29.4728682170543
CIRC_00819,CHE,2008,26.3259259259259
CIRC_00820,CHE,2008,45.5777777777778
CIRC_00821,CHE,2008,19.0652173913043
CIRC_00822,CHE,2008,43.7205882352941
CIRC_00823,CHE,2008,33.7426470588235
CIRC_00824,CHE,2008,23.1386861313869
CIRC_00825,CHE,2008,22.7328244274809
CIRC_00826,CHE,2008,43.0579710144928
CIRC_00827,CHE,2008,28.2028985507246
CIRC_00828,CHE,2008,38.6444444444445
CIRC_00829,CHE,2008,11.7737226277372
CIRC_00830,CHE,2008,21.6287878787879
CIRC_00831,CHE,2008,23.8923076923077
CIRC_00832,CHE,2008,18.3941605839416
CIRC_00833,SYR,2008,25.6637931034483
CIRC_00834,SYR,2008,62.5495495495496
CIRC_00835,TJK,2008,6
CIRC_00836,TJK,2008,28.7213114754098
CIRC_00837,TJK,2008,0
CIRC_00838,TJK,2008,19.1034482758621
CIRC_00839,TWN,2008,36.4520547945205
CIRC_00840,TWN,2008,36.42
CIRC_00841,HKG,2008,63
CIRC_00842,TWN,2008,62.4803921568628
CIRC_00843,TZA,2008,0
CIRC_00844,TZA,2008,0
CIRC_00845,TZA,2008,0
CIRC_00846,TZA,2008,0
CIRC_00847,TZA,2008,0.432432432432433
CIRC_00848,THA,2008,62.8947368421053
CIRC_00849,THA,2008,62.8617021276596
CIRC_00850,THA,2008,62.7708333333333
CIRC_00851,THA,2008,19.7021276595745
CIRC_00852,THA,2008,43.7395833333333
CIRC_00853,THA,2008,62.8279569892473
CIRC_00854,THA,2008,12.7113402061856
CIRC_00855,THA,2008,16.2680412371134
CIRC_00856,THA,2008,6.53684210526316
CIRC_00857,GBR,2008,62.8036809815951
CIRC_00858,THA,2008,52.4947368421053
CIRC_00859,TKM,2008,53.0578512396694
CIRC_00860,TKM,2008,26.6134453781513
CIRC_00861,TKM,2008,62.8869565217391
CIRC_00862,TGO,2008,1.60215053763441
CIRC_00863,TGO,2008,4.46052631578947
CIRC_00864,TGO,2008,0
CIRC_00865,TTO,2008,46.016393442623
CIRC_00866,TTO,2008,61.8656716417911
CIRC_00867,TTO,2008,42.7578947368421
CIRC_00868,TTO,2008,15.6216216216216
CIRC_00869,TTO,2008,29.3908045977011
CIRC_00870,TUN,2008,61.6533333333333
CIRC_00871,TUN,2008,16.0642201834862
CIRC_00872,TUN,2008,62.1720430107527
CIRC_00873,TUN,2008,24.904347826087
CIRC_00874,TUN,2008,61.3863636363636
CIRC_00875,TUN,2008,18.4
CIRC_00876,TUN,2008,35.7733333333333
CIRC_00877,TUR,2008,38.175
CIRC_00878,TUR,2008,62.8153846153846
CIRC_00879,TUR,2008,7.52586206896551
CIRC_00880,TUR,2008,62.551724137931
CIRC_00881,TUR,2008,17.2272727272727
CIRC_00882,TUR,2008,61.6694214876033
CIRC_00883,TUR,2008,62.967032967033
CIRC_00884,ARE,2008,60.1190476190476
CIRC_00885,ARE,2008,62.9117647058824
CIRC_00886,UGA,2008,0
CIRC_00887,GBR,2008,29.158940397351
CIRC_00888,GBR,2008,18.5616438356164
CIRC_00889,GBR,2008,62.4315068493151
CIRC_00890,GBR,2008,45.6909090909091
CIRC_00891,GBR,2008,42.9885057471264
CIRC_00892,USA,2008,63
CIRC_00893,GBR,2008,50.6688741721854
CIRC_00894,GBR,2008,60.9389312977099
CIRC_00895,UKR,2008,0.530612244897959
CIRC_00896,UKR,2008,4.9671052631579
CIRC_00897,UKR,2008,1.21476510067114
CIRC_00898,UKR,2008,27.4
CIRC_00899,UKR,2008,59.7872340425532
CIRC_00900,UKR,2008,7.53846153846154
CIRC_00901,UKR,2008,59.2101449275362
CIRC_00902,URY,2008,61.75
CIRC_00903,URY,2008,61.2417582417583
CIRC_00904,USA,2008,58.6031746031746
CIRC_00905,USA,2008,30.8521739130435
CIRC_00906,USA,2008,61.5877192982456
CIRC_00907,USA,2008,61.5396825396825
CIRC_00908,USA,2008,62.5862068965517
CIRC_00909,USA,2008,53.8064516129032
CIRC_00910,UZB,2008,48.0330578512397
CIRC_00911,UZB,2008,62.258064516129
CIRC_00912,UZB,2008,9.5126050420168
CIRC_00913,VEN,2008,24.0947368421053
CIRC_00914,VEN,2008,16.2666666666667
CIRC_00915,VEN,2008,2.61855670103093
CIRC_00916,VEN,2008,19.8461538461539
CIRC_00917,VEN,2008,62.9021739130435
CIRC_00918,YEM,2008,11.125
CIRC_00919,YEM,2008,1.14893617021277
CIRC_00920,YEM,2008,6.58762886597938
CIRC_00921,SRB,2008,32.7421875
CIRC_00922,MNE,2008,18.1896551724138
CIRC_00923,ZMB,2008,1.53846153846154
CIRC_00924,ZMB,2008,46.2842105263158
CIRC_00925,ZMB,2008,24.6666666666667
CIRC_00926,ZWE,2008,0
CIRC_00927,ZMB,2008,0
CIRC_00928,ZMB,2008,23.8
CIRC_00929,ZMB,2008,35.2604166666667
CIRC_00930,ZMB,2008,0
CIRC_00931,ZWE,2008,0
CIRC_00932,ZWE,2008,5.11340206185567
CIRC_00933,COM,2008,0.584415584415585
CIRC_00934,MDV,2008,43.6666666666667
CIRC_00935,SAU,2008,63
CIRC_00936,ISR,2008,62.1574074074074
CIRC_00937,COM,2008,0
CIRC_00938,COM,2008,0.533333333333333
CIRC_00941,LBY,2008,62.9538461538462
CIRC_00942,SGP,2008,63
CIRC_00943,MKD,2008,55.4262295081967
CIRC_00945,QAT,2008,63
CIRC_00946,MDA,2008,3.23484848484849
CIRC_00947,SGP,2008,62.9294117647059
CIRC_00948,LSO,2008,2.40566037735849
CIRC_00949,MDA,2008,0
CIRC_00950,COM,2008,0
CIRC_00951,LSO,2008,0
CIRC_00952,MUS,2008,49.2432432432433
CIRC_00953,ISR,2008,62.9722222222222
CIRC_00954,TKM,2008,54.1565217391304
CIRC_00955,LBY,2008,31.1363636363636
CIRC_00956,ISR,2008,52.9821428571429
CIRC_00957,MUS,2008,34.7835051546392
CIRC_00958,GTM,2008,62.6907216494845
CIRC_00959,MDA,2008,4.52898550724638
CIRC_00960,ISR,2008,63
CIRC_00961,SSD,2008,0
CIRC_00962,CYP,2008,60.36
CIRC_00964,LSO,2008,46.8253968253968
CIRC_00965,MDA,2008,1.27737226277372
CIRC_00001,AFG,2009,3.31858407079646
CIRC_00002,AFG,2009,56.9732142857143
CIRC_00003,AFG,2009,0
CIRC_00004,AFG,2009,0
CIRC_00005,AFG,2009,11.3611111111111
CIRC_00006,AFG,2009,0
CIRC_00007,AFG,2009,0
CIRC_00008,ALB,2009,20.2258064516129
CIRC_00009,ALB,2009,0.0689655172413793
CIRC_00010,ALB,2009,47.4508196721311
CIRC_00011,ALB,2009,1.71666666666667
CIRC_00012,DZA,2009,6.19469026548673
CIRC_00013,DZA,2009,41.1130434782609
CIRC_00014,DZA,2009,15.3478260869565
CIRC_00015,DZA,2009,46.9912280701754
CIRC_00016,MAR,2009,52.9035087719298
CIRC_00017,DZA,2009,4.78947368421053
CIRC_00018,DZA,2009,26.4864864864865
CIRC_00019,AGO,2009,61.9019607843137
CIRC_00020,AGO,2009,48.2916666666667
CIRC_00021,ARG,2009,7.14018691588785
CIRC_00022,ARG,2009,62.9908256880734
CIRC_00023,ARG,2009,17.8173076923077
CIRC_00024,ARG,2009,54.2545454545455
CIRC_00025,ARG,2009,63
CIRC_00026,ARG,2009,38.6666666666667
CIRC_00027,ARG,2009,60.9565217391304
CIRC_00028,ARG,2009,44.7739130434783
CIRC_00029,ARG,2009,62.8539325842697
CIRC_00030,ARG,2009,62.9302325581395
CIRC_00031,SYR,2009,5.53913043478261
CIRC_00032,AZE,2009,15.5123966942149
CIRC_00033,ARM,2009,60.9918699186992
CIRC_00034,ARM,2009,61.3445378151261
CIRC_00035,ARM,2009,2.66949152542373
CIRC_00036,AUS,2009,4.82051282051282
CIRC_00037,AUS,2009,62.9651162790698
CIRC_00038,AUS,2009,18.6
CIRC_00039,GBR,2009,45.1489361702128
CIRC_00040,GBR,2009,63
CIRC_00041,AUS,2009,62.8295454545455
CIRC_00042,AUT,2009,62.8571428571429
CIRC_00043,AUT,2009,51.1911764705882
CIRC_00044,AUT,2009,30.6170212765957
CIRC_00045,AUT,2009,5.48936170212766
CIRC_00046,AUT,2009,60.3021582733813
CIRC_00047,AUT,2009,62.7122302158274
CIRC_00048,AUT,2009,12.7769784172662
CIRC_00049,CHE,2009,26.2846715328467
CIRC_00050,AZE,2009,62.3456790123457
CIRC_00051,AZE,2009,0
CIRC_00052,AZE,2009,62.3333333333333
CIRC_00053,AZE,2009,29.4274193548387
CIRC_00054,BHR,2009,58.2982456140351
CIRC_00055,BHR,2009,63
CIRC_00056,BRB,2009,56.7625
CIRC_00057,BRB,2009,20.4342105263158
CIRC_00058,BRB,2009,28.9166666666667
CIRC_00059,BRB,2009,25.6458333333333
CIRC_00060,BEL,2009,40.3733333333333
CIRC_00061,FRA,2009,62.6062992125984
CIRC_00062,BEL,2009,53.4895104895105
CIRC_00063,BEL,2009,45.3956043956044
CIRC_00064,BEL,2009,61.510067114094
CIRC_00065,BEL,2009,47.3958333333334
CIRC_00066,BEL,2009,48.2380952380952
CIRC_00067,BEL,2009,61.9387755102041
CIRC_00068,BEL,2009,59.8972602739726
CIRC_00069,BEN,2009,0
CIRC_00070,TGO,2009,51.1111111111111
CIRC_00071,BEN,2009,0
CIRC_00072,BEN,2009,5.8804347826087
CIRC_00073,BFA,2009,59.9684210526316
CIRC_00074,BFA,2009,4.48936170212766
CIRC_00075,BFA,2009,2.08421052631579
CIRC_00076,BFA,2009,59.8791208791209
CIRC_00077,BFA,2009,1.15625
CIRC_00078,BHS,2009,60.7283950617284
CIRC_00079,BHS,2009,48.1794871794872
CIRC_00080,BHS,2009,58.6129032258064
CIRC_00081,BTN,2009,17.712962962963
CIRC_00082,BTN,2009,0
CIRC_00083,BTN,2009,1.88461538461538
CIRC_00084,BTN,2009,7.79807692307692
CIRC_00085,BTN,2009,1.21359223300971
CIRC_00086,BTN,2009,0
CIRC_00087,BLR,2009,62.5962732919255
CIRC_00088,BLR,2009,2.65806451612903
CIRC_00089,BLR,2009,6.59119496855346
CIRC_00090,BLZ,2009,39.7142857142857
CIRC_00091,BLZ,2009,13.9183673469388
CIRC_00092,BLZ,2009,15.2525252525253
CIRC_00093,IND,2009,6.99038461538462
CIRC_00094,BGD,2009,0
CIRC_00095,BGD,2009,0.0297029702970297
CIRC_00096,IND,2009,13.1456310679612
CIRC_00097,BGD,2009,2.03960396039604
CIRC_00098,BGD,2009,17.95
CIRC_00099,BGD,2009,4.74038461538462
CIRC_00100,BOL,2009,61.5
CIRC_00101,BOL,2009,61.9587628865979
CIRC_00102,BOL,2009,60.9895833333333
CIRC_00103,BOL,2009,0
CIRC_00104,BOL,2009,0.78125
CIRC_00105,BIH,2009,2.54887218045113
CIRC_00106,BIH,2009,19.3307692307692
CIRC_00107,HRV,2009,7.05645161290323
CIRC_00108,BIH,2009,14.3412698412698
CIRC_00109,BIH,2009,52.1679389312977
CIRC_00110,BIH,2009,4.768
CIRC_00111,BIH,2009,17.4772727272727
CIRC_00112,BIH,2009,32.8759689922481
CIRC_00113,BIH,2009,10.741935483871
CIRC_00114,BIH,2009,16.3178294573643
CIRC_00115,BIH,2009,10.2307692307692
CIRC_00116,BIH,2009,1.82945736434109
CIRC_00117,BIH,2009,40.796875
CIRC_00118,BIH,2009,8.3968253968254
CIRC_00119,BIH,2009,15.2153846153846
CIRC_00120,BWA,2009,11.843137254902
CIRC_00121,BWA,2009,0
CIRC_00122,GBR,2009,61.0699300699301
CIRC_00123,BWA,2009,5.3921568627451
CIRC_00124,BRA,2009,17.2857142857143
CIRC_00125,BRA,2009,62.9583333333333
CIRC_00126,BRA,2009,54.6464646464647
CIRC_00127,BRA,2009,11.9894736842105
CIRC_00128,BRA,2009,62.3958333333333
CIRC_00129,BRA,2009,33.2
CIRC_00130,BRA,2009,3.45631067961165
CIRC_00131,BRN,2009,53.3595505617978
CIRC_00132,BDI,2009,0
CIRC_00133,BDI,2009,0
CIRC_00134,BDI,2009,29.1702127659575
CIRC_00135,BDI,2009,0
CIRC_00136,BDI,2009,0
CIRC_00137,BDI,2009,2.97727272727273
CIRC_00138,BDI,2009,0
CIRC_00139,BDI,2009,0
CIRC_00140,BGR,2009,0.908396946564886
CIRC_00141,RUS,2009,63
CIRC_00142,BGR,2009,0.8359375
CIRC_00143,BGR,2009,61.4126984126984
CIRC_00144,BGR,2009,11.352
CIRC_00145,BGR,2009,48.816
CIRC_00146,UKR,2009,28.5833333333333
CIRC_00147,BGR,2009,22.5275590551181
CIRC_00148,USA,2009,63
CIRC_00149,BGR,2009,15.952
CIRC_00150,BGR,2009,19.4274193548387
CIRC_00151,BGR,2009,5
CIRC_00152,BGR,2009,9.232
CIRC_00153,BGR,2009,29.6976744186046
CIRC_00154,KHM,2009,0
CIRC_00155,KHM,2009,52.7634408602151
CIRC_00156,KHM,2009,0
CIRC_00157,CAN,2009,53.25
CIRC_00158,CAN,2009,25.8461538461538
CIRC_00159,CAN,2009,50.0740740740741
CIRC_00160,CAN,2009,62.9509803921569
CIRC_00161,CAN,2009,63
CIRC_00162,CAN,2009,63
CIRC_00163,CMR,2009,2.76595744680851
CIRC_00164,CPV,2009,0.247422680412371
CIRC_00165,CPV,2009,19.1864406779661
CIRC_00166,CPV,2009,2.79381443298969
CIRC_00167,CPV,2009,21.4421052631579
CIRC_00168,CIV,2009,39.945652173913
CIRC_00169,CIV,2009,0
CIRC_00170,CIV,2009,0
CIRC_00171,CIV,2009,19.8617021276596
CIRC_00172,CIV,2009,12.6086956521739
CIRC_00173,CAF,2009,17.6210526315789
CIRC_00174,CAF,2009,0
CIRC_00175,GAB,2009,5.95744680851064
CIRC_00176,CAF,2009,0.0434782608695652
CIRC_00177,CAF,2009,0
CIRC_00178,TCD,2009,40.3661971830986
CIRC_00179,TCD,2009,1.9
CIRC_00180,TCD,2009,0
CIRC_00181,TCD,2009,41.25
CIRC_00182,CHL,2009,55.5384615384615
CIRC_00183,CHL,2009,58.9156626506024
CIRC_00184,CHL,2009,63
CIRC_00185,CHL,2009,49.3047619047619
CIRC_00186,CHN,2009,24.5092592592593
CIRC_00187,CHN,2009,56.7314814814815
CIRC_00188,CHN,2009,49.5188679245283
CIRC_00189,CHN,2009,62.8360655737705
CIRC_00190,COL,2009,58.9574468085106
CIRC_00191,COL,2009,53.8977272727273
CIRC_00192,COL,2009,59.436170212766
CIRC_00193,COL,2009,61.1808510638298
CIRC_00194,COL,2009,5.37894736842105
CIRC_00195,MDG,2009,15.5945945945946
CIRC_00196,FRA,2009,6.93984962406015
CIRC_00197,COM,2009,0
CIRC_00198,COM,2009,0.127659574468085
CIRC_00199,COM,2009,0
CIRC_00200,COM,2009,0.0779220779220781
CIRC_00201,COM,2009,2.12962962962963
CIRC_00202,COM,2009,0.39622641509434
CIRC_00203,COG,2009,6.04444444444444
CIRC_00204,COG,2009,0
CIRC_00205,CRI,2009,60.5789473684211
CIRC_00206,NIC,2009,14.5851063829787
CIRC_00207,CRI,2009,62.8762886597938
CIRC_00208,CRI,2009,62.9574468085106
CIRC_00209,HRV,2009,24.9923664122137
CIRC_00210,HRV,2009,62.6814814814815
CIRC_00211,HRV,2009,10.6466165413534
CIRC_00212,HRV,2009,52.7464788732394
CIRC_00213,CUB,2009,0.95959595959596
CIRC_00214,CUB,2009,6.46464646464647
CIRC_00215,XNC,2009,37.2622950819672
CIRC_00216,XNC,2009,60.1454545454546
CIRC_00217,XNC,2009,25.1391304347826
CIRC_00218,CYP,2009,7.52631578947368
CIRC_00219,CYP,2009,45.1
CIRC_00220,SVK,2009,10.1764705882353
CIRC_00221,CZE,2009,51.9507042253521
CIRC_00222,CZE,2009,62.5428571428571
CIRC_00223,CZE,2009,25.9166666666667
CIRC_00224,CZE,2009,33.013698630137
CIRC_00225,CZE,2009,51.0928571428571
CIRC_00226,CZE,2009,17.3695652173913
CIRC_00227,CZE,2009,31.1830985915493
CIRC_00228,CZE,2009,57.0821917808219
CIRC_00229,CZE,2009,18.0839160839161
CIRC_00230,SVK,2009,60.1259842519685
CIRC_00231,CZE,2009,14.7801418439716
CIRC_00232,DNK,2009,11.6041666666667
CIRC_00233,DNK,2009,35.4666666666667
CIRC_00234,DNK,2009,2.15384615384615
CIRC_00235,DNK,2009,31.4129032258065
CIRC_00236,DNK,2009,59.8300653594771
CIRC_00237,DNK,2009,48.1089743589744
CIRC_00238,SOM,2009,0
CIRC_00239,ETH,2009,14.0744680851064
CIRC_00240,DOM,2009,8.12371134020619
CIRC_00241,DOM,2009,61.96875
CIRC_00242,DOM,2009,58.1485148514852
CIRC_00243,DOM,2009,4.11458333333333
CIRC_00244,COD,2009,0
CIRC_00245,COD,2009,0.505376344086022
CIRC_00246,COD,2009,0
CIRC_00247,COD,2009,59.1304347826087
CIRC_00248,VNM,2009,7.18556701030928
CIRC_00249,VNM,2009,30.6568627450981
CIRC_00250,VNM,2009,0.164948453608247
CIRC_00251,VNM,2009,0
CIRC_00252,VNM,2009,28.2673267326733
CIRC_00253,ECU,2009,57.2688172043011
CIRC_00254,USA,2009,60.3
CIRC_00255,ECU,2009,60.7777777777778
CIRC_00256,ECU,2009,56.505376344086
CIRC_00257,ECU,2009,37.3777777777778
CIRC_00258,ECU,2009,0
CIRC_00259,ECU,2009,60.8494623655914
CIRC_00260,USA,2009,62.8064516129032
CIRC_00261,EGY,2009,60.2072072072072
CIRC_00262,EGY,2009,63
CIRC_00263,EGY,2009,53.2477064220184
CIRC_00264,GNQ,2009,13.3734939759036
CIRC_00265,ERI,2009,32.7684210526316
CIRC_00266,EST,2009,49.2402234636872
CIRC_00267,EST,2009,0
CIRC_00268,EST,2009,19.5674157303371
CIRC_00269,EST,2009,60.6287878787879
CIRC_00270,EST,2009,3.36363636363636
CIRC_00271,EST,2009,52.8820224719101
CIRC_00272,ETH,2009,8.42105263157894
CIRC_00273,ETH,2009,6.24210526315789
CIRC_00274,ETH,2009,0.762886597938144
CIRC_00275,ETH,2009,0
CIRC_00276,TLS,2009,1.98181818181818
CIRC_00277,TLS,2009,23.8307692307692
CIRC_00278,TLS,2009,1.06382978723404
CIRC_00279,TLS,2009,23.3880597014926
CIRC_00280,TLS,2009,0.231578947368421
CIRC_00281,TLS,2009,0.31578947368421
CIRC_00282,FIN,2009,49.0684210526316
CIRC_00283,RUS,2009,43.7709923664122
CIRC_00284,FIN,2009,61.1095890410959
CIRC_00285,FIN,2009,32.979057591623
CIRC_00286,FJI,2009,0
CIRC_00287,FJI,2009,0
CIRC_00288,FJI,2009,8.03125
CIRC_00289,FJI,2009,8.50561797752809
CIRC_00290,FJI,2009,0
CIRC_00291,FJI,2009,0
CIRC_00292,FJI,2009,0
CIRC_00293,FJI,2009,0
CIRC_00294,FRA,2009,13.1515151515152
CIRC_00295,FRA,2009,63
CIRC_00296,FRA,2009,63
CIRC_00297,FRA,2009,60.2307692307692
CIRC_00298,FRA,2009,54.7945205479452
CIRC_00299,GAB,2009,1.42857142857143
CIRC_00300,GAB,2009,6.41935483870968
CIRC_00301,COG,2009,53.575
CIRC_00302,GAB,2009,0
CIRC_00303,GMB,2009,0
CIRC_00304,GMB,2009,3.328125
CIRC_00305,GMB,2009,2.21052631578947
CIRC_00306,DEU,2009,62.9542483660131
CIRC_00307,DEU,2009,59.2464788732395
CIRC_00308,DEU,2009,13.5266666666667
CIRC_00309,DEU,2009,62.5668789808917
CIRC_00310,DEU,2009,19.4615384615385
CIRC_00311,GHA,2009,59
CIRC_00312,GHA,2009,57.6413043478261
CIRC_00313,GHA,2009,15.967032967033
CIRC_00314,GHA,2009,2.24731182795699
CIRC_00315,GNB,2009,16.0153846153846
CIRC_00316,GNB,2009,0
CIRC_00317,GNB,2009,0
CIRC_00318,GNB,2009,0.875
CIRC_00319,GNB,2009,0
CIRC_00320,GRC,2009,63
CIRC_00321,GRC,2009,50.9384615384616
CIRC_00322,GRC,2009,1.17924528301887
CIRC_00323,GRC,2009,62.625
CIRC_00324,USA,2009,62.9923076923077
CIRC_00325,GRC,2009,63
CIRC_00326,GRC,2009,25.3636363636364
CIRC_00327,GEO,2009,51.696
CIRC_00328,GEO,2009,8.344
CIRC_00329,GEO,2009,0
CIRC_00330,GEO,2009,18.96875
CIRC_00331,FRA,2009,63
CIRC_00332,GTM,2009,62.5051546391753
CIRC_00333,GTM,2009,2.4375
CIRC_00334,GTM,2009,13.3958333333333
CIRC_00335,GIN,2009,0
CIRC_00336,GIN,2009,1.2680412371134
CIRC_00337,GIN,2009,0
CIRC_00338,GIN,2009,42.0476190476191
CIRC_00339,GIN,2009,0
CIRC_00340,GIN,2009,0.597938144329897
CIRC_00341,GUY,2009,38.1304347826087
CIRC_00342,GUY,2009,4.73015873015873
CIRC_00343,GUY,2009,3.92207792207792
CIRC_00344,USA,2009,62.744
CIRC_00345,GUY,2009,20.9130434782609
CIRC_00346,GUY,2009,0
CIRC_00347,GUY,2009,2.82191780821918
CIRC_00348,HTI,2009,0.628865979381443
CIRC_00349,HTI,2009,42.8831168831169
CIRC_00350,HTI,2009,26.0744680851064
CIRC_00351,HTI,2009,0.4
CIRC_00352,HTI,2009,2.09302325581395
CIRC_00353,HTI,2009,0
CIRC_00354,HTI,2009,0
CIRC_00355,HTI,2009,0.412371134020619
CIRC_00356,HND,2009,29.8139534883721
CIRC_00357,HND,2009,61.0315789473684
CIRC_00358,HND,2009,58.8829787234043
CIRC_00359,PAN,2009,60.4090909090909
CIRC_00360,HND,2009,0
CIRC_00361,HND,2009,20.0833333333333
CIRC_00362,HND,2009,6.6551724137931
CIRC_00363,HND,2009,7.51578947368421
CIRC_00364,HND,2009,4.40860215053763
CIRC_00365,HUN,2009,8.22463768115942
CIRC_00366,HUN,2009,62.5217391304348
CIRC_00367,HUN,2009,1.37692307692308
CIRC_00368,HUN,2009,41.7971014492754
CIRC_00369,HUN,2009,16.162962962963
CIRC_00370,HUN,2009,40.7067669172932
CIRC_00371,ISL,2009,59.8823529411765
CIRC_00372,ISL,2009,3.65625
CIRC_00373,ISL,2009,59.9243697478992
CIRC_00374,IND,2009,60.4158415841584
CIRC_00375,IND,2009,0
CIRC_00376,IND,2009,12.1020408163265
CIRC_00377,IND,2009,57.0392156862745
CIRC_00378,IND,2009,6.15789473684211
CIRC_00379,PAK,2009,33.3153153153153
CIRC_00380,PAK,2009,3.29357798165138
CIRC_00381,IND,2009,6.64356435643564
CIRC_00382,IDN,2009,17.436170212766
CIRC_00383,IDN,2009,14.0357142857143
CIRC_00384,IDN,2009,14.9263157894737
CIRC_00385,IDN,2009,56.2872340425532
CIRC_00386,IDN,2009,3.87368421052632
CIRC_00387,IDN,2009,47.1702127659574
CIRC_00388,IRL,2009,21.3184713375796
CIRC_00389,IRL,2009,1.75776397515528
CIRC_00390,IRL,2009,21.8176100628931
CIRC_00391,IRL,2009,62.7635135135135
CIRC_00392,IRL,2009,22.6114649681529
CIRC_00393,IRL,2009,58.1133333333333
CIRC_00394,IRN,2009,10.5514018691589
CIRC_00395,IRN,2009,42.7545454545455
CIRC_00396,IRN,2009,16.9026548672566
CIRC_00397,IRN,2009,0
CIRC_00398,IRN,2009,62.4310344827586
CIRC_00399,IRQ,2009,8.10434782608696
CIRC_00400,USA,2009,13.7321428571429
CIRC_00401,USA,2009,28.9439252336449
CIRC_00402,USA,2009,61.9758064516129
CIRC_00403,IRQ,2009,62.9626168224299
CIRC_00404,IRQ,2009,51.5929203539823
CIRC_00405,IRQ,2009,22.4363636363636
CIRC_00406,IRQ,2009,63
CIRC_00407,BLR,2009,2.16
CIRC_00408,ISR,2009,63
CIRC_00409,BLR,2009,0
CIRC_00410,ISR,2009,62.9736842105263
CIRC_00411,ISR,2009,58.9351851851852
CIRC_00412,ISR,2009,62.8495575221239
CIRC_00413,ISR,2009,53.0917431192661
CIRC_00414,ISR,2009,62.9444444444444
CIRC_00415,ITA,2009,62.992
CIRC_00416,ITA,2009,60.9703703703704
CIRC_00417,ITA,2009,51.3975903614458
CIRC_00418,ITA,2009,62.9333333333333
CIRC_00419,ITA,2009,60.1162790697675
CIRC_00420,ITA,2009,40.140625
CIRC_00421,ITA,2009,63
CIRC_00422,ITA,2009,57.2205882352941
CIRC_00423,ITA,2009,51.8294573643411
CIRC_00424,ITA,2009,7.58333333333333
CIRC_00425,JAM,2009,25.1958762886598
CIRC_00426,JAM,2009,6.97849462365592
CIRC_00427,JAM,2009,21.659793814433
CIRC_00428,JAM,2009,5.92783505154639
CIRC_00429,JAM,2009,45.659793814433
CIRC_00430,JOR,2009,62.9626168224299
CIRC_00431,JPN,2009,63
CIRC_00432,JPN,2009,56.4955752212389
CIRC_00433,JPN,2009,63
CIRC_00434,JPN,2009,59.4130434782609
CIRC_00435,JPN,2009,43.9736842105263
CIRC_00436,JPN,2009,19.2589285714286
CIRC_00437,JPN,2009,17.7012987012987
CIRC_00438,JPN,2009,35.5739130434783
CIRC_00439,JPN,2009,60.3239436619718
CIRC_00440,JPN,2009,60.9130434782609
CIRC_00441,JPN,2009,47.1272727272727
CIRC_00442,JPN,2009,63
CIRC_00443,JPN,2009,51.8769230769231
CIRC_00444,JPN,2009,62.4368932038835
CIRC_00445,JPN,2009,33.5130434782609
CIRC_00446,JPN,2009,63
CIRC_00447,KEN,2009,0
CIRC_00448,KEN,2009,3.58064516129032
CIRC_00449,KEN,2009,59.3917525773196
CIRC_00450,KEN,2009,0.0430107526881721
CIRC_00451,XKO,2009,5.52845528455285
CIRC_00452,XKO,2009,37.704
CIRC_00453,XKO,2009,7.25806451612903
CIRC_00454,XKO,2009,36.1111111111111
CIRC_00455,XKO,2009,4.488
CIRC_00456,KWT,2009,62.9661016949153
CIRC_00457,KWT,2009,32.7428571428572
CIRC_00458,KGZ,2009,1.10236220472441
CIRC_00459,KGZ,2009,23.7837837837838
CIRC_00460,KGZ,2009,60.0806451612903
CIRC_00461,KGZ,2009,7.39024390243903
CIRC_00462,KGZ,2009,5.04878048780488
CIRC_00463,KGZ,2009,0.690476190476191
CIRC_00464,KGZ,2009,4.34920634920635
CIRC_00465,KAZ,2009,9.75968992248062
CIRC_00466,KAZ,2009,62.2142857142857
CIRC_00467,LAO,2009,25.4305555555556
CIRC_00468,THA,2009,28.9857142857143
CIRC_00469,LAO,2009,0
CIRC_00470,LAO,2009,1.35416666666667
CIRC_00471,LAO,2009,0
CIRC_00472,LVA,2009,60.093023255814
CIRC_00473,LVA,2009,2.24113475177305
CIRC_00474,RUS,2009,0
CIRC_00475,LVA,2009,25.4117647058824
CIRC_00476,LVA,2009,4.26086956521739
CIRC_00477,LVA,2009,0.343195266272189
CIRC_00478,LVA,2009,0
CIRC_00479,USA,2009,61.1034482758621
CIRC_00480,LBR,2009,0
CIRC_00481,LBR,2009,0.4
CIRC_00482,LBR,2009,0
CIRC_00483,LBR,2009,0
CIRC_00484,LBR,2009,0
CIRC_00485,LBR,2009,0
CIRC_00486,LBR,2009,0
CIRC_00487,LBR,2009,23.5526315789474
CIRC_00488,LBN,2009,34.8378378378379
CIRC_00489,LBN,2009,41.4867256637168
CIRC_00490,LBN,2009,48.3620689655172
CIRC_00491,LBN,2009,37.3432835820896
CIRC_00492,LBN,2009,62.6379310344828
CIRC_00493,LBN,2009,62.4565217391304
CIRC_00494,LBN,2009,48.1891891891892
CIRC_00495,LSO,2009,0.351351351351352
CIRC_00496,LSO,2009,1.31132075471698
CIRC_00497,LSO,2009,6.22222222222222
CIRC_00498,LSO,2009,2.64423076923077
CIRC_00499,LSO,2009,2.91666666666667
CIRC_00500,LSO,2009,44.9480519480519
CIRC_00501,LSO,2009,3.91463414634146
CIRC_00502,LSO,2009,0
CIRC_00503,LBY,2009,29.5
CIRC_00504,LBY,2009,42.6788990825688
CIRC_00505,LBY,2009,62.514705882353
CIRC_00506,LBY,2009,61.3238095238095
CIRC_00507,LBY,2009,37.7014925373134
CIRC_00508,LBY,2009,20.4601769911505
CIRC_00509,LBY,2009,62.8823529411765
CIRC_00510,LBY,2009,56.3055555555556
CIRC_00511,LTU,2009,49.2037037037037
CIRC_00512,LTU,2009,11.0177514792899
CIRC_00513,LTU,2009,15.9583333333333
CIRC_00514,LTU,2009,48.6335403726708
CIRC_00515,LTU,2009,45.3359375
CIRC_00516,LUX,2009,20.8166666666667
CIRC_00517,LUX,2009,10.6223776223776
CIRC_00518,LUX,2009,54.7054794520548
CIRC_00519,LUX,2009,49.7870370370371
CIRC_00520,MRT,2009,0
CIRC_00521,MRT,2009,54.7319587628866
CIRC_00522,MRT,2009,0
CIRC_00523,MRT,2009,0
CIRC_00524,MRT,2009,0
CIRC_00525,MRT,2009,0
CIRC_00526,MKD,2009,16.3916666666667
CIRC_00527,BIH,2009,38.2635658914729
CIRC_00528,MKD,2009,54.616
CIRC_00529,MKD,2009,4.69291338582677
CIRC_00530,MKD,2009,5.83606557377049
CIRC_00531,MKD,2009,16.5
CIRC_00532,MKD,2009,25.288
CIRC_00533,MDG,2009,0
CIRC_00534,MDG,2009,0
CIRC_00535,MDG,2009,5.93333333333333
CIRC_00536,MDG,2009,0
CIRC_00537,MDG,2009,6.44329896907216
CIRC_00538,MDG,2009,0
CIRC_00539,MYS,2009,53.1739130434783
CIRC_00540,MYS,2009,49.5
CIRC_00541,MYS,2009,11.2391304347826
CIRC_00542,MYS,2009,52.7042253521127
CIRC_00543,MYS,2009,0
CIRC_00544,MYS,2009,53.1914893617021
CIRC_00545,MUS,2009,39.7959183673469
CIRC_00546,MUS,2009,35.1170212765958
CIRC_00547,MUS,2009,28.7755102040816
CIRC_00548,MWI,2009,8.70103092783505
CIRC_00549,MWI,2009,0
CIRC_00550,MWI,2009,1.69791666666667
CIRC_00551,MWI,2009,0
CIRC_00552,MWI,2009,0
CIRC_00553,MWI,2009,46.6632653061225
CIRC_00554,MEX,2009,63
CIRC_00555,MEX,2009,61.8969072164949
CIRC_00556,MEX,2009,24.3163265306123
CIRC_00557,MEX,2009,4.25
CIRC_00558,MDA,2009,0.228571428571429
CIRC_00559,MDA,2009,0.457142857142858
CIRC_00560,MDA,2009,0.208955223880597
CIRC_00561,RUS,2009,0
CIRC_00562,MDA,2009,5.75182481751825
CIRC_00563,MDA,2009,1.78676470588235
CIRC_00564,MDA,2009,2.05109489051095
CIRC_00565,MDA,2009,0.828358208955225
CIRC_00566,MDA,2009,45.963503649635
CIRC_00567,MDA,2009,1.9568345323741
CIRC_00568,MDA,2009,4.14285714285714
CIRC_00569,MDA,2009,3.52554744525547
CIRC_00570,MDA,2009,2.02205882352941
CIRC_00571,MDA,2009,2.95620437956204
CIRC_00572,MDA,2009,43.2761194029851
CIRC_00573,MDA,2009,1.65289256198347
CIRC_00574,MDA,2009,5.00719424460432
CIRC_00575,MLI,2009,13.5578947368421
CIRC_00576,MLI,2009,8.72631578947368
CIRC_00577,MLI,2009,0
CIRC_00578,MLI,2009,10.1157894736842
CIRC_00579,MLI,2009,10.2315789473684
CIRC_00580,MLI,2009,0
CIRC_00581,MLI,2009,5.43010752688172
CIRC_00582,MLT,2009,61.2616822429907
CIRC_00583,MLT,2009,62.1382978723404
CIRC_00584,MLT,2009,62.0869565217391
CIRC_00585,MLT,2009,61.6885245901639
CIRC_00586,MNG,2009,0
CIRC_00587,MNG,2009,0
CIRC_00588,MNG,2009,0
CIRC_00589,MNG,2009,54.8175182481752
CIRC_00590,MNG,2009,0
CIRC_00591,MAR,2009,61.6428571428572
CIRC_00592,MMR,2009,40.8877551020408
CIRC_00593,MMR,2009,0
CIRC_00594,MMR,2009,0
CIRC_00595,MMR,2009,59.8409090909091
CIRC_00596,MMR,2009,9.28282828282828
CIRC_00597,MOZ,2009,0
CIRC_00598,MOZ,2009,0
CIRC_00599,MOZ,2009,0
CIRC_00600,NAM,2009,2.64948453608247
CIRC_00601,NAM,2009,0
CIRC_00602,NAM,2009,14.8367346938776
CIRC_00603,NPL,2009,51.8490566037736
CIRC_00604,IND,2009,53.625
CIRC_00605,IND,2009,9.98076923076923
CIRC_00606,NPL,2009,0
CIRC_00607,NPL,2009,0
CIRC_00608,NPL,2009,0
CIRC_00609,NPL,2009,4.67307692307692
CIRC_00610,NPL,2009,0.424242424242425
CIRC_00611,NPL,2009,0
CIRC_00612,NPL,2009,0
CIRC_00613,NPL,2009,0
CIRC_00614,NPL,2009,18.3495145631068
CIRC_00615,NPL,2009,0
CIRC_00616,NZL,2009,20.8181818181818
CIRC_00617,NZL,2009,20.2948717948718
CIRC_00618,NZL,2009,3.17391304347826
CIRC_00619,NZL,2009,7.97014925373134
CIRC_00620,NZL,2009,1.69166666666667
CIRC_00621,NZL,2009,61.1917808219178
CIRC_00622,NZL,2009,0.860294117647059
CIRC_00623,NZL,2009,50.5913043478261
CIRC_00624,NZL,2009,23.8842975206612
CIRC_00625,NZL,2009,57.5426356589147
CIRC_00626,NIC,2009,1.93684210526316
CIRC_00627,NIC,2009,11.0947368421053
CIRC_00628,NIC,2009,58.6842105263158
CIRC_00629,NIC,2009,22.6888888888889
CIRC_00630,NGA,2009,21.1382978723404
CIRC_00631,NGA,2009,57.2272727272727
CIRC_00632,NGA,2009,54.8736842105263
CIRC_00633,NGA,2009,29.5851063829787
CIRC_00634,NGA,2009,26.9684210526316
CIRC_00635,NGA,2009,8.42857142857143
CIRC_00636,NGA,2009,4.03157894736842
CIRC_00637,NER,2009,0.59375
CIRC_00638,NER,2009,13.1752577319588
CIRC_00639,NER,2009,2.41666666666667
CIRC_00640,NER,2009,43.8297872340426
CIRC_00641,NER,2009,1.21276595744681
CIRC_00642,NER,2009,0
CIRC_00643,NER,2009,0
CIRC_00644,NER,2009,0
CIRC_00645,NER,2009,0
CIRC_00646,NOR,2009,42.3722627737226
CIRC_00647,NOR,2009,51.010989010989
CIRC_00648,NOR,2009,58.8518518518519
CIRC_00649,NOR,2009,32.89
CIRC_00650,NOR,2009,13.4207650273224
CIRC_00651,NOR,2009,62.2797202797203
CIRC_00652,NOR,2009,44.9205298013245
CIRC_00653,NLD,2009,62.3245033112583
CIRC_00654,NLD,2009,22.3907284768212
CIRC_00655,NLD,2009,21.0220588235294
CIRC_00656,NLD,2009,60.5874125874126
CIRC_00657,OMN,2009,59.0927835051546
CIRC_00658,OMN,2009,58.935064935065
CIRC_00659,PAK,2009,62.9255319148936
CIRC_00660,PAK,2009,7.50961538461539
CIRC_00661,PAK,2009,63
CIRC_00662,PAK,2009,8.29807692307692
CIRC_00663,PAK,2009,21.622641509434
CIRC_00664,IND,2009,62.9903846153846
CIRC_00665,PAK,2009,58.3457943925234
CIRC_00666,PAK,2009,0
CIRC_00667,PAK,2009,63
CIRC_00668,PAK,2009,3.91588785046729
CIRC_00669,PAN,2009,60.2931034482759
CIRC_00670,PAN,2009,0.393617021276596
CIRC_00671,PAN,2009,23.1195652173913
CIRC_00672,PRY,2009,1.31067961165049
CIRC_00673,PRY,2009,60.0588235294118
CIRC_00674,PRY,2009,13.6699029126213
CIRC_00675,PRY,2009,0.504761904761904
CIRC_00676,PRY,2009,53.7555555555556
CIRC_00677,PER,2009,62.8421052631579
CIRC_00678,PER,2009,39.1145833333333
CIRC_00679,PER,2009,1.79381443298969
CIRC_00680,PER,2009,62.6354166666667
CIRC_00681,PER,2009,22.0537634408602
CIRC_00682,PER,2009,1.71428571428571
CIRC_00683,PHL,2009,0
CIRC_00684,PHL,2009,8.02247191011236
CIRC_00685,PHL,2009,62.6140350877193
CIRC_00686,PHL,2009,63
CIRC_00687,PHL,2009,62.875
CIRC_00688,PHL,2009,1.16304347826087
CIRC_00689,PHL,2009,62.8115942028986
CIRC_00690,PNG,2009,0
CIRC_00691,PNG,2009,0
CIRC_00692,PNG,2009,0
CIRC_00693,PNG,2009,33.7692307692308
CIRC_00694,PNG,2009,0
CIRC_00695,PNG,2009,3.61764705882353
CIRC_00696,PNG,2009,0
CIRC_00697,PNG,2009,0
CIRC_00698,POL,2009,7.50666666666667
CIRC_00699,POL,2009,6.44805194805195
CIRC_00700,POL,2009,14.4625
CIRC_00701,POL,2009,62.6092715231788
CIRC_00702,POL,2009,14.2567567567568
CIRC_00703,POL,2009,13.2088607594937
CIRC_00704,POL,2009,39.458904109589
CIRC_00705,POL,2009,61.5208333333333
CIRC_00706,POL,2009,49.85
CIRC_00707,PRT,2009,62.5625
CIRC_00708,PRT,2009,40.8053097345133
CIRC_00709,PRK,2009,28.1008403361345
CIRC_00710,RUS,2009,2.58741258741259
CIRC_00711,QAT,2009,63
CIRC_00712,KOR,2009,39.3050847457627
CIRC_00713,KOR,2009,31.5769230769231
CIRC_00714,KOR,2009,4.06382978723404
CIRC_00715,KOR,2009,50.1140350877193
CIRC_00716,JPN,2009,63
CIRC_00717,KOR,2009,62.9333333333333
CIRC_00718,KOR,2009,62.975
CIRC_00719,KOR,2009,23.4905660377359
CIRC_00720,KOR,2009,62.9824561403509
CIRC_00721,ROU,2009,60.1832061068702
CIRC_00722,ROU,2009,27.5572519083969
CIRC_00723,UKR,2009,12.6515151515152
CIRC_00724,ROU,2009,0
CIRC_00725,ROU,2009,4
CIRC_00726,ROU,2009,46.955223880597
CIRC_00727,ROU,2009,8.93233082706767
CIRC_00728,ROU,2009,31.4820143884892
CIRC_00729,ROU,2009,9.63157894736842
CIRC_00730,ROU,2009,22.2480620155039
CIRC_00731,ROU,2009,46.3235294117647
CIRC_00732,RUS,2009,3.62406015037594
CIRC_00733,RUS,2009,1.84688995215311
CIRC_00734,RUS,2009,63
CIRC_00735,RWA,2009,6.57377049180328
CIRC_00736,RWA,2009,2.75
CIRC_00737,RWA,2009,0
CIRC_00738,ZAF,2009,63
CIRC_00739,ZAF,2009,0
CIRC_00740,ZAF,2009,0
CIRC_00741,ZAF,2009,62.67
CIRC_00742,ZAF,2009,2.96190476190476
CIRC_00743,ZAF,2009,62.950495049505
CIRC_00744,SLV,2009,58.3333333333333
CIRC_00745,SLV,2009,34
CIRC_00746,SLV,2009,7.18947368421053
CIRC_00747,SLV,2009,6.24742268041237
CIRC_00748,SLV,2009,5.06185567010309
CIRC_00749,SAU,2009,63
CIRC_00750,SEN,2009,0
CIRC_00751,SEN,2009,4.63265306122449
CIRC_00752,SEN,2009,0
CIRC_00753,SRB,2009,59.4765625
CIRC_00754,SRB,2009,18.112
CIRC_00755,XKO,2009,22.8650793650794
CIRC_00756,SLE,2009,0
CIRC_00757,SLE,2009,27.8979591836735
CIRC_00758,SLE,2009,0
CIRC_00759,SLE,2009,0
CIRC_00760,SLE,2009,0
CIRC_00761,SLE,2009,1.58888888888889
CIRC_00762,SGP,2009,62.8648648648649
CIRC_00763,SGP,2009,62.9456521739131
CIRC_00764,SVK,2009,22.7202797202797
CIRC_00765,SVK,2009,4.5
CIRC_00766,SVK,2009,8.83098591549296
CIRC_00767,SVK,2009,18.4751773049645
CIRC_00768,SVK,2009,6.25179856115108
CIRC_00769,SVK,2009,35.589928057554
CIRC_00770,SVK,2009,5.10576923076923
CIRC_00771,SVN,2009,3.95588235294118
CIRC_00772,SVN,2009,6.67716535433071
CIRC_00773,SVN,2009,34.0296296296296
CIRC_00774,SVN,2009,58.2592592592593
CIRC_00775,SVN,2009,17.2671755725191
CIRC_00776,SVN,2009,11.6567164179105
CIRC_00777,SVN,2009,21.6896551724138
CIRC_00778,SLB,2009,0
CIRC_00779,SLB,2009,0
CIRC_00780,SLB,2009,0
CIRC_00781,SLB,2009,0
CIRC_00782,SLB,2009,0
CIRC_00783,SLB,2009,0
CIRC_00784,SLB,2009,0
CIRC_00785,SLB,2009,0
CIRC_00786,ETH,2009,0
CIRC_00787,SOM,2009,0
CIRC_00788,SOM,2009,7.77358490566038
CIRC_00789,ESP,2009,63
CIRC_00790,ESP,2009,63
CIRC_00791,ESP,2009,60
CIRC_00792,ESP,2009,48.4426229508197
CIRC_00793,LKA,2009,62.3333333333333
CIRC_00794,LKA,2009,13.0526315789474
CIRC_00795,LKA,2009,6.61290322580645
CIRC_00796,LKA,2009,25.5425531914894
CIRC_00797,LKA,2009,14.5670103092784
CIRC_00798,SSD,2009,0
CIRC_00799,SDN,2009,6.61764705882353
CIRC_00800,SDN,2009,0
CIRC_00801,SUR,2009,44.2527472527473
CIRC_00802,SUR,2009,0.281690140845071
CIRC_00803,SUR,2009,9.43333333333333
CIRC_00804,SUR,2009,15.1752577319588
CIRC_00805,SWZ,2009,32.1634615384615
CIRC_00806,SWE,2009,43.3373493975904
CIRC_00807,SWE,2009,43.8142857142857
CIRC_00808,SWE,2009,11.2209944751381
CIRC_00809,SWE,2009,59.7560975609756
CIRC_00810,SWE,2009,38.792349726776
CIRC_00811,SWE,2009,40.4277108433735
CIRC_00812,CHE,2009,41.6470588235294
CIRC_00813,CHE,2009,33.8872180451128
CIRC_00814,CHE,2009,42.6268656716418
CIRC_00815,CHE,2009,7.16417910447761
CIRC_00816,CHE,2009,58.4666666666667
CIRC_00817,CHE,2009,23.4452554744526
CIRC_00818,CHE,2009,32.9767441860465
CIRC_00819,CHE,2009,27.362962962963
CIRC_00820,CHE,2009,44.1703703703704
CIRC_00821,CHE,2009,20.9130434782609
CIRC_00822,CHE,2009,39.9705882352941
CIRC_00823,CHE,2009,32.9117647058824
CIRC_00824,CHE,2009,23.3868613138686
CIRC_00825,CHE,2009,24.0458015267176
CIRC_00826,CHE,2009,38.4347826086957
CIRC_00827,CHE,2009,26.4565217391305
CIRC_00828,CHE,2009,35.0444444444445
CIRC_00829,CHE,2009,11.9416058394161
CIRC_00830,CHE,2009,22.3712121212121
CIRC_00831,CHE,2009,26.2615384615385
CIRC_00832,CHE,2009,17.6642335766423
CIRC_00833,SYR,2009,20.3793103448276
CIRC_00834,SYR,2009,62.5225225225225
CIRC_00835,TJK,2009,1.98290598290598
CIRC_00836,TJK,2009,22.3032786885246
CIRC_00837,TJK,2009,0
CIRC_00838,TJK,2009,8.85344827586207
CIRC_00839,TWN,2009,28.6164383561644
CIRC_00840,TWN,2009,31.56
CIRC_00841,HKG,2009,62.9855072463768
CIRC_00842,TWN,2009,63
CIRC_00843,TZA,2009,0
CIRC_00844,TZA,2009,0
CIRC_00845,TZA,2009,0
CIRC_00846,TZA,2009,0
CIRC_00847,TZA,2009,0
CIRC_00848,THA,2009,63
CIRC_00849,THA,2009,63
CIRC_00850,THA,2009,63
CIRC_00851,THA,2009,19.9042553191489
CIRC_00852,THA,2009,47.25
CIRC_00853,THA,2009,63
CIRC_00854,THA,2009,6.1340206185567
CIRC_00855,THA,2009,13.659793814433
CIRC_00856,THA,2009,6.75789473684211
CIRC_00857,GBR,2009,62.9754601226994
CIRC_00858,THA,2009,54.3894736842105
CIRC_00859,TKM,2009,49.5454545454545
CIRC_00860,TKM,2009,27.3445378151261
CIRC_00861,TKM,2009,62.3304347826087
CIRC_00862,TGO,2009,0.709677419354838
CIRC_00863,TGO,2009,4.17105263157895
CIRC_00864,TGO,2009,0
CIRC_00865,TTO,2009,44.0983606557377
CIRC_00866,TTO,2009,62.2537313432836
CIRC_00867,TTO,2009,42.9368421052632
CIRC_00868,TTO,2009,15.9864864864865
CIRC_00869,TTO,2009,28.3333333333333
CIRC_00870,TUN,2009,61.7333333333333
CIRC_00871,TUN,2009,15.6238532110092
CIRC_00872,TUN,2009,61.9462365591398
CIRC_00873,TUN,2009,24.0695652173913
CIRC_00874,TUN,2009,59.9545454545455
CIRC_00875,TUN,2009,18.2260869565217
CIRC_00876,TUN,2009,33.6266666666667
CIRC_00877,TUR,2009,32.3666666666667
CIRC_00878,TUR,2009,62.8307692307692
CIRC_00879,TUR,2009,5.87931034482759
CIRC_00880,TUR,2009,62.7241379310345
CIRC_00881,TUR,2009,16.7272727272727
CIRC_00882,TUR,2009,57.6115702479339
CIRC_00883,TUR,2009,62.989010989011
CIRC_00884,ARE,2009,61.2976190476191
CIRC_00885,ARE,2009,62.9117647058824
CIRC_00886,UGA,2009,0
CIRC_00887,GBR,2009,28.7615894039735
CIRC_00888,GBR,2009,24.1917808219178
CIRC_00889,GBR,2009,60.7602739726028
CIRC_00890,GBR,2009,52.1333333333334
CIRC_00891,GBR,2009,47.0804597701149
CIRC_00892,USA,2009,63
CIRC_00893,GBR,2009,50.2317880794702
CIRC_00894,GBR,2009,61.2595419847328
CIRC_00895,UKR,2009,0.17687074829932
CIRC_00896,UKR,2009,4.28947368421053
CIRC_00897,UKR,2009,0.657718120805369
CIRC_00898,UKR,2009,20.6285714285714
CIRC_00899,UKR,2009,54.3262411347518
CIRC_00900,UKR,2009,6.62307692307692
CIRC_00901,UKR,2009,47.804347826087
CIRC_00902,URY,2009,61.9642857142857
CIRC_00903,URY,2009,61.4285714285714
CIRC_00904,USA,2009,59.1825396825397
CIRC_00905,USA,2009,31.4434782608696
CIRC_00906,USA,2009,61.4298245614035
CIRC_00907,USA,2009,60.5714285714286
CIRC_00908,USA,2009,62.5344827586207
CIRC_00909,USA,2009,57.8548387096774
CIRC_00910,UZB,2009,46.8595041322314
CIRC_00911,UZB,2009,60.9677419354839
CIRC_00912,UZB,2009,9.18487394957983
CIRC_00913,VEN,2009,26.1684210526316
CIRC_00914,VEN,2009,16.1444444444444
CIRC_00915,VEN,2009,3.55670103092784
CIRC_00916,VEN,2009,19.043956043956
CIRC_00917,VEN,2009,62.9565217391304
CIRC_00918,YEM,2009,9.55208333333333
CIRC_00919,YEM,2009,0.531914893617022
CIRC_00920,YEM,2009,5.39175257731959
CIRC_00921,SRB,2009,26.21875
CIRC_00922,MNE,2009,13.4568965517241
CIRC_00923,ZMB,2009,1.93406593406593
CIRC_00924,ZMB,2009,48.2631578947369
CIRC_00925,ZMB,2009,25.2604166666667
CIRC_00926,ZWE,2009,0
CIRC_00927,ZMB,2009,0
CIRC_00928,ZMB,2009,24.88
CIRC_00929,ZMB,2009,37.8125
CIRC_00930,ZMB,2009,0
CIRC_00931,ZWE,2009,0
CIRC_00932,ZWE,2009,4.29896907216495
CIRC_00933,COM,2009,0
CIRC_00934,MDV,2009,48
CIRC_00935,SAU,2009,63
CIRC_00936,ISR,2009,62.8611111111111
CIRC_00937,COM,2009,0
CIRC_00938,COM,2009,0.4
CIRC_00941,LBY,2009,62.4923076923077
CIRC_00942,SGP,2009,63
CIRC_00943,MKD,2009,54.0737704918033
CIRC_00945,QAT,2009,63
CIRC_00946,MDA,2009,2.68939393939394
CIRC_00947,SGP,2009,62.9176470588235
CIRC_00948,LSO,2009,2.66981132075472
CIRC_00949,MDA,2009,0.115107913669065
CIRC_00950,COM,2009,0.8
CIRC_00951,LSO,2009,0
CIRC_00952,MUS,2009,46.8513513513514
CIRC_00953,ISR,2009,62.9861111111111
CIRC_00954,TKM,2009,53.2086956521739
CIRC_00955,LBY,2009,37.8787878787879
CIRC_00956,ISR,2009,53.0089285714286
CIRC_00957,MUS,2009,31.5360824742268
CIRC_00958,GTM,2009,62.5051546391753
CIRC_00959,MDA,2009,5.65942028985507
CIRC_00960,ISR,2009,63
CIRC_00961,SSD,2009,0
CIRC_00962,CYP,2009,57.2
CIRC_00964,LSO,2009,47.5238095238095
CIRC_00965,MDA,2009,1.77372262773723
CIRC_00001,AFG,2010,5.57522123893805
CIRC_00002,AFG,2010,59.9553571428572
CIRC_00003,AFG,2010,0
CIRC_00004,AFG,2010,0
CIRC_00005,AFG,2010,12.2962962962963
CIRC_00006,AFG,2010,0
CIRC_00007,AFG,2010,0.0754716981132076
CIRC_00008,ALB,2010,27.1290322580645
CIRC_00009,ALB,2010,0
CIRC_00010,ALB,2010,54.1393442622951
CIRC_00011,ALB,2010,3.4
CIRC_00012,DZA,2010,10.8230088495575
CIRC_00013,DZA,2010,47.0347826086957
CIRC_00014,DZA,2010,24.5913043478261
CIRC_00015,DZA,2010,50.9649122807018
CIRC_00016,MAR,2010,56.2719298245614
CIRC_00017,DZA,2010,8.50877192982456
CIRC_00018,DZA,2010,31.1801801801802
CIRC_00019,AGO,2010,62.7058823529412
CIRC_00020,AGO,2010,57.4583333333333
CIRC_00021,ARG,2010,12.6822429906542
CIRC_00022,ARG,2010,63
CIRC_00023,ARG,2010,23.0865384615385
CIRC_00024,ARG,2010,58.1909090909091
CIRC_00025,ARG,2010,63
CIRC_00026,ARG,2010,44.5925925925926
CIRC_00027,ARG,2010,62.3565217391304
CIRC_00028,ARG,2010,49.0956521739131
CIRC_00029,ARG,2010,62.7977528089888
CIRC_00030,ARG,2010,62.9767441860465
CIRC_00031,SYR,2010,9.41739130434783
CIRC_00032,AZE,2010,23.7851239669422
CIRC_00033,ARM,2010,61.6666666666667
CIRC_00034,ARM,2010,61.9159663865546
CIRC_00035,ARM,2010,5.1864406779661
CIRC_00036,AUS,2010,6.25641025641026
CIRC_00037,AUS,2010,62.9651162790698
CIRC_00038,AUS,2010,24.4857142857143
CIRC_00039,GBR,2010,53.2659574468085
CIRC_00040,GBR,2010,63
CIRC_00041,AUS,2010,62.6022727272727
CIRC_00042,AUT,2010,62.7285714285714
CIRC_00043,AUT,2010,55.7794117647059
CIRC_00044,AUT,2010,44.8439716312057
CIRC_00045,AUT,2010,8.15602836879433
CIRC_00046,AUT,2010,61.7482014388489
CIRC_00047,AUT,2010,62.136690647482
CIRC_00048,AUT,2010,20.6546762589928
CIRC_00049,CHE,2010,35.6350364963504
CIRC_00050,AZE,2010,62.7901234567901
CIRC_00051,AZE,2010,0.286885245901639
CIRC_00052,AZE,2010,62.7820512820513
CIRC_00053,AZE,2010,36.2741935483871
CIRC_00054,BHR,2010,60
CIRC_00055,BHR,2010,63
CIRC_00056,BRB,2010,58.5
CIRC_00057,BRB,2010,24.9736842105263
CIRC_00058,BRB,2010,37.4444444444444
CIRC_00059,BRB,2010,31.5104166666667
CIRC_00060,BEL,2010,52.2133333333334
CIRC_00061,FRA,2010,61.6692913385827
CIRC_00062,BEL,2010,59.3426573426574
CIRC_00063,BEL,2010,54.8241758241758
CIRC_00064,BEL,2010,62.7718120805369
CIRC_00065,BEL,2010,56.5972222222222
CIRC_00066,BEL,2010,57.3061224489796
CIRC_00067,BEL,2010,62.9455782312925
CIRC_00068,BEL,2010,62.6643835616438
CIRC_00069,BEN,2010,0
CIRC_00070,TGO,2010,58.2222222222222
CIRC_00071,BEN,2010,0
CIRC_00072,BEN,2010,8.8804347826087
CIRC_00073,BFA,2010,62.0526315789474
CIRC_00074,BFA,2010,7.80851063829788
CIRC_00075,BFA,2010,4.07368421052632
CIRC_00076,BFA,2010,61.8131868131868
CIRC_00077,BFA,2010,1.35416666666667
CIRC_00078,BHS,2010,60.9382716049383
CIRC_00079,BHS,2010,51.7692307692308
CIRC_00080,BHS,2010,59.3225806451613
CIRC_00081,BTN,2010,24.0277777777778
CIRC_00082,BTN,2010,0
CIRC_00083,BTN,2010,3.81730769230769
CIRC_00084,BTN,2010,12.2980769230769
CIRC_00085,BTN,2010,2.50485436893204
CIRC_00086,BTN,2010,0
CIRC_00087,BLR,2010,63
CIRC_00088,BLR,2010,12.1225806451613
CIRC_00089,BLR,2010,13.0566037735849
CIRC_00090,BLZ,2010,48.7857142857143
CIRC_00091,BLZ,2010,18.8265306122449
CIRC_00092,BLZ,2010,21.979797979798
CIRC_00093,IND,2010,9.56730769230769
CIRC_00094,BGD,2010,0
CIRC_00095,BGD,2010,0.970297029702971
CIRC_00096,IND,2010,21.0485436893204
CIRC_00097,BGD,2010,3.64356435643564
CIRC_00098,BGD,2010,22.7
CIRC_00099,BGD,2010,7.05769230769231
CIRC_00100,BOL,2010,62.4583333333333
CIRC_00101,BOL,2010,62.2164948453608
CIRC_00102,BOL,2010,62.8854166666667
CIRC_00103,BOL,2010,0
CIRC_00104,BOL,2010,1.80208333333333
CIRC_00105,BIH,2010,3.22556390977444
CIRC_00106,BIH,2010,29.4923076923077
CIRC_00107,HRV,2010,11.4596774193548
CIRC_00108,BIH,2010,22.515873015873
CIRC_00109,BIH,2010,59.0381679389313
CIRC_00110,BIH,2010,8.968
CIRC_00111,BIH,2010,23.8712121212121
CIRC_00112,BIH,2010,42.3410852713178
CIRC_00113,BIH,2010,15.5483870967742
CIRC_00114,BIH,2010,23.3100775193799
CIRC_00115,BIH,2010,17.6307692307692
CIRC_00116,BIH,2010,2.65116279069768
CIRC_00117,BIH,2010,47.46875
CIRC_00118,BIH,2010,14.9920634920635
CIRC_00119,BIH,2010,20.3307692307692
CIRC_00120,BWA,2010,15.7647058823529
CIRC_00121,BWA,2010,0
CIRC_00122,GBR,2010,61.0769230769231
CIRC_00123,BWA,2010,7.44117647058824
CIRC_00124,BRA,2010,22.6703296703297
CIRC_00125,BRA,2010,62.9375
CIRC_00126,BRA,2010,56
CIRC_00127,BRA,2010,17.1052631578947
CIRC_00128,BRA,2010,61.9270833333333
CIRC_00129,BRA,2010,39.17
CIRC_00130,BRA,2010,10.4077669902913
CIRC_00131,BRN,2010,55.9438202247191
CIRC_00132,BDI,2010,0
CIRC_00133,BDI,2010,0
CIRC_00134,BDI,2010,40.9042553191489
CIRC_00135,BDI,2010,0
CIRC_00136,BDI,2010,0
CIRC_00137,BDI,2010,4.10227272727273
CIRC_00138,BDI,2010,0
CIRC_00139,BDI,2010,0
CIRC_00140,BGR,2010,2.14503816793893
CIRC_00141,RUS,2010,63
CIRC_00142,BGR,2010,2.1953125
CIRC_00143,BGR,2010,62.3730158730159
CIRC_00144,BGR,2010,17.232
CIRC_00145,BGR,2010,55.776
CIRC_00146,UKR,2010,40.0909090909091
CIRC_00147,BGR,2010,32.4566929133858
CIRC_00148,USA,2010,63
CIRC_00149,BGR,2010,22.984
CIRC_00150,BGR,2010,24.2983870967742
CIRC_00151,BGR,2010,7.54471544715448
CIRC_00152,BGR,2010,14.776
CIRC_00153,BGR,2010,38.3643410852713
CIRC_00154,KHM,2010,0
CIRC_00155,KHM,2010,55.0215053763441
CIRC_00156,KHM,2010,2.78888888888889
CIRC_00157,CAN,2010,53.375
CIRC_00158,CAN,2010,27.8923076923077
CIRC_00159,CAN,2010,55.2
CIRC_00160,CAN,2010,63
CIRC_00161,CAN,2010,63
CIRC_00162,CAN,2010,63
CIRC_00163,CMR,2010,4.92553191489362
CIRC_00164,CPV,2010,2.41237113402062
CIRC_00165,CPV,2010,21.1694915254237
CIRC_00166,CPV,2010,6.72164948453608
CIRC_00167,CPV,2010,27.5157894736842
CIRC_00168,CIV,2010,43.9891304347826
CIRC_00169,CIV,2010,0
CIRC_00170,CIV,2010,1.53333333333333
CIRC_00171,CIV,2010,25.7021276595745
CIRC_00172,CIV,2010,14.8804347826087
CIRC_00173,CAF,2010,25.1894736842105
CIRC_00174,CAF,2010,0
CIRC_00175,GAB,2010,5.4468085106383
CIRC_00176,CAF,2010,0
CIRC_00177,CAF,2010,0
CIRC_00178,TCD,2010,49.6901408450704
CIRC_00179,TCD,2010,3.61
CIRC_00180,TCD,2010,0
CIRC_00181,TCD,2010,51.0277777777778
CIRC_00182,CHL,2010,57.5
CIRC_00183,CHL,2010,59.4698795180723
CIRC_00184,CHL,2010,63
CIRC_00185,CHL,2010,54.8095238095238
CIRC_00186,CHN,2010,32.8518518518519
CIRC_00187,CHN,2010,61.8703703703704
CIRC_00188,CHN,2010,56.1603773584906
CIRC_00189,CHN,2010,63
CIRC_00190,COL,2010,62.063829787234
CIRC_00191,COL,2010,58.2613636363637
CIRC_00192,COL,2010,58.9468085106383
CIRC_00193,COL,2010,62.0106382978723
CIRC_00194,COL,2010,8
CIRC_00195,MDG,2010,19.6216216216216
CIRC_00196,FRA,2010,10.8421052631579
CIRC_00197,COM,2010,1.39506172839506
CIRC_00198,COM,2010,1.21276595744681
CIRC_00199,COM,2010,2.89830508474576
CIRC_00200,COM,2010,0.402597402597403
CIRC_00201,COM,2010,4.12962962962963
CIRC_00202,COM,2010,0.981132075471698
CIRC_00203,COG,2010,10.5111111111111
CIRC_00204,COG,2010,0
CIRC_00205,CRI,2010,61.9368421052632
CIRC_00206,NIC,2010,22.2234042553192
CIRC_00207,CRI,2010,62.4742268041237
CIRC_00208,CRI,2010,62.5106382978724
CIRC_00209,HRV,2010,38.9465648854962
CIRC_00210,HRV,2010,62.8962962962963
CIRC_00211,HRV,2010,16.6842105263158
CIRC_00212,HRV,2010,58.8169014084507
CIRC_00213,CUB,2010,2.22222222222222
CIRC_00214,CUB,2010,10.7373737373737
CIRC_00215,XNC,2010,46.1311475409836
CIRC_00216,XNC,2010,62.1454545454546
CIRC_00217,XNC,2010,32.0086956521739
CIRC_00218,CYP,2010,14.2631578947368
CIRC_00219,CYP,2010,53.3222222222222
CIRC_00220,SVK,2010,16.3088235294118
CIRC_00221,CZE,2010,60.9577464788733
CIRC_00222,CZE,2010,62.9714285714286
CIRC_00223,CZE,2010,38.9318181818182
CIRC_00224,CZE,2010,47.9520547945205
CIRC_00225,CZE,2010,58.7785714285714
CIRC_00226,CZE,2010,35.5072463768116
CIRC_00227,CZE,2010,46.4929577464789
CIRC_00228,CZE,2010,62.7054794520548
CIRC_00229,CZE,2010,28.3006993006993
CIRC_00230,SVK,2010,61.4566929133858
CIRC_00231,CZE,2010,24.8156028368794
CIRC_00232,DNK,2010,24.8055555555556
CIRC_00233,DNK,2010,54.2285714285714
CIRC_00234,DNK,2010,11.396449704142
CIRC_00235,DNK,2010,54.1548387096774
CIRC_00236,DNK,2010,62.4575163398693
CIRC_00237,DNK,2010,61.0961538461539
CIRC_00238,SOM,2010,0
CIRC_00239,ETH,2010,21.4893617021277
CIRC_00240,DOM,2010,12.8659793814433
CIRC_00241,DOM,2010,62.109375
CIRC_00242,DOM,2010,59.4455445544555
CIRC_00243,DOM,2010,9.07291666666666
CIRC_00244,COD,2010,0
CIRC_00245,COD,2010,1.20430107526882
CIRC_00246,COD,2010,0
CIRC_00247,COD,2010,59.7173913043478
CIRC_00248,VNM,2010,10.2371134020619
CIRC_00249,VNM,2010,42.7450980392157
CIRC_00250,VNM,2010,0.989690721649486
CIRC_00251,VNM,2010,0
CIRC_00252,VNM,2010,41.8514851485149
CIRC_00253,ECU,2010,61.2903225806452
CIRC_00254,USA,2010,62.8272727272727
CIRC_00255,ECU,2010,61.2888888888889
CIRC_00256,ECU,2010,60.989247311828
CIRC_00257,ECU,2010,41.6222222222222
CIRC_00258,ECU,2010,0
CIRC_00259,ECU,2010,61.3548387096774
CIRC_00260,USA,2010,62.8387096774194
CIRC_00261,EGY,2010,62.2972972972973
CIRC_00262,EGY,2010,63
CIRC_00263,EGY,2010,59.651376146789
CIRC_00264,GNQ,2010,20.7469879518072
CIRC_00265,ERI,2010,36.1473684210526
CIRC_00266,EST,2010,58.7262569832402
CIRC_00267,EST,2010,0.970930232558139
CIRC_00268,EST,2010,40.1741573033708
CIRC_00269,EST,2010,62.5833333333333
CIRC_00270,EST,2010,12.9318181818182
CIRC_00271,EST,2010,60.7640449438202
CIRC_00272,ETH,2010,15.4736842105263
CIRC_00273,ETH,2010,8.64210526315789
CIRC_00274,ETH,2010,1.20618556701031
CIRC_00275,ETH,2010,0
CIRC_00276,TLS,2010,3.56363636363636
CIRC_00277,TLS,2010,24.6769230769231
CIRC_00278,TLS,2010,2
CIRC_00279,TLS,2010,24.1641791044776
CIRC_00280,TLS,2010,0
CIRC_00281,TLS,2010,0
CIRC_00282,FIN,2010,60.821052631579
CIRC_00283,RUS,2010,51.8167938931298
CIRC_00284,FIN,2010,62.3835616438356
CIRC_00285,FIN,2010,50.7434554973822
CIRC_00286,FJI,2010,0
CIRC_00287,FJI,2010,0
CIRC_00288,FJI,2010,11.3541666666667
CIRC_00289,FJI,2010,10.2696629213483
CIRC_00290,FJI,2010,0.649484536082474
CIRC_00291,FJI,2010,0
CIRC_00292,FJI,2010,0.528571428571429
CIRC_00293,FJI,2010,0
CIRC_00294,FRA,2010,18.5757575757576
CIRC_00295,FRA,2010,63
CIRC_00296,FRA,2010,63
CIRC_00297,FRA,2010,61.979020979021
CIRC_00298,FRA,2010,58.0205479452055
CIRC_00299,GAB,2010,3.06593406593407
CIRC_00300,GAB,2010,8.34408602150538
CIRC_00301,COG,2010,55.1375
CIRC_00302,GAB,2010,0.322580645161291
CIRC_00303,GMB,2010,0.282608695652173
CIRC_00304,GMB,2010,4.9375
CIRC_00305,GMB,2010,3.76842105263158
CIRC_00306,DEU,2010,63
CIRC_00307,DEU,2010,61.6971830985916
CIRC_00308,DEU,2010,25.34
CIRC_00309,DEU,2010,62.7261146496815
CIRC_00310,DEU,2010,30.3706293706294
CIRC_00311,GHA,2010,60.7619047619048
CIRC_00312,GHA,2010,62.1304347826087
CIRC_00313,GHA,2010,23.4175824175824
CIRC_00314,GHA,2010,2.60215053763441
CIRC_00315,GNB,2010,21.6
CIRC_00316,GNB,2010,0
CIRC_00317,GNB,2010,0
CIRC_00318,GNB,2010,0.322916666666667
CIRC_00319,GNB,2010,0
CIRC_00320,GRC,2010,62.9834710743802
CIRC_00321,GRC,2010,55.6615384615385
CIRC_00322,GRC,2010,1.12264150943396
CIRC_00323,GRC,2010,62.8055555555556
CIRC_00324,USA,2010,62.8769230769231
CIRC_00325,GRC,2010,62.9672131147541
CIRC_00326,GRC,2010,32.0757575757576
CIRC_00327,GEO,2010,56.136
CIRC_00328,GEO,2010,10.976
CIRC_00329,GEO,2010,0.241935483870968
CIRC_00330,GEO,2010,27.15625
CIRC_00331,FRA,2010,63
CIRC_00332,GTM,2010,62.5567010309278
CIRC_00333,GTM,2010,4.51041666666667
CIRC_00334,GTM,2010,20.4791666666667
CIRC_00335,GIN,2010,0
CIRC_00336,GIN,2010,0.79381443298969
CIRC_00337,GIN,2010,0
CIRC_00338,GIN,2010,41.3809523809524
CIRC_00339,GIN,2010,0
CIRC_00340,GIN,2010,0.783505154639175
CIRC_00341,GUY,2010,45.8840579710145
CIRC_00342,GUY,2010,6.49206349206349
CIRC_00343,GUY,2010,5.61038961038961
CIRC_00344,USA,2010,62.752
CIRC_00345,GUY,2010,25.9565217391305
CIRC_00346,GUY,2010,0
CIRC_00347,GUY,2010,7.19178082191781
CIRC_00348,HTI,2010,3.03092783505155
CIRC_00349,HTI,2010,47.0909090909091
CIRC_00350,HTI,2010,31.7021276595745
CIRC_00351,HTI,2010,1.8
CIRC_00352,HTI,2010,4.65116279069767
CIRC_00353,HTI,2010,1.5979381443299
CIRC_00354,HTI,2010,0
CIRC_00355,HTI,2010,1.27835051546392
CIRC_00356,HND,2010,32.3488372093023
CIRC_00357,HND,2010,62.1684210526316
CIRC_00358,HND,2010,61.9255319148936
CIRC_00359,PAN,2010,61.6060606060606
CIRC_00360,HND,2010,0.210526315789474
CIRC_00361,HND,2010,22.8020833333333
CIRC_00362,HND,2010,7.93103448275862
CIRC_00363,HND,2010,9.4
CIRC_00364,HND,2010,7.51612903225807
CIRC_00365,HUN,2010,12.304347826087
CIRC_00366,HUN,2010,62.9347826086957
CIRC_00367,HUN,2010,4.90769230769231
CIRC_00368,HUN,2010,53.0507246376812
CIRC_00369,HUN,2010,24.7555555555556
CIRC_00370,HUN,2010,51.0526315789474
CIRC_00371,ISL,2010,62.2843137254902
CIRC_00372,ISL,2010,10.7421875
CIRC_00373,ISL,2010,62.2521008403361
CIRC_00374,IND,2010,61.8811881188119
CIRC_00375,IND,2010,0.933333333333333
CIRC_00376,IND,2010,17.0714285714286
CIRC_00377,IND,2010,58.7156862745098
CIRC_00378,IND,2010,9.05263157894737
CIRC_00379,PAK,2010,35.3153153153153
CIRC_00380,PAK,2010,5.37614678899083
CIRC_00381,IND,2010,9.45544554455446
CIRC_00382,IDN,2010,26.968085106383
CIRC_00383,IDN,2010,15.8035714285714
CIRC_00384,IDN,2010,21.4526315789474
CIRC_00385,IDN,2010,61.3085106382979
CIRC_00386,IDN,2010,5.77894736842105
CIRC_00387,IDN,2010,50.4255319148936
CIRC_00388,IRL,2010,28.828025477707
CIRC_00389,IRL,2010,4.19875776397516
CIRC_00390,IRL,2010,33.0754716981132
CIRC_00391,IRL,2010,62.9594594594595
CIRC_00392,IRL,2010,31.3630573248408
CIRC_00393,IRL,2010,60.06
CIRC_00394,IRN,2010,15.8878504672897
CIRC_00395,IRN,2010,46.2909090909091
CIRC_00396,IRN,2010,25.424778761062
CIRC_00397,IRN,2010,0
CIRC_00398,IRN,2010,62.9741379310345
CIRC_00399,IRQ,2010,12.504347826087
CIRC_00400,USA,2010,18.4553571428571
CIRC_00401,USA,2010,32.1121495327103
CIRC_00402,USA,2010,62.991935483871
CIRC_00403,IRQ,2010,63
CIRC_00404,IRQ,2010,56.716814159292
CIRC_00405,IRQ,2010,33.9545454545455
CIRC_00406,IRQ,2010,63
CIRC_00407,BLR,2010,11.8333333333333
CIRC_00408,ISR,2010,63
CIRC_00409,BLR,2010,6.25949367088608
CIRC_00410,ISR,2010,63
CIRC_00411,ISR,2010,59.8055555555556
CIRC_00412,ISR,2010,63
CIRC_00413,ISR,2010,57.8532110091743
CIRC_00414,ISR,2010,62.7407407407408
CIRC_00415,ITA,2010,63
CIRC_00416,ITA,2010,61.5111111111111
CIRC_00417,ITA,2010,55.2409638554217
CIRC_00418,ITA,2010,63
CIRC_00419,ITA,2010,60.5503875968992
CIRC_00420,ITA,2010,50.7734375
CIRC_00421,ITA,2010,63
CIRC_00422,ITA,2010,57.9705882352941
CIRC_00423,ITA,2010,58.2945736434109
CIRC_00424,ITA,2010,11.525
CIRC_00425,JAM,2010,26.958762886598
CIRC_00426,JAM,2010,8.41935483870968
CIRC_00427,JAM,2010,30.1546391752577
CIRC_00428,JAM,2010,8.96907216494845
CIRC_00429,JAM,2010,50.9175257731959
CIRC_00430,JOR,2010,62.9439252336449
CIRC_00431,JPN,2010,63
CIRC_00432,JPN,2010,59.646017699115
CIRC_00433,JPN,2010,63
CIRC_00434,JPN,2010,61.7608695652174
CIRC_00435,JPN,2010,52
CIRC_00436,JPN,2010,22.6607142857143
CIRC_00437,JPN,2010,24.7272727272727
CIRC_00438,JPN,2010,40.6782608695652
CIRC_00439,JPN,2010,60.1267605633803
CIRC_00440,JPN,2010,62.2434782608696
CIRC_00441,JPN,2010,56.1181818181818
CIRC_00442,JPN,2010,63
CIRC_00443,JPN,2010,55.0615384615385
CIRC_00444,JPN,2010,62.9514563106796
CIRC_00445,JPN,2010,38.3565217391304
CIRC_00446,JPN,2010,63
CIRC_00447,KEN,2010,0
CIRC_00448,KEN,2010,6
CIRC_00449,KEN,2010,60.8350515463918
CIRC_00450,KEN,2010,0.387096774193549
CIRC_00451,XKO,2010,10.0081300813008
CIRC_00452,XKO,2010,43.528
CIRC_00453,XKO,2010,12.2983870967742
CIRC_00454,XKO,2010,41.7460317460318
CIRC_00455,XKO,2010,8.496
CIRC_00456,KWT,2010,62.9491525423729
CIRC_00457,KWT,2010,38.2666666666667
CIRC_00458,KGZ,2010,2.66141732283464
CIRC_00459,KGZ,2010,34.1801801801802
CIRC_00460,KGZ,2010,62.5322580645161
CIRC_00461,KGZ,2010,11.1463414634146
CIRC_00462,KGZ,2010,8.94308943089431
CIRC_00463,KGZ,2010,2.72222222222222
CIRC_00464,KGZ,2010,7.61111111111111
CIRC_00465,KAZ,2010,17.8759689922481
CIRC_00466,KAZ,2010,62.1349206349206
CIRC_00467,LAO,2010,35.0277777777778
CIRC_00468,THA,2010,41.8714285714286
CIRC_00469,LAO,2010,1.47435897435897
CIRC_00470,LAO,2010,6.61458333333334
CIRC_00471,LAO,2010,0
CIRC_00472,LVA,2010,62.9883720930233
CIRC_00473,LVA,2010,6.43971631205674
CIRC_00474,RUS,2010,0.0355029585798817
CIRC_00475,LVA,2010,49.1
CIRC_00476,LVA,2010,16.7934782608696
CIRC_00477,LVA,2010,3.29585798816568
CIRC_00478,LVA,2010,0
CIRC_00479,USA,2010,62.6637931034483
CIRC_00480,LBR,2010,0
CIRC_00481,LBR,2010,1.35
CIRC_00482,LBR,2010,0
CIRC_00483,LBR,2010,0
CIRC_00484,LBR,2010,0
CIRC_00485,LBR,2010,0
CIRC_00486,LBR,2010,0
CIRC_00487,LBR,2010,30.2368421052632
CIRC_00488,LBN,2010,47.7927927927928
CIRC_00489,LBN,2010,52.6283185840708
CIRC_00490,LBN,2010,58.4137931034483
CIRC_00491,LBN,2010,53.2089552238806
CIRC_00492,LBN,2010,62.948275862069
CIRC_00493,LBN,2010,62.8913043478261
CIRC_00494,LBN,2010,57.3243243243243
CIRC_00495,LSO,2010,0.405405405405405
CIRC_00496,LSO,2010,2.05660377358491
CIRC_00497,LSO,2010,8.42592592592593
CIRC_00498,LSO,2010,3.32692307692308
CIRC_00499,LSO,2010,6.38888888888889
CIRC_00500,LSO,2010,54.8441558441559
CIRC_00501,LSO,2010,5.97560975609757
CIRC_00502,LSO,2010,0
CIRC_00503,LBY,2010,37.8482142857143
CIRC_00504,LBY,2010,49.4311926605505
CIRC_00505,LBY,2010,63
CIRC_00506,LBY,2010,62.4571428571429
CIRC_00507,LBY,2010,46.1641791044776
CIRC_00508,LBY,2010,27.9557522123894
CIRC_00509,LBY,2010,62.9411764705882
CIRC_00510,LBY,2010,59.4444444444445
CIRC_00511,LTU,2010,61.7654320987654
CIRC_00512,LTU,2010,20.7100591715976
CIRC_00513,LTU,2010,34.4642857142857
CIRC_00514,LTU,2010,60.4347826086957
CIRC_00515,LTU,2010,60.5078125
CIRC_00516,LUX,2010,38.7
CIRC_00517,LUX,2010,24.1398601398601
CIRC_00518,LUX,2010,60.7328767123288
CIRC_00519,LUX,2010,59.3240740740741
CIRC_00520,MRT,2010,0
CIRC_00521,MRT,2010,58.5979381443299
CIRC_00522,MRT,2010,0
CIRC_00523,MRT,2010,0
CIRC_00524,MRT,2010,0
CIRC_00525,MRT,2010,0
CIRC_00526,MKD,2010,22.375
CIRC_00527,BIH,2010,43.7519379844961
CIRC_00528,MKD,2010,60.024
CIRC_00529,MKD,2010,7.20472440944882
CIRC_00530,MKD,2010,8.45081967213115
CIRC_00531,MKD,2010,23.516393442623
CIRC_00532,MKD,2010,32.28
CIRC_00533,MDG,2010,0
CIRC_00534,MDG,2010,0
CIRC_00535,MDG,2010,8.84
CIRC_00536,MDG,2010,0
CIRC_00537,MDG,2010,9.50515463917526
CIRC_00538,MDG,2010,0
CIRC_00539,MYS,2010,57.4130434782609
CIRC_00540,MYS,2010,57.3142857142857
CIRC_00541,MYS,2010,16.195652173913
CIRC_00542,MYS,2010,58.7605633802817
CIRC_00543,MYS,2010,0.556701030927835
CIRC_00544,MYS,2010,55.7978723404255
CIRC_00545,MUS,2010,48.4795918367347
CIRC_00546,MUS,2010,37.9255319148936
CIRC_00547,MUS,2010,33.8469387755102
CIRC_00548,MWI,2010,11.8659793814433
CIRC_00549,MWI,2010,0.443298969072166
CIRC_00550,MWI,2010,4.85416666666667
CIRC_00551,MWI,2010,3.41237113402062
CIRC_00552,MWI,2010,0
CIRC_00553,MWI,2010,53.4285714285714
CIRC_00554,MEX,2010,63
CIRC_00555,MEX,2010,62.1030927835052
CIRC_00556,MEX,2010,30.234693877551
CIRC_00557,MEX,2010,6.70833333333333
CIRC_00558,MDA,2010,0.557142857142857
CIRC_00559,MDA,2010,1.16428571428572
CIRC_00560,MDA,2010,0.656716417910449
CIRC_00561,RUS,2010,0
CIRC_00562,MDA,2010,8.1021897810219
CIRC_00563,MDA,2010,2.52941176470588
CIRC_00564,MDA,2010,3.3065693430657
CIRC_00565,MDA,2010,3.59701492537314
CIRC_00566,MDA,2010,57.3722627737226
CIRC_00567,MDA,2010,6.61151079136691
CIRC_00568,MDA,2010,6.63809523809524
CIRC_00569,MDA,2010,6.63503649635036
CIRC_00570,MDA,2010,1.57352941176471
CIRC_00571,MDA,2010,4.16058394160584
CIRC_00572,MDA,2010,54.8134328358209
CIRC_00573,MDA,2010,4.68595041322314
CIRC_00574,MDA,2010,9.8705035971223
CIRC_00575,MLI,2010,18.6315789473684
CIRC_00576,MLI,2010,11.9473684210526
CIRC_00577,MLI,2010,0.126315789473684
CIRC_00578,MLI,2010,17.0736842105263
CIRC_00579,MLI,2010,16.7368421052632
CIRC_00580,MLI,2010,0
CIRC_00581,MLI,2010,9.49462365591398
CIRC_00582,MLT,2010,62.6728971962617
CIRC_00583,MLT,2010,62.6489361702128
CIRC_00584,MLT,2010,62.4239130434783
CIRC_00585,MLT,2010,62.3606557377049
CIRC_00586,MNG,2010,0
CIRC_00587,MNG,2010,0
CIRC_00588,MNG,2010,0
CIRC_00589,MNG,2010,56.4087591240876
CIRC_00590,MNG,2010,0
CIRC_00591,MAR,2010,62.1785714285714
CIRC_00592,MMR,2010,52.9795918367347
CIRC_00593,MMR,2010,6.51020408163265
CIRC_00594,MMR,2010,0
CIRC_00595,MMR,2010,60.4659090909091
CIRC_00596,MMR,2010,24.6363636363636
CIRC_00597,MOZ,2010,0
CIRC_00598,MOZ,2010,0.195876288659794
CIRC_00599,MOZ,2010,0
CIRC_00600,NAM,2010,4.96907216494845
CIRC_00601,NAM,2010,0
CIRC_00602,NAM,2010,21
CIRC_00603,NPL,2010,53.5566037735849
CIRC_00604,IND,2010,54.9038461538462
CIRC_00605,IND,2010,16.8942307692308
CIRC_00606,NPL,2010,0
CIRC_00607,NPL,2010,0
CIRC_00608,NPL,2010,0
CIRC_00609,NPL,2010,6.625
CIRC_00610,NPL,2010,6.42424242424242
CIRC_00611,NPL,2010,0
CIRC_00612,NPL,2010,0
CIRC_00613,NPL,2010,0
CIRC_00614,NPL,2010,18.9805825242718
CIRC_00615,NPL,2010,0
CIRC_00616,NZL,2010,22.5584415584416
CIRC_00617,NZL,2010,23.7435897435898
CIRC_00618,NZL,2010,3.46376811594203
CIRC_00619,NZL,2010,12.1641791044776
CIRC_00620,NZL,2010,3.85
CIRC_00621,NZL,2010,62.2876712328767
CIRC_00622,NZL,2010,1.32352941176471
CIRC_00623,NZL,2010,50.9913043478261
CIRC_00624,NZL,2010,29.702479338843
CIRC_00625,NZL,2010,61.3565891472868
CIRC_00626,NIC,2010,3.96842105263158
CIRC_00627,NIC,2010,15.7368421052632
CIRC_00628,NIC,2010,60.9052631578947
CIRC_00629,NIC,2010,29.6777777777778
CIRC_00630,NGA,2010,31.4787234042553
CIRC_00631,NGA,2010,60.2386363636364
CIRC_00632,NGA,2010,59.9157894736842
CIRC_00633,NGA,2010,39.6382978723404
CIRC_00634,NGA,2010,32.4210526315789
CIRC_00635,NGA,2010,13.7582417582418
CIRC_00636,NGA,2010,8.02105263157895
CIRC_00637,NER,2010,1.78125
CIRC_00638,NER,2010,19.9175257731959
CIRC_00639,NER,2010,4.07291666666667
CIRC_00640,NER,2010,49.6914893617021
CIRC_00641,NER,2010,2.9468085106383
CIRC_00642,NER,2010,0.376344086021505
CIRC_00643,NER,2010,0
CIRC_00644,NER,2010,0
CIRC_00645,NER,2010,0
CIRC_00646,NOR,2010,57.2335766423358
CIRC_00647,NOR,2010,58.989010989011
CIRC_00648,NOR,2010,61.5061728395062
CIRC_00649,NOR,2010,48.21
CIRC_00650,NOR,2010,25.8142076502732
CIRC_00651,NOR,2010,62.9020979020979
CIRC_00652,NOR,2010,56.3509933774834
CIRC_00653,NLD,2010,63
CIRC_00654,NLD,2010,38.2847682119205
CIRC_00655,NLD,2010,34.6617647058824
CIRC_00656,NLD,2010,62.0419580419581
CIRC_00657,OMN,2010,61.8762886597938
CIRC_00658,OMN,2010,58.7922077922078
CIRC_00659,PAK,2010,62.9787234042553
CIRC_00660,PAK,2010,9
CIRC_00661,PAK,2010,63
CIRC_00662,PAK,2010,12.5865384615385
CIRC_00663,PAK,2010,27.8018867924528
CIRC_00664,IND,2010,63
CIRC_00665,PAK,2010,58.4018691588785
CIRC_00666,PAK,2010,0
CIRC_00667,PAK,2010,62.9910714285714
CIRC_00668,PAK,2010,7.01869158878505
CIRC_00669,PAN,2010,61.1206896551724
CIRC_00670,PAN,2010,1.37234042553191
CIRC_00671,PAN,2010,28.6847826086957
CIRC_00672,PRY,2010,1.77669902912621
CIRC_00673,PRY,2010,62.0098039215686
CIRC_00674,PRY,2010,18.6019417475728
CIRC_00675,PRY,2010,0.771428571428571
CIRC_00676,PRY,2010,57.4
CIRC_00677,PER,2010,63
CIRC_00678,PER,2010,43.3020833333333
CIRC_00679,PER,2010,2.75257731958763
CIRC_00680,PER,2010,63
CIRC_00681,PER,2010,29.4086021505376
CIRC_00682,PER,2010,2.63265306122449
CIRC_00683,PHL,2010,2.43859649122807
CIRC_00684,PHL,2010,12.438202247191
CIRC_00685,PHL,2010,63
CIRC_00686,PHL,2010,63
CIRC_00687,PHL,2010,63
CIRC_00688,PHL,2010,2.43478260869565
CIRC_00689,PHL,2010,63
CIRC_00690,PNG,2010,0
CIRC_00691,PNG,2010,0
CIRC_00692,PNG,2010,0
CIRC_00693,PNG,2010,45.4285714285714
CIRC_00694,PNG,2010,0
CIRC_00695,PNG,2010,7.82352941176471
CIRC_00696,PNG,2010,0
CIRC_00697,PNG,2010,0
CIRC_00698,POL,2010,19.6133333333333
CIRC_00699,POL,2010,16.8831168831169
CIRC_00700,POL,2010,29.81875
CIRC_00701,POL,2010,62.9205298013245
CIRC_00702,POL,2010,31.445945945946
CIRC_00703,POL,2010,26.0696202531646
CIRC_00704,POL,2010,54.8767123287671
CIRC_00705,POL,2010,63
CIRC_00706,POL,2010,60.5928571428571
CIRC_00707,PRT,2010,62.296875
CIRC_00708,PRT,2010,45.8938053097345
CIRC_00709,PRK,2010,40.8403361344538
CIRC_00710,RUS,2010,4.48251748251748
CIRC_00711,QAT,2010,63
CIRC_00712,KOR,2010,51.406779661017
CIRC_00713,KOR,2010,39.2115384615385
CIRC_00714,KOR,2010,5.78723404255319
CIRC_00715,KOR,2010,55.0526315789474
CIRC_00716,JPN,2010,63
CIRC_00717,KOR,2010,62.9583333333333
CIRC_00718,KOR,2010,63
CIRC_00719,KOR,2010,33.4339622641509
CIRC_00720,KOR,2010,63
CIRC_00721,ROU,2010,62.969465648855
CIRC_00722,ROU,2010,39.3358778625954
CIRC_00723,UKR,2010,22.4621212121212
CIRC_00724,ROU,2010,0
CIRC_00725,ROU,2010,7.69565217391305
CIRC_00726,ROU,2010,50
CIRC_00727,ROU,2010,15.5639097744361
CIRC_00728,ROU,2010,40.8417266187051
CIRC_00729,ROU,2010,19.3458646616541
CIRC_00730,ROU,2010,32.8372093023256
CIRC_00731,ROU,2010,49.3235294117647
CIRC_00732,RUS,2010,6.70676691729323
CIRC_00733,RUS,2010,3.3444976076555
CIRC_00734,RUS,2010,63
CIRC_00735,RWA,2010,9.08196721311475
CIRC_00736,RWA,2010,5.41304347826087
CIRC_00737,RWA,2010,0.604395604395604
CIRC_00738,ZAF,2010,63
CIRC_00739,ZAF,2010,0
CIRC_00740,ZAF,2010,0
CIRC_00741,ZAF,2010,62.75
CIRC_00742,ZAF,2010,6.60952380952381
CIRC_00743,ZAF,2010,63
CIRC_00744,SLV,2010,60.2150537634409
CIRC_00745,SLV,2010,39.375
CIRC_00746,SLV,2010,10.1052631578947
CIRC_00747,SLV,2010,8.77319587628866
CIRC_00748,SLV,2010,8.37113402061856
CIRC_00749,SAU,2010,63
CIRC_00750,SEN,2010,0
CIRC_00751,SEN,2010,6.94897959183674
CIRC_00752,SEN,2010,0
CIRC_00753,SRB,2010,62.6640625
CIRC_00754,SRB,2010,26.896
CIRC_00755,XKO,2010,29.6507936507937
CIRC_00756,SLE,2010,0
CIRC_00757,SLE,2010,35.9591836734694
CIRC_00758,SLE,2010,0
CIRC_00759,SLE,2010,0
CIRC_00760,SLE,2010,0
CIRC_00761,SLE,2010,2.98888888888889
CIRC_00762,SGP,2010,62.972972972973
CIRC_00763,SGP,2010,63
CIRC_00764,SVK,2010,33.944055944056
CIRC_00765,SVK,2010,11.9718309859155
CIRC_00766,SVK,2010,15.5492957746479
CIRC_00767,SVK,2010,31.1843971631206
CIRC_00768,SVK,2010,13.1870503597122
CIRC_00769,SVK,2010,51.1007194244604
CIRC_00770,SVK,2010,8.93269230769231
CIRC_00771,SVN,2010,7.77205882352941
CIRC_00772,SVN,2010,12.1023622047244
CIRC_00773,SVN,2010,41.0296296296296
CIRC_00774,SVN,2010,60.1481481481482
CIRC_00775,SVN,2010,25.8549618320611
CIRC_00776,SVN,2010,17.9253731343284
CIRC_00777,SVN,2010,29.3103448275862
CIRC_00778,SLB,2010,0
CIRC_00779,SLB,2010,0
CIRC_00780,SLB,2010,0
CIRC_00781,SLB,2010,0
CIRC_00782,SLB,2010,0
CIRC_00783,SLB,2010,0
CIRC_00784,SLB,2010,0
CIRC_00785,SLB,2010,0
CIRC_00786,ETH,2010,0
CIRC_00787,SOM,2010,0
CIRC_00788,SOM,2010,9.52830188679245
CIRC_00789,ESP,2010,63
CIRC_00790,ESP,2010,63
CIRC_00791,ESP,2010,60.75
CIRC_00792,ESP,2010,53.5983606557377
CIRC_00793,LKA,2010,62.3833333333333
CIRC_00794,LKA,2010,19.2315789473684
CIRC_00795,LKA,2010,9.78494623655914
CIRC_00796,LKA,2010,38.063829787234
CIRC_00797,LKA,2010,21.0927835051546
CIRC_00798,SSD,2010,0
CIRC_00799,SDN,2010,11.2352941176471
CIRC_00800,SDN,2010,0
CIRC_00801,SUR,2010,50.3626373626374
CIRC_00802,SUR,2010,1.2112676056338
CIRC_00803,SUR,2010,14.1
CIRC_00804,SUR,2010,26.9175257731959
CIRC_00805,SWZ,2010,35.7884615384615
CIRC_00806,SWE,2010,58.5963855421687
CIRC_00807,SWE,2010,60.8142857142857
CIRC_00808,SWE,2010,26.5966850828729
CIRC_00809,SWE,2010,63
CIRC_00810,SWE,2010,55.4972677595629
CIRC_00811,SWE,2010,59.6927710843374
CIRC_00812,CHE,2010,53.2352941176471
CIRC_00813,CHE,2010,35.812030075188
CIRC_00814,CHE,2010,52.7164179104478
CIRC_00815,CHE,2010,10.4477611940299
CIRC_00816,CHE,2010,61.4777777777778
CIRC_00817,CHE,2010,41.2992700729927
CIRC_00818,CHE,2010,41.6666666666667
CIRC_00819,CHE,2010,32.762962962963
CIRC_00820,CHE,2010,51.7259259259259
CIRC_00821,CHE,2010,34.8405797101449
CIRC_00822,CHE,2010,46.6102941176471
CIRC_00823,CHE,2010,44.389705882353
CIRC_00824,CHE,2010,37.8759124087591
CIRC_00825,CHE,2010,30.7175572519084
CIRC_00826,CHE,2010,53.1739130434783
CIRC_00827,CHE,2010,35.1811594202898
CIRC_00828,CHE,2010,47.5481481481482
CIRC_00829,CHE,2010,18.3941605839416
CIRC_00830,CHE,2010,29.6818181818182
CIRC_00831,CHE,2010,31.9692307692308
CIRC_00832,CHE,2010,23.0729927007299
CIRC_00833,SYR,2010,34.2758620689655
CIRC_00834,SYR,2010,62.7927927927928
CIRC_00835,TJK,2010,2.8034188034188
CIRC_00836,TJK,2010,35.1311475409836
CIRC_00837,TJK,2010,0
CIRC_00838,TJK,2010,20.698275862069
CIRC_00839,TWN,2010,36.6712328767123
CIRC_00840,TWN,2010,39.71
CIRC_00841,HKG,2010,63
CIRC_00842,TWN,2010,62.6274509803922
CIRC_00843,TZA,2010,0
CIRC_00844,TZA,2010,0
CIRC_00845,TZA,2010,0
CIRC_00846,TZA,2010,0
CIRC_00847,TZA,2010,0.77027027027027
CIRC_00848,THA,2010,63
CIRC_00849,THA,2010,63
CIRC_00850,THA,2010,63
CIRC_00851,THA,2010,26.968085106383
CIRC_00852,THA,2010,51.875
CIRC_00853,THA,2010,63
CIRC_00854,THA,2010,17.2371134020619
CIRC_00855,THA,2010,26.5051546391753
CIRC_00856,THA,2010,10.3052631578947
CIRC_00857,GBR,2010,62.9447852760736
CIRC_00858,THA,2010,58.9263157894737
CIRC_00859,TKM,2010,57.7685950413223
CIRC_00860,TKM,2010,39.9075630252101
CIRC_00861,TKM,2010,62.9217391304348
CIRC_00862,TGO,2010,5.35483870967742
CIRC_00863,TGO,2010,6.42105263157895
CIRC_00864,TGO,2010,0
CIRC_00865,TTO,2010,49.7868852459017
CIRC_00866,TTO,2010,62.8805970149254
CIRC_00867,TTO,2010,51.1368421052632
CIRC_00868,TTO,2010,21.6081081081081
CIRC_00869,TTO,2010,34.9770114942529
CIRC_00870,TUN,2010,62.5733333333333
CIRC_00871,TUN,2010,21.4587155963303
CIRC_00872,TUN,2010,62.8602150537634
CIRC_00873,TUN,2010,31.3130434782609
CIRC_00874,TUN,2010,60.1818181818182
CIRC_00875,TUN,2010,22.1913043478261
CIRC_00876,TUN,2010,38.2933333333333
CIRC_00877,TUR,2010,41.275
CIRC_00878,TUR,2010,62.9230769230769
CIRC_00879,TUR,2010,11.1206896551724
CIRC_00880,TUR,2010,62.8965517241379
CIRC_00881,TUR,2010,24.8181818181818
CIRC_00882,TUR,2010,61.6776859504132
CIRC_00883,TUR,2010,62.989010989011
CIRC_00884,ARE,2010,62.3571428571429
CIRC_00885,ARE,2010,62.9803921568627
CIRC_00886,UGA,2010,0
CIRC_00887,GBR,2010,38.4370860927152
CIRC_00888,GBR,2010,28.5753424657534
CIRC_00889,GBR,2010,62.5753424657534
CIRC_00890,GBR,2010,55.1454545454546
CIRC_00891,GBR,2010,50.7471264367816
CIRC_00892,USA,2010,63
CIRC_00893,GBR,2010,56.1986754966888
CIRC_00894,GBR,2010,62.8854961832061
CIRC_00895,UKR,2010,2.72108843537415
CIRC_00896,UKR,2010,8.30263157894737
CIRC_00897,UKR,2010,2.24161073825503
CIRC_00898,UKR,2010,31.0428571428571
CIRC_00899,UKR,2010,60.3049645390071
CIRC_00900,UKR,2010,11.1692307692308
CIRC_00901,UKR,2010,60.2463768115942
CIRC_00902,URY,2010,62.0178571428572
CIRC_00903,URY,2010,62.3516483516484
CIRC_00904,USA,2010,62.2619047619048
CIRC_00905,USA,2010,38.2347826086957
CIRC_00906,USA,2010,62.6754385964912
CIRC_00907,USA,2010,62.1587301587302
CIRC_00908,USA,2010,62.9741379310345
CIRC_00909,USA,2010,59.2016129032258
CIRC_00910,UZB,2010,52.9586776859504
CIRC_00911,UZB,2010,62.9758064516129
CIRC_00912,UZB,2010,15.3361344537815
CIRC_00913,VEN,2010,31.4
CIRC_00914,VEN,2010,20.1444444444444
CIRC_00915,VEN,2010,5.7319587628866
CIRC_00916,VEN,2010,22.4395604395604
CIRC_00917,VEN,2010,62.8586956521739
CIRC_00918,YEM,2010,11.84375
CIRC_00919,YEM,2010,1.27659574468085
CIRC_00920,YEM,2010,8.47422680412371
CIRC_00921,SRB,2010,37.078125
CIRC_00922,MNE,2010,21.9655172413793
CIRC_00923,ZMB,2010,3.70329670329671
CIRC_00924,ZMB,2010,52.8315789473684
CIRC_00925,ZMB,2010,32.6770833333333
CIRC_00926,ZWE,2010,0
CIRC_00927,ZMB,2010,0.287234042553191
CIRC_00928,ZMB,2010,34.68
CIRC_00929,ZMB,2010,47.5833333333333
CIRC_00930,ZMB,2010,0
CIRC_00931,ZWE,2010,0.659793814432989
CIRC_00932,ZWE,2010,6.34020618556701
CIRC_00933,COM,2010,1.57142857142857
CIRC_00934,MDV,2010,46
CIRC_00935,SAU,2010,63
CIRC_00936,ISR,2010,63
CIRC_00937,COM,2010,3.82222222222222
CIRC_00938,COM,2010,1.13333333333333
CIRC_00941,LBY,2010,63
CIRC_00942,SGP,2010,63
CIRC_00943,MKD,2010,59.5
CIRC_00945,QAT,2010,63
CIRC_00946,MDA,2010,4.87878787878788
CIRC_00947,SGP,2010,63
CIRC_00948,LSO,2010,3.40566037735849
CIRC_00949,MDA,2010,0.424460431654676
CIRC_00950,COM,2010,3.46666666666667
CIRC_00951,LSO,2010,0
CIRC_00952,MUS,2010,49.4594594594595
CIRC_00953,ISR,2010,63
CIRC_00954,TKM,2010,60
CIRC_00955,LBY,2010,46.1969696969697
CIRC_00956,ISR,2010,57.6339285714286
CIRC_00957,MUS,2010,37.340206185567
CIRC_00958,GTM,2010,62.5463917525773
CIRC_00959,MDA,2010,8.21014492753624
CIRC_00960,ISR,2010,63
CIRC_00961,SSD,2010,0
CIRC_00962,CYP,2010,58.3466666666667
CIRC_00964,LSO,2010,57.1111111111111
CIRC_00965,MDA,2010,2.47445255474452
CIRC_00001,AFG,2011,4.86725663716814
CIRC_00002,AFG,2011,59.1696428571429
CIRC_00003,AFG,2011,0
CIRC_00004,AFG,2011,0
CIRC_00005,AFG,2011,12.0185185185185
CIRC_00006,AFG,2011,0
CIRC_00007,AFG,2011,0.377358490566037
CIRC_00008,ALB,2011,27.3951612903226
CIRC_00009,ALB,2011,1.31034482758621
CIRC_00010,ALB,2011,55.3360655737705
CIRC_00011,ALB,2011,2.41666666666667
CIRC_00012,DZA,2011,9.66371681415929
CIRC_00013,DZA,2011,49.0347826086957
CIRC_00014,DZA,2011,20.6
CIRC_00015,DZA,2011,51.1929824561404
CIRC_00016,MAR,2011,57.8333333333333
CIRC_00017,DZA,2011,6.92105263157895
CIRC_00018,DZA,2011,29.7387387387388
CIRC_00019,AGO,2011,62.5294117647059
CIRC_00020,AGO,2011,50.7916666666667
CIRC_00021,ARG,2011,9.4392523364486
CIRC_00022,ARG,2011,62.954128440367
CIRC_00023,ARG,2011,23.8173076923077
CIRC_00024,ARG,2011,56.0636363636364
CIRC_00025,ARG,2011,63
CIRC_00026,ARG,2011,47.2777777777778
CIRC_00027,ARG,2011,61.6608695652174
CIRC_00028,ARG,2011,50.4
CIRC_00029,ARG,2011,62.9438202247191
CIRC_00030,ARG,2011,62.9651162790698
CIRC_00031,SYR,2011,7.18260869565217
CIRC_00032,AZE,2011,21.297520661157
CIRC_00033,ARM,2011,62.1869918699187
CIRC_00034,ARM,2011,62.3025210084034
CIRC_00035,ARM,2011,6.01694915254238
CIRC_00036,AUS,2011,5.41880341880342
CIRC_00037,AUS,2011,62.9302325581395
CIRC_00038,AUS,2011,20.4952380952381
CIRC_00039,GBR,2011,43.3191489361702
CIRC_00040,GBR,2011,63
CIRC_00041,AUS,2011,62.8409090909091
CIRC_00042,AUT,2011,62.9142857142857
CIRC_00043,AUT,2011,46.75
CIRC_00044,AUT,2011,33.1560283687943
CIRC_00045,AUT,2011,5.63829787234043
CIRC_00046,AUT,2011,61.7841726618705
CIRC_00047,AUT,2011,62.3884892086331
CIRC_00048,AUT,2011,17.158273381295
CIRC_00049,CHE,2011,22.4598540145985
CIRC_00050,AZE,2011,62.5802469135803
CIRC_00051,AZE,2011,2.35245901639345
CIRC_00052,AZE,2011,62.5769230769231
CIRC_00053,AZE,2011,33.7177419354839
CIRC_00054,BHR,2011,58.7894736842105
CIRC_00055,BHR,2011,63
CIRC_00056,BRB,2011,58.4625
CIRC_00057,BRB,2011,23.3947368421053
CIRC_00058,BRB,2011,32.7638888888889
CIRC_00059,BRB,2011,27.4375
CIRC_00060,BEL,2011,40.2733333333334
CIRC_00061,FRA,2011,62.3937007874016
CIRC_00062,BEL,2011,54.4545454545455
CIRC_00063,BEL,2011,45.2197802197802
CIRC_00064,BEL,2011,62.7382550335571
CIRC_00065,BEL,2011,49.3125
CIRC_00066,BEL,2011,52.5102040816327
CIRC_00067,BEL,2011,62.952380952381
CIRC_00068,BEL,2011,61.4931506849315
CIRC_00069,BEN,2011,0
CIRC_00070,TGO,2011,59.4888888888889
CIRC_00071,BEN,2011,0
CIRC_00072,BEN,2011,7.08695652173913
CIRC_00073,BFA,2011,60.6105263157895
CIRC_00074,BFA,2011,7.17021276595745
CIRC_00075,BFA,2011,3.25263157894737
CIRC_00076,BFA,2011,60.4175824175824
CIRC_00077,BFA,2011,0.791666666666667
CIRC_00078,BHS,2011,62.1728395061729
CIRC_00079,BHS,2011,48.1923076923077
CIRC_00080,BHS,2011,60.9139784946237
CIRC_00081,BTN,2011,22.8425925925926
CIRC_00082,BTN,2011,0
CIRC_00083,BTN,2011,2.67307692307693
CIRC_00084,BTN,2011,9.94230769230769
CIRC_00085,BTN,2011,1.80582524271845
CIRC_00086,BTN,2011,0
CIRC_00087,BLR,2011,62.832298136646
CIRC_00088,BLR,2011,9.98709677419355
CIRC_00089,BLR,2011,11.3018867924528
CIRC_00090,BLZ,2011,46.0357142857143
CIRC_00091,BLZ,2011,18.8775510204082
CIRC_00092,BLZ,2011,21.4949494949495
CIRC_00093,IND,2011,7.54807692307692
CIRC_00094,BGD,2011,0.574257425742575
CIRC_00095,BGD,2011,1.72277227722772
CIRC_00096,IND,2011,17.126213592233
CIRC_00097,BGD,2011,2.78217821782178
CIRC_00098,BGD,2011,21.3
CIRC_00099,BGD,2011,6.01923076923077
CIRC_00100,BOL,2011,62.4895833333333
CIRC_00101,BOL,2011,62.5670103092784
CIRC_00102,BOL,2011,62.5208333333333
CIRC_00103,BOL,2011,0
CIRC_00104,BOL,2011,1.29166666666667
CIRC_00105,BIH,2011,5.31578947368421
CIRC_00106,BIH,2011,21.3846153846154
CIRC_00107,HRV,2011,10.5564516129032
CIRC_00108,BIH,2011,21.0396825396825
CIRC_00109,BIH,2011,57.4427480916031
CIRC_00110,BIH,2011,9.976
CIRC_00111,BIH,2011,20.0606060606061
CIRC_00112,BIH,2011,41.5736434108527
CIRC_00113,BIH,2011,14.0967741935484
CIRC_00114,BIH,2011,18.4806201550388
CIRC_00115,BIH,2011,17.2384615384615
CIRC_00116,BIH,2011,1.9922480620155
CIRC_00117,BIH,2011,45.1953125
CIRC_00118,BIH,2011,11.7063492063492
CIRC_00119,BIH,2011,18.9307692307692
CIRC_00120,BWA,2011,11.5882352941176
CIRC_00121,BWA,2011,0
CIRC_00122,GBR,2011,57.0419580419581
CIRC_00123,BWA,2011,6.24509803921569
CIRC_00124,BRA,2011,21.021978021978
CIRC_00125,BRA,2011,62.7916666666667
CIRC_00126,BRA,2011,56.7575757575758
CIRC_00127,BRA,2011,13.6315789473684
CIRC_00128,BRA,2011,62.7395833333333
CIRC_00129,BRA,2011,36.59
CIRC_00130,BRA,2011,7.97087378640777
CIRC_00131,BRN,2011,58.4269662921348
CIRC_00132,BDI,2011,0
CIRC_00133,BDI,2011,0
CIRC_00134,BDI,2011,33.3297872340426
CIRC_00135,BDI,2011,0
CIRC_00136,BDI,2011,0
CIRC_00137,BDI,2011,4.31818181818182
CIRC_00138,BDI,2011,0
CIRC_00139,BDI,2011,0.106382978723404
CIRC_00140,BGR,2011,2.6793893129771
CIRC_00141,RUS,2011,63
CIRC_00142,BGR,2011,2.78125
CIRC_00143,BGR,2011,62.6746031746032
CIRC_00144,BGR,2011,14.368
CIRC_00145,BGR,2011,53.944
CIRC_00146,UKR,2011,41.0151515151515
CIRC_00147,BGR,2011,25.0708661417323
CIRC_00148,USA,2011,62.9830508474576
CIRC_00149,BGR,2011,20.024
CIRC_00150,BGR,2011,22.1612903225807
CIRC_00151,BGR,2011,5.36585365853659
CIRC_00152,BGR,2011,9.984
CIRC_00153,BGR,2011,35.0852713178295
CIRC_00154,KHM,2011,0
CIRC_00155,KHM,2011,58.1827956989247
CIRC_00156,KHM,2011,2.6
CIRC_00157,CAN,2011,52.625
CIRC_00158,CAN,2011,27
CIRC_00159,CAN,2011,51.3111111111111
CIRC_00160,CAN,2011,62.9803921568627
CIRC_00161,CAN,2011,63
CIRC_00162,CAN,2011,62.9923076923077
CIRC_00163,CMR,2011,3.64893617021277
CIRC_00164,CPV,2011,2.69072164948454
CIRC_00165,CPV,2011,23.5762711864407
CIRC_00166,CPV,2011,5.02061855670103
CIRC_00167,CPV,2011,25.0421052631579
CIRC_00168,CIV,2011,46.5760869565217
CIRC_00169,CIV,2011,0
CIRC_00170,CIV,2011,0.655555555555556
CIRC_00171,CIV,2011,24.1808510638298
CIRC_00172,CIV,2011,13.3586956521739
CIRC_00173,CAF,2011,22.8315789473684
CIRC_00174,CAF,2011,0
CIRC_00175,GAB,2011,6.09574468085107
CIRC_00176,CAF,2011,0
CIRC_00177,CAF,2011,0
CIRC_00178,TCD,2011,48.7746478873239
CIRC_00179,TCD,2011,2.58
CIRC_00180,TCD,2011,0.0833333333333334
CIRC_00181,TCD,2011,49.6666666666667
CIRC_00182,CHL,2011,56.6153846153846
CIRC_00183,CHL,2011,60.3975903614458
CIRC_00184,CHL,2011,63
CIRC_00185,CHL,2011,45.9714285714286
CIRC_00186,CHN,2011,29.9074074074074
CIRC_00187,CHN,2011,62.5
CIRC_00188,CHN,2011,58.5471698113208
CIRC_00189,CHN,2011,63
CIRC_00190,COL,2011,60.7765957446809
CIRC_00191,COL,2011,57.0568181818182
CIRC_00192,COL,2011,60.3085106382979
CIRC_00193,COL,2011,62.468085106383
CIRC_00194,COL,2011,8.25263157894738
CIRC_00195,MDG,2011,19.2702702702703
CIRC_00196,FRA,2011,7.94736842105263
CIRC_00197,COM,2011,0
CIRC_00198,COM,2011,0.510638297872341
CIRC_00199,COM,2011,0.0677966101694916
CIRC_00200,COM,2011,0.207792207792208
CIRC_00201,COM,2011,3.38888888888889
CIRC_00202,COM,2011,0.924528301886793
CIRC_00203,COG,2011,11.3333333333333
CIRC_00204,COG,2011,0
CIRC_00205,CRI,2011,61.6421052631579
CIRC_00206,NIC,2011,17.5531914893617
CIRC_00207,CRI,2011,62.8762886597938
CIRC_00208,CRI,2011,62.8085106382979
CIRC_00209,HRV,2011,21.206106870229
CIRC_00210,HRV,2011,61.5407407407407
CIRC_00211,HRV,2011,12.4285714285714
CIRC_00212,HRV,2011,59.4366197183099
CIRC_00213,CUB,2011,1.90909090909091
CIRC_00214,CUB,2011,9.51515151515152
CIRC_00215,XNC,2011,42.672131147541
CIRC_00216,XNC,2011,61.7272727272727
CIRC_00217,XNC,2011,31.1478260869565
CIRC_00218,CYP,2011,9.94736842105263
CIRC_00219,CYP,2011,49.5777777777778
CIRC_00220,SVK,2011,13.2352941176471
CIRC_00221,CZE,2011,55.3169014084507
CIRC_00222,CZE,2011,62.4785714285714
CIRC_00223,CZE,2011,22.9242424242424
CIRC_00224,CZE,2011,32.3287671232877
CIRC_00225,CZE,2011,50.7
CIRC_00226,CZE,2011,22.8478260869565
CIRC_00227,CZE,2011,32.9014084507042
CIRC_00228,CZE,2011,61.2191780821918
CIRC_00229,CZE,2011,14.9230769230769
CIRC_00230,SVK,2011,59.9527559055118
CIRC_00231,CZE,2011,13.5673758865248
CIRC_00232,DNK,2011,14.5416666666667
CIRC_00233,DNK,2011,46.4
CIRC_00234,DNK,2011,4.50295857988166
CIRC_00235,DNK,2011,33.9741935483871
CIRC_00236,DNK,2011,61.6209150326797
CIRC_00237,DNK,2011,50.0769230769231
CIRC_00238,SOM,2011,0
CIRC_00239,ETH,2011,23.0212765957447
CIRC_00240,DOM,2011,12.4742268041237
CIRC_00241,DOM,2011,62.28125
CIRC_00242,DOM,2011,60.4554455445545
CIRC_00243,DOM,2011,6.79166666666667
CIRC_00244,COD,2011,0
CIRC_00245,COD,2011,1.05376344086021
CIRC_00246,COD,2011,0
CIRC_00247,COD,2011,61.2391304347826
CIRC_00248,VNM,2011,8.90721649484536
CIRC_00249,VNM,2011,44.2156862745098
CIRC_00250,VNM,2011,1.07216494845361
CIRC_00251,VNM,2011,0
CIRC_00252,VNM,2011,43.3564356435644
CIRC_00253,ECU,2011,57.1505376344086
CIRC_00254,USA,2011,62.9636363636364
CIRC_00255,ECU,2011,61.9666666666667
CIRC_00256,ECU,2011,59.7204301075269
CIRC_00257,ECU,2011,41.7555555555556
CIRC_00258,ECU,2011,0
CIRC_00259,ECU,2011,61.9784946236559
CIRC_00260,USA,2011,62.9516129032258
CIRC_00261,EGY,2011,60.6036036036036
CIRC_00262,EGY,2011,63
CIRC_00263,EGY,2011,59
CIRC_00264,GNQ,2011,19.3012048192771
CIRC_00265,ERI,2011,35.2526315789474
CIRC_00266,EST,2011,38.7709497206704
CIRC_00267,EST,2011,0.308139534883721
CIRC_00268,EST,2011,26.0112359550562
CIRC_00269,EST,2011,61.2045454545455
CIRC_00270,EST,2011,5.67045454545455
CIRC_00271,EST,2011,52.185393258427
CIRC_00272,ETH,2011,12.9789473684211
CIRC_00273,ETH,2011,7.98947368421052
CIRC_00274,ETH,2011,0.711340206185567
CIRC_00275,ETH,2011,0
CIRC_00276,TLS,2011,3.21818181818182
CIRC_00277,TLS,2011,27.8307692307692
CIRC_00278,TLS,2011,1.32978723404255
CIRC_00279,TLS,2011,27.3283582089552
CIRC_00280,TLS,2011,0
CIRC_00281,TLS,2011,0
CIRC_00282,FIN,2011,50.2684210526316
CIRC_00283,RUS,2011,43.7328244274809
CIRC_00284,FIN,2011,61.5068493150685
CIRC_00285,FIN,2011,39.4188481675393
CIRC_00286,FJI,2011,0
CIRC_00287,FJI,2011,0
CIRC_00288,FJI,2011,6.34375
CIRC_00289,FJI,2011,7.22471910112359
CIRC_00290,FJI,2011,0
CIRC_00291,FJI,2011,0
CIRC_00292,FJI,2011,0
CIRC_00293,FJI,2011,0
CIRC_00294,FRA,2011,15.3181818181818
CIRC_00295,FRA,2011,63
CIRC_00296,FRA,2011,63
CIRC_00297,FRA,2011,61.5874125874126
CIRC_00298,FRA,2011,56.9452054794521
CIRC_00299,GAB,2011,2.30769230769231
CIRC_00300,GAB,2011,8.25806451612903
CIRC_00301,COG,2011,58.125
CIRC_00302,GAB,2011,0.0967741935483871
CIRC_00303,GMB,2011,0
CIRC_00304,GMB,2011,4.0625
CIRC_00305,GMB,2011,3.30526315789474
CIRC_00306,DEU,2011,62.9281045751634
CIRC_00307,DEU,2011,59.6056338028169
CIRC_00308,DEU,2011,14.92
CIRC_00309,DEU,2011,62.7133757961784
CIRC_00310,DEU,2011,17.9230769230769
CIRC_00311,GHA,2011,61.7142857142857
CIRC_00312,GHA,2011,62.4565217391304
CIRC_00313,GHA,2011,21.4615384615385
CIRC_00314,GHA,2011,2.26881720430108
CIRC_00315,GNB,2011,22.0615384615385
CIRC_00316,GNB,2011,0
CIRC_00317,GNB,2011,0
CIRC_00318,GNB,2011,0.885416666666667
CIRC_00319,GNB,2011,0
CIRC_00320,GRC,2011,63
CIRC_00321,GRC,2011,43.9692307692308
CIRC_00322,GRC,2011,0.566037735849056
CIRC_00323,GRC,2011,62.4027777777778
CIRC_00324,USA,2011,62.9615384615385
CIRC_00325,GRC,2011,62.9918032786885
CIRC_00326,GRC,2011,30.4393939393939
CIRC_00327,GEO,2011,56
CIRC_00328,GEO,2011,12.776
CIRC_00329,GEO,2011,0.129032258064516
CIRC_00330,GEO,2011,29.6640625
CIRC_00331,FRA,2011,63
CIRC_00332,GTM,2011,62.5670103092784
CIRC_00333,GTM,2011,3.03125
CIRC_00334,GTM,2011,18.6770833333333
CIRC_00335,GIN,2011,0
CIRC_00336,GIN,2011,1.10309278350516
CIRC_00337,GIN,2011,0
CIRC_00338,GIN,2011,43.4761904761905
CIRC_00339,GIN,2011,0
CIRC_00340,GIN,2011,1.44329896907217
CIRC_00341,GUY,2011,47.7536231884058
CIRC_00342,GUY,2011,8.42857142857143
CIRC_00343,GUY,2011,4.2987012987013
CIRC_00344,USA,2011,62.968
CIRC_00345,GUY,2011,29.6521739130435
CIRC_00346,GUY,2011,0
CIRC_00347,GUY,2011,5.7945205479452
CIRC_00348,HTI,2011,3.87628865979381
CIRC_00349,HTI,2011,49.2727272727273
CIRC_00350,HTI,2011,37.9574468085106
CIRC_00351,HTI,2011,2.25454545454546
CIRC_00352,HTI,2011,3.7906976744186
CIRC_00353,HTI,2011,1.54639175257732
CIRC_00354,HTI,2011,0
CIRC_00355,HTI,2011,1.28865979381443
CIRC_00356,HND,2011,36.453488372093
CIRC_00357,HND,2011,62.5263157894737
CIRC_00358,HND,2011,59.8510638297872
CIRC_00359,PAN,2011,62.3333333333333
CIRC_00360,HND,2011,0
CIRC_00361,HND,2011,28.6354166666667
CIRC_00362,HND,2011,10.2586206896552
CIRC_00363,HND,2011,9.67368421052631
CIRC_00364,HND,2011,6.62365591397849
CIRC_00365,HUN,2011,11.3333333333333
CIRC_00366,HUN,2011,62.4855072463768
CIRC_00367,HUN,2011,2.56923076923077
CIRC_00368,HUN,2011,43.0289855072464
CIRC_00369,HUN,2011,17.6814814814815
CIRC_00370,HUN,2011,45.6165413533835
CIRC_00371,ISL,2011,61.2254901960784
CIRC_00372,ISL,2011,3.65625
CIRC_00373,ISL,2011,62.1680672268908
CIRC_00374,IND,2011,61.2475247524753
CIRC_00375,IND,2011,0.647619047619048
CIRC_00376,IND,2011,15.7448979591837
CIRC_00377,IND,2011,57.2941176470588
CIRC_00378,IND,2011,6.70526315789474
CIRC_00379,PAK,2011,30.981981981982
CIRC_00380,PAK,2011,3.70642201834862
CIRC_00381,IND,2011,7.62376237623762
CIRC_00382,IDN,2011,18.7765957446809
CIRC_00383,IDN,2011,19.625
CIRC_00384,IDN,2011,21.0842105263158
CIRC_00385,IDN,2011,58.8723404255319
CIRC_00386,IDN,2011,5.61052631578948
CIRC_00387,IDN,2011,50.6595744680851
CIRC_00388,IRL,2011,22.3503184713376
CIRC_00389,IRL,2011,2.03105590062112
CIRC_00390,IRL,2011,25.7358490566038
CIRC_00391,IRL,2011,62.9189189189189
CIRC_00392,IRL,2011,23.9171974522293
CIRC_00393,IRL,2011,58.1066666666667
CIRC_00394,IRN,2011,12.214953271028
CIRC_00395,IRN,2011,48.5818181818182
CIRC_00396,IRN,2011,19.070796460177
CIRC_00397,IRN,2011,0
CIRC_00398,IRN,2011,62.8620689655172
CIRC_00399,IRQ,2011,13.6521739130435
CIRC_00400,USA,2011,18.5
CIRC_00401,USA,2011,29.5514018691589
CIRC_00402,USA,2011,62.7983870967742
CIRC_00403,IRQ,2011,62.9906542056075
CIRC_00404,IRQ,2011,57.7787610619469
CIRC_00405,IRQ,2011,29.4727272727273
CIRC_00406,IRQ,2011,63
CIRC_00407,BLR,2011,10.4466666666667
CIRC_00408,ISR,2011,63
CIRC_00409,BLR,2011,3.77848101265822
CIRC_00410,ISR,2011,62.9868421052632
CIRC_00411,ISR,2011,61.1666666666667
CIRC_00412,ISR,2011,63
CIRC_00413,ISR,2011,57.4128440366973
CIRC_00414,ISR,2011,62.9444444444444
CIRC_00415,ITA,2011,63
CIRC_00416,ITA,2011,61.7851851851852
CIRC_00417,ITA,2011,59.7469879518072
CIRC_00418,ITA,2011,62.9925925925926
CIRC_00419,ITA,2011,62.5193798449612
CIRC_00420,ITA,2011,43.609375
CIRC_00421,ITA,2011,63
CIRC_00422,ITA,2011,57.2352941176471
CIRC_00423,ITA,2011,56.0852713178295
CIRC_00424,ITA,2011,7.86666666666667
CIRC_00425,JAM,2011,27.9278350515464
CIRC_00426,JAM,2011,8
CIRC_00427,JAM,2011,25.7938144329897
CIRC_00428,JAM,2011,7.30927835051547
CIRC_00429,JAM,2011,47.6907216494845
CIRC_00430,JOR,2011,63
CIRC_00431,JPN,2011,63
CIRC_00432,JPN,2011,57.7256637168142
CIRC_00433,JPN,2011,62.9913043478261
CIRC_00434,JPN,2011,61.0652173913044
CIRC_00435,JPN,2011,45.640350877193
CIRC_00436,JPN,2011,19.0803571428571
CIRC_00437,JPN,2011,15.4025974025974
CIRC_00438,JPN,2011,40.095652173913
CIRC_00439,JPN,2011,58.9295774647887
CIRC_00440,JPN,2011,60.3652173913044
CIRC_00441,JPN,2011,53.1272727272727
CIRC_00442,JPN,2011,63
CIRC_00443,JPN,2011,57.2769230769231
CIRC_00444,JPN,2011,62.0582524271845
CIRC_00445,JPN,2011,33.8869565217391
CIRC_00446,JPN,2011,63
CIRC_00447,KEN,2011,0
CIRC_00448,KEN,2011,5.64516129032258
CIRC_00449,KEN,2011,59.1855670103093
CIRC_00450,KEN,2011,0.21505376344086
CIRC_00451,XKO,2011,9.52845528455284
CIRC_00452,XKO,2011,42.928
CIRC_00453,XKO,2011,9.20161290322581
CIRC_00454,XKO,2011,40.6269841269842
CIRC_00455,XKO,2011,6.616
CIRC_00456,KWT,2011,62.9830508474576
CIRC_00457,KWT,2011,32.4857142857143
CIRC_00458,KGZ,2011,0.818897637795276
CIRC_00459,KGZ,2011,29.3783783783784
CIRC_00460,KGZ,2011,61.2258064516129
CIRC_00461,KGZ,2011,9.93495934959349
CIRC_00462,KGZ,2011,7.26829268292683
CIRC_00463,KGZ,2011,1.61904761904762
CIRC_00464,KGZ,2011,6.07142857142857
CIRC_00465,KAZ,2011,12.1162790697674
CIRC_00466,KAZ,2011,61.9365079365079
CIRC_00467,LAO,2011,37.9027777777778
CIRC_00468,THA,2011,33.1428571428572
CIRC_00469,LAO,2011,0
CIRC_00470,LAO,2011,11.59375
CIRC_00471,LAO,2011,0
CIRC_00472,LVA,2011,61.6511627906977
CIRC_00473,LVA,2011,2.39007092198582
CIRC_00474,RUS,2011,0
CIRC_00475,LVA,2011,33.2941176470588
CIRC_00476,LVA,2011,12.6195652173913
CIRC_00477,LVA,2011,0.514792899408284
CIRC_00478,LVA,2011,0.0581395348837209
CIRC_00479,USA,2011,61.8793103448276
CIRC_00480,LBR,2011,0
CIRC_00481,LBR,2011,1.7
CIRC_00482,LBR,2011,0
CIRC_00483,LBR,2011,0
CIRC_00484,LBR,2011,0
CIRC_00485,LBR,2011,0
CIRC_00486,LBR,2011,0
CIRC_00487,LBR,2011,28.6578947368421
CIRC_00488,LBN,2011,43.4324324324324
CIRC_00489,LBN,2011,49.0619469026549
CIRC_00490,LBN,2011,56.2413793103448
CIRC_00491,LBN,2011,49.8208955223881
CIRC_00492,LBN,2011,62.948275862069
CIRC_00493,LBN,2011,62.9239130434783
CIRC_00494,LBN,2011,55.3108108108108
CIRC_00495,LSO,2011,0.441441441441442
CIRC_00496,LSO,2011,1.49056603773585
CIRC_00497,LSO,2011,6.42592592592593
CIRC_00498,LSO,2011,2.76923076923077
CIRC_00499,LSO,2011,4.26388888888889
CIRC_00500,LSO,2011,46.2337662337662
CIRC_00501,LSO,2011,4.13414634146341
CIRC_00502,LSO,2011,0
CIRC_00503,LBY,2011,18.4464285714286
CIRC_00504,LBY,2011,47
CIRC_00505,LBY,2011,62.7794117647059
CIRC_00506,LBY,2011,60.9142857142857
CIRC_00507,LBY,2011,34.6716417910448
CIRC_00508,LBY,2011,24.1238938053097
CIRC_00509,LBY,2011,62.9558823529412
CIRC_00510,LBY,2011,58.0138888888889
CIRC_00511,LTU,2011,53.8703703703704
CIRC_00512,LTU,2011,14.603550295858
CIRC_00513,LTU,2011,21.875
CIRC_00514,LTU,2011,60.2298136645963
CIRC_00515,LTU,2011,54.4375
CIRC_00516,LUX,2011,23.5166666666667
CIRC_00517,LUX,2011,12.7062937062937
CIRC_00518,LUX,2011,58.2671232876712
CIRC_00519,LUX,2011,53.1481481481482
CIRC_00520,MRT,2011,0
CIRC_00521,MRT,2011,58.0412371134021
CIRC_00522,MRT,2011,0
CIRC_00523,MRT,2011,0
CIRC_00524,MRT,2011,0
CIRC_00525,MRT,2011,0.242105263157895
CIRC_00526,MKD,2011,21.5083333333333
CIRC_00527,BIH,2011,46.2015503875969
CIRC_00528,MKD,2011,58.952
CIRC_00529,MKD,2011,6.10236220472441
CIRC_00530,MKD,2011,8.13934426229508
CIRC_00531,MKD,2011,20.6803278688525
CIRC_00532,MKD,2011,31.896
CIRC_00533,MDG,2011,0
CIRC_00534,MDG,2011,0
CIRC_00535,MDG,2011,7.34666666666667
CIRC_00536,MDG,2011,0
CIRC_00537,MDG,2011,7.52577319587629
CIRC_00538,MDG,2011,0
CIRC_00539,MYS,2011,57.1521739130435
CIRC_00540,MYS,2011,53.6857142857143
CIRC_00541,MYS,2011,13.8369565217391
CIRC_00542,MYS,2011,57.9577464788732
CIRC_00543,MYS,2011,0
CIRC_00544,MYS,2011,57.031914893617
CIRC_00545,MUS,2011,40.234693877551
CIRC_00546,MUS,2011,37.9468085106383
CIRC_00547,MUS,2011,33.6326530612245
CIRC_00548,MWI,2011,8.8659793814433
CIRC_00549,MWI,2011,0
CIRC_00550,MWI,2011,3.53125
CIRC_00551,MWI,2011,0.618556701030928
CIRC_00552,MWI,2011,2.37113402061856
CIRC_00553,MWI,2011,51.8367346938776
CIRC_00554,MEX,2011,63
CIRC_00555,MEX,2011,62.680412371134
CIRC_00556,MEX,2011,32.0816326530612
CIRC_00557,MEX,2011,5.29166666666667
CIRC_00558,MDA,2011,0.678571428571428
CIRC_00559,MDA,2011,0.0785714285714285
CIRC_00560,MDA,2011,0.388059701492538
CIRC_00561,RUS,2011,0
CIRC_00562,MDA,2011,7.58394160583942
CIRC_00563,MDA,2011,1.83088235294118
CIRC_00564,MDA,2011,2.9051094890511
CIRC_00565,MDA,2011,1.22388059701493
CIRC_00566,MDA,2011,57.7007299270073
CIRC_00567,MDA,2011,2.8273381294964
CIRC_00568,MDA,2011,4.75238095238096
CIRC_00569,MDA,2011,4.89051094890511
CIRC_00570,MDA,2011,1.80147058823529
CIRC_00571,MDA,2011,3.78832116788321
CIRC_00572,MDA,2011,55.5149253731343
CIRC_00573,MDA,2011,2.96694214876033
CIRC_00574,MDA,2011,7.1294964028777
CIRC_00575,MLI,2011,15.7263157894737
CIRC_00576,MLI,2011,9.4421052631579
CIRC_00577,MLI,2011,0
CIRC_00578,MLI,2011,14.6526315789474
CIRC_00579,MLI,2011,14.1789473684211
CIRC_00580,MLI,2011,0
CIRC_00581,MLI,2011,8.13978494623656
CIRC_00582,MLT,2011,62.3084112149533
CIRC_00583,MLT,2011,62.4042553191489
CIRC_00584,MLT,2011,62.3913043478261
CIRC_00585,MLT,2011,62.2131147540984
CIRC_00586,MNG,2011,0
CIRC_00587,MNG,2011,0
CIRC_00588,MNG,2011,0.7
CIRC_00589,MNG,2011,57.007299270073
CIRC_00590,MNG,2011,0
CIRC_00591,MAR,2011,62.0476190476191
CIRC_00592,MMR,2011,51.4387755102041
CIRC_00593,MMR,2011,4.47959183673469
CIRC_00594,MMR,2011,0.0677966101694916
CIRC_00595,MMR,2011,62.2840909090909
CIRC_00596,MMR,2011,21.3434343434343
CIRC_00597,MOZ,2011,0
CIRC_00598,MOZ,2011,0
CIRC_00599,MOZ,2011,0
CIRC_00600,NAM,2011,4.57731958762887
CIRC_00601,NAM,2011,0
CIRC_00602,NAM,2011,17.6938775510204
CIRC_00603,NPL,2011,50.122641509434
CIRC_00604,IND,2011,57.1153846153846
CIRC_00605,IND,2011,14.4519230769231
CIRC_00606,NPL,2011,0
CIRC_00607,NPL,2011,0
CIRC_00608,NPL,2011,0
CIRC_00609,NPL,2011,4.33653846153847
CIRC_00610,NPL,2011,4.72727272727273
CIRC_00611,NPL,2011,0
CIRC_00612,NPL,2011,0
CIRC_00613,NPL,2011,0
CIRC_00614,NPL,2011,14.3980582524272
CIRC_00615,NPL,2011,0
CIRC_00616,NZL,2011,26.3506493506494
CIRC_00617,NZL,2011,21.9487179487179
CIRC_00618,NZL,2011,4.39130434782609
CIRC_00619,NZL,2011,10.2238805970149
CIRC_00620,NZL,2011,2.95
CIRC_00621,NZL,2011,62.1369863013699
CIRC_00622,NZL,2011,0.941176470588235
CIRC_00623,NZL,2011,52.695652173913
CIRC_00624,NZL,2011,27.0578512396694
CIRC_00625,NZL,2011,61.1937984496124
CIRC_00626,NIC,2011,3.52631578947368
CIRC_00627,NIC,2011,13.9368421052632
CIRC_00628,NIC,2011,60.6736842105263
CIRC_00629,NIC,2011,26.2444444444444
CIRC_00630,NGA,2011,29.1914893617021
CIRC_00631,NGA,2011,59.9886363636364
CIRC_00632,NGA,2011,59.4526315789474
CIRC_00633,NGA,2011,36.5851063829787
CIRC_00634,NGA,2011,32.4210526315789
CIRC_00635,NGA,2011,10.5384615384615
CIRC_00636,NGA,2011,7.74736842105263
CIRC_00637,NER,2011,1.29166666666667
CIRC_00638,NER,2011,17.9690721649485
CIRC_00639,NER,2011,3.04166666666667
CIRC_00640,NER,2011,52.2659574468085
CIRC_00641,NER,2011,1.92553191489362
CIRC_00642,NER,2011,0
CIRC_00643,NER,2011,0
CIRC_00644,NER,2011,0
CIRC_00645,NER,2011,0
CIRC_00646,NOR,2011,46.4671532846715
CIRC_00647,NOR,2011,50.7637362637362
CIRC_00648,NOR,2011,56.7407407407408
CIRC_00649,NOR,2011,34.99
CIRC_00650,NOR,2011,17.6065573770492
CIRC_00651,NOR,2011,62.034965034965
CIRC_00652,NOR,2011,53.0662251655629
CIRC_00653,NLD,2011,62.9271523178808
CIRC_00654,NLD,2011,22.953642384106
CIRC_00655,NLD,2011,25.6102941176471
CIRC_00656,NLD,2011,60.944055944056
CIRC_00657,OMN,2011,62.4742268041237
CIRC_00658,OMN,2011,62.5584415584416
CIRC_00659,PAK,2011,62.9468085106383
CIRC_00660,PAK,2011,8.07692307692308
CIRC_00661,PAK,2011,63
CIRC_00662,PAK,2011,7.30769230769231
CIRC_00663,PAK,2011,20.5094339622642
CIRC_00664,IND,2011,63
CIRC_00665,PAK,2011,59.0560747663551
CIRC_00666,PAK,2011,0
CIRC_00667,PAK,2011,62.9732142857143
CIRC_00668,PAK,2011,4.53271028037383
CIRC_00669,PAN,2011,62.5172413793104
CIRC_00670,PAN,2011,0.563829787234043
CIRC_00671,PAN,2011,27.8152173913043
CIRC_00672,PRY,2011,1.67961165048544
CIRC_00673,PRY,2011,60.3333333333333
CIRC_00674,PRY,2011,15.7184466019417
CIRC_00675,PRY,2011,0.390476190476191
CIRC_00676,PRY,2011,54.2888888888889
CIRC_00677,PER,2011,62.9894736842105
CIRC_00678,PER,2011,41.4583333333334
CIRC_00679,PER,2011,2.44329896907216
CIRC_00680,PER,2011,62.9583333333333
CIRC_00681,PER,2011,25.1505376344086
CIRC_00682,PER,2011,2.36734693877551
CIRC_00683,PHL,2011,0.68421052631579
CIRC_00684,PHL,2011,10.5955056179775
CIRC_00685,PHL,2011,62.9824561403509
CIRC_00686,PHL,2011,63
CIRC_00687,PHL,2011,63
CIRC_00688,PHL,2011,1.47826086956522
CIRC_00689,PHL,2011,63
CIRC_00690,PNG,2011,0
CIRC_00691,PNG,2011,0
CIRC_00692,PNG,2011,0
CIRC_00693,PNG,2011,38.9010989010989
CIRC_00694,PNG,2011,0
CIRC_00695,PNG,2011,6.66176470588235
CIRC_00696,PNG,2011,0
CIRC_00697,PNG,2011,0
CIRC_00698,POL,2011,12.8666666666667
CIRC_00699,POL,2011,8.66883116883117
CIRC_00700,POL,2011,17.25625
CIRC_00701,POL,2011,62.9403973509934
CIRC_00702,POL,2011,17.3716216216216
CIRC_00703,POL,2011,19.7151898734177
CIRC_00704,POL,2011,46.4726027397261
CIRC_00705,POL,2011,62.0902777777778
CIRC_00706,POL,2011,60.6642857142857
CIRC_00707,PRT,2011,62.984375
CIRC_00708,PRT,2011,42.3274336283186
CIRC_00709,PRK,2011,42.1596638655462
CIRC_00710,RUS,2011,2.70629370629371
CIRC_00711,QAT,2011,63
CIRC_00712,KOR,2011,43.728813559322
CIRC_00713,KOR,2011,36.4807692307692
CIRC_00714,KOR,2011,4.57446808510638
CIRC_00715,KOR,2011,51.9649122807018
CIRC_00716,JPN,2011,63
CIRC_00717,KOR,2011,62.95
CIRC_00718,KOR,2011,62.9
CIRC_00719,KOR,2011,28
CIRC_00720,KOR,2011,62.9035087719298
CIRC_00721,ROU,2011,62.9923664122137
CIRC_00722,ROU,2011,36.8473282442748
CIRC_00723,UKR,2011,19.7651515151515
CIRC_00724,ROU,2011,0.544117647058824
CIRC_00725,ROU,2011,7.47826086956522
CIRC_00726,ROU,2011,48.4776119402985
CIRC_00727,ROU,2011,14.2406015037594
CIRC_00728,ROU,2011,39.3597122302158
CIRC_00729,ROU,2011,12.8721804511278
CIRC_00730,ROU,2011,33.6666666666667
CIRC_00731,ROU,2011,49.5588235294118
CIRC_00732,RUS,2011,4.63157894736842
CIRC_00733,RUS,2011,2.0956937799043
CIRC_00734,RUS,2011,62.9351351351351
CIRC_00735,RWA,2011,11.7540983606557
CIRC_00736,RWA,2011,5.29347826086957
CIRC_00737,RWA,2011,0.769230769230769
CIRC_00738,ZAF,2011,63
CIRC_00739,ZAF,2011,0
CIRC_00740,ZAF,2011,0
CIRC_00741,ZAF,2011,62.78
CIRC_00742,ZAF,2011,6.40952380952381
CIRC_00743,ZAF,2011,62.9306930693069
CIRC_00744,SLV,2011,59.4193548387097
CIRC_00745,SLV,2011,35.6354166666667
CIRC_00746,SLV,2011,7.32631578947369
CIRC_00747,SLV,2011,6.64948453608247
CIRC_00748,SLV,2011,5.18556701030928
CIRC_00749,SAU,2011,63
CIRC_00750,SEN,2011,0
CIRC_00751,SEN,2011,5.10204081632653
CIRC_00752,SEN,2011,0
CIRC_00753,SRB,2011,61.8984375
CIRC_00754,SRB,2011,25.184
CIRC_00755,XKO,2011,28.4365079365079
CIRC_00756,SLE,2011,0
CIRC_00757,SLE,2011,35.4489795918367
CIRC_00758,SLE,2011,0
CIRC_00759,SLE,2011,0
CIRC_00760,SLE,2011,0
CIRC_00761,SLE,2011,3.85555555555556
CIRC_00762,SGP,2011,62.9864864864865
CIRC_00763,SGP,2011,63
CIRC_00764,SVK,2011,30.8111888111888
CIRC_00765,SVK,2011,8.33802816901409
CIRC_00766,SVK,2011,9.14788732394366
CIRC_00767,SVK,2011,23.4468085106383
CIRC_00768,SVK,2011,9.66906474820144
CIRC_00769,SVK,2011,39.589928057554
CIRC_00770,SVK,2011,6.74038461538462
CIRC_00771,SVN,2011,5.54411764705882
CIRC_00772,SVN,2011,6.09448818897638
CIRC_00773,SVN,2011,31.2296296296296
CIRC_00774,SVN,2011,52.9851851851852
CIRC_00775,SVN,2011,16.8015267175573
CIRC_00776,SVN,2011,13.955223880597
CIRC_00777,SVN,2011,33.3908045977011
CIRC_00778,SLB,2011,0
CIRC_00779,SLB,2011,0
CIRC_00780,SLB,2011,0
CIRC_00781,SLB,2011,0
CIRC_00782,SLB,2011,0
CIRC_00783,SLB,2011,0
CIRC_00784,SLB,2011,0
CIRC_00785,SLB,2011,0
CIRC_00786,ETH,2011,0
CIRC_00787,SOM,2011,0
CIRC_00788,SOM,2011,9.18867924528302
CIRC_00789,ESP,2011,63
CIRC_00790,ESP,2011,63
CIRC_00791,ESP,2011,60.9758064516129
CIRC_00792,ESP,2011,53.3606557377049
CIRC_00793,LKA,2011,62.8
CIRC_00794,LKA,2011,14.1052631578947
CIRC_00795,LKA,2011,8.38709677419355
CIRC_00796,LKA,2011,32.1063829787234
CIRC_00797,LKA,2011,15.8556701030928
CIRC_00798,SSD,2011,0
CIRC_00799,SDN,2011,8.90196078431372
CIRC_00800,SDN,2011,0
CIRC_00801,SUR,2011,46.4945054945055
CIRC_00802,SUR,2011,1.23943661971831
CIRC_00803,SUR,2011,12.2444444444444
CIRC_00804,SUR,2011,24.0412371134021
CIRC_00805,SWZ,2011,36.9711538461539
CIRC_00806,SWE,2011,48.9698795180723
CIRC_00807,SWE,2011,48.3428571428571
CIRC_00808,SWE,2011,16.2209944751381
CIRC_00809,SWE,2011,62.9573170731707
CIRC_00810,SWE,2011,50.2896174863388
CIRC_00811,SWE,2011,46.6084337349398
CIRC_00812,CHE,2011,48.0735294117647
CIRC_00813,CHE,2011,33.9398496240601
CIRC_00814,CHE,2011,40.3656716417911
CIRC_00815,CHE,2011,7.41044776119403
CIRC_00816,CHE,2011,59.0222222222222
CIRC_00817,CHE,2011,25.1678832116788
CIRC_00818,CHE,2011,32.2170542635659
CIRC_00819,CHE,2011,27.5555555555556
CIRC_00820,CHE,2011,45.6666666666667
CIRC_00821,CHE,2011,21.9057971014493
CIRC_00822,CHE,2011,43
CIRC_00823,CHE,2011,36.8823529411765
CIRC_00824,CHE,2011,22.970802919708
CIRC_00825,CHE,2011,23.9160305343512
CIRC_00826,CHE,2011,44.4855072463768
CIRC_00827,CHE,2011,30.1231884057971
CIRC_00828,CHE,2011,40.2222222222222
CIRC_00829,CHE,2011,11.4452554744526
CIRC_00830,CHE,2011,25.5075757575758
CIRC_00831,CHE,2011,22.0153846153846
CIRC_00832,CHE,2011,20.7080291970803
CIRC_00833,SYR,2011,28.0086206896552
CIRC_00834,SYR,2011,62.6666666666667
CIRC_00835,TJK,2011,2.39316239316239
CIRC_00836,TJK,2011,31.0901639344262
CIRC_00837,TJK,2011,0
CIRC_00838,TJK,2011,18.1465517241379
CIRC_00839,TWN,2011,34.5068493150685
CIRC_00840,TWN,2011,41.14
CIRC_00841,HKG,2011,63
CIRC_00842,TWN,2011,62.9313725490196
CIRC_00843,TZA,2011,0
CIRC_00844,TZA,2011,0
CIRC_00845,TZA,2011,0
CIRC_00846,TZA,2011,0.618556701030928
CIRC_00847,TZA,2011,0.445945945945946
CIRC_00848,THA,2011,63
CIRC_00849,THA,2011,63
CIRC_00850,THA,2011,63
CIRC_00851,THA,2011,22.6063829787234
CIRC_00852,THA,2011,50.3854166666667
CIRC_00853,THA,2011,62.989247311828
CIRC_00854,THA,2011,15.3917525773196
CIRC_00855,THA,2011,23.2680412371134
CIRC_00856,THA,2011,7.70526315789474
CIRC_00857,GBR,2011,62.9386503067485
CIRC_00858,THA,2011,57.6736842105263
CIRC_00859,TKM,2011,53.8512396694215
CIRC_00860,TKM,2011,33.6806722689076
CIRC_00861,TKM,2011,62.6608695652174
CIRC_00862,TGO,2011,5.75268817204301
CIRC_00863,TGO,2011,4.25
CIRC_00864,TGO,2011,0.968421052631579
CIRC_00865,TTO,2011,49.4918032786885
CIRC_00866,TTO,2011,62.8507462686567
CIRC_00867,TTO,2011,48.6105263157895
CIRC_00868,TTO,2011,19.1216216216216
CIRC_00869,TTO,2011,32.2873563218391
CIRC_00870,TUN,2011,62.3333333333333
CIRC_00871,TUN,2011,20.3669724770642
CIRC_00872,TUN,2011,62.6666666666667
CIRC_00873,TUN,2011,26.5565217391304
CIRC_00874,TUN,2011,62.2272727272727
CIRC_00875,TUN,2011,20.8434782608696
CIRC_00876,TUN,2011,37.7866666666667
CIRC_00877,TUR,2011,43.225
CIRC_00878,TUR,2011,62.8615384615385
CIRC_00879,TUR,2011,8.45689655172415
CIRC_00880,TUR,2011,62.9913793103448
CIRC_00881,TUR,2011,23.7272727272727
CIRC_00882,TUR,2011,61.7438016528926
CIRC_00883,TUR,2011,62.9230769230769
CIRC_00884,ARE,2011,61.8452380952381
CIRC_00885,ARE,2011,62.9509803921569
CIRC_00886,UGA,2011,0.0549450549450551
CIRC_00887,GBR,2011,31.4966887417219
CIRC_00888,GBR,2011,19.7465753424658
CIRC_00889,GBR,2011,62.5342465753425
CIRC_00890,GBR,2011,47.630303030303
CIRC_00891,GBR,2011,43.7701149425288
CIRC_00892,USA,2011,63
CIRC_00893,GBR,2011,48.2119205298013
CIRC_00894,GBR,2011,60.8320610687023
CIRC_00895,UKR,2011,1.93877551020408
CIRC_00896,UKR,2011,6.83552631578947
CIRC_00897,UKR,2011,0.268456375838926
CIRC_00898,UKR,2011,28.1214285714286
CIRC_00899,UKR,2011,61.5886524822695
CIRC_00900,UKR,2011,11.3230769230769
CIRC_00901,UKR,2011,58.2898550724638
CIRC_00902,URY,2011,62.7142857142857
CIRC_00903,URY,2011,62.1208791208791
CIRC_00904,USA,2011,60.7222222222222
CIRC_00905,USA,2011,37.0173913043478
CIRC_00906,USA,2011,62.140350877193
CIRC_00907,USA,2011,62.0793650793651
CIRC_00908,USA,2011,62.948275862069
CIRC_00909,USA,2011,57.8790322580645
CIRC_00910,UZB,2011,45.6198347107438
CIRC_00911,UZB,2011,62.3629032258065
CIRC_00912,UZB,2011,10.1344537815126
CIRC_00913,VEN,2011,27.6526315789474
CIRC_00914,VEN,2011,18.4666666666667
CIRC_00915,VEN,2011,4.39175257731959
CIRC_00916,VEN,2011,19.6703296703297
CIRC_00917,VEN,2011,62.9347826086957
CIRC_00918,YEM,2011,9.79166666666667
CIRC_00919,YEM,2011,0.0851063829787235
CIRC_00920,YEM,2011,6.18556701030928
CIRC_00921,SRB,2011,36.9375
CIRC_00922,MNE,2011,25.5431034482759
CIRC_00923,ZMB,2011,2.59340659340659
CIRC_00924,ZMB,2011,51.7894736842105
CIRC_00925,ZMB,2011,29.4479166666667
CIRC_00926,ZWE,2011,0
CIRC_00927,ZMB,2011,0.563829787234043
CIRC_00928,ZMB,2011,31.35
CIRC_00929,ZMB,2011,45.65625
CIRC_00930,ZMB,2011,0
CIRC_00931,ZWE,2011,0
CIRC_00932,ZWE,2011,8.13402061855671
CIRC_00933,COM,2011,0
CIRC_00934,MDV,2011,53
CIRC_00935,SAU,2011,63
CIRC_00936,ISR,2011,63
CIRC_00937,COM,2011,0.177777777777778
CIRC_00938,COM,2011,0.722222222222223
CIRC_00941,LBY,2011,62.7692307692308
CIRC_00942,SGP,2011,63
CIRC_00943,MKD,2011,57.9918032786885
CIRC_00945,QAT,2011,63
CIRC_00946,MDA,2011,3.81060606060606
CIRC_00947,SGP,2011,63
CIRC_00948,LSO,2011,2.83018867924528
CIRC_00949,MDA,2011,0
CIRC_00950,COM,2011,1.15555555555556
CIRC_00951,LSO,2011,0
CIRC_00952,MUS,2011,50.027027027027
CIRC_00953,ISR,2011,63
CIRC_00954,TKM,2011,54.6608695652174
CIRC_00955,LBY,2011,34.8787878787879
CIRC_00956,ISR,2011,57.0267857142857
CIRC_00957,MUS,2011,36.0927835051546
CIRC_00958,GTM,2011,62.5670103092784
CIRC_00959,MDA,2011,7.55797101449276
CIRC_00960,ISR,2011,63
CIRC_00961,SSD,2011,0
CIRC_00962,CYP,2011,60.4133333333333
CIRC_00964,LSO,2011,48.6984126984127
CIRC_00965,MDA,2011,1.81751824817518
CIRC_00001,AFG,2012,7.07964601769911
CIRC_00002,AFG,2012,59.5
CIRC_00003,AFG,2012,0
CIRC_00004,AFG,2012,0
CIRC_00005,AFG,2012,12.1666666666667
CIRC_00006,AFG,2012,0
CIRC_00007,AFG,2012,0.132075471698113
CIRC_00008,ALB,2012,28.7016129032258
CIRC_00009,ALB,2012,0.629310344827586
CIRC_00010,ALB,2012,53.4098360655738
CIRC_00011,ALB,2012,2.34166666666667
CIRC_00012,DZA,2012,9.5929203539823
CIRC_00013,DZA,2012,45.4521739130435
CIRC_00014,DZA,2012,21.9217391304348
CIRC_00015,DZA,2012,54.6578947368421
CIRC_00016,MAR,2012,56.7456140350877
CIRC_00017,DZA,2012,7.89473684210527
CIRC_00018,DZA,2012,30.4954954954955
CIRC_00019,AGO,2012,62.9607843137255
CIRC_00020,AGO,2012,55.1875
CIRC_00021,ARG,2012,11.8785046728972
CIRC_00022,ARG,2012,63
CIRC_00023,ARG,2012,25.5480769230769
CIRC_00024,ARG,2012,57.0545454545455
CIRC_00025,ARG,2012,63
CIRC_00026,ARG,2012,46.6296296296296
CIRC_00027,ARG,2012,62.4347826086957
CIRC_00028,ARG,2012,50.5304347826087
CIRC_00029,ARG,2012,62.9887640449438
CIRC_00030,ARG,2012,63
CIRC_00031,SYR,2012,6.34782608695652
CIRC_00032,AZE,2012,27.7107438016529
CIRC_00033,ARM,2012,62.3821138211382
CIRC_00034,ARM,2012,62.5126050420168
CIRC_00035,ARM,2012,6.41525423728813
CIRC_00036,AUS,2012,6
CIRC_00037,AUS,2012,62.8139534883721
CIRC_00038,AUS,2012,22.5047619047619
CIRC_00039,GBR,2012,47.531914893617
CIRC_00040,GBR,2012,63
CIRC_00041,AUS,2012,62.6477272727273
CIRC_00042,AUT,2012,63
CIRC_00043,AUT,2012,52.4558823529412
CIRC_00044,AUT,2012,39.9645390070922
CIRC_00045,AUT,2012,6.81560283687943
CIRC_00046,AUT,2012,62.7410071942446
CIRC_00047,AUT,2012,62.8129496402878
CIRC_00048,AUT,2012,19.6690647482014
CIRC_00049,CHE,2012,27.3211678832117
CIRC_00050,AZE,2012,62.4444444444444
CIRC_00051,AZE,2012,1.45901639344262
CIRC_00052,AZE,2012,62.4230769230769
CIRC_00053,AZE,2012,39.1129032258065
CIRC_00054,BHR,2012,58.5087719298246
CIRC_00055,BHR,2012,63
CIRC_00056,BRB,2012,58.7
CIRC_00057,BRB,2012,24.6710526315789
CIRC_00058,BRB,2012,34.9583333333333
CIRC_00059,BRB,2012,30.125
CIRC_00060,BEL,2012,48.68
CIRC_00061,FRA,2012,61.9055118110236
CIRC_00062,BEL,2012,57.5314685314685
CIRC_00063,BEL,2012,53.7912087912088
CIRC_00064,BEL,2012,62.5369127516779
CIRC_00065,BEL,2012,52.0972222222222
CIRC_00066,BEL,2012,56.530612244898
CIRC_00067,BEL,2012,62.843537414966
CIRC_00068,BEL,2012,62.1849315068493
CIRC_00069,BEN,2012,0
CIRC_00070,TGO,2012,59.1777777777778
CIRC_00071,BEN,2012,0
CIRC_00072,BEN,2012,8.09782608695652
CIRC_00073,BFA,2012,62.5789473684211
CIRC_00074,BFA,2012,7.92553191489362
CIRC_00075,BFA,2012,3.6
CIRC_00076,BFA,2012,62.4725274725275
CIRC_00077,BFA,2012,0.645833333333333
CIRC_00078,BHS,2012,61.7777777777778
CIRC_00079,BHS,2012,51.5641025641026
CIRC_00080,BHS,2012,59.3333333333333
CIRC_00081,BTN,2012,24.3055555555556
CIRC_00082,BTN,2012,0
CIRC_00083,BTN,2012,4.06730769230769
CIRC_00084,BTN,2012,10.2403846153846
CIRC_00085,BTN,2012,2.28155339805825
CIRC_00086,BTN,2012,0
CIRC_00087,BLR,2012,63
CIRC_00088,BLR,2012,11.7612903225806
CIRC_00089,BLR,2012,13.062893081761
CIRC_00090,BLZ,2012,46.2142857142857
CIRC_00091,BLZ,2012,20.3265306122449
CIRC_00092,BLZ,2012,21.8282828282828
CIRC_00093,IND,2012,9.23076923076923
CIRC_00094,BGD,2012,0.475247524752475
CIRC_00095,BGD,2012,1.30693069306931
CIRC_00096,IND,2012,22.8446601941748
CIRC_00097,BGD,2012,2.37623762376238
CIRC_00098,BGD,2012,20.81
CIRC_00099,BGD,2012,7.49038461538462
CIRC_00100,BOL,2012,62.8645833333333
CIRC_00101,BOL,2012,62.1237113402062
CIRC_00102,BOL,2012,62.8854166666667
CIRC_00103,BOL,2012,0
CIRC_00104,BOL,2012,1.875
CIRC_00105,BIH,2012,4.11278195488721
CIRC_00106,BIH,2012,26.6846153846154
CIRC_00107,HRV,2012,12.7338709677419
CIRC_00108,BIH,2012,24.0079365079365
CIRC_00109,BIH,2012,59.9847328244275
CIRC_00110,BIH,2012,11.168
CIRC_00111,BIH,2012,26.9242424242424
CIRC_00112,BIH,2012,44.968992248062
CIRC_00113,BIH,2012,16.8870967741935
CIRC_00114,BIH,2012,22.6589147286822
CIRC_00115,BIH,2012,21.2692307692308
CIRC_00116,BIH,2012,1.44961240310078
CIRC_00117,BIH,2012,50.109375
CIRC_00118,BIH,2012,14.7698412698413
CIRC_00119,BIH,2012,19.4769230769231
CIRC_00120,BWA,2012,14.0294117647059
CIRC_00121,BWA,2012,0
CIRC_00122,GBR,2012,60.1328671328671
CIRC_00123,BWA,2012,6.87254901960784
CIRC_00124,BRA,2012,21.3956043956044
CIRC_00125,BRA,2012,62.4583333333333
CIRC_00126,BRA,2012,56.4444444444445
CIRC_00127,BRA,2012,16.1157894736842
CIRC_00128,BRA,2012,62.3645833333333
CIRC_00129,BRA,2012,39.8
CIRC_00130,BRA,2012,10.747572815534
CIRC_00131,BRN,2012,55.6179775280899
CIRC_00132,BDI,2012,0
CIRC_00133,BDI,2012,0
CIRC_00134,BDI,2012,38.3191489361702
CIRC_00135,BDI,2012,0
CIRC_00136,BDI,2012,0
CIRC_00137,BDI,2012,4.13636363636363
CIRC_00138,BDI,2012,0
CIRC_00139,BDI,2012,0.117021276595745
CIRC_00140,BGR,2012,2.2824427480916
CIRC_00141,RUS,2012,63
CIRC_00142,BGR,2012,2.078125
CIRC_00143,BGR,2012,62.9047619047619
CIRC_00144,BGR,2012,15.376
CIRC_00145,BGR,2012,57.92
CIRC_00146,UKR,2012,37.9318181818182
CIRC_00147,BGR,2012,30.7007874015748
CIRC_00148,USA,2012,63
CIRC_00149,BGR,2012,23.112
CIRC_00150,BGR,2012,19.75
CIRC_00151,BGR,2012,7.08943089430894
CIRC_00152,BGR,2012,14.16
CIRC_00153,BGR,2012,39.1472868217054
CIRC_00154,KHM,2012,0
CIRC_00155,KHM,2012,58.3763440860215
CIRC_00156,KHM,2012,1.66666666666667
CIRC_00157,CAN,2012,54.96875
CIRC_00158,CAN,2012,25.5692307692308
CIRC_00159,CAN,2012,52.6148148148148
CIRC_00160,CAN,2012,62.9019607843137
CIRC_00161,CAN,2012,63
CIRC_00162,CAN,2012,62.9923076923077
CIRC_00163,CMR,2012,3.40425531914894
CIRC_00164,CPV,2012,1.22680412371134
CIRC_00165,CPV,2012,21.2033898305085
CIRC_00166,CPV,2012,4.25773195876289
CIRC_00167,CPV,2012,28.8947368421052
CIRC_00168,CIV,2012,45.8695652173913
CIRC_00169,CIV,2012,0
CIRC_00170,CIV,2012,0.711111111111111
CIRC_00171,CIV,2012,27.7872340425532
CIRC_00172,CIV,2012,13.2934782608696
CIRC_00173,CAF,2012,22.8315789473684
CIRC_00174,CAF,2012,0
CIRC_00175,GAB,2012,6.81914893617021
CIRC_00176,CAF,2012,0
CIRC_00177,CAF,2012,0
CIRC_00178,TCD,2012,49.5070422535211
CIRC_00179,TCD,2012,2.82
CIRC_00180,TCD,2012,0.0520833333333333
CIRC_00181,TCD,2012,51.1666666666667
CIRC_00182,CHL,2012,57.1346153846154
CIRC_00183,CHL,2012,59.4096385542169
CIRC_00184,CHL,2012,63
CIRC_00185,CHL,2012,53.2761904761905
CIRC_00186,CHN,2012,30.9907407407407
CIRC_00187,CHN,2012,60.0092592592593
CIRC_00188,CHN,2012,56.1132075471698
CIRC_00189,CHN,2012,63
CIRC_00190,COL,2012,61.1914893617021
CIRC_00191,COL,2012,58.7045454545455
CIRC_00192,COL,2012,59.6063829787234
CIRC_00193,COL,2012,62.1382978723404
CIRC_00194,COL,2012,8.4
CIRC_00195,MDG,2012,20.3783783783784
CIRC_00196,FRA,2012,7.88721804511278
CIRC_00197,COM,2012,0.419753086419753
CIRC_00198,COM,2012,0.574468085106384
CIRC_00199,COM,2012,0.728813559322034
CIRC_00200,COM,2012,0.194805194805195
CIRC_00201,COM,2012,2.88888888888889
CIRC_00202,COM,2012,0.811320754716981
CIRC_00203,COG,2012,17.6555555555556
CIRC_00204,COG,2012,0
CIRC_00205,CRI,2012,62.6
CIRC_00206,NIC,2012,20.9893617021277
CIRC_00207,CRI,2012,62.9484536082474
CIRC_00208,CRI,2012,62.936170212766
CIRC_00209,HRV,2012,30.0610687022901
CIRC_00210,HRV,2012,62.9037037037037
CIRC_00211,HRV,2012,16.2406015037594
CIRC_00212,HRV,2012,60.4929577464789
CIRC_00213,CUB,2012,1.81818181818182
CIRC_00214,CUB,2012,9.82828282828283
CIRC_00215,XNC,2012,43.4754098360656
CIRC_00216,XNC,2012,61.2909090909091
CIRC_00217,XNC,2012,35.1652173913043
CIRC_00218,CYP,2012,10.3333333333333
CIRC_00219,CYP,2012,48.3333333333333
CIRC_00220,SVK,2012,17.0220588235294
CIRC_00221,CZE,2012,57.9929577464789
CIRC_00222,CZE,2012,62.9642857142857
CIRC_00223,CZE,2012,31.280303030303
CIRC_00224,CZE,2012,37.7602739726027
CIRC_00225,CZE,2012,54.5
CIRC_00226,CZE,2012,28.5289855072464
CIRC_00227,CZE,2012,35.4014084507042
CIRC_00228,CZE,2012,62.5479452054795
CIRC_00229,CZE,2012,19.5874125874126
CIRC_00230,SVK,2012,62.236220472441
CIRC_00231,CZE,2012,19.8652482269504
CIRC_00232,DNK,2012,16.7916666666667
CIRC_00233,DNK,2012,46.2285714285715
CIRC_00234,DNK,2012,4.78698224852071
CIRC_00235,DNK,2012,40.6516129032258
CIRC_00236,DNK,2012,62.4509803921569
CIRC_00237,DNK,2012,57.275641025641
CIRC_00238,SOM,2012,0
CIRC_00239,ETH,2012,21.3085106382979
CIRC_00240,DOM,2012,13.9381443298969
CIRC_00241,DOM,2012,61.265625
CIRC_00242,DOM,2012,60.3762376237624
CIRC_00243,DOM,2012,5.14583333333333
CIRC_00244,COD,2012,0
CIRC_00245,COD,2012,1.2258064516129
CIRC_00246,COD,2012,0
CIRC_00247,COD,2012,61.6304347826087
CIRC_00248,VNM,2012,9.43298969072165
CIRC_00249,VNM,2012,39.7156862745098
CIRC_00250,VNM,2012,0.773195876288659
CIRC_00251,VNM,2012,0
CIRC_00252,VNM,2012,39.9405940594059
CIRC_00253,ECU,2012,60.2365591397849
CIRC_00254,USA,2012,62.7545454545455
CIRC_00255,ECU,2012,61.6444444444445
CIRC_00256,ECU,2012,60.4623655913979
CIRC_00257,ECU,2012,43.1111111111111
CIRC_00258,ECU,2012,0
CIRC_00259,ECU,2012,61.6666666666667
CIRC_00260,USA,2012,62.8064516129032
CIRC_00261,EGY,2012,61.009009009009
CIRC_00262,EGY,2012,63
CIRC_00263,EGY,2012,59.1376146788991
CIRC_00264,GNQ,2012,25.5783132530121
CIRC_00265,ERI,2012,33.0631578947369
CIRC_00266,EST,2012,49.1564245810056
CIRC_00267,EST,2012,0.482558139534883
CIRC_00268,EST,2012,33.6741573033708
CIRC_00269,EST,2012,62.1212121212121
CIRC_00270,EST,2012,7.2784090909091
CIRC_00271,EST,2012,59.9606741573034
CIRC_00272,ETH,2012,14.1157894736842
CIRC_00273,ETH,2012,7.21052631578947
CIRC_00274,ETH,2012,0.783505154639175
CIRC_00275,ETH,2012,0
CIRC_00276,TLS,2012,4.78181818181818
CIRC_00277,TLS,2012,29.5384615384615
CIRC_00278,TLS,2012,1.97872340425532
CIRC_00279,TLS,2012,28.9701492537314
CIRC_00280,TLS,2012,0
CIRC_00281,TLS,2012,0
CIRC_00282,FIN,2012,58.2736842105263
CIRC_00283,RUS,2012,52.9007633587786
CIRC_00284,FIN,2012,61.9452054794521
CIRC_00285,FIN,2012,45.17277486911
CIRC_00286,FJI,2012,0
CIRC_00287,FJI,2012,0
CIRC_00288,FJI,2012,7.75
CIRC_00289,FJI,2012,7.42696629213483
CIRC_00290,FJI,2012,0
CIRC_00291,FJI,2012,0
CIRC_00292,FJI,2012,0
CIRC_00293,FJI,2012,0
CIRC_00294,FRA,2012,16.3333333333333
CIRC_00295,FRA,2012,63
CIRC_00296,FRA,2012,63
CIRC_00297,FRA,2012,61.3146853146853
CIRC_00298,FRA,2012,57.8013698630137
CIRC_00299,GAB,2012,2.31868131868132
CIRC_00300,GAB,2012,7.03225806451613
CIRC_00301,COG,2012,58.4875
CIRC_00302,GAB,2012,0.129032258064516
CIRC_00303,GMB,2012,0
CIRC_00304,GMB,2012,5.609375
CIRC_00305,GMB,2012,2.62105263157895
CIRC_00306,DEU,2012,63
CIRC_00307,DEU,2012,60.0281690140845
CIRC_00308,DEU,2012,16.28
CIRC_00309,DEU,2012,62.343949044586
CIRC_00310,DEU,2012,18.3146853146853
CIRC_00311,GHA,2012,60.4761904761905
CIRC_00312,GHA,2012,61.9239130434783
CIRC_00313,GHA,2012,26.5604395604396
CIRC_00314,GHA,2012,4.65591397849462
CIRC_00315,GNB,2012,23.3384615384615
CIRC_00316,GNB,2012,0
CIRC_00317,GNB,2012,0
CIRC_00318,GNB,2012,0.854166666666667
CIRC_00319,GNB,2012,0
CIRC_00320,GRC,2012,63
CIRC_00321,GRC,2012,47.9846153846154
CIRC_00322,GRC,2012,0.471698113207547
CIRC_00323,GRC,2012,62.4444444444444
CIRC_00324,USA,2012,62.9923076923077
CIRC_00325,GRC,2012,62.9754098360656
CIRC_00326,GRC,2012,24.8333333333333
CIRC_00327,GEO,2012,55.848
CIRC_00328,GEO,2012,15.456
CIRC_00329,GEO,2012,0.620967741935485
CIRC_00330,GEO,2012,32.7421875
CIRC_00331,FRA,2012,63
CIRC_00332,GTM,2012,62.9072164948454
CIRC_00333,GTM,2012,4.65625
CIRC_00334,GTM,2012,19.71875
CIRC_00335,GIN,2012,0
CIRC_00336,GIN,2012,2.44329896907217
CIRC_00337,GIN,2012,0
CIRC_00338,GIN,2012,36.952380952381
CIRC_00339,GIN,2012,0
CIRC_00340,GIN,2012,1.72164948453608
CIRC_00341,GUY,2012,45.7246376811594
CIRC_00342,GUY,2012,7.96825396825396
CIRC_00343,GUY,2012,4.75324675324675
CIRC_00344,USA,2012,62.952
CIRC_00345,GUY,2012,25.9239130434783
CIRC_00346,GUY,2012,0
CIRC_00347,GUY,2012,5.54794520547945
CIRC_00348,HTI,2012,1.88659793814433
CIRC_00349,HTI,2012,44.7922077922078
CIRC_00350,HTI,2012,32.3936170212766
CIRC_00351,HTI,2012,1.89090909090909
CIRC_00352,HTI,2012,3.83720930232558
CIRC_00353,HTI,2012,1.8659793814433
CIRC_00354,HTI,2012,0
CIRC_00355,HTI,2012,1.89690721649485
CIRC_00356,HND,2012,31.7790697674418
CIRC_00357,HND,2012,62.0947368421053
CIRC_00358,HND,2012,61.3936170212766
CIRC_00359,PAN,2012,62.1060606060606
CIRC_00360,HND,2012,0
CIRC_00361,HND,2012,28.9479166666667
CIRC_00362,HND,2012,7.5
CIRC_00363,HND,2012,10.6210526315789
CIRC_00364,HND,2012,6.74193548387097
CIRC_00365,HUN,2012,10.9782608695652
CIRC_00366,HUN,2012,62.9492753623189
CIRC_00367,HUN,2012,3.73846153846154
CIRC_00368,HUN,2012,50.5434782608696
CIRC_00369,HUN,2012,23.4888888888889
CIRC_00370,HUN,2012,51.0075187969925
CIRC_00371,ISL,2012,61.5294117647059
CIRC_00372,ISL,2012,6.78125
CIRC_00373,ISL,2012,62.0588235294118
CIRC_00374,IND,2012,61.8712871287129
CIRC_00375,IND,2012,0.0571428571428572
CIRC_00376,IND,2012,16.2244897959184
CIRC_00377,IND,2012,60.0980392156863
CIRC_00378,IND,2012,7.17894736842105
CIRC_00379,PAK,2012,31.8468468468469
CIRC_00380,PAK,2012,4.02752293577982
CIRC_00381,IND,2012,7.02970297029703
CIRC_00382,IDN,2012,26.2021276595745
CIRC_00383,IDN,2012,19.75
CIRC_00384,IDN,2012,25.178947368421
CIRC_00385,IDN,2012,60.8510638297872
CIRC_00386,IDN,2012,6.32631578947369
CIRC_00387,IDN,2012,55.7234042553192
CIRC_00388,IRL,2012,23.4968152866242
CIRC_00389,IRL,2012,3.71428571428571
CIRC_00390,IRL,2012,28.811320754717
CIRC_00391,IRL,2012,62.9864864864865
CIRC_00392,IRL,2012,24.3184713375796
CIRC_00393,IRL,2012,59.46
CIRC_00394,IRN,2012,11.7196261682243
CIRC_00395,IRN,2012,51.5909090909091
CIRC_00396,IRN,2012,23.5132743362832
CIRC_00397,IRN,2012,0
CIRC_00398,IRN,2012,62.9224137931035
CIRC_00399,IRQ,2012,16.4782608695652
CIRC_00400,USA,2012,18.625
CIRC_00401,USA,2012,30.1121495327103
CIRC_00402,USA,2012,62.2177419354839
CIRC_00403,IRQ,2012,63
CIRC_00404,IRQ,2012,59
CIRC_00405,IRQ,2012,32.0090909090909
CIRC_00406,IRQ,2012,63
CIRC_00407,BLR,2012,13.0733333333333
CIRC_00408,ISR,2012,63
CIRC_00409,BLR,2012,2.45569620253165
CIRC_00410,ISR,2012,63
CIRC_00411,ISR,2012,60.8425925925926
CIRC_00412,ISR,2012,63
CIRC_00413,ISR,2012,57.7247706422018
CIRC_00414,ISR,2012,62.9814814814815
CIRC_00415,ITA,2012,63
CIRC_00416,ITA,2012,62.1481481481482
CIRC_00417,ITA,2012,58.4939759036145
CIRC_00418,ITA,2012,63
CIRC_00419,ITA,2012,62.5503875968992
CIRC_00420,ITA,2012,45.328125
CIRC_00421,ITA,2012,63
CIRC_00422,ITA,2012,61.6985294117647
CIRC_00423,ITA,2012,57.5736434108527
CIRC_00424,ITA,2012,10.25
CIRC_00425,JAM,2012,29.958762886598
CIRC_00426,JAM,2012,7.79569892473118
CIRC_00427,JAM,2012,27.1443298969072
CIRC_00428,JAM,2012,8.12371134020619
CIRC_00429,JAM,2012,47.4123711340206
CIRC_00430,JOR,2012,62.8411214953271
CIRC_00431,JPN,2012,63
CIRC_00432,JPN,2012,56.2035398230089
CIRC_00433,JPN,2012,63
CIRC_00434,JPN,2012,59.2282608695652
CIRC_00435,JPN,2012,49.0263157894737
CIRC_00436,JPN,2012,19.5803571428571
CIRC_00437,JPN,2012,20.0779220779221
CIRC_00438,JPN,2012,35.0434782608696
CIRC_00439,JPN,2012,60.6197183098592
CIRC_00440,JPN,2012,60.6521739130435
CIRC_00441,JPN,2012,53.0818181818182
CIRC_00442,JPN,2012,63
CIRC_00443,JPN,2012,52.8461538461539
CIRC_00444,JPN,2012,62.5631067961165
CIRC_00445,JPN,2012,36.5913043478261
CIRC_00446,JPN,2012,63
CIRC_00447,KEN,2012,0
CIRC_00448,KEN,2012,6.23655913978495
CIRC_00449,KEN,2012,59.8041237113402
CIRC_00450,KEN,2012,0.301075268817205
CIRC_00451,XKO,2012,14.2520325203252
CIRC_00452,XKO,2012,48.592
CIRC_00453,XKO,2012,12.0483870967742
CIRC_00454,XKO,2012,47.1190476190476
CIRC_00455,XKO,2012,9.376
CIRC_00456,KWT,2012,63
CIRC_00457,KWT,2012,35.5142857142857
CIRC_00458,KGZ,2012,1.44094488188976
CIRC_00459,KGZ,2012,31.0360360360361
CIRC_00460,KGZ,2012,61.8387096774194
CIRC_00461,KGZ,2012,9.51219512195122
CIRC_00462,KGZ,2012,8.13008130081301
CIRC_00463,KGZ,2012,1.91269841269841
CIRC_00464,KGZ,2012,7.46825396825397
CIRC_00465,KAZ,2012,16.046511627907
CIRC_00466,KAZ,2012,62.3174603174603
CIRC_00467,LAO,2012,35.125
CIRC_00468,THA,2012,38.2142857142857
CIRC_00469,LAO,2012,0
CIRC_00470,LAO,2012,19.5833333333333
CIRC_00471,LAO,2012,0
CIRC_00472,LVA,2012,62.0232558139535
CIRC_00473,LVA,2012,5.07801418439716
CIRC_00474,RUS,2012,0
CIRC_00475,LVA,2012,39.5411764705883
CIRC_00476,LVA,2012,13.804347826087
CIRC_00477,LVA,2012,1.81656804733728
CIRC_00478,LVA,2012,0
CIRC_00479,USA,2012,62.4051724137931
CIRC_00480,LBR,2012,0
CIRC_00481,LBR,2012,1.91666666666667
CIRC_00482,LBR,2012,0
CIRC_00483,LBR,2012,0
CIRC_00484,LBR,2012,0
CIRC_00485,LBR,2012,0
CIRC_00486,LBR,2012,0
CIRC_00487,LBR,2012,31.8684210526316
CIRC_00488,LBN,2012,41.6126126126126
CIRC_00489,LBN,2012,40.9557522123894
CIRC_00490,LBN,2012,50.8448275862069
CIRC_00491,LBN,2012,48
CIRC_00492,LBN,2012,62.6724137931035
CIRC_00493,LBN,2012,62.1304347826087
CIRC_00494,LBN,2012,51.527027027027
CIRC_00495,LSO,2012,0.45045045045045
CIRC_00496,LSO,2012,1.33962264150943
CIRC_00497,LSO,2012,6.91666666666667
CIRC_00498,LSO,2012,3.10576923076923
CIRC_00499,LSO,2012,4.72222222222222
CIRC_00500,LSO,2012,49.3896103896104
CIRC_00501,LSO,2012,4.39024390243902
CIRC_00502,LSO,2012,0
CIRC_00503,LBY,2012,24.1339285714286
CIRC_00504,LBY,2012,46.5504587155964
CIRC_00505,LBY,2012,62.9852941176471
CIRC_00506,LBY,2012,62.7904761904762
CIRC_00507,LBY,2012,30.4328358208955
CIRC_00508,LBY,2012,24.6106194690265
CIRC_00509,LBY,2012,63
CIRC_00510,LBY,2012,57.9305555555556
CIRC_00511,LTU,2012,58.9135802469136
CIRC_00512,LTU,2012,15.9526627218935
CIRC_00513,LTU,2012,27.0595238095238
CIRC_00514,LTU,2012,60.2298136645963
CIRC_00515,LTU,2012,58.4375
CIRC_00516,LUX,2012,29.9
CIRC_00517,LUX,2012,15.3706293706294
CIRC_00518,LUX,2012,59.0753424657534
CIRC_00519,LUX,2012,54.2037037037037
CIRC_00520,MRT,2012,0
CIRC_00521,MRT,2012,59.4639175257732
CIRC_00522,MRT,2012,0
CIRC_00523,MRT,2012,0
CIRC_00524,MRT,2012,0
CIRC_00525,MRT,2012,1.36842105263158
CIRC_00526,MKD,2012,21.2666666666667
CIRC_00527,BIH,2012,49.4186046511628
CIRC_00528,MKD,2012,58.192
CIRC_00529,MKD,2012,9.03937007874016
CIRC_00530,MKD,2012,10.9508196721311
CIRC_00531,MKD,2012,22.3934426229508
CIRC_00532,MKD,2012,35.016
CIRC_00533,MDG,2012,0
CIRC_00534,MDG,2012,0
CIRC_00535,MDG,2012,6.53333333333334
CIRC_00536,MDG,2012,0
CIRC_00537,MDG,2012,9.10309278350515
CIRC_00538,MDG,2012,0
CIRC_00539,MYS,2012,58.9130434782609
CIRC_00540,MYS,2012,55.0428571428571
CIRC_00541,MYS,2012,15.195652173913
CIRC_00542,MYS,2012,59.3802816901409
CIRC_00543,MYS,2012,0.11340206185567
CIRC_00544,MYS,2012,57.968085106383
CIRC_00545,MUS,2012,41.3571428571429
CIRC_00546,MUS,2012,37.3191489361702
CIRC_00547,MUS,2012,31.8367346938776
CIRC_00548,MWI,2012,11.1855670103093
CIRC_00549,MWI,2012,0.0824742268041238
CIRC_00550,MWI,2012,4.13541666666667
CIRC_00551,MWI,2012,3.24742268041237
CIRC_00552,MWI,2012,3.02061855670103
CIRC_00553,MWI,2012,54.2448979591837
CIRC_00554,MEX,2012,63
CIRC_00555,MEX,2012,62.020618556701
CIRC_00556,MEX,2012,32.5510204081633
CIRC_00557,MEX,2012,5.875
CIRC_00558,MDA,2012,2.42142857142857
CIRC_00559,MDA,2012,0.528571428571427
CIRC_00560,MDA,2012,1.27611940298507
CIRC_00561,RUS,2012,0
CIRC_00562,MDA,2012,9.67153284671533
CIRC_00563,MDA,2012,3.68382352941176
CIRC_00564,MDA,2012,2.91240875912409
CIRC_00565,MDA,2012,2.73880597014925
CIRC_00566,MDA,2012,59.970802919708
CIRC_00567,MDA,2012,5.02877697841727
CIRC_00568,MDA,2012,7.56190476190477
CIRC_00569,MDA,2012,5.93430656934307
CIRC_00570,MDA,2012,3.25735294117647
CIRC_00571,MDA,2012,4.55474452554745
CIRC_00572,MDA,2012,55.5
CIRC_00573,MDA,2012,3.77685950413223
CIRC_00574,MDA,2012,8.66187050359712
CIRC_00575,MLI,2012,17.0842105263158
CIRC_00576,MLI,2012,9.26315789473684
CIRC_00577,MLI,2012,0
CIRC_00578,MLI,2012,16.8421052631579
CIRC_00579,MLI,2012,15.3263157894737
CIRC_00580,MLI,2012,0
CIRC_00581,MLI,2012,8.78494623655914
CIRC_00582,MLT,2012,61.5981308411215
CIRC_00583,MLT,2012,61.9148936170213
CIRC_00584,MLT,2012,61.6956521739131
CIRC_00585,MLT,2012,61.9016393442623
CIRC_00586,MNG,2012,0.774647887323943
CIRC_00587,MNG,2012,0
CIRC_00588,MNG,2012,0
CIRC_00589,MNG,2012,55.5401459854015
CIRC_00590,MNG,2012,0
CIRC_00591,MAR,2012,62.202380952381
CIRC_00592,MMR,2012,56.8163265306123
CIRC_00593,MMR,2012,3.04081632653061
CIRC_00594,MMR,2012,0
CIRC_00595,MMR,2012,61.4545454545455
CIRC_00596,MMR,2012,23.4242424242424
CIRC_00597,MOZ,2012,0
CIRC_00598,MOZ,2012,0.164948453608248
CIRC_00599,MOZ,2012,0
CIRC_00600,NAM,2012,5.41237113402062
CIRC_00601,NAM,2012,0
CIRC_00602,NAM,2012,19.5714285714286
CIRC_00603,NPL,2012,48.7075471698113
CIRC_00604,IND,2012,57.5096153846154
CIRC_00605,IND,2012,15.9230769230769
CIRC_00606,NPL,2012,0
CIRC_00607,NPL,2012,0
CIRC_00608,NPL,2012,0
CIRC_00609,NPL,2012,6.23076923076923
CIRC_00610,NPL,2012,2.04545454545455
CIRC_00611,NPL,2012,0
CIRC_00612,NPL,2012,0
CIRC_00613,NPL,2012,0
CIRC_00614,NPL,2012,14.4854368932039
CIRC_00615,NPL,2012,0
CIRC_00616,NZL,2012,23.9350649350649
CIRC_00617,NZL,2012,22.4230769230769
CIRC_00618,NZL,2012,5.26086956521739
CIRC_00619,NZL,2012,10.8805970149254
CIRC_00620,NZL,2012,3.86666666666667
CIRC_00621,NZL,2012,62.4931506849315
CIRC_00622,NZL,2012,0.75735294117647
CIRC_00623,NZL,2012,51.3130434782609
CIRC_00624,NZL,2012,29.4132231404959
CIRC_00625,NZL,2012,60.5038759689923
CIRC_00626,NIC,2012,3.01052631578947
CIRC_00627,NIC,2012,15.2526315789474
CIRC_00628,NIC,2012,60.5684210526316
CIRC_00629,NIC,2012,27.7
CIRC_00630,NGA,2012,26.7021276595745
CIRC_00631,NGA,2012,59.8181818181818
CIRC_00632,NGA,2012,56.7684210526316
CIRC_00633,NGA,2012,38.1808510638298
CIRC_00634,NGA,2012,30.0842105263158
CIRC_00635,NGA,2012,10.3076923076923
CIRC_00636,NGA,2012,7.46315789473684
CIRC_00637,NER,2012,1.10416666666667
CIRC_00638,NER,2012,19.0618556701031
CIRC_00639,NER,2012,3.32291666666667
CIRC_00640,NER,2012,51.8617021276596
CIRC_00641,NER,2012,1.93617021276596
CIRC_00642,NER,2012,0
CIRC_00643,NER,2012,0
CIRC_00644,NER,2012,0
CIRC_00645,NER,2012,0
CIRC_00646,NOR,2012,52.029197080292
CIRC_00647,NOR,2012,59.7197802197802
CIRC_00648,NOR,2012,61.5432098765432
CIRC_00649,NOR,2012,44.62
CIRC_00650,NOR,2012,21.5355191256831
CIRC_00651,NOR,2012,62.5454545454546
CIRC_00652,NOR,2012,58.1258278145695
CIRC_00653,NLD,2012,63
CIRC_00654,NLD,2012,25.8079470198676
CIRC_00655,NLD,2012,28.9338235294118
CIRC_00656,NLD,2012,62.2027972027972
CIRC_00657,OMN,2012,62.7628865979381
CIRC_00658,OMN,2012,62.1038961038961
CIRC_00659,PAK,2012,62.9468085106383
CIRC_00660,PAK,2012,9.24038461538461
CIRC_00661,PAK,2012,63
CIRC_00662,PAK,2012,11.1538461538462
CIRC_00663,PAK,2012,21.5943396226415
CIRC_00664,IND,2012,63
CIRC_00665,PAK,2012,57.0373831775701
CIRC_00666,PAK,2012,0
CIRC_00667,PAK,2012,63
CIRC_00668,PAK,2012,5.18691588785047
CIRC_00669,PAN,2012,61.7931034482759
CIRC_00670,PAN,2012,0.861702127659575
CIRC_00671,PAN,2012,28.6847826086957
CIRC_00672,PRY,2012,3.07766990291262
CIRC_00673,PRY,2012,62.2843137254902
CIRC_00674,PRY,2012,21.5436893203883
CIRC_00675,PRY,2012,0.676190476190476
CIRC_00676,PRY,2012,58.5222222222222
CIRC_00677,PER,2012,63
CIRC_00678,PER,2012,43.0416666666667
CIRC_00679,PER,2012,1.93814432989691
CIRC_00680,PER,2012,63
CIRC_00681,PER,2012,30.8279569892473
CIRC_00682,PER,2012,3.1734693877551
CIRC_00683,PHL,2012,0
CIRC_00684,PHL,2012,9.96629213483146
CIRC_00685,PHL,2012,62.9824561403509
CIRC_00686,PHL,2012,63
CIRC_00687,PHL,2012,63
CIRC_00688,PHL,2012,2.6195652173913
CIRC_00689,PHL,2012,62.9855072463768
CIRC_00690,PNG,2012,0
CIRC_00691,PNG,2012,0
CIRC_00692,PNG,2012,0
CIRC_00693,PNG,2012,48.6593406593407
CIRC_00694,PNG,2012,0
CIRC_00695,PNG,2012,6.70588235294118
CIRC_00696,PNG,2012,0
CIRC_00697,PNG,2012,0.9
CIRC_00698,POL,2012,15.14
CIRC_00699,POL,2012,10.3896103896104
CIRC_00700,POL,2012,22.45625
CIRC_00701,POL,2012,63
CIRC_00702,POL,2012,22.3918918918919
CIRC_00703,POL,2012,22.2151898734177
CIRC_00704,POL,2012,51.5
CIRC_00705,POL,2012,62.6736111111111
CIRC_00706,POL,2012,59.5214285714286
CIRC_00707,PRT,2012,62.734375
CIRC_00708,PRT,2012,46.1150442477876
CIRC_00709,PRK,2012,46.4033613445378
CIRC_00710,RUS,2012,2.34965034965035
CIRC_00711,QAT,2012,63
CIRC_00712,KOR,2012,44.5762711864407
CIRC_00713,KOR,2012,32.4038461538461
CIRC_00714,KOR,2012,5
CIRC_00715,KOR,2012,53.0526315789474
CIRC_00716,JPN,2012,63
CIRC_00717,KOR,2012,62.9
CIRC_00718,KOR,2012,63
CIRC_00719,KOR,2012,24.2830188679245
CIRC_00720,KOR,2012,63
CIRC_00721,ROU,2012,62.8702290076336
CIRC_00722,ROU,2012,36.8091603053435
CIRC_00723,UKR,2012,20.0378787878788
CIRC_00724,ROU,2012,0.279411764705882
CIRC_00725,ROU,2012,5.49275362318841
CIRC_00726,ROU,2012,49.5522388059702
CIRC_00727,ROU,2012,14.5037593984962
CIRC_00728,ROU,2012,36.589928057554
CIRC_00729,ROU,2012,15.3609022556391
CIRC_00730,ROU,2012,32.7364341085271
CIRC_00731,ROU,2012,52.9191176470588
CIRC_00732,RUS,2012,8.35338345864662
CIRC_00733,RUS,2012,2.86124401913876
CIRC_00734,RUS,2012,63
CIRC_00735,RWA,2012,12.6065573770492
CIRC_00736,RWA,2012,7.65217391304348
CIRC_00737,RWA,2012,0.450549450549451
CIRC_00738,ZAF,2012,63
CIRC_00739,ZAF,2012,0
CIRC_00740,ZAF,2012,0
CIRC_00741,ZAF,2012,62.9
CIRC_00742,ZAF,2012,8.22857142857143
CIRC_00743,ZAF,2012,62.9405940594059
CIRC_00744,SLV,2012,58.247311827957
CIRC_00745,SLV,2012,36.0416666666667
CIRC_00746,SLV,2012,9.13684210526316
CIRC_00747,SLV,2012,7.51546391752577
CIRC_00748,SLV,2012,6.72164948453608
CIRC_00749,SAU,2012,63
CIRC_00750,SEN,2012,0
CIRC_00751,SEN,2012,5.87755102040816
CIRC_00752,SEN,2012,0
CIRC_00753,SRB,2012,62.859375
CIRC_00754,SRB,2012,26.648
CIRC_00755,XKO,2012,31.968253968254
CIRC_00756,SLE,2012,0
CIRC_00757,SLE,2012,30.5714285714286
CIRC_00758,SLE,2012,0
CIRC_00759,SLE,2012,0
CIRC_00760,SLE,2012,0
CIRC_00761,SLE,2012,3.02222222222222
CIRC_00762,SGP,2012,62.9594594594595
CIRC_00763,SGP,2012,63
CIRC_00764,SVK,2012,32.8111888111888
CIRC_00765,SVK,2012,12.8098591549296
CIRC_00766,SVK,2012,12.3169014084507
CIRC_00767,SVK,2012,25.8581560283688
CIRC_00768,SVK,2012,12.9208633093525
CIRC_00769,SVK,2012,45.7122302158274
CIRC_00770,SVK,2012,6.82692307692308
CIRC_00771,SVN,2012,4.85294117647059
CIRC_00772,SVN,2012,6.50393700787402
CIRC_00773,SVN,2012,35.0444444444444
CIRC_00774,SVN,2012,56.8962962962963
CIRC_00775,SVN,2012,21.8473282442748
CIRC_00776,SVN,2012,14.5820895522388
CIRC_00777,SVN,2012,28.9885057471264
CIRC_00778,SLB,2012,0
CIRC_00779,SLB,2012,0
CIRC_00780,SLB,2012,0
CIRC_00781,SLB,2012,0
CIRC_00782,SLB,2012,0
CIRC_00783,SLB,2012,0
CIRC_00784,SLB,2012,0
CIRC_00785,SLB,2012,0
CIRC_00786,ETH,2012,0
CIRC_00787,SOM,2012,0
CIRC_00788,SOM,2012,18.6603773584906
CIRC_00789,ESP,2012,63
CIRC_00790,ESP,2012,63
CIRC_00791,ESP,2012,61.5483870967742
CIRC_00792,ESP,2012,53.7868852459017
CIRC_00793,LKA,2012,62.6166666666667
CIRC_00794,LKA,2012,16.421052631579
CIRC_00795,LKA,2012,8.89247311827957
CIRC_00796,LKA,2012,37.0851063829787
CIRC_00797,LKA,2012,18.5670103092784
CIRC_00798,SSD,2012,0
CIRC_00799,SDN,2012,9.48039215686275
CIRC_00800,SDN,2012,0
CIRC_00801,SUR,2012,52.2527472527473
CIRC_00802,SUR,2012,0.577464788732394
CIRC_00803,SUR,2012,14.2111111111111
CIRC_00804,SUR,2012,27.0515463917526
CIRC_00805,SWZ,2012,33.6923076923077
CIRC_00806,SWE,2012,52.3795180722892
CIRC_00807,SWE,2012,57.3071428571429
CIRC_00808,SWE,2012,17.767955801105
CIRC_00809,SWE,2012,63
CIRC_00810,SWE,2012,55.344262295082
CIRC_00811,SWE,2012,55.933734939759
CIRC_00812,CHE,2012,49.0735294117647
CIRC_00813,CHE,2012,38.0827067669173
CIRC_00814,CHE,2012,45.6268656716418
CIRC_00815,CHE,2012,9.2686567164179
CIRC_00816,CHE,2012,60.9
CIRC_00817,CHE,2012,34.043795620438
CIRC_00818,CHE,2012,33.953488372093
CIRC_00819,CHE,2012,29.0074074074074
CIRC_00820,CHE,2012,48.5555555555556
CIRC_00821,CHE,2012,25.4710144927536
CIRC_00822,CHE,2012,44.7573529411765
CIRC_00823,CHE,2012,36.8970588235294
CIRC_00824,CHE,2012,28.9197080291971
CIRC_00825,CHE,2012,29.0687022900763
CIRC_00826,CHE,2012,49.5797101449275
CIRC_00827,CHE,2012,32.0507246376812
CIRC_00828,CHE,2012,41.7259259259259
CIRC_00829,CHE,2012,15.0875912408759
CIRC_00830,CHE,2012,27.780303030303
CIRC_00831,CHE,2012,32.3384615384615
CIRC_00832,CHE,2012,22.5474452554745
CIRC_00833,SYR,2012,20.2844827586207
CIRC_00834,SYR,2012,61.8018018018018
CIRC_00835,TJK,2012,3.60683760683761
CIRC_00836,TJK,2012,34.7540983606557
CIRC_00837,TJK,2012,0
CIRC_00838,TJK,2012,21.5431034482759
CIRC_00839,TWN,2012,41.5068493150685
CIRC_00840,TWN,2012,39.86
CIRC_00841,HKG,2012,62.9565217391304
CIRC_00842,TWN,2012,62.9705882352941
CIRC_00843,TZA,2012,0
CIRC_00844,TZA,2012,0
CIRC_00845,TZA,2012,0
CIRC_00846,TZA,2012,0.22680412371134
CIRC_00847,TZA,2012,0
CIRC_00848,THA,2012,63
CIRC_00849,THA,2012,63
CIRC_00850,THA,2012,63
CIRC_00851,THA,2012,26.7553191489362
CIRC_00852,THA,2012,53.4895833333333
CIRC_00853,THA,2012,63
CIRC_00854,THA,2012,16.8659793814433
CIRC_00855,THA,2012,25.1649484536082
CIRC_00856,THA,2012,10.0421052631579
CIRC_00857,GBR,2012,62.8282208588957
CIRC_00858,THA,2012,58.8842105263158
CIRC_00859,TKM,2012,56.305785123967
CIRC_00860,TKM,2012,37.0420168067227
CIRC_00861,TKM,2012,62.904347826087
CIRC_00862,TGO,2012,6.40860215053764
CIRC_00863,TGO,2012,5.44736842105263
CIRC_00864,TGO,2012,0.389473684210526
CIRC_00865,TTO,2012,49.4098360655738
CIRC_00866,TTO,2012,62.8507462686567
CIRC_00867,TTO,2012,49.9684210526316
CIRC_00868,TTO,2012,17.5405405405405
CIRC_00869,TTO,2012,35.0344827586207
CIRC_00870,TUN,2012,62.76
CIRC_00871,TUN,2012,21.0550458715596
CIRC_00872,TUN,2012,62.6451612903226
CIRC_00873,TUN,2012,30.1217391304348
CIRC_00874,TUN,2012,61.25
CIRC_00875,TUN,2012,21.9478260869565
CIRC_00876,TUN,2012,40.9333333333333
CIRC_00877,TUR,2012,47.3416666666667
CIRC_00878,TUR,2012,62.8153846153846
CIRC_00879,TUR,2012,10.8706896551724
CIRC_00880,TUR,2012,62.948275862069
CIRC_00881,TUR,2012,29.3636363636364
CIRC_00882,TUR,2012,61.8925619834711
CIRC_00883,TUR,2012,62.9340659340659
CIRC_00884,ARE,2012,61.6071428571429
CIRC_00885,ARE,2012,62.9313725490196
CIRC_00886,UGA,2012,0
CIRC_00887,GBR,2012,32.748344370861
CIRC_00888,GBR,2012,21.7260273972603
CIRC_00889,GBR,2012,62.7671232876712
CIRC_00890,GBR,2012,47.8181818181818
CIRC_00891,GBR,2012,44.0344827586207
CIRC_00892,USA,2012,63
CIRC_00893,GBR,2012,52.4172185430464
CIRC_00894,GBR,2012,61.9312977099237
CIRC_00895,UKR,2012,1.7687074829932
CIRC_00896,UKR,2012,7.42763157894737
CIRC_00897,UKR,2012,2.04026845637584
CIRC_00898,UKR,2012,33.75
CIRC_00899,UKR,2012,60.8014184397163
CIRC_00900,UKR,2012,11.0923076923077
CIRC_00901,UKR,2012,58.0507246376812
CIRC_00902,URY,2012,62.1071428571429
CIRC_00903,URY,2012,61.7802197802198
CIRC_00904,USA,2012,60.8015873015873
CIRC_00905,USA,2012,37.2173913043478
CIRC_00906,USA,2012,61.1052631578948
CIRC_00907,USA,2012,62.2063492063492
CIRC_00908,USA,2012,62.7672413793103
CIRC_00909,USA,2012,55.8225806451613
CIRC_00910,UZB,2012,40.6694214876033
CIRC_00911,UZB,2012,62.4112903225807
CIRC_00912,UZB,2012,12.5378151260504
CIRC_00913,VEN,2012,32.4105263157895
CIRC_00914,VEN,2012,22.0888888888889
CIRC_00915,VEN,2012,5.5979381443299
CIRC_00916,VEN,2012,23.1098901098901
CIRC_00917,VEN,2012,62.9891304347826
CIRC_00918,YEM,2012,7.64583333333334
CIRC_00919,YEM,2012,0.212765957446808
CIRC_00920,YEM,2012,5.89690721649485
CIRC_00921,SRB,2012,36.296875
CIRC_00922,MNE,2012,24.0775862068966
CIRC_00923,ZMB,2012,3.05494505494506
CIRC_00924,ZMB,2012,51.4526315789474
CIRC_00925,ZMB,2012,30.4375
CIRC_00926,ZWE,2012,0
CIRC_00927,ZMB,2012,0
CIRC_00928,ZMB,2012,34.85
CIRC_00929,ZMB,2012,49.375
CIRC_00930,ZMB,2012,0
CIRC_00931,ZWE,2012,0
CIRC_00932,ZWE,2012,8.35051546391752
CIRC_00933,COM,2012,0.441558441558441
CIRC_00934,MDV,2012,45.3333333333333
CIRC_00935,SAU,2012,63
CIRC_00936,ISR,2012,63
CIRC_00937,COM,2012,0.955555555555556
CIRC_00938,COM,2012,0.900000000000001
CIRC_00941,LBY,2012,62.9846153846154
CIRC_00942,SGP,2012,63
CIRC_00943,MKD,2012,56.9590163934426
CIRC_00945,QAT,2012,63
CIRC_00946,MDA,2012,4.73484848484848
CIRC_00947,SGP,2012,63
CIRC_00948,LSO,2012,3.19811320754717
CIRC_00949,MDA,2012,0
CIRC_00950,COM,2012,0.755555555555555
CIRC_00951,LSO,2012,0
CIRC_00952,MUS,2012,48.5810810810811
CIRC_00953,ISR,2012,63
CIRC_00954,TKM,2012,56.4434782608696
CIRC_00955,LBY,2012,30.530303030303
CIRC_00956,ISR,2012,57.3035714285714
CIRC_00957,MUS,2012,34.3298969072165
CIRC_00958,GTM,2012,62.9072164948454
CIRC_00959,MDA,2012,9.61594202898551
CIRC_00960,ISR,2012,63
CIRC_00961,SSD,2012,0
CIRC_00962,CYP,2012,59.5466666666667
CIRC_00964,LSO,2012,52.1746031746032
CIRC_00965,MDA,2012,3.7007299270073
CIRC_00001,AFG,2013,6.60176991150442
CIRC_00002,AFG,2013,59.2232142857143
CIRC_00003,AFG,2013,0
CIRC_00004,AFG,2013,0
CIRC_00005,AFG,2013,13.2685185185185
CIRC_00006,AFG,2013,0
CIRC_00007,AFG,2013,0.188679245283019
CIRC_00008,ALB,2013,30.0645161290323
CIRC_00009,ALB,2013,0.577586206896552
CIRC_00010,ALB,2013,55.1639344262295
CIRC_00011,ALB,2013,3.025
CIRC_00012,DZA,2013,11.353982300885
CIRC_00013,DZA,2013,48.3565217391304
CIRC_00014,DZA,2013,22.8695652173913
CIRC_00015,DZA,2013,55.0526315789474
CIRC_00016,MAR,2013,58.7631578947368
CIRC_00017,DZA,2013,8.12280701754386
CIRC_00018,DZA,2013,30.9189189189189
CIRC_00019,AGO,2013,62.9019607843137
CIRC_00020,AGO,2013,55.3541666666667
CIRC_00021,ARG,2013,11.2429906542056
CIRC_00022,ARG,2013,63
CIRC_00023,ARG,2013,24.6826923076923
CIRC_00024,ARG,2013,58.1
CIRC_00025,ARG,2013,63
CIRC_00026,ARG,2013,46.9351851851852
CIRC_00027,ARG,2013,62.1478260869565
CIRC_00028,ARG,2013,51.6347826086957
CIRC_00029,ARG,2013,62.9213483146067
CIRC_00030,ARG,2013,63
CIRC_00031,SYR,2013,0.173913043478261
CIRC_00032,AZE,2013,24.7272727272727
CIRC_00033,ARM,2013,62.5040650406504
CIRC_00034,ARM,2013,62.5966386554622
CIRC_00035,ARM,2013,5.48305084745762
CIRC_00036,AUS,2013,5.74358974358975
CIRC_00037,AUS,2013,62.9767441860465
CIRC_00038,AUS,2013,20.1142857142857
CIRC_00039,GBR,2013,47.7234042553192
CIRC_00040,GBR,2013,63
CIRC_00041,AUS,2013,62.8977272727273
CIRC_00042,AUT,2013,62.9714285714286
CIRC_00043,AUT,2013,48.9338235294118
CIRC_00044,AUT,2013,35.645390070922
CIRC_00045,AUT,2013,3.80851063829787
CIRC_00046,AUT,2013,61.9280575539568
CIRC_00047,AUT,2013,62.3812949640288
CIRC_00048,AUT,2013,16.5539568345324
CIRC_00049,CHE,2013,26.3430656934307
CIRC_00050,AZE,2013,62.8148148148148
CIRC_00051,AZE,2013,1.28688524590164
CIRC_00052,AZE,2013,62.8076923076923
CIRC_00053,AZE,2013,40.8225806451613
CIRC_00054,BHR,2013,58.5263157894737
CIRC_00055,BHR,2013,63
CIRC_00056,BRB,2013,59
CIRC_00057,BRB,2013,23.8421052631579
CIRC_00058,BRB,2013,34.2222222222222
CIRC_00059,BRB,2013,29.5104166666667
CIRC_00060,BEL,2013,45.1266666666667
CIRC_00061,FRA,2013,62.8425196850394
CIRC_00062,BEL,2013,56.6223776223776
CIRC_00063,BEL,2013,52.2637362637363
CIRC_00064,BEL,2013,62.6442953020134
CIRC_00065,BEL,2013,50.9861111111111
CIRC_00066,BEL,2013,53.5578231292517
CIRC_00067,BEL,2013,62.9183673469388
CIRC_00068,BEL,2013,61.9041095890411
CIRC_00069,BEN,2013,0
CIRC_00070,TGO,2013,60.4
CIRC_00071,BEN,2013,0
CIRC_00072,BEN,2013,7.44565217391304
CIRC_00073,BFA,2013,62.2947368421053
CIRC_00074,BFA,2013,8.43617021276596
CIRC_00075,BFA,2013,3
CIRC_00076,BFA,2013,62.1648351648352
CIRC_00077,BFA,2013,0.395833333333334
CIRC_00078,BHS,2013,62.1604938271605
CIRC_00079,BHS,2013,50.6153846153846
CIRC_00080,BHS,2013,60.5161290322581
CIRC_00081,BTN,2013,25.6481481481482
CIRC_00082,BTN,2013,0
CIRC_00083,BTN,2013,3.90384615384615
CIRC_00084,BTN,2013,9.79807692307693
CIRC_00085,BTN,2013,1.83495145631068
CIRC_00086,BTN,2013,0
CIRC_00087,BLR,2013,62.9316770186336
CIRC_00088,BLR,2013,9.5741935483871
CIRC_00089,BLR,2013,10.5283018867925
CIRC_00090,BLZ,2013,47.8571428571429
CIRC_00091,BLZ,2013,19.3877551020408
CIRC_00092,BLZ,2013,22.5454545454545
CIRC_00093,IND,2013,10.9230769230769
CIRC_00094,BGD,2013,0.772277227722772
CIRC_00095,BGD,2013,1.07920792079208
CIRC_00096,IND,2013,24.4854368932039
CIRC_00097,BGD,2013,2.77227722772277
CIRC_00098,BGD,2013,23.65
CIRC_00099,BGD,2013,7.60576923076923
CIRC_00100,BOL,2013,62.8125
CIRC_00101,BOL,2013,62.4845360824742
CIRC_00102,BOL,2013,62.90625
CIRC_00103,BOL,2013,0
CIRC_00104,BOL,2013,1.05208333333333
CIRC_00105,BIH,2013,4.6015037593985
CIRC_00106,BIH,2013,22.2384615384615
CIRC_00107,HRV,2013,12.1370967741935
CIRC_00108,BIH,2013,17.1428571428571
CIRC_00109,BIH,2013,56.1679389312977
CIRC_00110,BIH,2013,7.61600000000001
CIRC_00111,BIH,2013,22.3333333333333
CIRC_00112,BIH,2013,42.077519379845
CIRC_00113,BIH,2013,14.7096774193548
CIRC_00114,BIH,2013,18.3488372093023
CIRC_00115,BIH,2013,14.0769230769231
CIRC_00116,BIH,2013,1.37984496124031
CIRC_00117,BIH,2013,46.734375
CIRC_00118,BIH,2013,12.2619047619048
CIRC_00119,BIH,2013,20.3153846153846
CIRC_00120,BWA,2013,12.5196078431373
CIRC_00121,BWA,2013,0
CIRC_00122,GBR,2013,59.4335664335664
CIRC_00123,BWA,2013,6.72549019607843
CIRC_00124,BRA,2013,23.3626373626374
CIRC_00125,BRA,2013,62.8958333333333
CIRC_00126,BRA,2013,57.2828282828283
CIRC_00127,BRA,2013,15.3473684210526
CIRC_00128,BRA,2013,62.6145833333333
CIRC_00129,BRA,2013,38.54
CIRC_00130,BRA,2013,8.97087378640777
CIRC_00131,BRN,2013,56.2921348314607
CIRC_00132,BDI,2013,0
CIRC_00133,BDI,2013,0
CIRC_00134,BDI,2013,36.9893617021277
CIRC_00135,BDI,2013,0
CIRC_00136,BDI,2013,0
CIRC_00137,BDI,2013,4.04545454545455
CIRC_00138,BDI,2013,0
CIRC_00139,BDI,2013,0
CIRC_00140,BGR,2013,1.69465648854962
CIRC_00141,RUS,2013,63
CIRC_00142,BGR,2013,1.7421875
CIRC_00143,BGR,2013,62.8095238095238
CIRC_00144,BGR,2013,15.68
CIRC_00145,BGR,2013,57.016
CIRC_00146,UKR,2013,38.1136363636364
CIRC_00147,BGR,2013,24.0472440944882
CIRC_00148,USA,2013,63
CIRC_00149,BGR,2013,18.736
CIRC_00150,BGR,2013,18.5241935483871
CIRC_00151,BGR,2013,5.72357723577236
CIRC_00152,BGR,2013,11.52
CIRC_00153,BGR,2013,37.1860465116279
CIRC_00154,KHM,2013,0
CIRC_00155,KHM,2013,60.0430107526882
CIRC_00156,KHM,2013,2.61111111111111
CIRC_00157,CAN,2013,54.78125
CIRC_00158,CAN,2013,28.2307692307692
CIRC_00159,CAN,2013,51.9333333333333
CIRC_00160,CAN,2013,62.5098039215686
CIRC_00161,CAN,2013,63
CIRC_00162,CAN,2013,63
CIRC_00163,CMR,2013,4.59574468085106
CIRC_00164,CPV,2013,1.57731958762887
CIRC_00165,CPV,2013,22.6271186440678
CIRC_00166,CPV,2013,4.72164948453608
CIRC_00167,CPV,2013,30.4736842105263
CIRC_00168,CIV,2013,46.2391304347826
CIRC_00169,CIV,2013,0
CIRC_00170,CIV,2013,0.466666666666667
CIRC_00171,CIV,2013,27.8723404255319
CIRC_00172,CIV,2013,15.5326086956522
CIRC_00173,CAF,2013,19.9368421052632
CIRC_00174,CAF,2013,0
CIRC_00175,GAB,2013,6.77659574468085
CIRC_00176,CAF,2013,0
CIRC_00177,CAF,2013,0
CIRC_00178,TCD,2013,52.0985915492958
CIRC_00179,TCD,2013,3.33
CIRC_00180,TCD,2013,0.229166666666667
CIRC_00181,TCD,2013,53.4027777777778
CIRC_00182,CHL,2013,58.5
CIRC_00183,CHL,2013,60.7469879518072
CIRC_00184,CHL,2013,63
CIRC_00185,CHL,2013,49.5238095238095
CIRC_00186,CHN,2013,37.462962962963
CIRC_00187,CHN,2013,62.2407407407408
CIRC_00188,CHN,2013,57.5
CIRC_00189,CHN,2013,63
CIRC_00190,COL,2013,61.5531914893617
CIRC_00191,COL,2013,58.1590909090909
CIRC_00192,COL,2013,60.3510638297872
CIRC_00193,COL,2013,62.0851063829787
CIRC_00194,COL,2013,10.221052631579
CIRC_00195,MDG,2013,20.3513513513514
CIRC_00196,FRA,2013,8.96240601503759
CIRC_00197,COM,2013,0.222222222222222
CIRC_00198,COM,2013,0
CIRC_00199,COM,2013,0
CIRC_00200,COM,2013,0.181818181818182
CIRC_00201,COM,2013,2.16666666666667
CIRC_00202,COM,2013,0.943396226415094
CIRC_00203,COG,2013,17.7555555555556
CIRC_00204,COG,2013,0
CIRC_00205,CRI,2013,62.0947368421053
CIRC_00206,NIC,2013,22.7021276595745
CIRC_00207,CRI,2013,62.7938144329897
CIRC_00208,CRI,2013,62.8085106382979
CIRC_00209,HRV,2013,24.8931297709924
CIRC_00210,HRV,2013,62.9037037037037
CIRC_00211,HRV,2013,10.3383458646617
CIRC_00212,HRV,2013,57.4507042253521
CIRC_00213,CUB,2013,0.727272727272728
CIRC_00214,CUB,2013,8.81818181818182
CIRC_00215,XNC,2013,41.983606557377
CIRC_00216,XNC,2013,62.4
CIRC_00217,XNC,2013,34.4086956521739
CIRC_00218,CYP,2013,10.7017543859649
CIRC_00219,CYP,2013,49.2444444444445
CIRC_00220,SVK,2013,13.6985294117647
CIRC_00221,CZE,2013,55.7535211267606
CIRC_00222,CZE,2013,62.7642857142857
CIRC_00223,CZE,2013,21.1818181818182
CIRC_00224,CZE,2013,29.7808219178082
CIRC_00225,CZE,2013,52.3357142857143
CIRC_00226,CZE,2013,24.804347826087
CIRC_00227,CZE,2013,30.0070422535211
CIRC_00228,CZE,2013,61.1780821917808
CIRC_00229,CZE,2013,15.0979020979021
CIRC_00230,SVK,2013,60.5669291338583
CIRC_00231,CZE,2013,14.2482269503546
CIRC_00232,DNK,2013,13.2013888888889
CIRC_00233,DNK,2013,47.9142857142857
CIRC_00234,DNK,2013,4.14201183431953
CIRC_00235,DNK,2013,36.0387096774194
CIRC_00236,DNK,2013,62.6601307189543
CIRC_00237,DNK,2013,55.3012820512821
CIRC_00238,SOM,2013,0
CIRC_00239,ETH,2013,24.3617021276596
CIRC_00240,DOM,2013,15.9381443298969
CIRC_00241,DOM,2013,62.25
CIRC_00242,DOM,2013,60.1386138613861
CIRC_00243,DOM,2013,3.89583333333333
CIRC_00244,COD,2013,0
CIRC_00245,COD,2013,1.27956989247312
CIRC_00246,COD,2013,0
CIRC_00247,COD,2013,61.3369565217391
CIRC_00248,VNM,2013,10.8453608247423
CIRC_00249,VNM,2013,45.0490196078431
CIRC_00250,VNM,2013,1.05154639175258
CIRC_00251,VNM,2013,0
CIRC_00252,VNM,2013,46.8019801980198
CIRC_00253,ECU,2013,59.5913978494624
CIRC_00254,USA,2013,62.8363636363636
CIRC_00255,ECU,2013,61.3
CIRC_00256,ECU,2013,61.8172043010753
CIRC_00257,ECU,2013,45.1888888888889
CIRC_00258,ECU,2013,0
CIRC_00259,ECU,2013,61.3440860215054
CIRC_00260,USA,2013,62.9193548387097
CIRC_00261,EGY,2013,59.5675675675676
CIRC_00262,EGY,2013,63
CIRC_00263,EGY,2013,55.7339449541284
CIRC_00264,GNQ,2013,31.9638554216868
CIRC_00265,ERI,2013,27.9157894736842
CIRC_00266,EST,2013,46.1452513966481
CIRC_00267,EST,2013,0.453488372093023
CIRC_00268,EST,2013,29.0898876404494
CIRC_00269,EST,2013,62.1515151515152
CIRC_00270,EST,2013,6.24431818181818
CIRC_00271,EST,2013,56.5224719101124
CIRC_00272,ETH,2013,13.2736842105263
CIRC_00273,ETH,2013,7.68421052631579
CIRC_00274,ETH,2013,0.649484536082474
CIRC_00275,ETH,2013,0
CIRC_00276,TLS,2013,4.90909090909091
CIRC_00277,TLS,2013,31.8461538461538
CIRC_00278,TLS,2013,2.14893617021277
CIRC_00279,TLS,2013,31.2686567164179
CIRC_00280,TLS,2013,0
CIRC_00281,TLS,2013,0
CIRC_00282,FIN,2013,55.1736842105263
CIRC_00283,RUS,2013,49.8778625954198
CIRC_00284,FIN,2013,61.1095890410959
CIRC_00285,FIN,2013,40.7696335078534
CIRC_00286,FJI,2013,0
CIRC_00287,FJI,2013,0
CIRC_00288,FJI,2013,8.80208333333333
CIRC_00289,FJI,2013,9.04494382022472
CIRC_00290,FJI,2013,0
CIRC_00291,FJI,2013,0
CIRC_00292,FJI,2013,0
CIRC_00293,FJI,2013,0
CIRC_00294,FRA,2013,16.1893939393939
CIRC_00295,FRA,2013,63
CIRC_00296,FRA,2013,63
CIRC_00297,FRA,2013,62.2307692307692
CIRC_00298,FRA,2013,57.1095890410959
CIRC_00299,GAB,2013,2.62637362637363
CIRC_00300,GAB,2013,7.01075268817204
CIRC_00301,COG,2013,57.8625
CIRC_00302,GAB,2013,0.139784946236559
CIRC_00303,GMB,2013,0
CIRC_00304,GMB,2013,3.1875
CIRC_00305,GMB,2013,3.01052631578947
CIRC_00306,DEU,2013,63
CIRC_00307,DEU,2013,59.5070422535211
CIRC_00308,DEU,2013,14.0066666666667
CIRC_00309,DEU,2013,62.828025477707
CIRC_00310,DEU,2013,18.4895104895105
CIRC_00311,GHA,2013,61.3809523809524
CIRC_00312,GHA,2013,61.4021739130435
CIRC_00313,GHA,2013,27.2637362637363
CIRC_00314,GHA,2013,5.21505376344086
CIRC_00315,GNB,2013,21.1692307692308
CIRC_00316,GNB,2013,0
CIRC_00317,GNB,2013,0
CIRC_00318,GNB,2013,0
CIRC_00319,GNB,2013,0
CIRC_00320,GRC,2013,63
CIRC_00321,GRC,2013,52.4153846153846
CIRC_00322,GRC,2013,0
CIRC_00323,GRC,2013,62.875
CIRC_00324,USA,2013,62.7153846153846
CIRC_00325,GRC,2013,63
CIRC_00326,GRC,2013,28.6363636363636
CIRC_00327,GEO,2013,55.888
CIRC_00328,GEO,2013,13.704
CIRC_00329,GEO,2013,0
CIRC_00330,GEO,2013,35.0234375
CIRC_00331,FRA,2013,63
CIRC_00332,GTM,2013,62.7835051546392
CIRC_00333,GTM,2013,3.71875
CIRC_00334,GTM,2013,20.1770833333333
CIRC_00335,GIN,2013,0
CIRC_00336,GIN,2013,1.60824742268041
CIRC_00337,GIN,2013,0
CIRC_00338,GIN,2013,41.9047619047619
CIRC_00339,GIN,2013,0
CIRC_00340,GIN,2013,1.48453608247423
CIRC_00341,GUY,2013,48.3768115942029
CIRC_00342,GUY,2013,8.55555555555555
CIRC_00343,GUY,2013,4.53246753246753
CIRC_00344,USA,2013,62.904
CIRC_00345,GUY,2013,28.9456521739131
CIRC_00346,GUY,2013,0
CIRC_00347,GUY,2013,7.35616438356164
CIRC_00348,HTI,2013,2.94845360824742
CIRC_00349,HTI,2013,48.6883116883117
CIRC_00350,HTI,2013,38.0531914893617
CIRC_00351,HTI,2013,1.29090909090909
CIRC_00352,HTI,2013,4.30232558139535
CIRC_00353,HTI,2013,1.58762886597938
CIRC_00354,HTI,2013,0
CIRC_00355,HTI,2013,3.12371134020619
CIRC_00356,HND,2013,34.5697674418605
CIRC_00357,HND,2013,61.8315789473684
CIRC_00358,HND,2013,60.8404255319149
CIRC_00359,PAN,2013,62.5151515151515
CIRC_00360,HND,2013,0
CIRC_00361,HND,2013,29.0625
CIRC_00362,HND,2013,9.36206896551724
CIRC_00363,HND,2013,11.7052631578947
CIRC_00364,HND,2013,5.31182795698925
CIRC_00365,HUN,2013,9.46376811594204
CIRC_00366,HUN,2013,62.9927536231884
CIRC_00367,HUN,2013,2.80769230769231
CIRC_00368,HUN,2013,45.5797101449275
CIRC_00369,HUN,2013,19.5851851851852
CIRC_00370,HUN,2013,48.4511278195489
CIRC_00371,ISL,2013,60.8823529411765
CIRC_00372,ISL,2013,5.0546875
CIRC_00373,ISL,2013,62.0672268907563
CIRC_00374,IND,2013,62.1980198019802
CIRC_00375,IND,2013,0.0952380952380952
CIRC_00376,IND,2013,15.6530612244898
CIRC_00377,IND,2013,58.9313725490196
CIRC_00378,IND,2013,6.61052631578947
CIRC_00379,PAK,2013,31.4864864864865
CIRC_00380,PAK,2013,4.80733944954128
CIRC_00381,IND,2013,8.24752475247525
CIRC_00382,IDN,2013,23.7446808510638
CIRC_00383,IDN,2013,18.5
CIRC_00384,IDN,2013,24.3368421052632
CIRC_00385,IDN,2013,60.2446808510638
CIRC_00386,IDN,2013,5.07368421052632
CIRC_00387,IDN,2013,53.968085106383
CIRC_00388,IRL,2013,21.6369426751592
CIRC_00389,IRL,2013,2.26708074534161
CIRC_00390,IRL,2013,28.6477987421384
CIRC_00391,IRL,2013,62.9932432432432
CIRC_00392,IRL,2013,24.1528662420382
CIRC_00393,IRL,2013,58.82
CIRC_00394,IRN,2013,13.5514018691589
CIRC_00395,IRN,2013,51.3636363636364
CIRC_00396,IRN,2013,23.9469026548673
CIRC_00397,IRN,2013,0
CIRC_00398,IRN,2013,62.9913793103448
CIRC_00399,IRQ,2013,18.3130434782609
CIRC_00400,USA,2013,16.6517857142857
CIRC_00401,USA,2013,28.8971962616822
CIRC_00402,USA,2013,62.7096774193548
CIRC_00403,IRQ,2013,63
CIRC_00404,IRQ,2013,61.3893805309735
CIRC_00405,IRQ,2013,41.0727272727273
CIRC_00406,IRQ,2013,63
CIRC_00407,BLR,2013,8.14
CIRC_00408,ISR,2013,62.8947368421053
CIRC_00409,BLR,2013,1.55696202531645
CIRC_00410,ISR,2013,62.9868421052632
CIRC_00411,ISR,2013,60.462962962963
CIRC_00412,ISR,2013,63
CIRC_00413,ISR,2013,58.2660550458716
CIRC_00414,ISR,2013,62.962962962963
CIRC_00415,ITA,2013,62.992
CIRC_00416,ITA,2013,61.6518518518519
CIRC_00417,ITA,2013,57.6024096385542
CIRC_00418,ITA,2013,63
CIRC_00419,ITA,2013,62.077519379845
CIRC_00420,ITA,2013,44.5390625
CIRC_00421,ITA,2013,63
CIRC_00422,ITA,2013,56.9338235294118
CIRC_00423,ITA,2013,56.5503875968992
CIRC_00424,ITA,2013,9.30833333333333
CIRC_00425,JAM,2013,28.9278350515464
CIRC_00426,JAM,2013,7.44086021505377
CIRC_00427,JAM,2013,26.4226804123711
CIRC_00428,JAM,2013,8.08247422680412
CIRC_00429,JAM,2013,47.4226804123711
CIRC_00430,JOR,2013,62.981308411215
CIRC_00431,JPN,2013,63
CIRC_00432,JPN,2013,57.0088495575221
CIRC_00433,JPN,2013,63
CIRC_00434,JPN,2013,60.4347826086957
CIRC_00435,JPN,2013,48.280701754386
CIRC_00436,JPN,2013,20.125
CIRC_00437,JPN,2013,20.6753246753247
CIRC_00438,JPN,2013,38.8608695652174
CIRC_00439,JPN,2013,61.0845070422535
CIRC_00440,JPN,2013,61.2260869565218
CIRC_00441,JPN,2013,55.1545454545455
CIRC_00442,JPN,2013,63
CIRC_00443,JPN,2013,55.4307692307692
CIRC_00444,JPN,2013,62.8543689320388
CIRC_00445,JPN,2013,37.5565217391305
CIRC_00446,JPN,2013,63
CIRC_00447,KEN,2013,0
CIRC_00448,KEN,2013,6.63440860215054
CIRC_00449,KEN,2013,60.6185567010309
CIRC_00450,KEN,2013,1.43010752688172
CIRC_00451,XKO,2013,10.7642276422764
CIRC_00452,XKO,2013,44.04
CIRC_00453,XKO,2013,9.33870967741935
CIRC_00454,XKO,2013,42.0634920634921
CIRC_00455,XKO,2013,7.656
CIRC_00456,KWT,2013,63
CIRC_00457,KWT,2013,34.0190476190476
CIRC_00458,KGZ,2013,1.51968503937008
CIRC_00459,KGZ,2013,34.4054054054054
CIRC_00460,KGZ,2013,62.1129032258065
CIRC_00461,KGZ,2013,10.2439024390244
CIRC_00462,KGZ,2013,9.23577235772358
CIRC_00463,KGZ,2013,1.79365079365079
CIRC_00464,KGZ,2013,7.38095238095238
CIRC_00465,KAZ,2013,15.3643410852713
CIRC_00466,KAZ,2013,62.7698412698413
CIRC_00467,LAO,2013,39.4583333333333
CIRC_00468,THA,2013,42.6857142857143
CIRC_00469,LAO,2013,0
CIRC_00470,LAO,2013,20.2083333333333
CIRC_00471,LAO,2013,0
CIRC_00472,LVA,2013,62.2151162790698
CIRC_00473,LVA,2013,3.82978723404255
CIRC_00474,RUS,2013,0
CIRC_00475,LVA,2013,34.7
CIRC_00476,LVA,2013,11.1521739130435
CIRC_00477,LVA,2013,0.562130177514793
CIRC_00478,LVA,2013,0
CIRC_00479,USA,2013,62.3793103448276
CIRC_00480,LBR,2013,0
CIRC_00481,LBR,2013,3.55
CIRC_00482,LBR,2013,0
CIRC_00483,LBR,2013,0
CIRC_00484,LBR,2013,0
CIRC_00485,LBR,2013,0
CIRC_00486,LBR,2013,0
CIRC_00487,LBR,2013,29.7894736842105
CIRC_00488,LBN,2013,45.8108108108108
CIRC_00489,LBN,2013,47.8849557522124
CIRC_00490,LBN,2013,56.0689655172414
CIRC_00491,LBN,2013,51.7313432835821
CIRC_00492,LBN,2013,63
CIRC_00493,LBN,2013,62.9891304347826
CIRC_00494,LBN,2013,56.2432432432433
CIRC_00495,LSO,2013,0.702702702702703
CIRC_00496,LSO,2013,1.24528301886793
CIRC_00497,LSO,2013,7.00925925925926
CIRC_00498,LSO,2013,2.47115384615385
CIRC_00499,LSO,2013,4.88888888888889
CIRC_00500,LSO,2013,51.7532467532468
CIRC_00501,LSO,2013,5.02439024390244
CIRC_00502,LSO,2013,0
CIRC_00503,LBY,2013,28.8125
CIRC_00504,LBY,2013,47.9174311926605
CIRC_00505,LBY,2013,62.9411764705882
CIRC_00506,LBY,2013,62.7809523809524
CIRC_00507,LBY,2013,33.044776119403
CIRC_00508,LBY,2013,25.7345132743363
CIRC_00509,LBY,2013,62.9852941176471
CIRC_00510,LBY,2013,60.0138888888889
CIRC_00511,LTU,2013,52.7160493827161
CIRC_00512,LTU,2013,14.1834319526627
CIRC_00513,LTU,2013,21.2857142857143
CIRC_00514,LTU,2013,58.0496894409938
CIRC_00515,LTU,2013,53.40625
CIRC_00516,LUX,2013,27.35
CIRC_00517,LUX,2013,15.1118881118881
CIRC_00518,LUX,2013,57.7671232876712
CIRC_00519,LUX,2013,52.3055555555556
CIRC_00520,MRT,2013,0
CIRC_00521,MRT,2013,59.6185567010309
CIRC_00522,MRT,2013,0
CIRC_00523,MRT,2013,0
CIRC_00524,MRT,2013,0.333333333333333
CIRC_00525,MRT,2013,1.5578947368421
CIRC_00526,MKD,2013,21.15
CIRC_00527,BIH,2013,44.5503875968992
CIRC_00528,MKD,2013,57.4
CIRC_00529,MKD,2013,6.93700787401575
CIRC_00530,MKD,2013,8.86065573770492
CIRC_00531,MKD,2013,21.9098360655738
CIRC_00532,MKD,2013,31.904
CIRC_00533,MDG,2013,0
CIRC_00534,MDG,2013,0
CIRC_00535,MDG,2013,8.34666666666667
CIRC_00536,MDG,2013,0
CIRC_00537,MDG,2013,9.41237113402062
CIRC_00538,MDG,2013,0
CIRC_00539,MYS,2013,59.6956521739131
CIRC_00540,MYS,2013,56.5
CIRC_00541,MYS,2013,15.3913043478261
CIRC_00542,MYS,2013,60.7042253521127
CIRC_00543,MYS,2013,0.247422680412371
CIRC_00544,MYS,2013,59.563829787234
CIRC_00545,MUS,2013,41.3265306122449
CIRC_00546,MUS,2013,37.7127659574468
CIRC_00547,MUS,2013,32.0816326530612
CIRC_00548,MWI,2013,7.88659793814433
CIRC_00549,MWI,2013,0
CIRC_00550,MWI,2013,2.60416666666667
CIRC_00551,MWI,2013,0.402061855670103
CIRC_00552,MWI,2013,2.7319587628866
CIRC_00553,MWI,2013,50.1836734693878
CIRC_00554,MEX,2013,63
CIRC_00555,MEX,2013,61.639175257732
CIRC_00556,MEX,2013,31.1428571428571
CIRC_00557,MEX,2013,5.39583333333333
CIRC_00558,MDA,2013,1.86428571428571
CIRC_00559,MDA,2013,1.15714285714286
CIRC_00560,MDA,2013,0.395522388059702
CIRC_00561,RUS,2013,0
CIRC_00562,MDA,2013,7.92700729927007
CIRC_00563,MDA,2013,2.00735294117647
CIRC_00564,MDA,2013,3.21167883211679
CIRC_00565,MDA,2013,2.42537313432836
CIRC_00566,MDA,2013,58.8321167883212
CIRC_00567,MDA,2013,3.63309352517986
CIRC_00568,MDA,2013,5.5047619047619
CIRC_00569,MDA,2013,5.02919708029197
CIRC_00570,MDA,2013,1.06617647058824
CIRC_00571,MDA,2013,3.7007299270073
CIRC_00572,MDA,2013,55.3208955223881
CIRC_00573,MDA,2013,2.82644628099174
CIRC_00574,MDA,2013,5.67625899280576
CIRC_00575,MLI,2013,17.9473684210526
CIRC_00576,MLI,2013,9.34736842105263
CIRC_00577,MLI,2013,0
CIRC_00578,MLI,2013,17.2736842105263
CIRC_00579,MLI,2013,15.5473684210526
CIRC_00580,MLI,2013,0
CIRC_00581,MLI,2013,7.87096774193548
CIRC_00582,MLT,2013,62.4859813084112
CIRC_00583,MLT,2013,62.4787234042553
CIRC_00584,MLT,2013,62.2391304347826
CIRC_00585,MLT,2013,62.344262295082
CIRC_00586,MNG,2013,0.809859154929578
CIRC_00587,MNG,2013,0
CIRC_00588,MNG,2013,0.171428571428572
CIRC_00589,MNG,2013,57.2189781021898
CIRC_00590,MNG,2013,0
CIRC_00591,MAR,2013,62.2976190476191
CIRC_00592,MMR,2013,57.4897959183674
CIRC_00593,MMR,2013,3.43877551020408
CIRC_00594,MMR,2013,0
CIRC_00595,MMR,2013,62.3409090909091
CIRC_00596,MMR,2013,25.949494949495
CIRC_00597,MOZ,2013,0
CIRC_00598,MOZ,2013,0.20618556701031
CIRC_00599,MOZ,2013,0
CIRC_00600,NAM,2013,5.7319587628866
CIRC_00601,NAM,2013,0.307692307692308
CIRC_00602,NAM,2013,19.8367346938776
CIRC_00603,NPL,2013,51.1981132075472
CIRC_00604,IND,2013,57.4134615384615
CIRC_00605,IND,2013,18.6634615384615
CIRC_00606,NPL,2013,0
CIRC_00607,NPL,2013,0
CIRC_00608,NPL,2013,0
CIRC_00609,NPL,2013,5.42307692307692
CIRC_00610,NPL,2013,5.77272727272727
CIRC_00611,NPL,2013,0
CIRC_00612,NPL,2013,0
CIRC_00613,NPL,2013,0
CIRC_00614,NPL,2013,15.3203883495146
CIRC_00615,NPL,2013,0
CIRC_00616,NZL,2013,24.8571428571429
CIRC_00617,NZL,2013,23.1794871794872
CIRC_00618,NZL,2013,3.97101449275362
CIRC_00619,NZL,2013,10.4925373134328
CIRC_00620,NZL,2013,2.63333333333333
CIRC_00621,NZL,2013,62.4109589041096
CIRC_00622,NZL,2013,0.98529411764706
CIRC_00623,NZL,2013,53.0956521739131
CIRC_00624,NZL,2013,28.2892561983471
CIRC_00625,NZL,2013,60.1627906976744
CIRC_00626,NIC,2013,3.82105263157895
CIRC_00627,NIC,2013,15.9894736842105
CIRC_00628,NIC,2013,61.2736842105263
CIRC_00629,NIC,2013,29.8888888888889
CIRC_00630,NGA,2013,30.2765957446809
CIRC_00631,NGA,2013,60.1931818181818
CIRC_00632,NGA,2013,59.2105263157895
CIRC_00633,NGA,2013,41.4574468085106
CIRC_00634,NGA,2013,33.0631578947369
CIRC_00635,NGA,2013,9.36263736263736
CIRC_00636,NGA,2013,7.52631578947368
CIRC_00637,NER,2013,1.72916666666667
CIRC_00638,NER,2013,19.8969072164948
CIRC_00639,NER,2013,3.44791666666667
CIRC_00640,NER,2013,54.9893617021277
CIRC_00641,NER,2013,2.10638297872341
CIRC_00642,NER,2013,0
CIRC_00643,NER,2013,0
CIRC_00644,NER,2013,0
CIRC_00645,NER,2013,0
CIRC_00646,NOR,2013,50.6569343065694
CIRC_00647,NOR,2013,58.0384615384615
CIRC_00648,NOR,2013,60.0493827160494
CIRC_00649,NOR,2013,38.87
CIRC_00650,NOR,2013,16.5191256830601
CIRC_00651,NOR,2013,62.5524475524476
CIRC_00652,NOR,2013,54.4900662251656
CIRC_00653,NLD,2013,62.2649006622517
CIRC_00654,NLD,2013,23.6158940397351
CIRC_00655,NLD,2013,27.9264705882353
CIRC_00656,NLD,2013,61.7132867132867
CIRC_00657,OMN,2013,62.8556701030928
CIRC_00658,OMN,2013,62.2337662337662
CIRC_00659,PAK,2013,62.9574468085106
CIRC_00660,PAK,2013,7.52884615384615
CIRC_00661,PAK,2013,63
CIRC_00662,PAK,2013,8.85576923076923
CIRC_00663,PAK,2013,18.4150943396226
CIRC_00664,IND,2013,62.9711538461539
CIRC_00665,PAK,2013,57.5140186915888
CIRC_00666,PAK,2013,0
CIRC_00667,PAK,2013,63
CIRC_00668,PAK,2013,5.26168224299065
CIRC_00669,PAN,2013,62.4827586206897
CIRC_00670,PAN,2013,0.978723404255319
CIRC_00671,PAN,2013,33.0217391304348
CIRC_00672,PRY,2013,3.58252427184466
CIRC_00673,PRY,2013,61.4803921568628
CIRC_00674,PRY,2013,19.9902912621359
CIRC_00675,PRY,2013,1.1047619047619
CIRC_00676,PRY,2013,56.7333333333333
CIRC_00677,PER,2013,63
CIRC_00678,PER,2013,43.3645833333333
CIRC_00679,PER,2013,1.48453608247423
CIRC_00680,PER,2013,63
CIRC_00681,PER,2013,28.5591397849462
CIRC_00682,PER,2013,3.33673469387755
CIRC_00683,PHL,2013,0.368421052631579
CIRC_00684,PHL,2013,10.4157303370786
CIRC_00685,PHL,2013,62.4912280701754
CIRC_00686,PHL,2013,62.6907216494845
CIRC_00687,PHL,2013,62.4886363636364
CIRC_00688,PHL,2013,1.75
CIRC_00689,PHL,2013,62.5072463768116
CIRC_00690,PNG,2013,0
CIRC_00691,PNG,2013,0
CIRC_00692,PNG,2013,0
CIRC_00693,PNG,2013,45.6483516483517
CIRC_00694,PNG,2013,0
CIRC_00695,PNG,2013,6.45588235294118
CIRC_00696,PNG,2013,0
CIRC_00697,PNG,2013,0
CIRC_00698,POL,2013,11.4933333333333
CIRC_00699,POL,2013,7.94805194805194
CIRC_00700,POL,2013,15.4
CIRC_00701,POL,2013,63
CIRC_00702,POL,2013,14.6216216216216
CIRC_00703,POL,2013,16.0126582278481
CIRC_00704,POL,2013,42.2876712328767
CIRC_00705,POL,2013,62.5208333333333
CIRC_00706,POL,2013,59.5928571428571
CIRC_00707,PRT,2013,62.9375
CIRC_00708,PRT,2013,42.3185840707965
CIRC_00709,PRK,2013,50.0672268907563
CIRC_00710,RUS,2013,3.18881118881119
CIRC_00711,QAT,2013,63
CIRC_00712,KOR,2013,48.6525423728814
CIRC_00713,KOR,2013,36.7211538461539
CIRC_00714,KOR,2013,5.23404255319149
CIRC_00715,KOR,2013,53.3157894736842
CIRC_00716,JPN,2013,63
CIRC_00717,KOR,2013,62.9583333333333
CIRC_00718,KOR,2013,63
CIRC_00719,KOR,2013,29.0943396226415
CIRC_00720,KOR,2013,63
CIRC_00721,ROU,2013,62.9923664122137
CIRC_00722,ROU,2013,34.5954198473283
CIRC_00723,UKR,2013,17.3787878787879
CIRC_00724,ROU,2013,0.110294117647059
CIRC_00725,ROU,2013,3.50724637681159
CIRC_00726,ROU,2013,48.3432835820896
CIRC_00727,ROU,2013,10.9548872180451
CIRC_00728,ROU,2013,36.8705035971223
CIRC_00729,ROU,2013,13.1503759398496
CIRC_00730,ROU,2013,29.093023255814
CIRC_00731,ROU,2013,50.5955882352941
CIRC_00732,RUS,2013,4.74436090225564
CIRC_00733,RUS,2013,3.14832535885167
CIRC_00734,RUS,2013,62.9945945945946
CIRC_00735,RWA,2013,11.2950819672131
CIRC_00736,RWA,2013,9.39130434782609
CIRC_00737,RWA,2013,1.01098901098901
CIRC_00738,ZAF,2013,63
CIRC_00739,ZAF,2013,0
CIRC_00740,ZAF,2013,0
CIRC_00741,ZAF,2013,62.86
CIRC_00742,ZAF,2013,5.63809523809524
CIRC_00743,ZAF,2013,62.960396039604
CIRC_00744,SLV,2013,58.6989247311828
CIRC_00745,SLV,2013,36.1458333333333
CIRC_00746,SLV,2013,8.26315789473684
CIRC_00747,SLV,2013,6.4020618556701
CIRC_00748,SLV,2013,5.69072164948454
CIRC_00749,SAU,2013,63
CIRC_00750,SEN,2013,0
CIRC_00751,SEN,2013,4.97959183673469
CIRC_00752,SEN,2013,0
CIRC_00753,SRB,2013,62.8671875
CIRC_00754,SRB,2013,22.488
CIRC_00755,XKO,2013,27.8968253968254
CIRC_00756,SLE,2013,0
CIRC_00757,SLE,2013,32.0612244897959
CIRC_00758,SLE,2013,0
CIRC_00759,SLE,2013,0
CIRC_00760,SLE,2013,0
CIRC_00761,SLE,2013,4.83333333333333
CIRC_00762,SGP,2013,62.972972972973
CIRC_00763,SGP,2013,63
CIRC_00764,SVK,2013,35.4055944055944
CIRC_00765,SVK,2013,11.9647887323944
CIRC_00766,SVK,2013,13.3802816901408
CIRC_00767,SVK,2013,22.5106382978723
CIRC_00768,SVK,2013,11.410071942446
CIRC_00769,SVK,2013,41.1294964028777
CIRC_00770,SVK,2013,6.28846153846154
CIRC_00771,SVN,2013,5.5
CIRC_00772,SVN,2013,7.03149606299213
CIRC_00773,SVN,2013,32.3777777777778
CIRC_00774,SVN,2013,54.9777777777778
CIRC_00775,SVN,2013,17.5419847328244
CIRC_00776,SVN,2013,12.9328358208955
CIRC_00777,SVN,2013,27.4252873563218
CIRC_00778,SLB,2013,0
CIRC_00779,SLB,2013,0
CIRC_00780,SLB,2013,0
CIRC_00781,SLB,2013,0
CIRC_00782,SLB,2013,0
CIRC_00783,SLB,2013,0
CIRC_00784,SLB,2013,0
CIRC_00785,SLB,2013,0
CIRC_00786,ETH,2013,0
CIRC_00787,SOM,2013,0
CIRC_00788,SOM,2013,30.2641509433962
CIRC_00789,ESP,2013,63
CIRC_00790,ESP,2013,63
CIRC_00791,ESP,2013,61.4838709677419
CIRC_00792,ESP,2013,52.0901639344262
CIRC_00793,LKA,2013,62.9833333333333
CIRC_00794,LKA,2013,14.0105263157895
CIRC_00795,LKA,2013,8.10752688172043
CIRC_00796,LKA,2013,32.968085106383
CIRC_00797,LKA,2013,16.8969072164949
CIRC_00798,SSD,2013,0
CIRC_00799,SDN,2013,10.4803921568627
CIRC_00800,SDN,2013,0
CIRC_00801,SUR,2013,49.5164835164835
CIRC_00802,SUR,2013,1
CIRC_00803,SUR,2013,13.2333333333333
CIRC_00804,SUR,2013,26.5360824742268
CIRC_00805,SWZ,2013,35.5288461538462
CIRC_00806,SWE,2013,49.1987951807229
CIRC_00807,SWE,2013,54.3857142857143
CIRC_00808,SWE,2013,16.4972375690608
CIRC_00809,SWE,2013,63
CIRC_00810,SWE,2013,53.1584699453552
CIRC_00811,SWE,2013,54.0180722891566
CIRC_00812,CHE,2013,46.25
CIRC_00813,CHE,2013,34.7744360902256
CIRC_00814,CHE,2013,42.2462686567164
CIRC_00815,CHE,2013,10.410447761194
CIRC_00816,CHE,2013,57.2555555555556
CIRC_00817,CHE,2013,30.7664233576642
CIRC_00818,CHE,2013,32.6666666666667
CIRC_00819,CHE,2013,29.0296296296296
CIRC_00820,CHE,2013,45.8444444444445
CIRC_00821,CHE,2013,23
CIRC_00822,CHE,2013,45.3088235294118
CIRC_00823,CHE,2013,35.625
CIRC_00824,CHE,2013,26.8102189781022
CIRC_00825,CHE,2013,25.4732824427481
CIRC_00826,CHE,2013,48.3260869565217
CIRC_00827,CHE,2013,30.4855072463768
CIRC_00828,CHE,2013,41.4148148148148
CIRC_00829,CHE,2013,15.0729927007299
CIRC_00830,CHE,2013,27.6818181818182
CIRC_00831,CHE,2013,26.1846153846154
CIRC_00832,CHE,2013,24.2481751824817
CIRC_00833,SYR,2013,17.3706896551724
CIRC_00834,SYR,2013,57.990990990991
CIRC_00835,TJK,2013,3.58974358974359
CIRC_00836,TJK,2013,38.4262295081967
CIRC_00837,TJK,2013,0
CIRC_00838,TJK,2013,24.4741379310345
CIRC_00839,TWN,2013,36.6712328767123
CIRC_00840,TWN,2013,40.26
CIRC_00841,HKG,2013,63
CIRC_00842,TWN,2013,62.0392156862745
CIRC_00843,TZA,2013,0.268041237113402
CIRC_00844,TZA,2013,0
CIRC_00845,TZA,2013,0
CIRC_00846,TZA,2013,0.288659793814433
CIRC_00847,TZA,2013,0.27027027027027
CIRC_00848,THA,2013,63
CIRC_00849,THA,2013,63
CIRC_00850,THA,2013,63
CIRC_00851,THA,2013,27.6595744680851
CIRC_00852,THA,2013,54.6354166666667
CIRC_00853,THA,2013,63
CIRC_00854,THA,2013,16.4329896907217
CIRC_00855,THA,2013,26.680412371134
CIRC_00856,THA,2013,9.48421052631579
CIRC_00857,GBR,2013,62.8527607361963
CIRC_00858,THA,2013,59.2421052631579
CIRC_00859,TKM,2013,57.1900826446281
CIRC_00860,TKM,2013,38.8739495798319
CIRC_00861,TKM,2013,62.8347826086957
CIRC_00862,TGO,2013,4.41935483870968
CIRC_00863,TGO,2013,5.52631578947368
CIRC_00864,TGO,2013,0
CIRC_00865,TTO,2013,49.5901639344262
CIRC_00866,TTO,2013,62.955223880597
CIRC_00867,TTO,2013,50.5684210526316
CIRC_00868,TTO,2013,19.1081081081081
CIRC_00869,TTO,2013,34.6206896551724
CIRC_00870,TUN,2013,62.72
CIRC_00871,TUN,2013,21.7889908256881
CIRC_00872,TUN,2013,62.6666666666667
CIRC_00873,TUN,2013,29.7739130434783
CIRC_00874,TUN,2013,61.8409090909091
CIRC_00875,TUN,2013,22.2
CIRC_00876,TUN,2013,41.92
CIRC_00877,TUR,2013,44.9166666666667
CIRC_00878,TUR,2013,62.8
CIRC_00879,TUR,2013,8.99137931034483
CIRC_00880,TUR,2013,62.9396551724138
CIRC_00881,TUR,2013,34.6818181818182
CIRC_00882,TUR,2013,62.6280991735537
CIRC_00883,TUR,2013,62.8901098901099
CIRC_00884,ARE,2013,61.3333333333333
CIRC_00885,ARE,2013,63
CIRC_00886,UGA,2013,0
CIRC_00887,GBR,2013,32.8278145695364
CIRC_00888,GBR,2013,19.8219178082192
CIRC_00889,GBR,2013,62.7260273972603
CIRC_00890,GBR,2013,48.4181818181818
CIRC_00891,GBR,2013,43.4942528735632
CIRC_00892,USA,2013,63
CIRC_00893,GBR,2013,52.9139072847682
CIRC_00894,GBR,2013,61.8091603053435
CIRC_00895,UKR,2013,0.27891156462585
CIRC_00896,UKR,2013,7.0921052631579
CIRC_00897,UKR,2013,0.570469798657718
CIRC_00898,UKR,2013,25.3214285714286
CIRC_00899,UKR,2013,59.4822695035461
CIRC_00900,UKR,2013,7.73076923076923
CIRC_00901,UKR,2013,57.1086956521739
CIRC_00902,URY,2013,62.5178571428572
CIRC_00903,URY,2013,62.1868131868132
CIRC_00904,USA,2013,60.8333333333333
CIRC_00905,USA,2013,37.5739130434783
CIRC_00906,USA,2013,61.7719298245614
CIRC_00907,USA,2013,62.1428571428572
CIRC_00908,USA,2013,62.9310344827586
CIRC_00909,USA,2013,58.2661290322581
CIRC_00910,UZB,2013,42.2231404958678
CIRC_00911,UZB,2013,62.5887096774194
CIRC_00912,UZB,2013,15.6134453781513
CIRC_00913,VEN,2013,33.8421052631579
CIRC_00914,VEN,2013,23.2222222222222
CIRC_00915,VEN,2013,4.1340206185567
CIRC_00916,VEN,2013,22.4285714285714
CIRC_00917,VEN,2013,62.9782608695652
CIRC_00918,YEM,2013,7.55208333333333
CIRC_00919,YEM,2013,1.07446808510638
CIRC_00920,YEM,2013,5.88659793814433
CIRC_00921,SRB,2013,33.0390625
CIRC_00922,MNE,2013,26.8189655172414
CIRC_00923,ZMB,2013,3.35164835164835
CIRC_00924,ZMB,2013,51.4736842105263
CIRC_00925,ZMB,2013,29.4375
CIRC_00926,ZWE,2013,0
CIRC_00927,ZMB,2013,0.457446808510638
CIRC_00928,ZMB,2013,34.75
CIRC_00929,ZMB,2013,48.9479166666667
CIRC_00930,ZMB,2013,0
CIRC_00931,ZWE,2013,0
CIRC_00932,ZWE,2013,8.93814432989691
CIRC_00933,COM,2013,0.233766233766234
CIRC_00934,MDV,2013,51.6666666666667
CIRC_00935,SAU,2013,63
CIRC_00936,ISR,2013,63
CIRC_00937,COM,2013,0
CIRC_00938,COM,2013,1.13333333333333
CIRC_00941,LBY,2013,62.9384615384615
CIRC_00942,SGP,2013,63
CIRC_00943,MKD,2013,56.1229508196721
CIRC_00945,QAT,2013,63
CIRC_00946,MDA,2013,4.21969696969697
CIRC_00947,SGP,2013,63
CIRC_00948,LSO,2013,2.5188679245283
CIRC_00949,MDA,2013,0.733812949640288
CIRC_00950,COM,2013,1.17777777777778
CIRC_00951,LSO,2013,0
CIRC_00952,MUS,2013,49.5810810810811
CIRC_00953,ISR,2013,63
CIRC_00954,TKM,2013,57.8260869565218
CIRC_00955,LBY,2013,33.2727272727273
CIRC_00956,ISR,2013,58.0535714285714
CIRC_00957,MUS,2013,34.5154639175258
CIRC_00958,GTM,2013,62.7835051546392
CIRC_00959,MDA,2013,7.83333333333333
CIRC_00960,ISR,2013,63
CIRC_00961,SSD,2013,0
CIRC_00962,CYP,2013,60.1333333333333
CIRC_00964,LSO,2013,54.8095238095238
CIRC_00965,MDA,2013,1.96350364963504
