GID_1,iso3,year,dmsp_stable_lights_holepunched
AFG.14_1,AFG,1992,0.615294117647069
AFG.15_1,AFG,1992,0.0228590196239404
AFG.26_1,AFG,1992,0.00574640849469087
AGO.2_1,AGO,1992,0.0240293176230617
AGO.11_1,AGO,1992,4.4989568845618
ALB.1_1,ALB,1992,0.561073825503364
ALB.8_1,ALB,1992,0.0119904076738607
ALB.10_1,ALB,1992,0.0101039260969975
ALB.11_1,ALB,1992,0.458860759493674
ARE.1_1,ARE,1992,2.16317720216575
ARG.1_1,ARG,1992,1.14102505465859
ARG.6_1,ARG,1992,0.492741303510078
ARG.12_1,ARG,1992,0.0957891406783313
ARG.14_1,ARG,1992,0.557975419584999
ARG.19_1,ARG,1992,0.134218305920467
ARG.20_1,ARG,1992,0.0575539763998263
AUS.5_1,AUS,1992,0.391240363952017
AUS.7_1,AUS,1992,0.128359260620271
AUS.8_1,AUS,1992,0.0925050093522097
AUT.3_1,AUT,1992,5.60333819773781
AUT.4_1,AUT,1992,4.6073809893007
AUT.6_1,AUT,1992,4.09330954504902
AUT.9_1,AUT,1992,46.1291208791209
AZE.1_1,AZE,1992,1.84113850736398
AZE.4_1,AZE,1992,2.15973728609288
AZE.7_1,AZE,1992,0.123704905754575
AZE.10_1,AZE,1992,0.764584455214509
BDI.2_1,BDI,1992,12.2283105022831
BDI.3_1,BDI,1992,0.0687306501547977
BDI.4_1,BDI,1992,0
BDI.7_1,BDI,1992,0
BDI.14_1,BDI,1992,0
BEL.1_1,BEL,1992,61.6782006920415
BEL.2_1,BEL,1992,35.3666054296799
BEL.3_1,BEL,1992,17.4380762229152
BEN.2_1,BEN,1992,0.0193222354340101
BEN.3_1,BEN,1992,1.11819548872175
BEN.4_1,BEN,1992,0.0475720755055507
BFA.1_1,BFA,1992,0.0146615180403062
BFA.7_1,BFA,1992,2.01164483260548
BFA.10_1,BFA,1992,0.0215183106121369
BGD.3_1,BGD,1992,2.39412584869032
BGD.4_1,BGD,1992,1.39291437481088
BGR.8_1,BGR,1992,0.903508771929813
BGR.14_1,BGR,1992,3.05472374525502
BGR.19_1,BGR,1992,2.63719211822657
BGR.22_1,BGR,1992,2.36699968779268
BGR.26_1,BGR,1992,0.746967895362693
BIH.2_1,BIH,1992,0.151604540985064
BIH.3_1,BIH,1992,0.476374622356518
BLR.1_1,BLR,1992,0.934950994385669
BLR.5_1,BLR,1992,2.97799260733622
BLR.6_1,BLR,1992,1.48127534896835
BOL.2_1,BOL,1992,0.337100953015888
BOL.3_1,BOL,1992,0.0120799164682234
BOL.5_1,BOL,1992,0.094600251151172
BOL.8_1,BOL,1992,0.0949686706578243
BRA.10_1,BRA,1992,0.22592790014058
BRA.13_1,BRA,1992,0.579730594405692
BRA.17_1,BRA,1992,2.31236341334813
BRA.19_1,BRA,1992,6.06013957306725
BRA.25_1,BRA,1992,3.78800238758558
BRN.2_1,BRN,1992,24.4619205298013
BTN.7_1,BTN,1992,0
BTN.8_1,BTN,1992,0.0575539568345327
BTN.10_1,BTN,1992,0
BTN.14_1,BTN,1992,0.231910946196665
BWA.1_1,BWA,1992,0.0473651948123785
BWA.15_1,BWA,1992,0.0173886516168383
CAF.15_1,CAF,1992,0
CAF.14_1,CAF,1992,0.00597824068916799
CAF.17_1,CAF,1992,0
CAN.2_1,CAN,1992,0.580840512884352
CAN.9_1,CAN,1992,1.48324857627481
CAN.11_1,CAN,1992,0.924211527575846
CHE.1_1,CHE,1992,22.8779342723004
CHE.2_1,CHE,1992,12.2649164677804
CHE.5_1,CHE,1992,45.0416666666667
CHE.6_1,CHE,1992,6.75977207977258
CHE.7_1,CHE,1992,5.99435938759066
CHE.10_1,CHE,1992,2.52057861202015
CHE.12_1,CHE,1992,9.33076923076926
CHE.13_1,CHE,1992,8.46244725738394
CHE.16_1,CHE,1992,9.2042634425709
CHE.21_1,CHE,1992,5.17612764651719
CHE.23_1,CHE,1992,6.22035049585681
CHE.24_1,CHE,1992,9.05716302046572
CHE.25_1,CHE,1992,18.012077294686
CHE.26_1,CHE,1992,28.1769547325101
CHL.11_1,CHL,1992,0.0821841397476633
CHL.14_1,CHL,1992,2.83156671315637
CHL.16_1,CHL,1992,0.867081207482862
CHN.2_1,CHN,1992,9.5590859978383
CHN.15_1,CHN,1992,4.96184766317134
CHN.26_1,CHN,1992,0.253788446532031
CHN.31_1,CHN,1992,2.39000232765477
CIV.5_1,CIV,1992,0.0662813102119506
CIV.6_1,CIV,1992,0.0779076238174757
CIV.8_1,CIV,1992,0.0237908977957743
CIV.13_1,CIV,1992,1.59096560298382
CMR.10_1,CMR,1992,0.0126977194022399
COD.18_1,COD,1992,0
COD.22_1,COD,1992,0.0237854169679897
COD.24_1,COD,1992,0.00259148348032074
COG.4_1,COG,1992,0.00594568937520065
COG.8_1,COG,1992,0.0136909302605721
COL.2_1,COL,1992,1.466454062672
COL.13_1,COL,1992,0.858995363753724
COL.14_1,COL,1992,3.07833102984531
COL.22_1,COL,1992,0.512197031990327
COL.25_1,COL,1992,4.3691548691548
CRI.4_1,CRI,1992,3.29050678087096
CRI.7_1,CRI,1992,3.86188781562423
CUB.7_1,CUB,1992,0.636826433579886
CUB.16_1,CUB,1992,0.52673796791446
CZE.2_1,CZE,1992,8.77031368102777
CZE.5_1,CZE,1992,11.4127647714604
CZE.7_1,CZE,1992,15.7792110874201
CZE.8_1,CZE,1992,11.8168285803824
CZE.10_1,CZE,1992,3.98720634445617
CZE.11_1,CZE,1992,47.032992036405
CZE.12_1,CZE,1992,8.01236690328272
CZE.14_1,CZE,1992,11.6862037871957
DEU.3_1,DEU,1992,54.9524089306699
DEU.6_1,DEU,1992,47.1782246879333
DEU.9_1,DEU,1992,9.45624778234326
DEU.10_1,DEU,1992,20.2659433669399
DEU.11_1,DEU,1992,11.2672517735466
DNK.1_1,DNK,1992,20.7216332940715
DNK.2_1,DNK,1992,7.00285957183686
DNK.3_1,DNK,1992,4.91478297046194
DNK.5_1,DNK,1992,9.02567263372269
DOM.26_1,DOM,1992,0.414060337669528
DOM.30_1,DOM,1992,1.29120473022915
DZA.6_1,DZA,1992,1.05778967584243
DZA.19_1,DZA,1992,2.28050595238097
DZA.26_1,DZA,1992,0.618966608640559
DZA.31_1,DZA,1992,0.0962099125364259
DZA.39_1,DZA,1992,5.04967676080307
DZA.48_1,DZA,1992,2.19293563579283
ECU.1_1,ECU,1992,0.546687263988992
ECU.10_1,ECU,1992,2.66142147266988
ECU.12_1,ECU,1992,0.11407021137909
ECU.17_1,ECU,1992,1.26240434460603
ECU.19_1,ECU,1992,1.3016805351607
EGY.9_1,EGY,1992,20.0421799178798
EGY.11_1,EGY,1992,15.4090325891707
EGY.16_1,EGY,1992,16.3787083037611
ERI.1_1,ERI,1992,0.171641791044775
ESP.1_1,ESP,1992,4.67466236271431
ESP.5_1,ESP,1992,2.22902827013027
ESP.8_1,ESP,1992,23.7500611197133
ESP.12_1,ESP,1992,4.95611211890672
EST.1_1,EST,1992,2.12875301336822
EST.8_1,EST,1992,0.584656084656097
EST.13_1,EST,1992,1.50914445133293
EST.14_1,EST,1992,0.806821074064649
EST.15_1,EST,1992,0.623753158664733
ETH.5_1,ETH,1992,0.727128082736679
ETH.8_1,ETH,1992,0.0209811211621952
ETH.9_1,ETH,1992,0.00133584549023016
ETH.10_1,ETH,1992,0.00681184513213842
ETH.11_1,ETH,1992,0.00938319304539807
FIN.4_1,FIN,1992,6.5192979770932
FIN.5_1,FIN,1992,4.02658220112899
FJI.2_1,FJI,1992,0.0295964125560542
FJI.3_1,FJI,1992,0.143300798580304
FJI.5_1,FJI,1992,0.192182410423446
FRA.7_1,FRA,1992,13.3651940234354
FRA.8_1,FRA,1992,25.2205079515767
FRA.9_1,FRA,1992,6.32999857759098
FRA.10_1,FRA,1992,3.85082273681243
FRA.11_1,FRA,1992,4.91542920743912
GAB.2_1,GAB,1992,0.0476234826612088
GAB.3_1,GAB,1992,0.0095078299776283
GAB.4_1,GAB,1992,0.135238973413261
GBR.1_1,GBR,1992,19.1613349325587
GBR.3_1,GBR,1992,4.25528488260816
GBR.4_1,GBR,1992,8.77925402554973
GEO.3_1,GEO,1992,0.448735632183905
GEO.4_1,GEO,1992,2.02254560360746
GEO.11_1,GEO,1992,0.646442224688633
GHA.1_1,GHA,1992,0.325886084677931
GHA.5_1,GHA,1992,3.82860696517399
GHA.6_1,GHA,1992,0.0267389416477636
GHA.10_1,GHA,1992,0.215684759513197
GIN.1_1,GIN,1992,0.0181936088194012
GIN.2_1,GIN,1992,6.13827655310619
GIN.5_1,GIN,1992,0.00615645080610969
GIN.8_1,GIN,1992,0.00192733428831927
GMB.3_1,GMB,1992,0
GMB.5_1,GMB,1992,0
GMB.6_1,GMB,1992,0.324267782426783
GNB.1_1,GNB,1992,0
GNB.5_1,GNB,1992,0.0183198115676522
GNB.8_1,GNB,1992,0
GNQ.7_1,GNQ,1992,0
GRC.1_1,GRC,1992,2.91899441340789
GRC.3_1,GRC,1992,21.4823299591543
GRC.4_1,GRC,1992,3.29005524861868
GTM.7_1,GTM,1992,12.8691904047976
GTM.11_1,GTM,1992,0.307801418439716
GTM.22_1,GTM,1992,0.530900967982136
GUY.3_1,GUY,1992,0.981935483870955
GUY.4_1,GUY,1992,0.0129857520813596
GUY.5_1,GUY,1992,0.318669808850493
GUY.6_1,GUY,1992,0.0595597755718613
HND.1_1,HND,1992,0.222101133391462
HND.3_1,HND,1992,0.136488415504561
HND.8_1,HND,1992,0.156642044788365
HND.13_1,HND,1992,0
HND.15_1,HND,1992,0.0251109269101341
HND.18_1,HND,1992,0.199225424308016
HRV.4_1,HRV,1992,6.29275362318846
HRV.8_1,HRV,1992,3.4700153767299
HRV.13_1,HRV,1992,3.03303556379574
HRV.16_1,HRV,1992,1.76519182301883
HRV.18_1,HRV,1992,1.42301758716447
HTI.2_1,HTI,1992,0
HTI.4_1,HTI,1992,0.0293453724604967
HTI.5_1,HTI,1992,0.0320284697508893
HTI.8_1,HTI,1992,0.139616055846423
HTI.10_1,HTI,1992,0.0746317512274982
HUN.6_1,HUN,1992,2.42986273853363
HUN.7_1,HUN,1992,3.14660936007635
HUN.9_1,HUN,1992,3.16349686621993
HUN.15_1,HUN,1992,1.88298156558914
HUN.19_1,HUN,1992,3.01152277964901
IDN.10_1,IDN,1992,2.09321072872501
IDN.11_1,IDN,1992,2.6533025025173
IDN.26_1,IDN,1992,0.247210251971137
IDN.33_1,IDN,1992,2.79354838709668
IND.5_1,IND,1992,0.518975300400728
IND.11_1,IND,1992,2.66257674057892
IND.16_1,IND,1992,1.69020886853496
IND.19_1,IND,1992,1.44445738269411
IND.25_1,IND,1992,44.0975487743872
IND.32_1,IND,1992,2.78533101964835
IND.34_1,IND,1992,2.5428202216367
IND.36_1,IND,1992,3.07198642460001
IRN.13_1,IRN,1992,0.602911127148476
IRN.24_1,IRN,1992,0.94760972913852
IRN.25_1,IRN,1992,0.186841371021203
IRN.30_1,IRN,1992,0.314547681539434
IRQ.9_1,IRQ,1992,9.1009164302862
IRQ.14_1,IRQ,1992,1.54171974522291
IRQ.17_1,IRQ,1992,2.01596539275489
ISL.1_1,ISL,1992,0.192486755498518
ISL.3_1,ISL,1992,12.4023668639052
ITA.2_1,ITA,1992,16.5617443640783
ITA.6_1,ITA,1992,12.5555486766756
ITA.8_1,ITA,1992,11.1986212839288
ITA.10_1,ITA,1992,16.9072223645623
ITA.13_1,ITA,1992,8.1096309453325
ITA.16_1,ITA,1992,8.00493408068281
JOR.2_1,JOR,1992,2.88643036912748
JPN.1_1,JPN,1992,35.5539797395077
JPN.2_1,JPN,1992,4.9663584377661
JPN.4_1,JPN,1992,32.2501760811389
JPN.7_1,JPN,1992,28.468903803132
JPN.10_1,JPN,1992,15.5071747256717
JPN.11_1,JPN,1992,10.6734949458796
JPN.15_1,JPN,1992,9.7487520798665
JPN.19_1,JPN,1992,45.1098531211751
JPN.30_1,JPN,1992,6.59901719901727
JPN.31_1,JPN,1992,12.0954668267774
JPN.33_1,JPN,1992,46.5502092050208
JPN.37_1,JPN,1992,4.1133584733172
JPN.41_1,JPN,1992,48.7338072669826
JPN.46_1,JPN,1992,10.5390243902439
KAZ.1_1,KAZ,1992,0.206643494898992
KEN.1_1,KEN,1992,0
KEN.30_1,KEN,1992,21.4361179361179
KEN.36_1,KEN,1992,0.314006888633751
KEN.44_1,KEN,1992,0.372285714285707
KGZ.3_1,KGZ,1992,1.3810417644298
KGZ.4_1,KGZ,1992,0.183937410186802
KGZ.7_1,KGZ,1992,0.721445089965182
KGZ.9_1,KGZ,1992,0.114959010005968
KHM.3_1,KHM,1992,0.0210217550721091
KHM.16_1,KHM,1992,4.21844660194174
KHM.25_1,KHM,1992,0.00512820512820515
KOR.4_1,KOR,1992,23.3068932955617
KOR.9_1,KOR,1992,8.24152200981476
KOR.10_1,KOR,1992,11.7804896768751
KOR.14_1,KOR,1992,8.14801355097017
KOR.16_1,KOR,1992,60.227895392279
LAO.1_1,LAO,1992,0.00116071428571422
LAO.4_1,LAO,1992,0.0197572154093913
LAO.12_1,LAO,1992,0.00549863523082393
LBN.3_1,LBN,1992,62.0333333333333
LBN.4_1,LBN,1992,5.31640912435615
LBN.5_1,LBN,1992,14.4036340038935
LBN.7_1,LBN,1992,7.01482396541077
LBN.8_1,LBN,1992,9.80688124306326
LBR.2_1,LBR,1992,0.0039351851851855
LBR.6_1,LBR,1992,0
LBR.11_1,LBR,1992,0.173076923076924
LBR.12_1,LBR,1992,0
LBR.15_1,LBR,1992,0
LKA.5_1,LKA,1992,19.3797953964194
LKA.7_1,LKA,1992,14.4015799868334
LKA.8_1,LKA,1992,1.13247566063977
LKA.11_1,LKA,1992,4.18670309653914
LKA.17_1,LKA,1992,3.41808293677773
LTU.2_1,LTU,1992,1.8825806451612
LTU.3_1,LTU,1992,0.757517671019539
LTU.5_1,LTU,1992,1.09886508951403
LTU.8_1,LTU,1992,1.68395892351281
LTU.10_1,LTU,1992,1.20017805780033
LUX.1_1,LUX,1992,9.67335423197494
LUX.2_1,LUX,1992,13.5044091710758
LUX.3_1,LUX,1992,18.7706666666667
LVA.2_1,LVA,1992,0.799024044704985
LVA.3_1,LVA,1992,0.904259850905235
LVA.4_1,LVA,1992,0.541733633344078
LVA.5_1,LVA,1992,0.925922094045898
MAR.10_1,MAR,1992,0.33052039381196
MAR.11_1,MAR,1992,1.31052403637925
MDG.1_1,MDG,1992,0.00239018670515029
MDG.2_1,MDG,1992,0.00219611670791637
MDG.4_1,MDG,1992,0.000202408663090181
MDG.5_1,MDG,1992,0
MEX.9_1,MEX,1992,37.1259679917401
MEX.15_1,MEX,1992,12.4468092566617
MEX.16_1,MEX,1992,1.93534850540533
MEX.27_1,MEX,1992,4.23669627267952
MLI.3_1,MLI,1992,0.00124718546233848
MLI.5_1,MLI,1992,0
MLI.6_1,MLI,1992,0.00054850950936319
MLI.7_1,MLI,1992,0.00554736032910046
MLI.8_1,MLI,1992,0.00435853704756633
MLT.1_1,MLT,1992,62.2142857142857
MLT.5_1,MLT,1992,53.5
MMR.1_1,MMR,1992,0.0953157376269668
MMR.8_1,MMR,1992,0.115537525354973
MMR.15_1,MMR,1992,2.82002249718781
MNG.9_1,MNG,1992,0.00639409151592527
MNG.13_1,MNG,1992,0.0027862714259476
MNG.22_1,MNG,1992,0.00483079547662401
MOZ.1_1,MOZ,1992,0.000559695350138887
MOZ.2_1,MOZ,1992,0.0130013519603243
MOZ.7_1,MOZ,1992,0.0310005834626639
MRT.1_1,MRT,1992,0
MRT.2_1,MRT,1992,0
MRT.3_1,MRT,1992,0.000386510773987696
MRT.5_1,MRT,1992,0.00864179749387826
MWI.9_1,MWI,1992,0.0131291028446393
MWI.11_1,MWI,1992,0.0588906316840116
MWI.12_1,MWI,1992,0.0518604651162803
MWI.27_1,MWI,1992,0.588479809976241
MWI.28_1,MWI,1992,0.309763313609457
MYS.1_1,MYS,1992,2.33452128684173
MYS.2_1,MYS,1992,1.59120551518541
MYS.8_1,MYS,1992,0.732086566440172
MYS.11_1,MYS,1992,15.3186077643909
NAM.7_1,NAM,1992,0
NAM.9_1,NAM,1992,0.0188926663428896
NAM.12_1,NAM,1992,0.0298879202988776
NER.2_1,NER,1992,0.0283245319251081
NER.3_1,NER,1992,0.0227923725345749
NER.5_1,NER,1992,13.2277432712215
NER.6_1,NER,1992,0.00864574670432029
NER.7_1,NER,1992,0.00558965366067383
NER.8_1,NER,1992,0.00230835938036719
NGA.6_1,NGA,1992,20.4365987533727
NGA.20_1,NGA,1992,0.965929018789348
NGA.21_1,NGA,1992,0.295883516088432
NGA.25_1,NGA,1992,11.4511494252873
NGA.27_1,NGA,1992,0.125724259118487
NGA.28_1,NGA,1992,1.63930348258717
NIC.4_1,NIC,1992,1.88909090909092
NIC.6_1,NIC,1992,0.105146077413611
NIC.13_1,NIC,1992,1.59283930058282
NIC.14_1,NIC,1992,5.36363636363636
NIC.18_1,NIC,1992,0.365027829313548
NLD.12_1,NLD,1992,16.8728710462288
NLD.14_1,NLD,1992,37.1002596365081
NOR.1_1,NOR,1992,13.1143948349552
NOR.2_1,NOR,1992,8.25451144366213
NOR.4_1,NOR,1992,4.00653177344961
NOR.7_1,NOR,1992,2.34829519710021
NOR.8_1,NOR,1992,3.52390160060149
NOR.19_1,NOR,1992,15.590762404195
NPL.1_1,NPL,1992,0.177463899629104
NPL.2_1,NPL,1992,0.115136018183105
NPL.3_1,NPL,1992,0.019155521812769
NPL.5_1,NPL,1992,0
NZL.2_1,NZL,1992,1.01634241245141
NZL.3_1,NZL,1992,0.204834860061082
NZL.14_1,NZL,1992,7.4610687022901
NZL.15_1,NZL,1992,1.46058661778184
NZL.17_1,NZL,1992,0.565778717406553
NZL.18_1,NZL,1992,2.1103226896434
OMN.9_1,OMN,1992,0.346257065018474
PAK.2_1,PAK,1992,0.192102143782697
PAK.5_1,PAK,1992,3.22598753517844
PAK.7_1,PAK,1992,3.92062758606161
PAK.8_1,PAK,1992,1.98541625842162
PAN.7_1,PAN,1992,0.0204933586337764
PAN.9_1,PAN,1992,0.360485268630838
PAN.12_1,PAN,1992,0.447009841029533
PER.2_1,PER,1992,0.240023927618956
PER.3_1,PER,1992,0.0332094297172965
PER.8_1,PER,1992,0.0485646599776831
PER.15_1,PER,1992,18.012693498452
PER.25_1,PER,1992,0.276170593498356
PHL.36_1,PHL,1992,0.843494085532337
PHL.47_1,PHL,1992,55.0177705977383
PHL.61_1,PHL,1992,0.564024390243875
PHL.71_1,PHL,1992,0.0577472841623777
PNG.4_1,PNG,1992,0.00379275797910379
PNG.8_1,PNG,1992,0
PNG.9_1,PNG,1992,0.00649728471683418
PNG.19_1,PNG,1992,0.447407499071933
PNG.21_1,PNG,1992,0.251951219512197
POL.1_1,POL,1992,6.5882504656826
POL.2_1,POL,1992,3.57939612493104
POL.4_1,POL,1992,2.30977168133692
POL.6_1,POL,1992,6.05312219227323
POL.7_1,POL,1992,4.12299786639257
POL.8_1,POL,1992,5.87866084081237
POL.11_1,POL,1992,2.05007829101916
POL.14_1,POL,1992,1.45949558472282
POL.16_1,POL,1992,1.80000000000009
PRK.11_1,PRK,1992,0.307096774193545
PRT.9_1,PRT,1992,6.91390513320361
PRT.12_1,PRT,1992,19.7860882572919
PRY.6_1,PRY,1992,0.148789595673474
PRY.12_1,PRY,1992,0.416704493872001
PRY.13_1,PRY,1992,0.493234418264534
ROU.1_1,ROU,1992,0.786912104857352
ROU.14_1,ROU,1992,1.2010548331363
ROU.15_1,ROU,1992,1.48989140990559
ROU.17_1,ROU,1992,3.04455294476655
ROU.35_1,ROU,1992,1.01567610240214
ROU.36_1,ROU,1992,2.01033043716213
ROU.39_1,ROU,1992,0.27036165833578
ROU.40_1,ROU,1992,0.429587935429071
RUS.14_1,RUS,1992,38.289703687913
RUS.28_1,RUS,1992,0.102161786821781
RUS.32_1,RUS,1992,0.58996564433783
RUS.38_1,RUS,1992,2.30585648096452
RUS.43_1,RUS,1992,60.5100935499754
RUS.51_1,RUS,1992,1.24458684894409
RUS.65_1,RUS,1992,3.00950230060573
RUS.69_1,RUS,1992,0.575773941588311
RWA.2_1,RWA,1992,0.0382062780269064
RWA.4_1,RWA,1992,0.0186422246388068
SDN.12_1,SDN,1992,0.055166605253507
SEN.3_1,SEN,1992,0.0374567806377257
SEN.8_1,SEN,1992,0
SLB.1_1,SLB,1992,0
SLB.6_1,SLB,1992,0
SLB.7_1,SLB,1992,0
SLB.10_1,SLB,1992,0.0116089243606025
SLE.1_1,SLE,1992,0.0135815991237678
SLE.2_1,SLE,1992,0.0064431814728146
SLE.3_1,SLE,1992,0.0175230634437951
SLE.4_1,SLE,1992,0.161073825503356
SLV.5_1,SLV,1992,6.19613259668509
SLV.10_1,SLV,1992,15.4878286270691
SLV.12_1,SLV,1992,1.41813602015113
SLV.14_1,SLV,1992,0.655680832610579
SOM.1_1,SOM,1992,0
SOM.8_1,SOM,1992,0
SRB.2_1,SRB,1992,0.628645833333337
SRB.23_1,SRB,1992,0.49209535759096
SSD.8_1,SSD,1992,0.00211846211101831
SUR.3_1,SUR,1992,0.0196828868234013
SUR.7_1,SUR,1992,29.5795454545454
SUR.10_1,SUR,1992,7.87364620938628
SVK.1_1,SVK,1992,4.71385542168643
SVK.2_1,SVK,1992,11.2818389491721
SVK.3_1,SVK,1992,7.85131486851307
SVK.4_1,SVK,1992,7.72978402812667
SVK.5_1,SVK,1992,7.97313941299801
SVK.7_1,SVK,1992,7.93288135593217
SVN.2_1,SVN,1992,1.97817512490138
SVN.3_1,SVN,1992,1.59003632589515
SVN.5_1,SVN,1992,1.28352881183069
SVN.7_1,SVN,1992,4.05867490174054
SVN.9_1,SVN,1992,3.37387173396673
SVN.10_1,SVN,1992,4.49002332210415
SWE.5_1,SWE,1992,6.50080321285126
SWE.13_1,SWE,1992,12.36119150452
SWE.14_1,SWE,1992,6.9956166970125
SWE.15_1,SWE,1992,16.6255102040819
SWE.16_1,SWE,1992,5.85208141385377
SWE.21_1,SWE,1992,6.89537328295779
SWZ.3_1,SWZ,1992,1.23465771311319
SYR.2_1,SYR,1992,1.72018477605956
SYR.11_1,SYR,1992,7.4542597765362
SYR.13_1,SYR,1992,2.27012582586359
TCD.3_1,TCD,1992,0.000326467996626386
TCD.5_1,TCD,1992,0
TCD.22_1,TCD,1992,5.84518828451883
TGO.2_1,TGO,1992,0.0710372189684502
TGO.3_1,TGO,1992,0.561824923424123
THA.3_1,THA,1992,42.7459978655284
THA.10_1,THA,1992,0.881491641027619
THA.25_1,THA,1992,0.0377202643171792
THA.31_1,THA,1992,1.49189721550724
THA.36_1,THA,1992,25.9422222222221
THA.70_1,THA,1992,0.5591005189314
TJK.2_1,TJK,1992,0.00199456231057176
TJK.3_1,TJK,1992,1.64850599907698
TJK.4_1,TJK,1992,1.15042715952831
TJK.5_1,TJK,1992,1.28352891276759
TLS.2_1,TLS,1992,0
TLS.4_1,TLS,1992,0.108552631578947
TLS.7_1,TLS,1992,0.759887005649718
TLS.11_1,TLS,1992,0
TLS.13_1,TLS,1992,0.0290697674418602
TUN.5_1,TUN,1992,1.5451555023923
TUN.12_1,TUN,1992,3.82351400890294
TUN.16_1,TUN,1992,7.68195890796514
TUN.20_1,TUN,1992,4.49308635533519
TUN.23_1,TUN,1992,44.2761394101877
TUR.30_1,TUR,1992,0.153607342916936
TUR.39_1,TUR,1992,1.09469578783152
TUR.40_1,TUR,1992,14.4876678542072
TUR.70_1,TUR,1992,0.211380229458803
TZA.4_1,TZA,1992,0
TZA.15_1,TZA,1992,0.0381233437725851
TZA.20_1,TZA,1992,0.0433423483544514
TZA.29_1,TZA,1992,0.0644628099173555
UGA.48_1,UGA,1992,0
UKR.2_1,UKR,1992,2.73262446306528
UKR.5_1,UKR,1992,8.29811376635847
UKR.6_1,UKR,1992,10.343228848336
UKR.9_1,UKR,1992,2.61136608439085
UKR.17_1,UKR,1992,2.73537938802989
UKR.19_1,UKR,1992,1.32962293029104
UKR.21_1,UKR,1992,4.48757051343376
USA.4_1,USA,1992,3.22627748585163
USA.7_1,USA,1992,29.3949886418384
USA.8_1,USA,1992,14.8594531510504
USA.10_1,USA,1992,11.4355802321424
USA.12_1,USA,1992,1.55706406448858
USA.14_1,USA,1992,9.22831359379084
USA.22_1,USA,1992,30.4429599177801
USA.24_1,USA,1992,5.30570162933447
USA.33_1,USA,1992,12.6310498917913
USA.37_1,USA,1992,3.59086265120067
USA.39_1,USA,1992,15.4929855007433
UZB.4_1,UZB,1992,1.29928390901405
UZB.10_1,UZB,1992,4.03562049372101
VEN.5_1,VEN,1992,0.651683525668763
VEN.21_1,VEN,1992,3.55864118895948
VEN.24_1,VEN,1992,3.53775348770318
VNM.4_1,VNM,1992,0
VNM.27_1,VNM,1992,6.66169665809764
VNM.57_1,VNM,1992,0.364628482972129
XKO.1_1,XKO,1992,2.65573770491804
XKO.3_1,XKO,1992,1.6226696495153
XKO.5_1,XKO,1992,2.83995234312949
XKO.6_1,XKO,1992,0.932926829268289
YEM.2_1,YEM,1992,0.348384358253265
YEM.19_1,YEM,1992,0.640965788897731
ZAF.1_1,ZAF,1992,0.603630226258686
ZAF.3_1,ZAF,1992,16.9506799552903
ZAF.4_1,ZAF,1992,1.67069184834476
ZMB.2_1,ZMB,1992,0.353639194031665
ZMB.6_1,ZMB,1992,0
ZMB.9_1,ZMB,1992,0.0423790301977436
ZWE.6_1,ZWE,1992,0.142836653386467
ZWE.9_1,ZWE,1992,0.0430534073332804
ZWE.10_1,ZWE,1992,0.199418765568791
AFG.14_1,AFG,1993,0.115098039215685
AFG.15_1,AFG,1993,0.0146317431644701
AFG.26_1,AFG,1993,0.0042473454091192
AGO.2_1,AGO,1993,0.0356264786380162
AGO.11_1,AGO,1993,5.00243393602217
ALB.1_1,ALB,1993,1.23087248322147
ALB.8_1,ALB,1993,0.111270983213429
ALB.10_1,ALB,1993,0.0282909930715939
ALB.11_1,ALB,1993,1.03797468354431
ARE.1_1,ARE,1993,2.21332707019148
ARG.1_1,ARG,1993,1.32887780023894
ARG.6_1,ARG,1993,0.660357644099689
ARG.12_1,ARG,1993,0.136590685825615
ARG.14_1,ARG,1993,0.914365005946922
ARG.19_1,ARG,1993,0.182397187567812
ARG.20_1,ARG,1993,0.101643428054893
AUS.5_1,AUS,1993,0.419057233135887
AUS.7_1,AUS,1993,0.146926469595131
AUS.8_1,AUS,1993,0.106209623719088
AUT.3_1,AUT,1993,5.85349021038538
AUT.4_1,AUT,1993,5.36941127823416
AUT.6_1,AUT,1993,4.53331846565572
AUT.9_1,AUT,1993,48.7870879120879
AZE.1_1,AZE,1993,1.75459209002148
AZE.4_1,AZE,1993,2.61816100265111
AZE.7_1,AZE,1993,0.671077268755469
AZE.10_1,AZE,1993,0.801561658589158
BDI.2_1,BDI,1993,12.8082191780822
BDI.3_1,BDI,1993,0.436532507739948
BDI.4_1,BDI,1993,0.0374315276932445
BDI.7_1,BDI,1993,0
BDI.14_1,BDI,1993,0
BEL.1_1,BEL,1993,61.9134948096886
BEL.2_1,BEL,1993,36.3812002449479
BEL.3_1,BEL,1993,16.3126431381749
BEN.2_1,BEN,1993,0.0104467470698157
BEN.3_1,BEN,1993,0.972631578947335
BEN.4_1,BEN,1993,0.0511141998834288
BFA.1_1,BFA,1993,0.0188548328707578
BFA.7_1,BFA,1993,2.27802037845712
BFA.10_1,BFA,1993,0.0332798716920625
BGD.3_1,BGD,1993,2.8572684287099
BGD.4_1,BGD,1993,1.66243665814873
BGR.8_1,BGR,1993,1.57444894286996
BGR.14_1,BGR,1993,3.5071699704765
BGR.19_1,BGR,1993,2.94088669950744
BGR.22_1,BGR,1993,3.2759912581954
BGR.26_1,BGR,1993,1.40428061831154
BIH.2_1,BIH,1993,0.487798337355884
BIH.3_1,BIH,1993,0.692265861027052
BLR.1_1,BLR,1993,0.977733371396202
BLR.5_1,BLR,1993,2.01916406027848
BLR.6_1,BLR,1993,0.928184853951473
BOL.2_1,BOL,1993,0.523628429872438
BOL.3_1,BOL,1993,0.0180352698893643
BOL.5_1,BOL,1993,0.118345446934898
BOL.8_1,BOL,1993,0.132829423959112
BRA.10_1,BRA,1993,0.257206363335862
BRA.13_1,BRA,1993,0.72646916152777
BRA.17_1,BRA,1993,2.37009907661004
BRA.19_1,BRA,1993,6.39897745932334
BRA.25_1,BRA,1993,4.14675301335983
BRN.2_1,BRN,1993,31.0066225165563
BTN.7_1,BTN,1993,0
BTN.8_1,BTN,1993,0.0845323741007206
BTN.10_1,BTN,1993,0
BTN.14_1,BTN,1993,0.233766233766235
BWA.1_1,BWA,1993,0.0554579829328039
BWA.15_1,BWA,1993,0.00683343502135532
CAF.15_1,CAF,1993,0
CAF.14_1,CAF,1993,0.00712933051130759
CAF.17_1,CAF,1993,0
CAN.2_1,CAN,1993,0.562795576797009
CAN.9_1,CAN,1993,1.56718191224597
CAN.11_1,CAN,1993,1.04607930834812
CHE.1_1,CHE,1993,18.6661971830986
CHE.2_1,CHE,1993,12.1408114558473
CHE.5_1,CHE,1993,39.4166666666667
CHE.6_1,CHE,1993,6.72763532763509
CHE.7_1,CHE,1993,6.25543916196615
CHE.10_1,CHE,1993,2.43206474944019
CHE.12_1,CHE,1993,9.35576923076919
CHE.13_1,CHE,1993,8.61772151898736
CHE.16_1,CHE,1993,8.643334393891
CHE.21_1,CHE,1993,4.46793494937107
CHE.23_1,CHE,1993,5.01222659964666
CHE.24_1,CHE,1993,9.80780992707593
CHE.25_1,CHE,1993,18.8502415458937
CHE.26_1,CHE,1993,25.8641975308645
CHL.11_1,CHL,1993,0.11191866084208
CHL.14_1,CHL,1993,3.34546722454698
CHL.16_1,CHL,1993,1.37643494897973
CHN.2_1,CHN,1993,10.1711152907291
CHN.15_1,CHN,1993,4.44903937865831
CHN.26_1,CHN,1993,0.247273879149931
CHN.31_1,CHN,1993,2.50490011156514
CIV.5_1,CIV,1993,0.107996146435462
CIV.6_1,CIV,1993,0.142946577629374
CIV.8_1,CIV,1993,0.0584418572546178
CIV.13_1,CIV,1993,1.95648570244512
CMR.10_1,CMR,1993,0.02261878763298
COD.18_1,COD,1993,0.00200760212002757
COD.22_1,COD,1993,0.0348424216125966
COD.24_1,COD,1993,0.00517474002895592
COG.4_1,COG,1993,0.00439681231107542
COG.8_1,COG,1993,0.0171839241980132
COL.2_1,COL,1993,1.7521181573737
COL.13_1,COL,1993,1.16362812423762
COL.14_1,COL,1993,5.07840573755146
COL.22_1,COL,1993,0.757664748032515
COL.25_1,COL,1993,4.66602316602321
CRI.4_1,CRI,1993,3.48001427551745
CRI.7_1,CRI,1993,4.75038129130623
CUB.7_1,CUB,1993,0.962539621554161
CUB.16_1,CUB,1993,1.36723215932142
CZE.2_1,CZE,1993,8.25075585789879
CZE.5_1,CZE,1993,9.72198996655521
CZE.7_1,CZE,1993,9.35607675906168
CZE.8_1,CZE,1993,8.09103729238485
CZE.10_1,CZE,1993,4.83173724375279
CZE.11_1,CZE,1993,46.0534698521047
CZE.12_1,CZE,1993,7.98646850044385
CZE.14_1,CZE,1993,8.97354974451456
DEU.3_1,DEU,1993,50.2849588719153
DEU.6_1,DEU,1993,45.1081830790567
DEU.9_1,DEU,1993,8.19787791729086
DEU.10_1,DEU,1993,19.4354504011354
DEU.11_1,DEU,1993,9.42234248380652
DNK.1_1,DNK,1993,18.3835885355318
DNK.2_1,DNK,1993,6.58285029755029
DNK.3_1,DNK,1993,4.53446123977239
DNK.5_1,DNK,1993,7.74386322221009
DOM.26_1,DOM,1993,0.593966233047313
DOM.30_1,DOM,1993,1.79083518107901
DZA.6_1,DZA,1993,1.31985101553863
DZA.19_1,DZA,1993,2.74578373015874
DZA.26_1,DZA,1993,0.77793163475232
DZA.31_1,DZA,1993,0.105475119830018
DZA.39_1,DZA,1993,4.58472269479409
DZA.48_1,DZA,1993,2.08398744113023
ECU.1_1,ECU,1993,0.935805012015073
ECU.10_1,ECU,1993,2.95949405210038
ECU.12_1,ECU,1993,0.18819256914051
ECU.17_1,ECU,1993,1.89228996955482
ECU.19_1,ECU,1993,1.69831946483931
EGY.9_1,EGY,1993,20.8432250839866
EGY.11_1,EGY,1993,16.0623556581982
EGY.16_1,EGY,1993,17.1087295954574
ERI.1_1,ERI,1993,0.116417910447762
ESP.1_1,ESP,1993,4.73204214900857
ESP.5_1,ESP,1993,2.37670171884793
ESP.8_1,ESP,1993,22.3529459701729
ESP.12_1,ESP,1993,5.63116624729304
EST.1_1,EST,1993,4.29596756519843
EST.8_1,EST,1993,0.945436507936485
EST.13_1,EST,1993,2.17591444513326
EST.14_1,EST,1993,1.30796640366505
EST.15_1,EST,1993,1.26293390078468
ETH.5_1,ETH,1993,0.935560859188534
ETH.8_1,ETH,1993,0.0253247276903102
ETH.9_1,ETH,1993,0.00198710803082113
ETH.10_1,ETH,1993,0.0109249640305298
ETH.11_1,ETH,1993,0.0171499536754111
FIN.4_1,FIN,1993,8.93995051146846
FIN.5_1,FIN,1993,5.57301448272063
FJI.2_1,FJI,1993,0.0663677130044851
FJI.3_1,FJI,1993,0.237133984028383
FJI.5_1,FJI,1993,0.225841476655809
FRA.7_1,FRA,1993,13.0476835429427
FRA.8_1,FRA,1993,23.6209826726788
FRA.9_1,FRA,1993,6.45768337205356
FRA.10_1,FRA,1993,4.2800479709351
FRA.11_1,FRA,1993,5.16509762092609
GAB.2_1,GAB,1993,0.0662506597125183
GAB.3_1,GAB,1993,0.0128635346756139
GAB.4_1,GAB,1993,0.128989293581278
GBR.1_1,GBR,1993,18.9514281110964
GBR.3_1,GBR,1993,4.25818977858833
GBR.4_1,GBR,1993,9.05555128894489
GEO.3_1,GEO,1993,0.752183908045976
GEO.4_1,GEO,1993,3.14398442303766
GEO.11_1,GEO,1993,1.07793809347637
GHA.1_1,GHA,1993,0.377741001241179
GHA.5_1,GHA,1993,3.97288557213936
GHA.6_1,GHA,1993,0.0508165952320797
GHA.10_1,GHA,1993,0.236159938188182
GIN.1_1,GIN,1993,0.0434484994776251
GIN.2_1,GIN,1993,9.15230460921846
GIN.5_1,GIN,1993,0.0373234830120458
GIN.8_1,GIN,1993,0.00604245344445693
GMB.3_1,GMB,1993,0.038978054372748
GMB.5_1,GMB,1993,0.006485084306096
GMB.6_1,GMB,1993,0.561192468619267
GNB.1_1,GNB,1993,0.00350933163183902
GNB.5_1,GNB,1993,0.0193666579429474
GNB.8_1,GNB,1993,0
GNQ.7_1,GNQ,1993,0
GRC.1_1,GRC,1993,3.25492502205229
GRC.3_1,GRC,1993,20.9252353045639
GRC.4_1,GRC,1993,3.56135945086217
GTM.7_1,GTM,1993,13.1690404797601
GTM.11_1,GTM,1993,0.603971631205673
GTM.22_1,GTM,1993,0.864482501861494
GUY.3_1,GUY,1993,1.73032258064515
GUY.4_1,GUY,1993,0.0200733027500488
GUY.5_1,GUY,1993,0.254778737889488
GUY.6_1,GUY,1993,0.0763918860595617
HND.1_1,HND,1993,0.643417611159566
HND.3_1,HND,1993,0.337432744043029
HND.8_1,HND,1993,0.462187829757284
HND.13_1,HND,1993,0
HND.15_1,HND,1993,0.0971280901067645
HND.18_1,HND,1993,0.532179063674681
HRV.4_1,HRV,1993,9.06086956521747
HRV.8_1,HRV,1993,6.03280369041514
HRV.13_1,HRV,1993,3.11579302207995
HRV.16_1,HRV,1993,2.41851022122661
HRV.18_1,HRV,1993,2.58562172169074
HTI.2_1,HTI,1993,0
HTI.4_1,HTI,1993,0.0270880361173816
HTI.5_1,HTI,1993,0.0825622775800714
HTI.8_1,HTI,1993,0.182198952879576
HTI.10_1,HTI,1993,0.0903436988543396
HUN.6_1,HUN,1993,2.96769333779713
HUN.7_1,HUN,1993,4.4578159821713
HUN.9_1,HUN,1993,2.62070456019029
HUN.15_1,HUN,1993,4.14720812182752
HUN.19_1,HUN,1993,4.62435738344265
IDN.10_1,IDN,1993,3.91339611478141
IDN.11_1,IDN,1993,4.05501062917182
IDN.26_1,IDN,1993,0.434749063811331
IDN.33_1,IDN,1993,4.19258064516125
IND.5_1,IND,1993,0.75337116154868
IND.11_1,IND,1993,3.2646368084625
IND.16_1,IND,1993,2.28576343125188
IND.19_1,IND,1993,1.67047051243171
IND.25_1,IND,1993,42.9744872436217
IND.32_1,IND,1993,3.70239818317064
IND.34_1,IND,1993,2.65517027580835
IND.36_1,IND,1993,3.3746626594699
IRN.13_1,IRN,1993,0.606871755632296
IRN.24_1,IRN,1993,1.00498525289991
IRN.25_1,IRN,1993,0.260854634816294
IRN.30_1,IRN,1993,0.321588801399766
IRQ.9_1,IRQ,1993,8.75310931704123
IRQ.14_1,IRQ,1993,1.4643312101911
IRQ.17_1,IRQ,1993,1.99881737831425
ISL.1_1,ISL,1993,0.32521717414953
ISL.3_1,ISL,1993,11.5118343195268
ITA.2_1,ITA,1993,16.7422522570086
ITA.6_1,ITA,1993,12.2216684723727
ITA.8_1,ITA,1993,10.4722102542013
ITA.10_1,ITA,1993,14.8505138497463
ITA.13_1,ITA,1993,8.09061903822045
ITA.16_1,ITA,1993,7.85928001894792
JOR.2_1,JOR,1993,2.99507130872466
JPN.1_1,JPN,1993,34.332561505065
JPN.2_1,JPN,1993,7.03668329480492
JPN.4_1,JPN,1993,28.9952105930407
JPN.7_1,JPN,1993,25.9170768083523
JPN.10_1,JPN,1993,15.5897745086221
JPN.11_1,JPN,1993,10.2915287592802
JPN.15_1,JPN,1993,11.6565723793676
JPN.19_1,JPN,1993,41.8087515299878
JPN.30_1,JPN,1993,6.24226044226021
JPN.31_1,JPN,1993,11.6345441809268
JPN.33_1,JPN,1993,45.6188284518827
JPN.37_1,JPN,1993,4.76962632841954
JPN.41_1,JPN,1993,46.7942338072675
JPN.46_1,JPN,1993,9.25731707317099
KAZ.1_1,KAZ,1993,0.399989492517384
KEN.1_1,KEN,1993,0
KEN.30_1,KEN,1993,24.1326781326782
KEN.36_1,KEN,1993,0.305970149253734
KEN.44_1,KEN,1993,0.483428571428562
KGZ.3_1,KGZ,1993,2.16219444562877
KGZ.4_1,KGZ,1993,0.427271275746367
KGZ.7_1,KGZ,1993,1.10739466411014
KGZ.9_1,KGZ,1993,0.177924628284572
KHM.3_1,KHM,1993,0.0261549743339033
KHM.16_1,KHM,1993,5.73543689320388
KHM.25_1,KHM,1993,0.0126984126984127
KOR.4_1,KOR,1993,26.9178470254959
KOR.9_1,KOR,1993,9.42770819599981
KOR.10_1,KOR,1993,12.2816793307242
KOR.14_1,KOR,1993,9.52146596858621
KOR.16_1,KOR,1993,62.4906600249066
LAO.1_1,LAO,1993,0
LAO.4_1,LAO,1993,0.0392047565960588
LAO.12_1,LAO,1993,0.0164563471656326
LBN.3_1,LBN,1993,61.5
LBN.4_1,LBN,1993,5.21780721118471
LBN.5_1,LBN,1993,15.1168072680078
LBN.7_1,LBN,1993,8.01544163063619
LBN.8_1,LBN,1993,9.27192008879023
LBR.2_1,LBR,1993,0
LBR.6_1,LBR,1993,0
LBR.11_1,LBR,1993,0.126602564102565
LBR.12_1,LBR,1993,0
LBR.15_1,LBR,1993,0
LKA.5_1,LKA,1993,22.2506393861892
LKA.7_1,LKA,1993,14.9598420013166
LKA.8_1,LKA,1993,1.44853963838669
LKA.11_1,LKA,1993,4.57650273224043
LKA.17_1,LKA,1993,4.04554724677093
LTU.2_1,LTU,1993,1.4353700189753
LTU.3_1,LTU,1993,1.37187013298193
LTU.5_1,LTU,1993,1.07368925831196
LTU.8_1,LTU,1993,3.18608356940536
LTU.10_1,LTU,1993,0.806944254211765
LUX.1_1,LUX,1993,8.57742946708467
LUX.2_1,LUX,1993,10.9400352733686
LUX.3_1,LUX,1993,15.7333333333333
LVA.2_1,LVA,1993,0.583133288733256
LVA.3_1,LVA,1993,0.859957401490937
LVA.4_1,LVA,1993,0.614129076038439
LVA.5_1,LVA,1993,0.823495939164956
MAR.10_1,MAR,1993,0.306783132232535
MAR.11_1,MAR,1993,1.41100043308776
MDG.1_1,MDG,1993,0.00514115630919033
MDG.2_1,MDG,1993,0.00536828528601807
MDG.4_1,MDG,1993,0.00216577269507266
MDG.5_1,MDG,1993,0.00714131499842346
MEX.9_1,MEX,1993,37.8058853897778
MEX.15_1,MEX,1993,12.7582748948114
MEX.16_1,MEX,1993,2.29592536123366
MEX.27_1,MEX,1993,4.8085098307148
MLI.3_1,MLI,1993,0.00202563007976857
MLI.5_1,MLI,1993,0.00732781873764067
MLI.6_1,MLI,1993,0.00256344240090466
MLI.7_1,MLI,1993,0.0110323907668618
MLI.8_1,MLI,1993,0.0189366252470318
MLT.1_1,MLT,1993,60.6428571428572
MLT.5_1,MLT,1993,57.04
MMR.1_1,MMR,1993,0.118278474132965
MMR.8_1,MMR,1993,0.149560513860725
MMR.15_1,MMR,1993,3.24071991001142
MNG.9_1,MNG,1993,0.00466089454823592
MNG.13_1,MNG,1993,0.00219548608062039
MNG.22_1,MNG,1993,0.00449297761112727
MOZ.1_1,MOZ,1993,0.00114133953753758
MOZ.2_1,MOZ,1993,0.0189274447949365
MOZ.7_1,MOZ,1993,0.0402479165978528
MRT.1_1,MRT,1993,0
MRT.2_1,MRT,1993,0
MRT.3_1,MRT,1993,0.00140110155570547
MRT.5_1,MRT,1993,0.0141149359066693
MWI.9_1,MWI,1993,0.0150046889653023
MWI.11_1,MWI,1993,0.102951661200633
MWI.12_1,MWI,1993,0.0674418604651154
MWI.27_1,MWI,1993,0.920427553444184
MWI.28_1,MWI,1993,0.562721893491119
MYS.1_1,MYS,1993,3.66379310344774
MYS.2_1,MYS,1993,2.74203465623256
MYS.8_1,MYS,1993,1.07768549951529
MYS.11_1,MYS,1993,17.338688085676
NAM.7_1,NAM,1993,0.0217460825071941
NAM.9_1,NAM,1993,0.0275376396308892
NAM.12_1,NAM,1993,0.0296437379434913
NER.2_1,NER,1993,0.03624579932789
NER.3_1,NER,1993,0.030280710369102
NER.5_1,NER,1993,13.9937888198758
NER.6_1,NER,1993,0.0114206196941952
NER.7_1,NER,1993,0.0126698816308611
NER.8_1,NER,1993,0.00333776288781728
NGA.6_1,NGA,1993,17.5337240673555
NGA.20_1,NGA,1993,1.06630480167005
NGA.21_1,NGA,1993,0.424231529750115
NGA.25_1,NGA,1993,11.81561302682
NGA.27_1,NGA,1993,0.151987556990944
NGA.28_1,NGA,1993,1.4299248438659
NIC.4_1,NIC,1993,2.57999999999999
NIC.6_1,NIC,1993,0.23491027732464
NIC.13_1,NIC,1993,2.20545378850952
NIC.14_1,NIC,1993,6.7193675889328
NIC.18_1,NIC,1993,0.659090909090904
NLD.12_1,NLD,1993,16.5188564476887
NLD.14_1,NLD,1993,40.3976432993813
NOR.1_1,NOR,1993,16.2250613803762
NOR.2_1,NOR,1993,9.11399647887321
NOR.4_1,NOR,1993,4.865039045489
NOR.7_1,NOR,1993,2.96782963298611
NOR.8_1,NOR,1993,2.72738747448712
NOR.19_1,NOR,1993,16.7523194836626
NPL.1_1,NPL,1993,0.219206186380475
NPL.2_1,NPL,1993,0.138717238440237
NPL.3_1,NPL,1993,0.0200315365298136
NPL.5_1,NPL,1993,0
NZL.2_1,NZL,1993,1.55226977950713
NZL.3_1,NZL,1993,0.211555128871869
NZL.14_1,NZL,1993,9.66106870229008
NZL.15_1,NZL,1993,2.26031164069663
NZL.17_1,NZL,1993,0.905736434108458
NZL.18_1,NZL,1993,2.14259165399559
OMN.9_1,OMN,1993,0.391940796161511
PAK.2_1,PAK,1993,0.200034952990332
PAK.5_1,PAK,1993,3.15143433867085
PAK.7_1,PAK,1993,4.09909474701205
PAK.8_1,PAK,1993,2.265122624018
PAN.7_1,PAN,1993,0.391650853889948
PAN.9_1,PAN,1993,0.649418172815017
PAN.12_1,PAN,1993,0.509841029523087
PER.2_1,PER,1993,0.315919343984402
PER.3_1,PER,1993,0.0554142619583422
PER.8_1,PER,1993,0.080766908212609
PER.15_1,PER,1993,19.8492260061918
PER.25_1,PER,1993,0.360274381151225
PHL.36_1,PHL,1993,1.43785259326661
PHL.47_1,PHL,1993,54.4991922455573
PHL.61_1,PHL,1993,1.32766367137355
PHL.71_1,PHL,1993,0.0651801029159515
PNG.4_1,PNG,1993,0.0289823958780579
PNG.8_1,PNG,1993,0.00214250734574002
PNG.9_1,PNG,1993,0.0177463149728453
PNG.19_1,PNG,1993,0.205110753619592
PNG.21_1,PNG,1993,0.213170731707323
POL.1_1,POL,1993,4.52007450924233
POL.2_1,POL,1993,4.95529001894726
POL.4_1,POL,1993,1.81533443545882
POL.6_1,POL,1993,4.89323150643941
POL.7_1,POL,1993,4.41485109835532
POL.8_1,POL,1993,3.85327113840352
POL.11_1,POL,1993,2.83262498601954
POL.14_1,POL,1993,1.7784911365777
POL.16_1,POL,1993,1.54967411545608
PRK.11_1,PRK,1993,0.269677419354835
PRT.9_1,PRT,1993,6.69298245613982
PRT.12_1,PRT,1993,19.3954126153082
PRY.6_1,PRY,1993,0.30324491372653
PRY.12_1,PRY,1993,0.911938266000913
PRY.13_1,PRY,1993,0.625986103129383
ROU.1_1,ROU,1993,0.72320740169624
ROU.14_1,ROU,1993,1.51541329453485
ROU.15_1,ROU,1993,2.06903858038318
ROU.17_1,ROU,1993,4.8002746414403
ROU.35_1,ROU,1993,1.10995827224539
ROU.36_1,ROU,1993,2.10706711363471
ROU.39_1,ROU,1993,0.528300499853068
ROU.40_1,ROU,1993,0.741822429906525
RUS.14_1,RUS,1993,35.8130462587933
RUS.28_1,RUS,1993,0.112716993180316
RUS.32_1,RUS,1993,0.541753197385639
RUS.38_1,RUS,1993,2.4125444859768
RUS.43_1,RUS,1993,58.63121614968
RUS.51_1,RUS,1993,1.21207590160001
RUS.65_1,RUS,1993,3.47067312648219
RUS.69_1,RUS,1993,0.581815291995449
RWA.2_1,RWA,1993,0.060627802690581
RWA.4_1,RWA,1993,0.096473512505818
SDN.12_1,SDN,1993,0.0622203505816192
SEN.3_1,SEN,1993,0.0902804456396461
SEN.8_1,SEN,1993,0.00675712495231989
SLB.1_1,SLB,1993,0.0213618157543391
SLB.6_1,SLB,1993,0
SLB.7_1,SLB,1993,0.0074242111775626
SLB.10_1,SLB,1993,0.0230364592780706
SLE.1_1,SLE,1993,0.0254107338444701
SLE.2_1,SLE,1993,0.0140716651977043
SLE.3_1,SLE,1993,0.0357676647941079
SLE.4_1,SLE,1993,0.455033557046981
SLV.5_1,SLV,1993,7.1016574585635
SLV.10_1,SLV,1993,16.8812074001947
SLV.12_1,SLV,1993,2.30075566750628
SLV.14_1,SLV,1993,1.2263660017346
SOM.1_1,SOM,1993,0.00430500293523082
SOM.8_1,SOM,1993,0.00967545751091806
SRB.2_1,SRB,1993,0.564583333333323
SRB.23_1,SRB,1993,0.504140526976151
SSD.8_1,SSD,1993,0.00475222581660837
SUR.3_1,SUR,1993,0.0333515582285411
SUR.7_1,SUR,1993,25.3068181818182
SUR.10_1,SUR,1993,7.67509025270758
SVK.1_1,SVK,1993,3.84357429718876
SVK.2_1,SVK,1993,13.1870359794399
SVK.3_1,SVK,1993,6.30316968303163
SVK.4_1,SVK,1993,10.2893018583626
SVK.5_1,SVK,1993,5.90946016771477
SVK.7_1,SVK,1993,9.15745762711862
SVN.2_1,SVN,1993,1.74756770970289
SVN.3_1,SVN,1993,2.31344058121434
SVN.5_1,SVN,1993,1.87863335033145
SVN.7_1,SVN,1993,5.46631106120167
SVN.9_1,SVN,1993,5.5182897862233
SVN.10_1,SVN,1993,5.95491059860066
SWE.5_1,SWE,1993,6.60251004016091
SWE.13_1,SWE,1993,9.57874348813347
SWE.14_1,SWE,1993,7.52147818463813
SWE.15_1,SWE,1993,15.4422193877556
SWE.16_1,SWE,1993,5.2742273222214
SWE.21_1,SWE,1993,7.565733525124
SWZ.3_1,SWZ,1993,1.41391531430704
SYR.2_1,SYR,1993,1.98489656557557
SYR.11_1,SYR,1993,7.56319832402217
SYR.13_1,SYR,1993,1.95766527795333
TCD.3_1,TCD,1993,0.000342315957628046
TCD.5_1,TCD,1993,0
TCD.22_1,TCD,1993,6.68200836820083
TGO.2_1,TGO,1993,0.0247496693746475
TGO.3_1,TGO,1993,0.52007093341936
THA.3_1,THA,1993,44.9845250800427
THA.10_1,THA,1993,1.23227193535229
THA.25_1,THA,1993,0.101046255506609
THA.31_1,THA,1993,1.74097949682152
THA.36_1,THA,1993,24.9407407407408
THA.70_1,THA,1993,0.936959446473184
TJK.2_1,TJK,1993,0.00366598324122522
TJK.3_1,TJK,1993,1.47407129672373
TJK.4_1,TJK,1993,1.1249930202695
TJK.5_1,TJK,1993,1.12727272727224
TLS.2_1,TLS,1993,0
TLS.4_1,TLS,1993,0.123026315789473
TLS.7_1,TLS,1993,1.33333333333333
TLS.11_1,TLS,1993,0
TLS.13_1,TLS,1993,0.0232558139534887
TUN.5_1,TUN,1993,1.54111842105269
TUN.12_1,TUN,1993,4.49960722702276
TUN.16_1,TUN,1993,7.2079932451451
TUN.20_1,TUN,1993,4.97834594312546
TUN.23_1,TUN,1993,43.2144772117962
TUR.30_1,TUR,1993,0.700074239049811
TUR.39_1,TUR,1993,1.23588143525742
TUR.40_1,TUR,1993,14.8199506714177
TUR.70_1,TUR,1993,0.930235253215917
TZA.4_1,TZA,1993,0.00199907734891592
TZA.15_1,TZA,1993,0.039267646350276
TZA.20_1,TZA,1993,0.0678585227073004
TZA.29_1,TZA,1993,0.105785123966942
UGA.48_1,UGA,1993,0
UKR.2_1,UKR,1993,2.42210055629881
UKR.5_1,UKR,1993,7.10512189252694
UKR.6_1,UKR,1993,9.38387322098982
UKR.9_1,UKR,1993,1.91293963377506
UKR.17_1,UKR,1993,2.83092349454282
UKR.19_1,UKR,1993,1.2798664254906
UKR.21_1,UKR,1993,3.9746390668326
USA.4_1,USA,1993,3.36093287201567
USA.7_1,USA,1993,27.6376402560729
USA.8_1,USA,1993,14.1437145715239
USA.10_1,USA,1993,11.5058888912593
USA.12_1,USA,1993,2.0908464149342
USA.14_1,USA,1993,9.78703559354812
USA.22_1,USA,1993,31.3776336073993
USA.24_1,USA,1993,6.00727289047793
USA.33_1,USA,1993,13.5508993208376
USA.37_1,USA,1993,3.60612146216484
USA.39_1,USA,1993,14.8324469573906
UZB.4_1,UZB,1993,1.18972900870544
UZB.10_1,UZB,1993,3.7507042926036
VEN.5_1,VEN,1993,0.852281901505618
VEN.21_1,VEN,1993,4.40781316348177
VEN.24_1,VEN,1993,4.53861642456489
VNM.4_1,VNM,1993,0.0150257018584427
VNM.27_1,VNM,1993,6.09922879177375
VNM.57_1,VNM,1993,0.375464396284857
XKO.1_1,XKO,1993,3.14375788146279
XKO.3_1,XKO,1993,1.73266219239375
XKO.5_1,XKO,1993,3.41024622716442
XKO.6_1,XKO,1993,1.72439024390242
YEM.2_1,YEM,1993,0.398684140712002
YEM.19_1,YEM,1993,0.612517324385466
ZAF.1_1,ZAF,1993,0.631739853805045
ZAF.3_1,ZAF,1993,16.2148379284643
ZAF.4_1,ZAF,1993,1.80451220804857
ZMB.2_1,ZMB,1993,0.336515302825651
ZMB.6_1,ZMB,1993,0.00841355877356374
ZMB.9_1,ZMB,1993,0.046630218179941
ZWE.6_1,ZWE,1993,0.152653386454057
ZWE.9_1,ZWE,1993,0.060667819124728
ZWE.10_1,ZWE,1993,0.198363548297845
AFG.14_1,AFG,1994,0.0675490196078453
AFG.15_1,AFG,1994,0.0142950981197213
AFG.26_1,AFG,1994,0
AGO.2_1,AGO,1994,0.0332258663079257
AGO.11_1,AGO,1994,4.78320584144663
ALB.1_1,ALB,1994,1.6271812080537
ALB.8_1,ALB,1994,0.253237410071945
ALB.10_1,ALB,1994,0.0780889145496541
ALB.11_1,ALB,1994,1.89794303797468
ARE.1_1,ARE,1994,2.46602245783491
ARG.1_1,ARG,1994,1.33107774352392
ARG.6_1,ARG,1994,0.638712162467124
ARG.12_1,ARG,1994,0.1277701926439
ARG.14_1,ARG,1994,0.90559006211188
ARG.19_1,ARG,1994,0.176901302347927
ARG.20_1,ARG,1994,0.101216457668688
AUS.5_1,AUS,1994,0.430963472976564
AUS.7_1,AUS,1994,0.14866493208938
AUS.8_1,AUS,1994,0.100723227465372
AUT.3_1,AUT,1994,7.24966557217556
AUT.4_1,AUT,1994,5.64948053961886
AUT.6_1,AUT,1994,4.9588983050844
AUT.9_1,AUT,1994,53.4409340659341
AZE.1_1,AZE,1994,1.8098626510011
AZE.4_1,AZE,1994,2.33685827910326
AZE.7_1,AZE,1994,0.765509923854705
AZE.10_1,AZE,1994,0.607341590378689
BDI.2_1,BDI,1994,11.5479452054795
BDI.3_1,BDI,1994,0.242414860681113
BDI.4_1,BDI,1994,0.0465611685940337
BDI.7_1,BDI,1994,0
BDI.14_1,BDI,1994,0
BEL.1_1,BEL,1994,61.9532871972319
BEL.2_1,BEL,1994,38.8988569095734
BEL.3_1,BEL,1994,18.3222150449222
BEN.2_1,BEN,1994,0.00963988449125258
BEN.3_1,BEN,1994,0.897894736842072
BEN.4_1,BEN,1994,0.0352418957091065
BFA.1_1,BFA,1994,0.00947266803426708
BFA.7_1,BFA,1994,2.32532751091708
BFA.10_1,BFA,1994,0.0316426089280992
BGD.3_1,BGD,1994,2.8230631668289
BGD.4_1,BGD,1994,1.49276711854116
BGR.8_1,BGR,1994,1.49066576698157
BGR.14_1,BGR,1994,3.4979966258963
BGR.19_1,BGR,1994,2.78608374384241
BGR.22_1,BGR,1994,3.05611926319073
BGR.26_1,BGR,1994,1.1671819262782
BIH.2_1,BIH,1994,0.727540895682462
BIH.3_1,BIH,1994,0.565196374622432
BLR.1_1,BLR,1994,1.01173280045677
BLR.5_1,BLR,1994,2.68788740403746
BLR.6_1,BLR,1994,1.44566844509283
BOL.2_1,BOL,1994,0.564006605960568
BOL.3_1,BOL,1994,0.0184479762941376
BOL.5_1,BOL,1994,0.118250313938863
BOL.8_1,BOL,1994,0.140327502270942
BRA.10_1,BRA,1994,0.209925115922411
BRA.13_1,BRA,1994,0.632895840614163
BRA.17_1,BRA,1994,2.11376534305351
BRA.19_1,BRA,1994,6.24279743245242
BRA.25_1,BRA,1994,3.89639840570466
BRN.2_1,BRN,1994,23.1341059602649
BTN.7_1,BTN,1994,0
BTN.8_1,BTN,1994,0.0548561151079128
BTN.10_1,BTN,1994,0.00559049615653373
BTN.14_1,BTN,1994,0.175556586270877
BWA.1_1,BWA,1994,0.0563705739336197
BWA.15_1,BWA,1994,0.00957901159243317
CAF.15_1,CAF,1994,0
CAF.14_1,CAF,1994,0.00336043964204766
CAF.17_1,CAF,1994,0.027333677153173
CAN.2_1,CAN,1994,0.436110104188824
CAN.9_1,CAN,1994,1.36938419341681
CAN.11_1,CAN,1994,1.10416076225584
CHE.1_1,CHE,1994,23.5847417840375
CHE.2_1,CHE,1994,14.7136038186157
CHE.5_1,CHE,1994,45.4791666666667
CHE.6_1,CHE,1994,7.41578347578348
CHE.7_1,CHE,1994,7.5954875100726
CHE.10_1,CHE,1994,2.57150852419504
CHE.12_1,CHE,1994,10.7841346153846
CHE.13_1,CHE,1994,10.4510548523207
CHE.16_1,CHE,1994,11.0614062997135
CHE.21_1,CHE,1994,5.58422829088667
CHE.23_1,CHE,1994,5.86584703165341
CHE.24_1,CHE,1994,10.3862620559869
CHE.25_1,CHE,1994,21.2741545893719
CHE.26_1,CHE,1994,30.0839880284324
CHL.11_1,CHL,1994,0.101745743335413
CHL.14_1,CHL,1994,3.17798698279864
CHL.16_1,CHL,1994,1.29652954931989
CHN.2_1,CHN,1994,11.5684901356608
CHN.15_1,CHN,1994,5.74704395088437
CHN.26_1,CHN,1994,0.293598232290566
CHN.31_1,CHN,1994,3.03387939544966
CIV.5_1,CIV,1994,0.101878612716767
CIV.6_1,CIV,1994,0.11035754034502
CIV.8_1,CIV,1994,0.0333624775666109
CIV.13_1,CIV,1994,1.73808537090758
CMR.10_1,CMR,1994,0.0127601160577791
COD.18_1,COD,1994,0.000428288452272733
COD.22_1,COD,1994,0.0277309033637113
COD.24_1,COD,1994,0.0026902066605233
COG.4_1,COG,1994,0.00572085238202133
COG.8_1,COG,1994,0.0111615208575906
COL.2_1,COL,1994,1.58306420009947
COL.13_1,COL,1994,1.17419039983308
COL.14_1,COL,1994,4.81216614993816
COL.22_1,COL,1994,0.765104350209424
COL.25_1,COL,1994,4.92492492492507
CRI.4_1,CRI,1994,3.70021413276236
CRI.7_1,CRI,1994,4.77885104219641
CUB.7_1,CUB,1994,0.703774853520281
CUB.16_1,CUB,1994,0.932647980822471
CZE.2_1,CZE,1994,11.0073223733938
CZE.5_1,CZE,1994,10.6191471571907
CZE.7_1,CZE,1994,11.3628464818766
CZE.8_1,CZE,1994,10.1093701034158
CZE.10_1,CZE,1994,4.78449049827908
CZE.11_1,CZE,1994,50.5136518771331
CZE.12_1,CZE,1994,9.42679680567927
CZE.14_1,CZE,1994,10.8228133453561
DEU.3_1,DEU,1994,50.6239717978849
DEU.6_1,DEU,1994,47.5377947295424
DEU.9_1,DEU,1994,9.12260922316242
DEU.10_1,DEU,1994,20.7150455057948
DEU.11_1,DEU,1994,10.6896643580179
DNK.1_1,DNK,1994,18.9368865331762
DNK.2_1,DNK,1994,8.37622691088947
DNK.3_1,DNK,1994,6.29337123838588
DNK.5_1,DNK,1994,8.98649372923148
DOM.26_1,DOM,1994,0.537780238029353
DOM.30_1,DOM,1994,1.9294161123429
DZA.6_1,DZA,1994,1.21474713379512
DZA.19_1,DZA,1994,2.99950396825396
DZA.26_1,DZA,1994,0.589986548504529
DZA.31_1,DZA,1994,0.149540445718247
DZA.39_1,DZA,1994,5.12087444709088
DZA.48_1,DZA,1994,2.12229199372043
ECU.1_1,ECU,1994,0.705372468245822
ECU.10_1,ECU,1994,2.85657280530014
ECU.12_1,ECU,1994,0.153738709377041
ECU.17_1,ECU,1994,1.95235744260664
ECU.19_1,ECU,1994,1.8604176864089
EGY.9_1,EGY,1994,23.9331840238895
EGY.11_1,EGY,1994,15.9503464203236
EGY.16_1,EGY,1994,18.7080198722494
ERI.1_1,ERI,1994,0.252238805970149
ESP.1_1,ESP,1994,5.11371141288431
ESP.5_1,ESP,1994,2.54864234859492
ESP.8_1,ESP,1994,23.761510879308
ESP.12_1,ESP,1994,6.47540815729417
EST.1_1,EST,1994,3.89425816348879
EST.8_1,EST,1994,1.08421516754851
EST.13_1,EST,1994,2.06346869187848
EST.14_1,EST,1994,1.12496818528889
EST.15_1,EST,1994,1.03910094427451
ETH.5_1,ETH,1994,1.11217183770882
ETH.8_1,ETH,1994,0.0166361242349202
ETH.9_1,ETH,1994,0.00145246692191673
ETH.10_1,ETH,1994,0.00678745905170565
ETH.11_1,ETH,1994,0.0247195884011164
FIN.4_1,FIN,1994,7.61938470957427
FIN.5_1,FIN,1994,5.5667483144258
FJI.2_1,FJI,1994,0.0623318385650226
FJI.3_1,FJI,1994,0.367014196983128
FJI.5_1,FJI,1994,0.373181324647114
FRA.7_1,FRA,1994,13.8242717402969
FRA.8_1,FRA,1994,23.7338238784707
FRA.9_1,FRA,1994,6.65492390119109
FRA.10_1,FRA,1994,4.4530960653253
FRA.11_1,FRA,1994,5.51092148587665
GAB.2_1,GAB,1994,0.0569525938344205
GAB.3_1,GAB,1994,0.0115585384041768
GAB.4_1,GAB,1994,0.139644485425923
GBR.1_1,GBR,1994,19.412395610496
GBR.3_1,GBR,1994,4.3306391964095
GBR.4_1,GBR,1994,9.1338478867496
GEO.3_1,GEO,1994,0.031724137931034
GEO.4_1,GEO,1994,0.831881533101097
GEO.11_1,GEO,1994,0.335738068812434
GHA.1_1,GHA,1994,0.286219142187278
GHA.5_1,GHA,1994,4.14713930348256
GHA.6_1,GHA,1994,0.0511107375969973
GHA.10_1,GHA,1994,0.240254973923194
GIN.1_1,GIN,1994,0.0354144900385562
GIN.2_1,GIN,1994,7.75450901803608
GIN.5_1,GIN,1994,0.0172957789834149
GIN.8_1,GIN,1994,0.0938273212658077
GMB.3_1,GMB,1994,0.0168686537831647
GMB.5_1,GMB,1994,0.0035667963683528
GMB.6_1,GMB,1994,0.500523012552288
GNB.1_1,GNB,1994,0.000797575370872573
GNB.5_1,GNB,1994,0.0128238680973567
GNB.8_1,GNB,1994,0
GNQ.7_1,GNQ,1994,0
GRC.1_1,GRC,1994,3.847544839753
GRC.3_1,GRC,1994,23.1134789557807
GRC.4_1,GRC,1994,3.99765611920289
GTM.7_1,GTM,1994,13.2767991004499
GTM.11_1,GTM,1994,0.589787234042559
GTM.22_1,GTM,1994,0.855174981384968
GUY.3_1,GUY,1994,1.55451612903229
GUY.4_1,GUY,1994,0.018798999975726
GUY.5_1,GUY,1994,0.410709609845499
GUY.6_1,GUY,1994,0.110487699611571
HND.1_1,HND,1994,0.566150828247604
HND.3_1,HND,1994,0.210662128033373
HND.8_1,HND,1994,0.255364052057683
HND.13_1,HND,1994,0.0508585090197786
HND.15_1,HND,1994,0.0395679945389902
HND.18_1,HND,1994,0.454379769905444
HRV.4_1,HRV,1994,11.1415458937198
HRV.8_1,HRV,1994,6.60866222450028
HRV.13_1,HRV,1994,3.16947581324787
HRV.16_1,HRV,1994,2.82875945113425
HRV.18_1,HRV,1994,3.37149028077761
HTI.2_1,HTI,1994,0
HTI.4_1,HTI,1994,0
HTI.5_1,HTI,1994,0.0686832740213519
HTI.8_1,HTI,1994,0.0120418848167543
HTI.10_1,HTI,1994,0.0252045826513915
HUN.6_1,HUN,1994,3.36960160696354
HUN.7_1,HUN,1994,4.11095192613819
HUN.9_1,HUN,1994,2.86686838124046
HUN.15_1,HUN,1994,3.66537536735226
HUN.19_1,HUN,1994,4.63729835135617
IDN.10_1,IDN,1994,4.33088452815298
IDN.11_1,IDN,1994,4.2758922910522
IDN.26_1,IDN,1994,0.423815886039099
IDN.33_1,IDN,1994,4.6351612903225
IND.5_1,IND,1994,0.705561582109404
IND.11_1,IND,1994,3.42625715119844
IND.16_1,IND,1994,2.67054171785984
IND.19_1,IND,1994,2.19569104491787
IND.25_1,IND,1994,45.8261630815409
IND.32_1,IND,1994,3.28410753840436
IND.34_1,IND,1994,2.86379730064742
IND.36_1,IND,1994,3.49189871606139
IRN.13_1,IRN,1994,0.634259219003649
IRN.24_1,IRN,1994,1.02711436192702
IRN.25_1,IRN,1994,0.241146738780326
IRN.30_1,IRN,1994,0.35981452318471
IRQ.9_1,IRQ,1994,7.63790093825001
IRQ.14_1,IRQ,1994,1.25684713375792
IRQ.17_1,IRQ,1994,1.72038777542679
ISL.1_1,ISL,1994,0.244189365155858
ISL.3_1,ISL,1994,10.8037475345169
ITA.2_1,ITA,1994,18.9265350298291
ITA.6_1,ITA,1994,13.7904658721559
ITA.8_1,ITA,1994,11.9001238690216
ITA.10_1,ITA,1994,17.8248071284201
ITA.13_1,ITA,1994,9.42230774291114
ITA.16_1,ITA,1994,9.01661798373634
JOR.2_1,JOR,1994,2.93902055369145
JPN.1_1,JPN,1994,35.0284370477571
JPN.2_1,JPN,1994,7.35843776615164
JPN.4_1,JPN,1994,31.7513030004235
JPN.7_1,JPN,1994,28.4051454138702
JPN.10_1,JPN,1994,16.2944652116239
JPN.11_1,JPN,1994,10.5508095536269
JPN.15_1,JPN,1994,11.7791181364393
JPN.19_1,JPN,1994,44.0082619339045
JPN.30_1,JPN,1994,6.59576167076159
JPN.31_1,JPN,1994,11.8242769938962
JPN.33_1,JPN,1994,47.0640167364016
JPN.37_1,JPN,1994,4.44463489886839
JPN.41_1,JPN,1994,48.0312006319119
JPN.46_1,JPN,1994,9.93225609756157
KAZ.1_1,KAZ,1994,0.30901127342523
KEN.1_1,KEN,1994,0
KEN.30_1,KEN,1994,23.5540540540541
KEN.36_1,KEN,1994,0.152985074626866
KEN.44_1,KEN,1994,0.465142857142869
KGZ.3_1,KGZ,1994,2.18286335907224
KGZ.4_1,KGZ,1994,0.371718254601995
KGZ.7_1,KGZ,1994,0.91265722827042
KGZ.9_1,KGZ,1994,0.151553879243279
KHM.3_1,KHM,1994,0.0167440723539481
KHM.16_1,KHM,1994,5.42233009708739
KHM.25_1,KHM,1994,0.00341880341880343
KOR.4_1,KOR,1994,29.1553352219076
KOR.9_1,KOR,1994,11.1558814912468
KOR.10_1,KOR,1994,14.4299639266255
KOR.14_1,KOR,1994,12.152263627964
KOR.16_1,KOR,1994,62.3555417185554
LAO.1_1,LAO,1994,0
LAO.4_1,LAO,1994,0.0438808373590991
LAO.12_1,LAO,1994,0.0122433640571222
LBN.3_1,LBN,1994,61.95
LBN.4_1,LBN,1994,4.98381162619576
LBN.5_1,LBN,1994,17.803374432187
LBN.7_1,LBN,1994,8.93854231006791
LBN.8_1,LBN,1994,10.4944506104328
LBR.2_1,LBR,1994,0.00185185185185197
LBR.6_1,LBR,1994,0
LBR.11_1,LBR,1994,0.135416666666667
LBR.12_1,LBR,1994,0.000173250173250177
LBR.15_1,LBR,1994,0
LKA.5_1,LKA,1994,21.8171355498721
LKA.7_1,LKA,1994,16.5918367346938
LKA.8_1,LKA,1994,1.20757997218361
LKA.11_1,LKA,1994,4.38023679417124
LKA.17_1,LKA,1994,3.17980965329708
LTU.2_1,LTU,1994,1.86371916508535
LTU.3_1,LTU,1994,1.28129867018088
LTU.5_1,LTU,1994,1.62931585677751
LTU.8_1,LTU,1994,2.91917492917839
LTU.10_1,LTU,1994,1.22849609642508
LUX.1_1,LUX,1994,9.49561128526644
LUX.2_1,LUX,1994,13.1534391534391
LUX.3_1,LUX,1994,18.498
LVA.2_1,LVA,1994,0.812069576167725
LVA.3_1,LVA,1994,0.936581469648566
LVA.4_1,LVA,1994,0.573306189506808
LVA.5_1,LVA,1994,0.896590967875413
MAR.10_1,MAR,1994,0.366212648357992
MAR.11_1,MAR,1994,1.42677205139311
MDG.1_1,MDG,1994,0.00784702805087052
MDG.2_1,MDG,1994,0.00454909889497021
MDG.4_1,MDG,1994,0.00172722059170942
MDG.5_1,MDG,1994,0.00336306113297858
MEX.9_1,MEX,1994,38.0441404233349
MEX.15_1,MEX,1994,13.8936886395506
MEX.16_1,MEX,1994,2.39552531087731
MEX.27_1,MEX,1994,4.47136187656519
MLI.3_1,MLI,1994,0.00298822288627066
MLI.5_1,MLI,1994,0.0052205089012746
MLI.6_1,MLI,1994,0.000828361299855663
MLI.7_1,MLI,1994,0.00439425733934624
MLI.8_1,MLI,1994,0.0133869352175251
MLT.1_1,MLT,1994,62.25
MLT.5_1,MLT,1994,55.39
MMR.1_1,MMR,1994,0.118278474132966
MMR.8_1,MMR,1994,0.172860040567959
MMR.15_1,MMR,1994,3.48240398521638
MNG.9_1,MNG,1994,0.00346639393537028
MNG.13_1,MNG,1994,0.00100194001133791
MNG.22_1,MNG,1994,0.00149484405482695
MOZ.1_1,MOZ,1994,0.00102610814192085
MOZ.2_1,MOZ,1994,0.0234621451103893
MOZ.7_1,MOZ,1994,0.0432147693120786
MRT.1_1,MRT,1994,0
MRT.2_1,MRT,1994,0.000194134548184184
MRT.3_1,MRT,1994,0.000628080007730093
MRT.5_1,MRT,1994,0.0129987037303766
MWI.9_1,MWI,1994,0.00771074294050189
MWI.11_1,MWI,1994,0.08291743904178
MWI.12_1,MWI,1994,0.0277906976744182
MWI.27_1,MWI,1994,0.369952494061762
MWI.28_1,MWI,1994,0.349704142011838
MYS.1_1,MYS,1994,3.75115584665771
MYS.2_1,MYS,1994,2.2934134525806
MYS.8_1,MYS,1994,1.0424345295827
MYS.11_1,MYS,1994,20.3058902275769
NAM.7_1,NAM,1994,0.0127518388231541
NAM.9_1,NAM,1994,0.0302331228751774
NAM.12_1,NAM,1994,0.0277838823366756
NER.2_1,NER,1994,0.0188430148823829
NER.3_1,NER,1994,0.0209509779851034
NER.5_1,NER,1994,13.4637681159421
NER.6_1,NER,1994,0.00870338501569176
NER.7_1,NER,1994,0.00676238491889458
NER.8_1,NER,1994,0.0020244935646653
NGA.6_1,NGA,1994,15.3291003814312
NGA.20_1,NGA,1994,0.786325678496965
NGA.21_1,NGA,1994,0.21459644076938
NGA.25_1,NGA,1994,10.9151101532568
NGA.27_1,NGA,1994,0.133477393617025
NGA.28_1,NGA,1994,0.829760770614936
NIC.4_1,NIC,1994,2.46636363636363
NIC.6_1,NIC,1994,0.162835533145486
NIC.13_1,NIC,1994,1.84169442131558
NIC.14_1,NIC,1994,6.90316205533596
NIC.18_1,NIC,1994,0.548005565862717
NLD.12_1,NLD,1994,17.4557481751824
NLD.14_1,NLD,1994,40.094867185939
NOR.1_1,NOR,1994,16.7837137401108
NOR.2_1,NOR,1994,11.546269806338
NOR.4_1,NOR,1994,4.31126077742725
NOR.7_1,NOR,1994,3.61490428183049
NOR.8_1,NOR,1994,3.61885003759806
NOR.19_1,NOR,1994,19.656111335216
NPL.1_1,NPL,1994,0.244811804623963
NPL.2_1,NPL,1994,0.156190070317482
NPL.3_1,NPL,1994,0.0190387198504915
NPL.5_1,NPL,1994,0
NZL.2_1,NZL,1994,1.31482922611322
NZL.3_1,NZL,1994,0.225015667293335
NZL.14_1,NZL,1994,9.11068702290075
NZL.15_1,NZL,1994,1.96814848762605
NZL.17_1,NZL,1994,0.681719520789248
NZL.18_1,NZL,1994,2.08616320324377
OMN.9_1,OMN,1994,0.304991935374692
PAK.2_1,PAK,1994,0.186572985896744
PAK.5_1,PAK,1994,3.12937042330302
PAK.7_1,PAK,1994,4.2486820272629
PAK.8_1,PAK,1994,2.11008652266446
PAN.7_1,PAN,1994,0.17760910815939
PAN.9_1,PAN,1994,0.487125526120352
PAN.12_1,PAN,1994,0.503091092606612
PER.2_1,PER,1994,0.268774457266764
PER.3_1,PER,1994,0.06756822850436
PER.8_1,PER,1994,0.0834842995169511
PER.15_1,PER,1994,20.5634674922599
PER.25_1,PER,1994,0.428422308380583
PHL.36_1,PHL,1994,1.24449499545032
PHL.47_1,PHL,1994,57.5411954765751
PHL.61_1,PHL,1994,1.56875802310656
PHL.71_1,PHL,1994,0.0480274442538593
PNG.4_1,PNG,1994,0.0122370115929583
PNG.8_1,PNG,1994,0.000244857982370236
PNG.9_1,PNG,1994,0.00800038789759442
PNG.19_1,PNG,1994,0.129315678752639
PNG.21_1,PNG,1994,0.0930487804878043
POL.1_1,POL,1994,5.28187419401085
POL.2_1,POL,1994,4.84012285312657
POL.4_1,POL,1994,1.84378490684051
POL.6_1,POL,1994,5.50335055405788
POL.7_1,POL,1994,3.86182648676324
POL.8_1,POL,1994,4.27952290977818
POL.11_1,POL,1994,3.11732468403962
POL.14_1,POL,1994,2.42122619804108
POL.16_1,POL,1994,1.89553072625715
PRK.11_1,PRK,1994,0.431397849462361
PRT.9_1,PRT,1994,7.53784925276214
PRT.12_1,PRT,1994,21.6291448516584
PRY.6_1,PRY,1994,0.271632758176718
PRY.12_1,PRY,1994,0.795619609623231
PRY.13_1,PRY,1994,0.668068543963174
ROU.1_1,ROU,1994,0.975954124903611
ROU.14_1,ROU,1994,1.49727198326818
ROU.15_1,ROU,1994,2.03677054824748
ROU.17_1,ROU,1994,4.26815685077816
ROU.35_1,ROU,1994,1.07443329198154
ROU.36_1,ROU,1994,2.0607853868781
ROU.39_1,ROU,1994,0.638672449279712
ROU.40_1,ROU,1994,0.991928632115538
RUS.14_1,RUS,1994,36.6330206778943
RUS.28_1,RUS,1994,0.100263929522884
RUS.32_1,RUS,1994,0.542192026021802
RUS.38_1,RUS,1994,2.15863867314326
RUS.43_1,RUS,1994,58.8385032003939
RUS.51_1,RUS,1994,1.29317170422781
RUS.65_1,RUS,1994,2.5961662808909
RUS.69_1,RUS,1994,0.628532365420026
RWA.2_1,RWA,1994,0.0052914798206281
RWA.4_1,RWA,1994,0.0365076899176601
SDN.12_1,SDN,1994,0.0476466208949815
SEN.3_1,SEN,1994,0.0724164425662696
SEN.8_1,SEN,1994,0.00228870361288207
SLB.1_1,SLB,1994,0.0267022696929238
SLB.6_1,SLB,1994,0
SLB.7_1,SLB,1994,0.0073210971334293
SLB.10_1,SLB,1994,0.0163250498820958
SLE.1_1,SLE,1994,0.0148229280759395
SLE.2_1,SLE,1994,0.0190408169467817
SLE.3_1,SLE,1994,0.0193526774210197
SLE.4_1,SLE,1994,0.189261744966442
SLV.5_1,SLV,1994,7.41740331491712
SLV.10_1,SLV,1994,17.2716650438169
SLV.12_1,SLV,1994,2.42191435768261
SLV.14_1,SLV,1994,1.08499566348656
SOM.1_1,SOM,1994,0.00198943317461338
SOM.8_1,SOM,1994,0.00400840382595384
SRB.2_1,SRB,1994,1.15286458333332
SRB.23_1,SRB,1994,0.509159347553316
SSD.8_1,SSD,1994,0.0255360567976757
SUR.3_1,SUR,1994,0.0308911973756141
SUR.7_1,SUR,1994,26.8380681818182
SUR.10_1,SUR,1994,7.11371841155235
SVK.1_1,SVK,1994,3.91382195448449
SVK.2_1,SVK,1994,15.1606225014279
SVK.3_1,SVK,1994,5.73922607739228
SVK.4_1,SVK,1994,8.63052486187858
SVK.5_1,SVK,1994,5.4776926100628
SVK.7_1,SVK,1994,10.1505084745763
SVN.2_1,SVN,1994,2.51498816723637
SVN.3_1,SVN,1994,2.50233523611834
SVN.5_1,SVN,1994,2.49923508414073
SVN.7_1,SVN,1994,6.63700168444685
SVN.9_1,SVN,1994,6.64584323040377
SVN.10_1,SVN,1994,6.28414096916298
SWE.5_1,SWE,1994,6.88052208835355
SWE.13_1,SWE,1994,11.1415690814378
SWE.14_1,SWE,1994,7.5571852451277
SWE.15_1,SWE,1994,16.6223852040826
SWE.16_1,SWE,1994,6.27364100845951
SWE.21_1,SWE,1994,8.03538403174076
SWZ.3_1,SWZ,1994,1.48582354038421
SYR.2_1,SYR,1994,3.44426591685112
SYR.11_1,SYR,1994,9.42737430167613
SYR.13_1,SYR,1994,2.37444767074889
TCD.3_1,TCD,1994,0.00042314055873512
TCD.5_1,TCD,1994,0
TCD.22_1,TCD,1994,5.78556485355649
TGO.2_1,TGO,1994,1.08945777441901
TGO.3_1,TGO,1994,0.306706432371419
THA.3_1,THA,1994,47.2294557097117
THA.10_1,THA,1994,1.29597434851924
THA.25_1,THA,1994,0.117290748898677
THA.31_1,THA,1994,2.23498075029096
THA.36_1,THA,1994,27.9955555555555
THA.70_1,THA,1994,1.3916009994234
TJK.2_1,TJK,1994,0.0055491174897476
TJK.3_1,TJK,1994,1.51449296262122
TJK.4_1,TJK,1994,1.20070914065536
TJK.5_1,TJK,1994,1.04225929591357
TLS.2_1,TLS,1994,0
TLS.4_1,TLS,1994,0.124671052631576
TLS.7_1,TLS,1994,1.25564971751412
TLS.11_1,TLS,1994,0.0131652661064426
TLS.13_1,TLS,1994,0.0174418604651166
TUN.5_1,TUN,1994,1.74461722488027
TUN.12_1,TUN,1994,5.2173343807279
TUN.16_1,TUN,1994,8.15085842949628
TUN.20_1,TUN,1994,5.55909209496473
TUN.23_1,TUN,1994,45.4302949061662
TUR.30_1,TUR,1994,0.453668083957623
TUR.39_1,TUR,1994,1.10288611544464
TUR.40_1,TUR,1994,15.4092217045768
TUR.70_1,TUR,1994,0.489975663460421
TZA.4_1,TZA,1994,0.00604849044031014
TZA.15_1,TZA,1994,0.038936400867254
TZA.20_1,TZA,1994,0.0538091391240048
TZA.29_1,TZA,1994,0.120661157024794
UGA.48_1,UGA,1994,0
UKR.2_1,UKR,1994,2.33475635518566
UKR.5_1,UKR,1994,7.58500083297846
UKR.6_1,UKR,1994,10.1200995372389
UKR.9_1,UKR,1994,1.75195522877341
UKR.17_1,UKR,1994,2.48371281369491
UKR.19_1,UKR,1994,0.929038541811541
UKR.21_1,UKR,1994,4.25711110048797
USA.4_1,USA,1994,3.75503291299462
USA.7_1,USA,1994,27.0859778343755
USA.8_1,USA,1994,15.0432644214738
USA.10_1,USA,1994,11.5310182117462
USA.12_1,USA,1994,1.95449724225696
USA.14_1,USA,1994,9.92933405193521
USA.22_1,USA,1994,29.1153487923945
USA.24_1,USA,1994,5.59410539486948
USA.33_1,USA,1994,11.9841569333373
USA.37_1,USA,1994,3.92138573244471
USA.39_1,USA,1994,15.5294127526265
UZB.4_1,UZB,1994,1.13216090985716
UZB.10_1,UZB,1994,4.01248627226281
VEN.5_1,VEN,1994,0.786698010163124
VEN.21_1,VEN,1994,4.23728237791919
VEN.24_1,VEN,1994,3.78311520207098
VNM.4_1,VNM,1994,0.0221431395808618
VNM.27_1,VNM,1994,6.97917737789203
VNM.57_1,VNM,1994,0.685990712074327
XKO.1_1,XKO,1994,3.14501891551072
XKO.3_1,XKO,1994,1.79399701715134
XKO.5_1,XKO,1994,3.24126290706911
XKO.6_1,XKO,1994,1.66249999999999
YEM.2_1,YEM,1994,0.276516156417459
YEM.19_1,YEM,1994,0.41713472901017
ZAF.1_1,ZAF,1994,0.653560853138583
ZAF.3_1,ZAF,1994,16.5788701564834
ZAF.4_1,ZAF,1994,1.93551022932135
ZMB.2_1,ZMB,1994,0.271470951066268
ZMB.6_1,ZMB,1994,0.00501577542269806
ZMB.9_1,ZMB,1994,0.0505339532982553
ZWE.6_1,ZWE,1994,0.150151394422389
ZWE.9_1,ZWE,1994,0.068992812300982
ZWE.10_1,ZWE,1994,0.243737890949374
AFG.14_1,AFG,1995,0.0813725490196064
AFG.15_1,AFG,1995,0.0180146153214461
AFG.26_1,AFG,1995,0.0049968769519055
AGO.2_1,AGO,1995,0.0450433733821843
AGO.11_1,AGO,1995,6.04311543810854
ALB.1_1,ALB,1995,2.23020134228187
ALB.8_1,ALB,1995,0.284412470023976
ALB.10_1,ALB,1995,0.359411085450346
ALB.11_1,ALB,1995,2.87183544303797
ARE.1_1,ARE,1995,2.75309801816385
ARG.1_1,ARG,1995,1.53859734176951
ARG.6_1,ARG,1995,0.884091080149162
ARG.12_1,ARG,1995,0.171165021062534
ARG.14_1,ARG,1995,1.16701466895725
ARG.19_1,ARG,1995,0.234468274531797
ARG.20_1,ARG,1995,0.186909686244173
AUS.5_1,AUS,1995,0.496677507541463
AUS.7_1,AUS,1995,0.179130864713402
AUS.8_1,AUS,1995,0.123408270093103
AUT.3_1,AUT,1995,7.90684664964111
AUT.4_1,AUT,1995,7.64769731741322
AUT.6_1,AUT,1995,6.10735950044637
AUT.9_1,AUT,1995,51.9107142857143
AZE.1_1,AZE,1995,1.83054774118813
AZE.4_1,AZE,1995,2.24102193299594
AZE.7_1,AZE,1995,0.74934465110474
AZE.10_1,AZE,1995,0.451714234428324
BDI.2_1,BDI,1995,12.4246575342466
BDI.3_1,BDI,1995,0.479256965944272
BDI.4_1,BDI,1995,0.0252586731588567
BDI.7_1,BDI,1995,0
BDI.14_1,BDI,1995,0
BEL.1_1,BEL,1995,61.8546712802768
BEL.2_1,BEL,1995,39.1101245152074
BEL.3_1,BEL,1995,18.7141934347279
BEN.2_1,BEN,1995,0.0224222863937494
BEN.3_1,BEN,1995,1.15428571428571
BEN.4_1,BEN,1995,0.0668519930054172
BFA.1_1,BFA,1995,0.0188548328707573
BFA.7_1,BFA,1995,2.80349344978159
BFA.10_1,BFA,1995,0.0364875701684114
BGD.3_1,BGD,1995,3.22675193986464
BGD.4_1,BGD,1995,1.78747455498279
BGR.8_1,BGR,1995,2.04633378317591
BGR.14_1,BGR,1995,4.57359763812729
BGR.19_1,BGR,1995,3.20073891625608
BGR.22_1,BGR,1995,3.87839525444889
BGR.26_1,BGR,1995,1.63852556480382
BIH.2_1,BIH,1995,1.08527755430409
BIH.3_1,BIH,1995,0.816253776435192
BLR.1_1,BLR,1995,1.59792558759155
BLR.5_1,BLR,1995,2.44392948535685
BLR.6_1,BLR,1995,1.1229161069104
BOL.2_1,BOL,1995,0.509431675277574
BOL.3_1,BOL,1995,0.028303405240516
BOL.5_1,BOL,1995,0.149891548384658
BOL.8_1,BOL,1995,0.0933614404508446
BRA.10_1,BRA,1995,0.315116026332023
BRA.13_1,BRA,1995,0.939079012641784
BRA.17_1,BRA,1995,2.72653300970075
BRA.19_1,BRA,1995,7.91080758322309
BRA.25_1,BRA,1995,4.95382077711584
BRN.2_1,BRN,1995,43.5761589403973
BTN.7_1,BTN,1995,0
BTN.8_1,BTN,1995,0.0833333333333338
BTN.10_1,BTN,1995,0
BTN.14_1,BTN,1995,0.234693877551017
BWA.1_1,BWA,1995,0.0653484031379137
BWA.15_1,BWA,1995,0.0128737034777263
CAF.15_1,CAF,1995,0
CAF.14_1,CAF,1995,0.00653521963536297
CAF.17_1,CAF,1995,0
CAN.2_1,CAN,1995,0.628769262557102
CAN.9_1,CAN,1995,1.61093050464743
CAN.11_1,CAN,1995,1.22518141814937
CHE.1_1,CHE,1995,26.8037558685446
CHE.2_1,CHE,1995,17.7112171837708
CHE.5_1,CHE,1995,50.3333333333333
CHE.6_1,CHE,1995,9.33948717948658
CHE.7_1,CHE,1995,9.95366639806601
CHE.10_1,CHE,1995,3.18081625624227
CHE.12_1,CHE,1995,12.5432692307692
CHE.13_1,CHE,1995,12.495358649789
CHE.16_1,CHE,1995,13.5380209990457
CHE.21_1,CHE,1995,6.08714329548949
CHE.23_1,CHE,1995,5.74514332291815
CHE.24_1,CHE,1995,12.3815572806399
CHE.25_1,CHE,1995,25.8405797101449
CHE.26_1,CHE,1995,32.8664421997752
CHL.11_1,CHL,1995,0.174386559819568
CHL.14_1,CHL,1995,3.88540213853993
CHL.16_1,CHL,1995,1.7113626700678
CHN.2_1,CHN,1995,12.9968786265952
CHN.15_1,CHN,1995,7.1012323810371
CHN.26_1,CHN,1995,0.374300217100068
CHN.31_1,CHN,1995,4.02967356668408
CIV.5_1,CIV,1995,0.202793834296737
CIV.6_1,CIV,1995,0.284432387312185
CIV.8_1,CIV,1995,0.0656205420827416
CIV.13_1,CIV,1995,2.18648984666387
CMR.10_1,CMR,1995,0.0254578354600148
COD.18_1,COD,1995,0.00214144226136353
COD.22_1,COD,1995,0.0480690419941138
COD.24_1,COD,1995,0.00588225615374097
COG.4_1,COG,1995,0
COG.8_1,COG,1995,0.0294294776568781
COL.2_1,COL,1995,1.8353850519581
COL.13_1,COL,1995,1.6484470317565
COL.14_1,COL,1995,5.81741436629194
COL.22_1,COL,1995,1.02505971259644
COL.25_1,COL,1995,5.52380952380972
CRI.4_1,CRI,1995,4.41256245538904
CRI.7_1,CRI,1995,5.73326554821249
CUB.7_1,CUB,1995,1.30506195370283
CUB.16_1,CUB,1995,1.30923842891388
CZE.2_1,CZE,1995,11.6909486016628
CZE.5_1,CZE,1995,13.4076086956522
CZE.7_1,CZE,1995,15.2006396588484
CZE.8_1,CZE,1995,11.9135067376997
CZE.10_1,CZE,1995,6.71038455783345
CZE.11_1,CZE,1995,48.9249146757679
CZE.12_1,CZE,1995,10.2735692102929
CZE.14_1,CZE,1995,13.3624887285843
DEU.3_1,DEU,1995,55.5076380728554
DEU.6_1,DEU,1995,50.5624133148406
DEU.9_1,DEU,1995,11.1990454061605
DEU.10_1,DEU,1995,23.4420842796691
DEU.11_1,DEU,1995,12.1109272915909
DNK.1_1,DNK,1995,23.5588928150766
DNK.2_1,DNK,1995,12.0002705000385
DNK.3_1,DNK,1995,9.63118846207185
DNK.5_1,DNK,1995,12.9658591488909
DOM.26_1,DOM,1995,0.869914198726809
DOM.30_1,DOM,1995,2.2398373983741
DZA.6_1,DZA,1995,1.65174882150972
DZA.19_1,DZA,1995,3.2433035714286
DZA.26_1,DZA,1995,0.799137521759743
DZA.31_1,DZA,1995,0.213865691555033
DZA.39_1,DZA,1995,5.07383463763176
DZA.48_1,DZA,1995,2.97543171114627
ECU.1_1,ECU,1995,1.48111912118085
ECU.10_1,ECU,1995,4.05270290618898
ECU.12_1,ECU,1995,0.3306639351895
ECU.17_1,ECU,1995,2.43931539537555
ECU.19_1,ECU,1995,2.15956926089089
EGY.9_1,EGY,1995,27.5841731989548
EGY.11_1,EGY,1995,16.8758018988962
EGY.16_1,EGY,1995,21.0123491838186
ERI.1_1,ERI,1995,0.570895522388055
ESP.1_1,ESP,1995,5.61078955179857
ESP.5_1,ESP,1995,3.23179123596159
ESP.8_1,ESP,1995,25.4458479341539
ESP.12_1,ESP,1995,7.30683480601537
EST.1_1,EST,1995,4.75071225071226
EST.8_1,EST,1995,1.26609347442685
EST.13_1,EST,1995,2.68273403595787
EST.14_1,EST,1995,1.35072537541357
EST.15_1,EST,1995,1.24231945737467
ETH.5_1,ETH,1995,1.56165473349244
ETH.8_1,ETH,1995,0.0396402759663805
ETH.9_1,ETH,1995,0.00245965201376008
ETH.10_1,ETH,1995,0.0185496785101529
ETH.11_1,ETH,1995,0.0375524847720166
FIN.4_1,FIN,1995,11.0766306981961
FIN.5_1,FIN,1995,7.84866987147224
FJI.2_1,FJI,1995,0.122869955156949
FJI.3_1,FJI,1995,0.367790594498692
FJI.5_1,FJI,1995,0.410640608034737
FRA.7_1,FRA,1995,16.3292056325939
FRA.8_1,FRA,1995,27.1169238072645
FRA.9_1,FRA,1995,7.94668341946787
FRA.10_1,FRA,1995,5.66056154212437
FRA.11_1,FRA,1995,6.59164309233233
GAB.2_1,GAB,1995,0.107261494520502
GAB.3_1,GAB,1995,0.0262863534675639
GAB.4_1,GAB,1995,0.190692075201026
GBR.1_1,GBR,1995,20.6451338602454
GBR.3_1,GBR,1995,5.01280659476705
GBR.4_1,GBR,1995,9.75485753782586
GEO.3_1,GEO,1995,0.209655172413795
GEO.4_1,GEO,1995,1.18569378971104
GEO.11_1,GEO,1995,0.325317548403004
GHA.1_1,GHA,1995,0.713729140808217
GHA.5_1,GHA,1995,5.66766169154209
GHA.6_1,GHA,1995,0.0564893408409925
GHA.10_1,GHA,1995,0.38052926405246
GIN.1_1,GIN,1995,0.0391973195950684
GIN.2_1,GIN,1995,9.41482965931862
GIN.5_1,GIN,1995,0.0543691561814677
GIN.8_1,GIN,1995,0.00510483135824822
GMB.3_1,GMB,1995,0.038978054372748
GMB.5_1,GMB,1995,0.0142671854734112
GMB.6_1,GMB,1995,0.669456066945613
GNB.1_1,GNB,1995,0.000957090445047019
GNB.5_1,GNB,1995,0.0128238680973567
GNB.8_1,GNB,1995,0
GNQ.7_1,GNQ,1995,0
GRC.1_1,GRC,1995,4.46648044692724
GRC.3_1,GRC,1995,23.1594743384832
GRC.4_1,GRC,1995,4.6038841453204
GTM.7_1,GTM,1995,14.9077961019491
GTM.11_1,GTM,1995,0.712624113475183
GTM.22_1,GTM,1995,1.042069992554
GUY.3_1,GUY,1995,2.0587096774194
GUY.4_1,GUY,1995,0.0281560232044258
GUY.5_1,GUY,1995,0.632888190625793
GUY.6_1,GUY,1995,0.182347863616741
HND.1_1,HND,1995,0.800130775937237
HND.3_1,HND,1995,0.388821785439791
HND.8_1,HND,1995,0.489037401805605
HND.13_1,HND,1995,0.0193436209519666
HND.15_1,HND,1995,0.136330391535403
HND.18_1,HND,1995,0.567376694384315
HRV.4_1,HRV,1995,12.8280193236715
HRV.8_1,HRV,1995,7.25935417734498
HRV.13_1,HRV,1995,4.18169560087639
HRV.16_1,HRV,1995,3.95323438812666
HRV.18_1,HRV,1995,4.21443998765801
HTI.2_1,HTI,1995,0
HTI.4_1,HTI,1995,0.146726862302483
HTI.5_1,HTI,1995,0.150889679715301
HTI.8_1,HTI,1995,0.227225130890055
HTI.10_1,HTI,1995,0.154500818330607
HUN.6_1,HUN,1995,4.97154335453633
HUN.7_1,HUN,1995,7.39461954791462
HUN.9_1,HUN,1995,4.93256969958943
HUN.15_1,HUN,1995,4.41985038738994
HUN.19_1,HUN,1995,6.70076227619221
IDN.10_1,IDN,1995,5.77566314959102
IDN.11_1,IDN,1995,5.93628090851485
IDN.26_1,IDN,1995,0.725861387629036
IDN.33_1,IDN,1995,6.29806451612915
IND.5_1,IND,1995,0.957059412549852
IND.11_1,IND,1995,4.24641514201756
IND.16_1,IND,1995,3.14898693175466
IND.19_1,IND,1995,2.76302558409771
IND.25_1,IND,1995,46.4987493746873
IND.32_1,IND,1995,3.99256315322253
IND.34_1,IND,1995,3.22068632441631
IND.36_1,IND,1995,4.05739900229017
IRN.13_1,IRN,1995,0.785121775196604
IRN.24_1,IRN,1995,1.28676483028229
IRN.25_1,IRN,1995,0.294990663833769
IRN.30_1,IRN,1995,0.426617672791109
IRQ.9_1,IRQ,1995,9.01854680340395
IRQ.14_1,IRQ,1995,1.62038216560511
IRQ.17_1,IRQ,1995,2.26932652807142
ISL.1_1,ISL,1995,0.233388630241993
ISL.3_1,ISL,1995,8.19773175542407
ITA.2_1,ITA,1995,19.842141386411
ITA.6_1,ITA,1995,15.6199349945827
ITA.8_1,ITA,1995,12.6820336062046
ITA.10_1,ITA,1995,19.6109545363965
ITA.13_1,ITA,1995,10.861752516282
ITA.16_1,ITA,1995,9.85738533196327
JOR.2_1,JOR,1995,3.5054530201343
JPN.1_1,JPN,1995,36.3848046309692
JPN.2_1,JPN,1995,7.94287626231911
JPN.4_1,JPN,1995,33.31215664178
JPN.7_1,JPN,1995,30.416853094705
JPN.10_1,JPN,1995,18.0270107319426
JPN.11_1,JPN,1995,12.1011718400576
JPN.15_1,JPN,1995,14.0026622296173
JPN.19_1,JPN,1995,45.5798653610771
JPN.30_1,JPN,1995,8.15159705159681
JPN.31_1,JPN,1995,13.4147903532465
JPN.33_1,JPN,1995,47.4221757322176
JPN.37_1,JPN,1995,5.84161810078827
JPN.41_1,JPN,1995,48.2997630331751
JPN.46_1,JPN,1995,11.3352439024395
KAZ.1_1,KAZ,1995,0.229458560420473
KEN.1_1,KEN,1995,0.00335824028209214
KEN.30_1,KEN,1995,25.9914004914005
KEN.36_1,KEN,1995,0.817451205510908
KEN.44_1,KEN,1995,0.526571428571446
KGZ.3_1,KGZ,1995,1.5660168081571
KGZ.4_1,KGZ,1995,0.45357085832885
KGZ.7_1,KGZ,1995,1.14219640137653
KGZ.9_1,KGZ,1995,0.192839998753264
KHM.3_1,KHM,1995,0.0444879002688843
KHM.16_1,KHM,1995,7.79126213592232
KHM.25_1,KHM,1995,0.0048840048840049
KOR.4_1,KOR,1995,31.1369216241738
KOR.9_1,KOR,1995,12.7059986816077
KOR.10_1,KOR,1995,15.773121498196
KOR.14_1,KOR,1995,13.3154296273481
KOR.16_1,KOR,1995,62.6650062266501
LAO.1_1,LAO,1995,0.0130357142857119
LAO.4_1,LAO,1995,0.0870803914282078
LAO.12_1,LAO,1995,0.0229835040943074
LBN.3_1,LBN,1995,62.9666666666667
LBN.4_1,LBN,1995,6.83222958057393
LBN.5_1,LBN,1995,21.610642439974
LBN.7_1,LBN,1995,11.6936380481778
LBN.8_1,LBN,1995,12.6193118756937
LBR.2_1,LBR,1995,0
LBR.6_1,LBR,1995,0.00109739368998638
LBR.11_1,LBR,1995,0.27403846153846
LBR.12_1,LBR,1995,0.00138600138600142
LBR.15_1,LBR,1995,0
LKA.5_1,LKA,1995,25.5485933503836
LKA.7_1,LKA,1995,18.4496379196841
LKA.8_1,LKA,1995,2.26425591098751
LKA.11_1,LKA,1995,5.62477231329689
LKA.17_1,LKA,1995,5.42692046227056
LTU.2_1,LTU,1995,1.5936242884251
LTU.3_1,LTU,1995,1.16688630645742
LTU.5_1,LTU,1995,1.624760230179
LTU.8_1,LTU,1995,2.33587110481588
LTU.10_1,LTU,1995,1.07252431173813
LUX.1_1,LUX,1995,10.2263322884013
LUX.2_1,LUX,1995,15.1728395061729
LUX.3_1,LUX,1995,19.7613333333333
LVA.2_1,LVA,1995,0.859116130809472
LVA.3_1,LVA,1995,1.16198083067093
LVA.4_1,LVA,1995,0.773670488231669
LVA.5_1,LVA,1995,1.03300398323943
MAR.10_1,MAR,1995,0.483221062501168
MAR.11_1,MAR,1995,1.60985996824007
MDG.1_1,MDG,1995,0.00478037341030026
MDG.2_1,MDG,1995,0.00794785094293578
MDG.4_1,MDG,1995,0.00315082818878007
MDG.5_1,MDG,1995,0.00818760068424138
MEX.9_1,MEX,1995,39.3995869901904
MEX.15_1,MEX,1995,14.9246493688632
MEX.16_1,MEX,1995,2.88531423535621
MEX.27_1,MEX,1995,5.43615729143015
MLI.3_1,MLI,1995,0.00330629703102756
MLI.5_1,MLI,1995,0.0100926092429415
MLI.6_1,MLI,1995,0.00138806488083856
MLI.7_1,MLI,1995,0.0112401570713307
MLI.8_1,MLI,1995,0.0263542597254883
MLT.1_1,MLT,1995,62.6785714285714
MLT.5_1,MLT,1995,56.98
MMR.1_1,MMR,1995,0.16811032983458
MMR.8_1,MMR,1995,0.227559161595665
MMR.15_1,MMR,1995,4.33376185119684
MNG.9_1,MNG,1995,0.00413000538696032
MNG.13_1,MNG,1995,0.00132527523411744
MNG.22_1,MNG,1995,0.00105568082968123
MOZ.1_1,MOZ,1995,0.00190954884164879
MOZ.2_1,MOZ,1995,0.0357368183866641
MOZ.7_1,MOZ,1995,0.0455871506104269
MRT.1_1,MRT,1995,0
MRT.2_1,MRT,1995,0.00287319131312562
MRT.3_1,MRT,1995,0.00256063387766942
MRT.5_1,MRT,1995,0.0171395650295275
MWI.9_1,MWI,1995,0.0284463894967181
MWI.11_1,MWI,1995,0.121346071581354
MWI.12_1,MWI,1995,0.0658139534883713
MWI.27_1,MWI,1995,1.05225653206651
MWI.28_1,MWI,1995,0.586982248520708
MYS.1_1,MYS,1995,4.96811789635971
MYS.2_1,MYS,1995,3.60890627911305
MYS.8_1,MYS,1995,1.48805771096028
MYS.11_1,MYS,1995,22.9236947791165
NAM.7_1,NAM,1995,0.0414934441957143
NAM.9_1,NAM,1995,0.0464303059737648
NAM.12_1,NAM,1995,0.0383122115595938
NER.2_1,NER,1995,0.0350456072971637
NER.3_1,NER,1995,0.0347000572878321
NER.5_1,NER,1995,15.4037267080745
NER.6_1,NER,1995,0.0130097902788692
NER.7_1,NER,1995,0.0166155195089898
NER.8_1,NER,1995,0.00350621073450162
NGA.6_1,NGA,1995,18.0922876546661
NGA.20_1,NGA,1995,1.04922755741144
NGA.21_1,NGA,1995,0.300988675175271
NGA.25_1,NGA,1995,12.3345306513409
NGA.27_1,NGA,1995,0.162483377659592
NGA.28_1,NGA,1995,1.43611728591078
NIC.4_1,NIC,1995,3.09272727272726
NIC.6_1,NIC,1995,0.233427257897082
NIC.13_1,NIC,1995,2.65133222314734
NIC.14_1,NIC,1995,9.02569169960474
NIC.18_1,NIC,1995,0.663729128014847
NLD.12_1,NLD,1995,18.1000608272506
NLD.14_1,NLD,1995,42.6966247253849
NOR.1_1,NOR,1995,20.2215149586251
NOR.2_1,NOR,1995,13.8620158450705
NOR.4_1,NOR,1995,4.73687113536613
NOR.7_1,NOR,1995,4.46581898504753
NOR.8_1,NOR,1995,5.27835965195002
NOR.19_1,NOR,1995,21.704316256555
NPL.1_1,NPL,1995,0.383650280123054
NPL.2_1,NPL,1995,0.266354144470479
NPL.3_1,NPL,1995,0.0200899375109497
NPL.5_1,NPL,1995,0
NZL.2_1,NZL,1995,1.68923476005193
NZL.3_1,NZL,1995,0.295571822872936
NZL.14_1,NZL,1995,10.5603053435115
NZL.15_1,NZL,1995,2.43217231897341
NZL.17_1,NZL,1995,1.07884425651852
NZL.18_1,NZL,1995,2.35411387058635
OMN.9_1,OMN,1995,0.423758793152483
PAK.2_1,PAK,1995,0.245306674502284
PAK.5_1,PAK,1995,3.95662359476017
PAK.7_1,PAK,1995,5.22894569182153
PAK.8_1,PAK,1995,2.77109178336237
PAN.7_1,PAN,1995,0.695635673624271
PAN.9_1,PAN,1995,0.885120079227558
PAN.12_1,PAN,1995,0.579989906636385
PER.2_1,PER,1995,0.41609132374572
PER.3_1,PER,1995,0.159199843490204
PER.8_1,PER,1995,0.132606373095576
PER.15_1,PER,1995,22.0894736842106
PER.25_1,PER,1995,0.776617954070958
PHL.36_1,PHL,1995,1.75523202911733
PHL.47_1,PHL,1995,59.2665589660743
PHL.61_1,PHL,1995,1.4916559691913
PHL.71_1,PHL,1995,0.0514579759862771
PNG.4_1,PNG,1995,0.0463718334048852
PNG.8_1,PNG,1995,0
PNG.9_1,PNG,1995,0.0215283165244367
PNG.19_1,PNG,1995,0.299529761168194
PNG.21_1,PNG,1995,0.22048780487804
POL.1_1,POL,1995,8.52692362802719
POL.2_1,POL,1995,5.94202677098006
POL.4_1,POL,1995,5.12271569634972
POL.6_1,POL,1995,11.2378706199465
POL.7_1,POL,1995,7.4611743847118
POL.8_1,POL,1995,8.26547000472367
POL.11_1,POL,1995,5.07309025836065
POL.14_1,POL,1995,3.06884764555081
POL.16_1,POL,1995,3.51336126629437
PRK.11_1,PRK,1995,0.54967741935483
PRT.9_1,PRT,1995,8.43989603638755
PRT.12_1,PRT,1995,23.7973074046367
PRY.6_1,PRY,1995,0.517447849600742
PRY.12_1,PRY,1995,1.33204720835226
PRY.13_1,PRY,1995,0.919178726294311
ROU.1_1,ROU,1995,2.33808789514261
ROU.14_1,ROU,1995,3.39665363280897
ROU.15_1,ROU,1995,2.81636797033639
ROU.17_1,ROU,1995,5.64006713457435
ROU.35_1,ROU,1995,2.33607759106812
ROU.36_1,ROU,1995,3.82499828966284
ROU.39_1,ROU,1995,0.769112025874792
ROU.40_1,ROU,1995,1.8636363636364
RUS.14_1,RUS,1995,41.2807503730549
RUS.28_1,RUS,1995,0.0944104202804873
RUS.32_1,RUS,1995,0.55066642287207
RUS.38_1,RUS,1995,2.73820981713151
RUS.43_1,RUS,1995,61.2481536189069
RUS.51_1,RUS,1995,1.25395706504095
RUS.65_1,RUS,1995,2.32366860023778
RUS.69_1,RUS,1995,0.4797156591797
RWA.2_1,RWA,1995,0.0281614349775789
RWA.4_1,RWA,1995,0.0720832686033902
SDN.12_1,SDN,1995,0.0490603779543925
SEN.3_1,SEN,1995,0.0735689588935848
SEN.8_1,SEN,1995,0.0115525039507379
SLB.1_1,SLB,1995,0.0534045393858475
SLB.6_1,SLB,1995,0
SLB.7_1,SLB,1995,0.0136110538255306
SLB.10_1,SLB,1995,0.0311989842191198
SLE.1_1,SLE,1995,0.0247535596933171
SLE.2_1,SLE,1995,0.00586572652949776
SLE.3_1,SLE,1995,0.0219553677266448
SLE.4_1,SLE,1995,0.389261744966445
SLV.5_1,SLV,1995,8.76022099447512
SLV.10_1,SLV,1995,20.1265822784809
SLV.12_1,SLV,1995,3.0478589420655
SLV.14_1,SLV,1995,1.88638334778839
SOM.1_1,SOM,1995,0.00619659513404177
SOM.8_1,SOM,1995,0
SRB.2_1,SRB,1995,1.68090277777772
SRB.23_1,SRB,1995,0.908908406524473
SSD.8_1,SSD,1995,0.00208983424465324
SUR.3_1,SUR,1995,0.0595954073264072
SUR.7_1,SUR,1995,31.3181818181818
SUR.10_1,SUR,1995,9.46209386281588
SVK.1_1,SVK,1995,6.87389558232934
SVK.2_1,SVK,1995,16.2210165619642
SVK.3_1,SVK,1995,8.1661833816618
SVK.4_1,SVK,1995,12.0939226519336
SVK.5_1,SVK,1995,8.37349318658276
SVK.7_1,SVK,1995,12.4833898305085
SVN.2_1,SVN,1995,3.6542203523533
SVN.3_1,SVN,1995,3.21847431240272
SVN.5_1,SVN,1995,3.07751147373788
SVN.7_1,SVN,1995,8.04660303200452
SVN.9_1,SVN,1995,7.2916864608076
SVN.10_1,SVN,1995,7.31329359937807
SWE.5_1,SWE,1995,11.149598393574
SWE.13_1,SWE,1995,13.5286522106955
SWE.14_1,SWE,1995,12.416278912941
SWE.15_1,SWE,1995,23.9056760204072
SWE.16_1,SWE,1995,12.5861462434039
SWE.21_1,SWE,1995,10.4916775998619
SWZ.3_1,SWZ,1995,1.85189330348823
SYR.2_1,SYR,1995,4.10524201646895
SYR.11_1,SYR,1995,10.5139664804467
SYR.13_1,SYR,1995,3.11703067794433
TCD.3_1,TCD,1995,0.000633918440051958
TCD.5_1,TCD,1995,0
TCD.22_1,TCD,1995,7.56694560669453
TGO.2_1,TGO,1995,0.0733043642546725
TGO.3_1,TGO,1995,0.674351120425603
THA.3_1,THA,1995,49.8644610458911
THA.10_1,THA,1995,1.66845831634335
THA.25_1,THA,1995,0.109581497797359
THA.31_1,THA,1995,3.72593786372994
THA.36_1,THA,1995,34.2977777777777
THA.70_1,THA,1995,2.28906400153759
TJK.2_1,TJK,1995,0.015722499554297
TJK.3_1,TJK,1995,1.91878172588842
TJK.4_1,TJK,1995,1.70207716790408
TJK.5_1,TJK,1995,1.26825957867974
TLS.2_1,TLS,1995,0
TLS.4_1,TLS,1995,0.166447368421057
TLS.7_1,TLS,1995,1.57344632768362
TLS.11_1,TLS,1995,0.0554621848739488
TLS.13_1,TLS,1995,0.0500000000000003
TUN.5_1,TUN,1995,2.12948564593307
TUN.12_1,TUN,1995,6.25530243519245
TUN.16_1,TUN,1995,9.48747537292429
TUN.20_1,TUN,1995,6.7265849204279
TUN.23_1,TUN,1995,47.3538873994639
TUR.30_1,TUR,1995,0.66551933589796
TUR.39_1,TUR,1995,1.44313572542904
TUR.40_1,TUR,1995,16.9743765415178
TUR.70_1,TUR,1995,0.707613860238698
TZA.4_1,TZA,1995,0
TZA.15_1,TZA,1995,0.0619730185497532
TZA.20_1,TZA,1995,0.0805029679322994
TZA.29_1,TZA,1995,0.262809917355373
UGA.48_1,UGA,1995,0
UKR.2_1,UKR,1995,1.72104077177731
UKR.5_1,UKR,1995,7.65394369065062
UKR.6_1,UKR,1995,8.52126080502966
UKR.9_1,UKR,1995,1.97918325293857
UKR.17_1,UKR,1995,3.14104481746191
UKR.19_1,UKR,1995,1.46316961179909
UKR.21_1,UKR,1995,3.68524715555924
USA.4_1,USA,1995,4.53940481686405
USA.7_1,USA,1995,27.0467405520751
USA.8_1,USA,1995,16.4351450483495
USA.10_1,USA,1995,12.708596071219
USA.12_1,USA,1995,2.48297624098413
USA.14_1,USA,1995,10.4501596832105
USA.22_1,USA,1995,29.3511369475843
USA.24_1,USA,1995,6.37591208117831
USA.33_1,USA,1995,12.8409489514073
USA.37_1,USA,1995,4.54338212929122
USA.39_1,USA,1995,16.0732631696751
UZB.4_1,UZB,1995,1.76418140971614
UZB.10_1,UZB,1995,4.93582581292064
VEN.5_1,VEN,1995,0.963123901790019
VEN.21_1,VEN,1995,4.90743099787684
VEN.24_1,VEN,1995,5.27225657989343
VNM.4_1,VNM,1995,0.0239224990114674
VNM.27_1,VNM,1995,8.19125964010277
VNM.57_1,VNM,1995,0.993653250774122
XKO.1_1,XKO,1995,3.96469104665828
XKO.3_1,XKO,1995,2.36875466070094
XKO.5_1,XKO,1995,4.5448768864178
XKO.6_1,XKO,1995,2.66829268292683
YEM.2_1,YEM,1995,0.416458852867814
YEM.19_1,YEM,1995,0.607046465825348
ZAF.1_1,ZAF,1995,0.777099062411427
ZAF.3_1,ZAF,1995,17.194485842026
ZAF.4_1,ZAF,1995,2.11269036429604
ZMB.2_1,ZMB,1995,0.401486224519929
ZMB.6_1,ZMB,1995,0.0169619502197894
ZMB.9_1,ZMB,1995,0.0583618619385687
ZWE.6_1,ZWE,1995,0.21426294820723
ZWE.9_1,ZWE,1995,0.0900554999545149
ZWE.10_1,ZWE,1995,0.296706338223171
AFG.14_1,AFG,1996,0.11117647058823
AFG.15_1,AFG,1996,0.0219065604729423
AFG.26_1,AFG,1996,0.000499687695190467
AGO.2_1,AGO,1996,0.0362527253328522
AGO.11_1,AGO,1996,6.27086230876226
ALB.1_1,ALB,1996,1.9040268456376
ALB.8_1,ALB,1996,0.192326139088729
ALB.10_1,ALB,1996,0.259526558891457
ALB.11_1,ALB,1996,2.40348101265822
ARE.1_1,ARE,1996,3.25119670737636
ARG.1_1,ARG,1996,1.58054490902708
ARG.6_1,ARG,1996,0.862968029858237
ARG.12_1,ARG,1996,0.167760035964692
ARG.14_1,ARG,1996,1.15155279503104
ARG.19_1,ARG,1996,0.243439750716288
ARG.20_1,ARG,1996,0.165060768491866
AUS.5_1,AUS,1996,0.480166083846461
AUS.7_1,AUS,1996,0.177505040148484
AUS.8_1,AUS,1996,0.118452766478764
AUT.3_1,AUT,1996,7.45503465888339
AUT.4_1,AUT,1996,7.11360934511844
AUT.6_1,AUT,1996,5.81574487065092
AUT.9_1,AUT,1996,51.3145604395605
AZE.1_1,AZE,1996,1.65596558001
AZE.4_1,AZE,1996,1.95022897083647
AZE.7_1,AZE,1996,0.5381350642866
AZE.10_1,AZE,1996,0.433135882247337
BDI.2_1,BDI,1996,8.86301369863013
BDI.3_1,BDI,1996,0.169040247678018
BDI.4_1,BDI,1996,0.0109555690809499
BDI.7_1,BDI,1996,0
BDI.14_1,BDI,1996,0
BEL.1_1,BEL,1996,60.9134948096886
BEL.2_1,BEL,1996,38.9548887528068
BEL.3_1,BEL,1996,20.1129837336293
BEN.2_1,BEN,1996,0.0222948870392315
BEN.3_1,BEN,1996,1.19578947368418
BEN.4_1,BEN,1996,0.0728601533425857
BFA.1_1,BFA,1996,0.0165017497284901
BFA.7_1,BFA,1996,3.11470160116446
BFA.10_1,BFA,1996,0.0376236300454446
BGD.3_1,BGD,1996,3.10214597478118
BGD.4_1,BGD,1996,1.72497726189946
BGR.8_1,BGR,1996,1.56590193432302
BGR.14_1,BGR,1996,3.22448334036262
BGR.19_1,BGR,1996,3.11995073891629
BGR.22_1,BGR,1996,2.73118950983448
BGR.26_1,BGR,1996,1.31200951248512
BIH.2_1,BIH,1996,1.30240457674081
BIH.3_1,BIH,1996,1.11830815709961
BLR.1_1,BLR,1996,1.25281187553546
BLR.5_1,BLR,1996,2.51745806084735
BLR.6_1,BLR,1996,1.26717332616831
BOL.2_1,BOL,1996,0.512264965682342
BOL.3_1,BOL,1996,0.0285675373396236
BOL.5_1,BOL,1996,0.144602153810987
BOL.8_1,BOL,1996,0.0861848081806948
BRA.10_1,BRA,1996,0.335045437608623
BRA.13_1,BRA,1996,0.972595091436693
BRA.17_1,BRA,1996,2.61164042187405
BRA.19_1,BRA,1996,7.77675772503452
BRA.25_1,BRA,1996,5.09361321130385
BRN.2_1,BRN,1996,48.0844370860927
BTN.7_1,BTN,1996,0
BTN.8_1,BTN,1996,0.0995203836930444
BTN.10_1,BTN,1996,0
BTN.14_1,BTN,1996,0.243042671614103
BWA.1_1,BWA,1996,0.0729659551900222
BWA.15_1,BWA,1996,0.0179377669310556
CAF.15_1,CAF,1996,0
CAF.14_1,CAF,1996,0.00475288700753649
CAF.17_1,CAF,1996,0.0104435275915423
CAN.2_1,CAN,1996,0.614583684571193
CAN.9_1,CAN,1996,1.38445295914912
CAN.11_1,CAN,1996,1.03760633130773
CHE.1_1,CHE,1996,26.4441314553991
CHE.2_1,CHE,1996,16.0047732696897
CHE.5_1,CHE,1996,49.4583333333333
CHE.6_1,CHE,1996,8.6327065527064
CHE.7_1,CHE,1996,9.72602739726035
CHE.10_1,CHE,1996,2.75581195109357
CHE.12_1,CHE,1996,12.0100961538461
CHE.13_1,CHE,1996,12.2160337552743
CHE.16_1,CHE,1996,12.1708558701879
CHE.21_1,CHE,1996,5.49217551396144
CHE.23_1,CHE,1996,6.14019834261631
CHE.24_1,CHE,1996,11.3272171253824
CHE.25_1,CHE,1996,25.743961352657
CHE.26_1,CHE,1996,32.0935278713055
CHL.11_1,CHL,1996,0.178782674008608
CHL.14_1,CHL,1996,3.93589028358935
CHL.16_1,CHL,1996,1.71051232993224
CHN.2_1,CHN,1996,12.4481571891612
CHN.15_1,CHN,1996,6.42711692479959
CHN.26_1,CHN,1996,0.351346256364391
CHN.31_1,CHN,1996,3.48838982574336
CIV.5_1,CIV,1996,0.256840077071298
CIV.6_1,CIV,1996,0.421327212020015
CIV.8_1,CIV,1996,0.0852698909392038
CIV.13_1,CIV,1996,2.28180687940326
CMR.10_1,CMR,1996,0.028078494992674
COD.18_1,COD,1996,0
COD.22_1,COD,1996,0.0301817655850696
COD.24_1,COD,1996,0.00593984467552607
COG.4_1,COG,1996,0.00354742811461758
COG.8_1,COG,1996,0.027823503432772
COL.2_1,COL,1996,1.63567693201522
COL.13_1,COL,1996,1.56656325164734
COL.14_1,COL,1996,5.44865712898309
COL.22_1,COL,1996,0.971572888523458
COL.25_1,COL,1996,5.14950664950685
CRI.4_1,CRI,1996,4.70842255531738
CRI.7_1,CRI,1996,6.30011862396224
CUB.7_1,CUB,1996,1.43982326385556
CUB.16_1,CUB,1996,1.1631016042781
CZE.2_1,CZE,1996,11.6019463340893
CZE.5_1,CZE,1996,13.2820512820512
CZE.7_1,CZE,1996,13.98315565032
CZE.8_1,CZE,1996,12.0581322469446
CZE.10_1,CZE,1996,5.74068532096357
CZE.11_1,CZE,1996,50.2389078498294
CZE.12_1,CZE,1996,10.13548136646
CZE.14_1,CZE,1996,13.1127141568981
DEU.3_1,DEU,1996,53.2579318448884
DEU.6_1,DEU,1996,47.7142857142859
DEU.9_1,DEU,1996,10.1062185951225
DEU.10_1,DEU,1996,22.5486838450364
DEU.11_1,DEU,1996,12.6736954266327
DNK.1_1,DNK,1996,17.2449941107183
DNK.2_1,DNK,1996,8.4789396398487
DNK.3_1,DNK,1996,6.55068645125491
DNK.5_1,DNK,1996,9.90899346125001
DOM.26_1,DOM,1996,0.987268198173257
DOM.30_1,DOM,1996,2.53695491500372
DZA.6_1,DZA,1996,1.71186637956135
DZA.19_1,DZA,1996,3.1383928571429
DZA.26_1,DZA,1996,0.836010444690546
DZA.31_1,DZA,1996,0.184538222068443
DZA.39_1,DZA,1996,4.84620619258235
DZA.48_1,DZA,1996,2.47158555730005
ECU.1_1,ECU,1996,1.95331273601101
ECU.10_1,ECU,1996,4.90664056617987
ECU.12_1,ECU,1996,0.375267715802213
ECU.17_1,ECU,1996,2.74450752900516
ECU.19_1,ECU,1996,2.35601240006527
EGY.9_1,EGY,1996,28.9100410600971
EGY.11_1,EGY,1996,18.1064921734666
EGY.16_1,EGY,1996,21.8082327892125
ERI.1_1,ERI,1996,0.505223880597014
ESP.1_1,ESP,1996,5.66476513802491
ESP.5_1,ESP,1996,3.07064553606025
ESP.8_1,ESP,1996,26.3187189308123
ESP.12_1,ESP,1996,7.08078295979915
EST.1_1,EST,1996,3.87727372342775
EST.8_1,EST,1996,1.09744268077596
EST.13_1,EST,1996,2.73403595784256
EST.14_1,EST,1996,1.40442860778825
EST.15_1,EST,1996,1.38701955047211
ETH.5_1,ETH,1996,1.33969769291965
ETH.8_1,ETH,1996,0.0319986429706196
ETH.9_1,ETH,1996,0.00229304996849411
ETH.10_1,ETH,1996,0.0196714382097609
ETH.11_1,ETH,1996,0.0410219006879723
FIN.4_1,FIN,1996,7.67633478737737
FIN.5_1,FIN,1996,5.76764508178342
FJI.2_1,FJI,1996,0.104932735426009
FJI.3_1,FJI,1996,0.464729370008884
FJI.5_1,FJI,1996,0.373724212812173
FRA.7_1,FRA,1996,15.6391701601618
FRA.8_1,FRA,1996,26.3187277474473
FRA.9_1,FRA,1996,7.62846711867766
FRA.10_1,FRA,1996,5.67891218849761
FRA.11_1,FRA,1996,6.42992162500465
GAB.2_1,GAB,1996,0.101890658470733
GAB.3_1,GAB,1996,0.0220917225950781
GAB.4_1,GAB,1996,0.190615234875323
GBR.1_1,GBR,1996,19.5951164060498
GBR.3_1,GBR,1996,4.2959653559801
GBR.4_1,GBR,1996,9.87794076236085
GEO.3_1,GEO,1996,0.0965517241379317
GEO.4_1,GEO,1996,0.788378766140567
GEO.11_1,GEO,1996,0.195215192995442
GHA.1_1,GHA,1996,0.756274996552294
GHA.5_1,GHA,1996,5.92114427860679
GHA.6_1,GHA,1996,0.0655377202566048
GHA.10_1,GHA,1996,0.427815337067763
GIN.1_1,GIN,1996,0.0373599452390497
GIN.2_1,GIN,1996,9.31462925851704
GIN.5_1,GIN,1996,0.0363615375735898
GIN.8_1,GIN,1996,0.00487042583669585
GMB.3_1,GMB,1996,0.0962987225679601
GMB.5_1,GMB,1996,0.0077821011673152
GMB.6_1,GMB,1996,0.920502092050201
GNB.1_1,GNB,1996,0
GNB.5_1,GNB,1996,0
GNB.8_1,GNB,1996,0
GNQ.7_1,GNQ,1996,0
GRC.1_1,GRC,1996,4.27065568950325
GRC.3_1,GRC,1996,23.1195169596878
GRC.4_1,GRC,1996,4.11727774987461
GTM.7_1,GTM,1996,15.2964767616191
GTM.11_1,GTM,1996,0.916312056737589
GTM.22_1,GTM,1996,1.10685033507075
GUY.3_1,GUY,1996,2.05548387096778
GUY.4_1,GUY,1996,0.0262870458020954
GUY.5_1,GUY,1996,0.53548049227545
GUY.6_1,GUY,1996,0.167026327147169
HND.1_1,HND,1996,1.06451612903222
HND.3_1,HND,1996,0.471066212803352
HND.8_1,HND,1996,0.470629616602171
HND.13_1,HND,1996,0.0447728754618541
HND.15_1,HND,1996,0.12813886586376
HND.18_1,HND,1996,0.580362228044219
HRV.4_1,HRV,1996,16.6550724637681
HRV.8_1,HRV,1996,8.87442337262943
HRV.13_1,HRV,1996,4.14680600033705
HRV.16_1,HRV,1996,4.0994119294315
HRV.18_1,HRV,1996,4.76612156741744
HTI.2_1,HTI,1996,0
HTI.4_1,HTI,1996,0.142212189616253
HTI.5_1,HTI,1996,0.116014234875443
HTI.8_1,HTI,1996,0.285863874345554
HTI.10_1,HTI,1996,0.121767594108024
HUN.6_1,HUN,1996,3.78272514228325
HUN.7_1,HUN,1996,6.60585800700426
HUN.9_1,HUN,1996,4.45461422087752
HUN.15_1,HUN,1996,4.60619823670868
HUN.19_1,HUN,1996,6.99503634107426
IDN.10_1,IDN,1996,6.09523222561912
IDN.11_1,IDN,1996,5.86991384776036
IDN.26_1,IDN,1996,0.603865188837055
IDN.33_1,IDN,1996,6.33258064516135
IND.5_1,IND,1996,1.0450433911882
IND.11_1,IND,1996,4.23446343684262
IND.16_1,IND,1996,3.3618630626612
IND.19_1,IND,1996,2.75433107948876
IND.25_1,IND,1996,47.4537268634316
IND.32_1,IND,1996,4.52952748034898
IND.34_1,IND,1996,3.19126496195266
IND.36_1,IND,1996,4.3450175825971
IRN.13_1,IRN,1996,0.716456389610875
IRN.24_1,IRN,1996,1.13942353783689
IRN.25_1,IRN,1996,0.287940248534879
IRN.30_1,IRN,1996,0.42089938757672
IRQ.9_1,IRQ,1996,7.78562077241977
IRQ.14_1,IRQ,1996,1.41019108280258
IRQ.17_1,IRQ,1996,2.17403211751552
ISL.1_1,ISL,1996,0.353953728973863
ISL.3_1,ISL,1996,13.3535502958578
ITA.2_1,ITA,1996,19.4333456522891
ITA.6_1,ITA,1996,15.1954805757624
ITA.8_1,ITA,1996,12.916900043085
ITA.10_1,ITA,1996,18.4376405613917
ITA.13_1,ITA,1996,10.131340043418
ITA.16_1,ITA,1996,10.0482750453928
JOR.2_1,JOR,1996,3.77516778523437
JPN.1_1,JPN,1996,36.5068017366134
JPN.2_1,JPN,1996,8.67009368536326
JPN.4_1,JPN,1996,33.4656993942798
JPN.7_1,JPN,1996,30.8428038777031
JPN.10_1,JPN,1996,18.4716025563729
JPN.11_1,JPN,1996,12.5372573575462
JPN.15_1,JPN,1996,13.5118136439267
JPN.19_1,JPN,1996,44.0688494492045
JPN.30_1,JPN,1996,8.00343980343987
JPN.31_1,JPN,1996,13.4158911237855
JPN.33_1,JPN,1996,48.1832635983263
JPN.37_1,JPN,1996,6.21471831790677
JPN.41_1,JPN,1996,47.1453396524488
JPN.46_1,JPN,1996,11.1025609756094
KAZ.1_1,KAZ,1996,0.199799804782604
KEN.1_1,KEN,1996,0.00352615229619733
KEN.30_1,KEN,1996,27.3587223587223
KEN.36_1,KEN,1996,0.613088404133167
KEN.44_1,KEN,1996,0.728571428571438
KGZ.3_1,KGZ,1996,1.76839725267735
KGZ.4_1,KGZ,1996,0.499646449670124
KGZ.7_1,KGZ,1996,1.12741835410852
KGZ.9_1,KGZ,1996,0.129531498394749
KHM.3_1,KHM,1996,0.0244439012466383
KHM.16_1,KHM,1996,8.74271844660196
KHM.25_1,KHM,1996,0.0112332112332113
KOR.4_1,KOR,1996,33.4730878186971
KOR.9_1,KOR,1996,13.5780048341014
KOR.10_1,KOR,1996,16.4080896461735
KOR.14_1,KOR,1996,13.9003387742536
KOR.16_1,KOR,1996,62.8256537982565
LAO.1_1,LAO,1996,0.0255357142857115
LAO.4_1,LAO,1996,0.096060943887045
LAO.12_1,LAO,1996,0.0173661932829619
LBN.3_1,LBN,1996,61.5
LBN.4_1,LBN,1996,9.18322295805747
LBN.5_1,LBN,1996,26.0746268656717
LBN.7_1,LBN,1996,14.0210006176651
LBN.8_1,LBN,1996,17.227524972253
LBR.2_1,LBR,1996,0.00416666666666683
LBR.6_1,LBR,1996,0.000548696844993192
LBR.11_1,LBR,1996,0.195512820512822
LBR.12_1,LBR,1996,0
LBR.15_1,LBR,1996,0
LKA.5_1,LKA,1996,22.8196930946292
LKA.7_1,LKA,1996,16.1046741277157
LKA.8_1,LKA,1996,1.50973574408898
LKA.11_1,LKA,1996,4.28051001821493
LKA.17_1,LKA,1996,4.03602991162471
LTU.2_1,LTU,1996,2.8602656546489
LTU.3_1,LTU,1996,2.18593506649099
LTU.5_1,LTU,1996,2.38523017902806
LTU.8_1,LTU,1996,3.02939093484436
LTU.10_1,LTU,1996,1.52259964388439
LUX.1_1,LUX,1996,13.7404388714734
LUX.2_1,LUX,1996,17.9365079365079
LUX.3_1,LUX,1996,24.0706666666667
LVA.2_1,LVA,1996,0.980992483570223
LVA.3_1,LVA,1996,1.41853035143771
LVA.4_1,LVA,1996,0.919389978213568
LVA.5_1,LVA,1996,1.29243184522262
MAR.10_1,MAR,1996,0.468588842006793
MAR.11_1,MAR,1996,1.5438862422407
MDG.1_1,MDG,1996,0.00613330928114053
MDG.2_1,MDG,1996,0.0133161362289552
MDG.4_1,MDG,1996,0.00448672536517859
MDG.5_1,MDG,1996,0.00739043063790079
MEX.9_1,MEX,1996,39.9865771812085
MEX.15_1,MEX,1996,14.6346423562418
MEX.16_1,MEX,1996,2.50086024814135
MEX.27_1,MEX,1996,5.3335610718894
MLI.3_1,MLI,1996,0.00529007524964735
MLI.5_1,MLI,1996,0.0105871246178659
MLI.6_1,MLI,1996,0.00220523210907395
MLI.7_1,MLI,1996,0.0136917994639602
MLI.8_1,MLI,1996,0.0269092287284383
MLT.1_1,MLT,1996,61.3928571428572
MLT.5_1,MLT,1996,56.74
MMR.1_1,MMR,1996,0.211080539420478
MMR.8_1,MMR,1996,0.338715348208252
MMR.15_1,MMR,1996,4.58123091756416
MNG.9_1,MNG,1996,0.00320094935473187
MNG.13_1,MNG,1996,0.001397127505848
MNG.22_1,MNG,1996,0.0011147989561434
MOZ.1_1,MOZ,1996,0.00193149767891049
MOZ.2_1,MOZ,1996,0.0354326273096399
MOZ.7_1,MOZ,1996,0.0477888965950098
MRT.1_1,MRT,1996,0.000251808349477637
MRT.2_1,MRT,1996,0.00672999767038382
MRT.3_1,MRT,1996,0.00458981544110434
MRT.5_1,MRT,1996,0.0142589658649013
MWI.9_1,MWI,1996,0.0369907262686277
MWI.11_1,MWI,1996,0.261942107514605
MWI.12_1,MWI,1996,0.0755813953488342
MWI.27_1,MWI,1996,0.853919239904996
MWI.28_1,MWI,1996,0.627218934911234
MYS.1_1,MYS,1996,5.50809092660398
MYS.2_1,MYS,1996,3.8365008384573
MYS.8_1,MYS,1996,1.60620756547047
MYS.11_1,MYS,1996,23.1311914323962
NAM.7_1,NAM,1996,0.0586824432363322
NAM.9_1,NAM,1996,0.0578436134045786
NAM.12_1,NAM,1996,0.0403307856974168
NER.2_1,NER,1996,0.0357657225156005
NER.3_1,NER,1996,0.0301579507324643
NER.5_1,NER,1996,15.9689440993789
NER.6_1,NER,1996,0.0124828114321341
NER.7_1,NER,1996,0.0155414291977185
NER.8_1,NER,1996,0.00338143455176489
NGA.6_1,NGA,1996,21.6856451762953
NGA.20_1,NGA,1996,1.15657620041759
NGA.21_1,NGA,1996,0.303721013841451
NGA.25_1,NGA,1996,12.3481800766282
NGA.27_1,NGA,1996,0.168313069908831
NGA.28_1,NGA,1996,1.48989097067827
NIC.4_1,NIC,1996,3.04363636363638
NIC.6_1,NIC,1996,0.217707251964994
NIC.13_1,NIC,1996,2.30786844296428
NIC.14_1,NIC,1996,8.46640316205533
NIC.18_1,NIC,1996,0.758812615955474
NLD.12_1,NLD,1996,16.8932481751824
NLD.14_1,NLD,1996,40.0814859197122
NOR.1_1,NOR,1996,19.3748294989542
NOR.2_1,NOR,1996,11.2205105633803
NOR.4_1,NOR,1996,5.12009754115127
NOR.7_1,NOR,1996,3.89646579066629
NOR.8_1,NOR,1996,5.7978837683959
NOR.19_1,NOR,1996,19.1867688584106
NPL.1_1,NPL,1996,0.430048133827872
NPL.2_1,NPL,1996,0.343135165849736
NPL.3_1,NPL,1996,0.0383110436255383
NPL.5_1,NPL,1996,0
NZL.2_1,NZL,1996,1.7853004755729
NZL.3_1,NZL,1996,0.285811432457377
NZL.14_1,NZL,1996,11.1862595419847
NZL.15_1,NZL,1996,1.93889398105712
NZL.17_1,NZL,1996,1.03154334038057
NZL.18_1,NZL,1996,2.3209156952187
OMN.9_1,OMN,1996,0.36155952235731
PAK.2_1,PAK,1996,0.275877877288612
PAK.5_1,PAK,1996,3.81638696939895
PAK.7_1,PAK,1996,5.40282707777632
PAK.8_1,PAK,1996,2.90497580681803
PAN.7_1,PAN,1996,0.730929791271338
PAN.9_1,PAN,1996,0.841297350829452
PAN.12_1,PAN,1996,0.561443350996712
PER.2_1,PER,1996,0.466364248149482
PER.3_1,PER,1996,0.226890345299751
PER.8_1,PER,1996,0.137657933853599
PER.15_1,PER,1996,23.0040247678018
PER.25_1,PER,1996,0.944229048613199
PHL.36_1,PHL,1996,1.41455868971788
PHL.47_1,PHL,1996,58.8352180936995
PHL.61_1,PHL,1996,1.95137997432605
PHL.71_1,PHL,1996,0.0571755288736418
PNG.4_1,PNG,1996,0.0397166165736429
PNG.8_1,PNG,1996,0.000765181194906911
PNG.9_1,PNG,1996,0.0252133436772679
PNG.19_1,PNG,1996,0.358557109268643
PNG.21_1,PNG,1996,0.20121951219513
POL.1_1,POL,1996,8.47817738931055
POL.2_1,POL,1996,7.26547888270867
POL.4_1,POL,1996,4.50636700772965
POL.6_1,POL,1996,9.33262204252786
POL.7_1,POL,1996,6.25349340385092
POL.8_1,POL,1996,7.2727326405289
POL.11_1,POL,1996,5.70761100548032
POL.14_1,POL,1996,3.88529044415699
POL.16_1,POL,1996,3.24113128491615
PRK.11_1,PRK,1996,0.364731182795696
PRT.9_1,PRT,1996,8.32862248213119
PRT.12_1,PRT,1996,25.0835203191219
PRY.6_1,PRY,1996,0.472959052279126
PRY.12_1,PRY,1996,1.2494325919201
PRY.13_1,PRY,1996,0.936157985476394
ROU.1_1,ROU,1996,2.26570932922131
ROU.14_1,ROU,1996,3.14058379558056
ROU.15_1,ROU,1996,2.79553279774002
ROU.17_1,ROU,1996,5.17744888617636
ROU.35_1,ROU,1996,1.93379948122246
ROU.36_1,ROU,1996,3.47978381336796
ROU.39_1,ROU,1996,0.88848867980007
ROU.40_1,ROU,1996,2.1226635514018
RUS.14_1,RUS,1996,37.9680238755063
RUS.28_1,RUS,1996,0.104125791045978
RUS.32_1,RUS,1996,0.471275008902268
RUS.38_1,RUS,1996,2.04772030351213
RUS.43_1,RUS,1996,59.8970950270803
RUS.51_1,RUS,1996,1.25944675851932
RUS.65_1,RUS,1996,2.31560944982299
RUS.69_1,RUS,1996,0.503313417148239
RWA.2_1,RWA,1996,0.041434977578475
RWA.4_1,RWA,1996,0.0590337113562222
SDN.12_1,SDN,1996,0.0401491964896268
SEN.3_1,SEN,1996,0.101421436803687
SEN.8_1,SEN,1996,0.0144406299384247
SLB.1_1,SLB,1996,0.0440587449933246
SLB.6_1,SLB,1996,0
SLB.7_1,SLB,1996,0.0169107032377806
SLB.10_1,SLB,1996,0.0393615091601653
SLE.1_1,SLE,1996,0.0216137276378236
SLE.2_1,SLE,1996,0.00595690362580648
SLE.3_1,SLE,1996,0.017883832397055
SLE.4_1,SLE,1996,0.57986577181208
SLV.5_1,SLV,1996,8.89613259668508
SLV.10_1,SLV,1996,18.5793573515092
SLV.12_1,SLV,1996,3.14256926952143
SLV.14_1,SLV,1996,1.96790980052039
SOM.1_1,SOM,1996,0.00326136586002262
SOM.8_1,SOM,1996,0
SRB.2_1,SRB,1996,1.74027777777784
SRB.23_1,SRB,1996,0.890589711417825
SSD.8_1,SSD,1996,0.00489536514843382
SUR.3_1,SUR,1996,0.0475669764898854
SUR.7_1,SUR,1996,31.8465909090909
SUR.10_1,SUR,1996,9.59927797833936
SVK.1_1,SVK,1996,6.54939759036147
SVK.2_1,SVK,1996,14.6524842946884
SVK.3_1,SVK,1996,8.21007899210077
SVK.4_1,SVK,1996,11.9218985434456
SVK.5_1,SVK,1996,7.39714360587027
SVK.7_1,SVK,1996,11.4696610169492
SVN.2_1,SVN,1996,3.28687877991052
SVN.3_1,SVN,1996,4.20757654385068
SVN.5_1,SVN,1996,2.94186639469657
SVN.7_1,SVN,1996,9.44469399213938
SVN.9_1,SVN,1996,7.84893111638955
SVN.10_1,SVN,1996,8.04094324954653
SWE.5_1,SWE,1996,7.35682730923698
SWE.13_1,SWE,1996,11.0572153702299
SWE.14_1,SWE,1996,8.09103783127661
SWE.15_1,SWE,1996,17.7214923469392
SWE.16_1,SWE,1996,8.21986766060821
SWE.21_1,SWE,1996,7.39010163918776
SWZ.3_1,SWZ,1996,1.98918112292481
SYR.2_1,SYR,1996,4.33922474392411
SYR.11_1,SYR,1996,10.6923882681563
SYR.13_1,SYR,1996,3.24744350460734
TCD.3_1,TCD,1996,0.00056735700384937
TCD.5_1,TCD,1996,0
TCD.22_1,TCD,1996,7.33263598326362
TGO.2_1,TGO,1996,0.0455318344983959
TGO.3_1,TGO,1996,0.562147348057424
THA.3_1,THA,1996,50.7652081109924
THA.10_1,THA,1996,1.74285502465039
THA.25_1,THA,1996,0.23127753303965
THA.31_1,THA,1996,3.5555555555555
THA.36_1,THA,1996,36.0977777777777
THA.70_1,THA,1996,2.41841245435324
TJK.2_1,TJK,1996,0.00658539846674459
TJK.3_1,TJK,1996,1.68695200738356
TJK.4_1,TJK,1996,1.68722430063184
TJK.5_1,TJK,1996,1.13323907818401
TLS.2_1,TLS,1996,0.0671532846715323
TLS.4_1,TLS,1996,0.194078947368424
TLS.7_1,TLS,1996,1.73446327683616
TLS.11_1,TLS,1996,0.0140056022408964
TLS.13_1,TLS,1996,0.0604651162790702
TUN.5_1,TUN,1996,2.19826555023924
TUN.12_1,TUN,1996,6.89264205289348
TUN.16_1,TUN,1996,9.00788066422744
TUN.20_1,TUN,1996,7.31307070180006
TUN.23_1,TUN,1996,46.7345844504022
TUR.30_1,TUR,1996,0.445096848214871
TUR.39_1,TUR,1996,1.64945397815913
TUR.40_1,TUR,1996,16.0271307207464
TUR.70_1,TUR,1996,0.521149611774239
TZA.4_1,TZA,1996,0.00225536931672557
TZA.15_1,TZA,1996,0.0533606359913181
TZA.20_1,TZA,1996,0.0679990165431678
TZA.29_1,TZA,1996,0.391735537190082
UGA.48_1,UGA,1996,0
UKR.2_1,UKR,1996,1.84053939863436
UKR.5_1,UKR,1996,8.13882975769568
UKR.6_1,UKR,1996,8.90375884047909
UKR.9_1,UKR,1996,1.55359902589806
UKR.17_1,UKR,1996,2.76529462818348
UKR.19_1,UKR,1996,1.17715319326531
UKR.21_1,UKR,1996,3.80373362654209
USA.4_1,USA,1996,4.4985761044914
USA.7_1,USA,1996,27.2129138844916
USA.8_1,USA,1996,18.2709236412137
USA.10_1,USA,1996,12.9439967509518
USA.12_1,USA,1996,2.40019092066193
USA.14_1,USA,1996,10.8566548036402
USA.22_1,USA,1996,30.1090056526215
USA.24_1,USA,1996,6.17665600152976
USA.33_1,USA,1996,12.3664965669012
USA.37_1,USA,1996,4.2250177428009
USA.39_1,USA,1996,16.0228461064806
UZB.4_1,UZB,1996,1.5725568660487
UZB.10_1,UZB,1996,4.55670152318184
VEN.5_1,VEN,1996,0.951275110414921
VEN.21_1,VEN,1996,4.73112526539291
VEN.24_1,VEN,1996,4.99151445419233
VNM.4_1,VNM,1996,0.0233293792012648
VNM.27_1,VNM,1996,7.56503856041135
VNM.57_1,VNM,1996,0.781656346749193
XKO.1_1,XKO,1996,4.49054224464062
XKO.3_1,XKO,1996,2.47501864280394
XKO.5_1,XKO,1996,4.52700555996822
XKO.6_1,XKO,1996,2.46890243902437
YEM.2_1,YEM,1996,0.388231548787578
YEM.19_1,YEM,1996,0.510759355168165
ZAF.1_1,ZAF,1996,0.801809106797467
ZAF.3_1,ZAF,1996,18.1900149031305
ZAF.4_1,ZAF,1996,2.34436945690877
ZMB.2_1,ZMB,1996,0.430153321976243
ZMB.6_1,ZMB,1996,0.0176900466521145
ZMB.9_1,ZMB,1996,0.0636349701088421
ZWE.6_1,ZWE,1996,0.210597609561735
ZWE.9_1,ZWE,1996,0.0888363206259744
ZWE.10_1,ZWE,1996,0.292900636590011
AFG.14_1,AFG,1997,0.301960784313726
AFG.15_1,AFG,1997,0.0149601773544688
AFG.26_1,AFG,1997,0
AGO.2_1,AGO,1997,0.0269981908428906
AGO.11_1,AGO,1997,5.4591446453409
ALB.1_1,ALB,1997,1.65067114093959
ALB.8_1,ALB,1997,0.198561151079138
ALB.10_1,ALB,1997,0.215357967667437
ALB.11_1,ALB,1997,2.19778481012659
ARE.1_1,ARE,1997,2.95018565740622
ARG.1_1,ARG,1997,1.51774247399789
ARG.6_1,ARG,1997,0.782444978682111
ARG.12_1,ARG,1997,0.15770325846249
ARG.14_1,ARG,1997,1.06024844720499
ARG.19_1,ARG,1997,0.199815091712195
ARG.20_1,ARG,1997,0.112633156289672
AUS.5_1,AUS,1997,0.454316068572458
AUS.7_1,AUS,1997,0.166857214403383
AUS.8_1,AUS,1997,0.109153423421268
AUT.3_1,AUT,1997,6.8431229478289
AUT.4_1,AUT,1997,6.29317206802096
AUT.6_1,AUT,1997,5.11070472792123
AUT.9_1,AUT,1997,49.7829670329671
AZE.1_1,AZE,1997,1.8077941419825
AZE.4_1,AZE,1997,1.38436972764522
AZE.7_1,AZE,1997,0.453439021345649
AZE.10_1,AZE,1997,0.314575480165147
BDI.2_1,BDI,1997,9.29452054794521
BDI.3_1,BDI,1997,0.176470588235291
BDI.4_1,BDI,1997,0.00730371272063296
BDI.7_1,BDI,1997,0
BDI.14_1,BDI,1997,0
BEL.1_1,BEL,1997,61.1522491349481
BEL.2_1,BEL,1997,37.1978464992856
BEL.3_1,BEL,1997,18.0733748311701
BEN.2_1,BEN,1997,0.0471589943944378
BEN.3_1,BEN,1997,1.33954887218047
BEN.4_1,BEN,1997,0.0499484374299353
BFA.1_1,BFA,1997,0.0206799806926537
BFA.7_1,BFA,1997,3.23901018922852
BFA.10_1,BFA,1997,0.0361534349104517
BGD.3_1,BGD,1997,2.76897429679895
BGD.4_1,BGD,1997,1.26031876651242
BGR.8_1,BGR,1997,1.35380116959063
BGR.14_1,BGR,1997,2.94385280472377
BGR.19_1,BGR,1997,2.18263546798034
BGR.22_1,BGR,1997,2.87511707773965
BGR.26_1,BGR,1997,0.903804994054664
BIH.2_1,BIH,1997,1.49901671583081
BIH.3_1,BIH,1997,1.2798187311176
BLR.1_1,BLR,1997,1.3177466933106
BLR.5_1,BLR,1997,2.85471993175978
BLR.6_1,BLR,1997,1.75847950971745
BOL.2_1,BOL,1997,0.604771139831032
BOL.3_1,BOL,1997,0.0240339574829966
BOL.5_1,BOL,1997,0.132396590433494
BOL.8_1,BOL,1997,0.0914642100116856
BRA.10_1,BRA,1997,0.320643061191355
BRA.13_1,BRA,1997,0.950150153463932
BRA.17_1,BRA,1997,2.77500885383854
BRA.19_1,BRA,1997,7.77798925213025
BRA.25_1,BRA,1997,4.89840570967086
BRN.2_1,BRN,1997,46.6779801324504
BTN.7_1,BTN,1997,0.00397140587768066
BTN.8_1,BTN,1997,0.120803357314149
BTN.10_1,BTN,1997,0.050314465408805
BTN.14_1,BTN,1997,0.239332096474949
BWA.1_1,BWA,1997,0.0598521946952849
BWA.15_1,BWA,1997,0.0114093959731515
CAF.15_1,CAF,1997,0
CAF.14_1,CAF,1997,0.00308195016895069
CAF.17_1,CAF,1997,0.00103145951521417
CAN.2_1,CAN,1997,0.523176433523447
CAN.9_1,CAN,1997,1.36447806571943
CAN.11_1,CAN,1997,1.11486595312468
CHE.1_1,CHE,1997,25.9239436619718
CHE.2_1,CHE,1997,12.7840095465393
CHE.5_1,CHE,1997,48.0625
CHE.6_1,CHE,1997,7.58507122507119
CHE.7_1,CHE,1997,9.46655922643018
CHE.10_1,CHE,1997,2.54916480110216
CHE.12_1,CHE,1997,10.3480769230768
CHE.13_1,CHE,1997,11.6059071729958
CHE.16_1,CHE,1997,11.1964683423478
CHE.21_1,CHE,1997,5.21463639153128
CHE.23_1,CHE,1997,4.78583072952066
CHE.24_1,CHE,1997,11.2328863796754
CHE.25_1,CHE,1997,22.5253623188406
CHE.26_1,CHE,1997,30.4330340441454
CHL.11_1,CHL,1997,0.142368378905256
CHL.14_1,CHL,1997,4.24065550906616
CHL.16_1,CHL,1997,1.76724596088448
CHN.2_1,CHN,1997,11.9000760334531
CHN.15_1,CHN,1997,6.79071096576643
CHN.26_1,CHN,1997,0.364098027550459
CHN.31_1,CHN,1997,3.54933019768655
CIV.5_1,CIV,1997,0.326926782273587
CIV.6_1,CIV,1997,0.440873678352815
CIV.8_1,CIV,1997,0.111798812755964
CIV.13_1,CIV,1997,2.80066307501038
CMR.10_1,CMR,1997,0.0237575265965778
COD.18_1,COD,1997,0.00214144226136355
COD.22_1,COD,1997,0.0182167365765087
COD.24_1,COD,1997,0.00454537975516697
COG.4_1,COG,1997,0.000412201154163161
COG.8_1,COG,1997,0.0195728108563823
COL.2_1,COL,1997,1.68495871789066
COL.13_1,COL,1997,1.41215533168313
COL.14_1,COL,1997,5.24481715288956
COL.22_1,COL,1997,0.900700888836768
COL.25_1,COL,1997,5.46557271557267
CRI.4_1,CRI,1997,4.59403997144887
CRI.7_1,CRI,1997,5.71852228435881
CUB.7_1,CUB,1997,1.29166266448949
CUB.16_1,CUB,1997,1.13963673243587
CZE.2_1,CZE,1997,9.26473922902493
CZE.5_1,CZE,1997,9.92203177257522
CZE.7_1,CZE,1997,11.0945095948827
CZE.8_1,CZE,1997,9.18066436853639
CZE.10_1,CZE,1997,5.94205446655704
CZE.11_1,CZE,1997,48.3361774744027
CZE.12_1,CZE,1997,9.6158218722274
CZE.14_1,CZE,1997,10.5515479410881
DEU.3_1,DEU,1997,51.2576380728554
DEU.6_1,DEU,1997,48.3554091539529
DEU.9_1,DEU,1997,9.96508979362948
DEU.10_1,DEU,1997,20.4705642064685
DEU.11_1,DEU,1997,11.1470992345004
DNK.1_1,DNK,1997,17.4626030624263
DNK.2_1,DNK,1997,7.73419506917056
DNK.3_1,DNK,1997,6.07869920954101
DNK.5_1,DNK,1997,8.40510772858843
DOM.26_1,DOM,1997,0.883061168004421
DOM.30_1,DOM,1997,2.50443458980045
DZA.6_1,DZA,1997,1.46249199790478
DZA.19_1,DZA,1997,2.58444940476189
DZA.26_1,DZA,1997,0.731840481088691
DZA.31_1,DZA,1997,0.171159262736548
DZA.39_1,DZA,1997,5.36645117386851
DZA.48_1,DZA,1997,2.46118524332806
ECU.1_1,ECU,1997,1.86620322691377
ECU.10_1,ECU,1997,4.05812377653948
ECU.12_1,ECU,1997,0.280147127293041
ECU.17_1,ECU,1997,2.04410433637788
ECU.19_1,ECU,1997,2.26929352259749
EGY.9_1,EGY,1997,27.2840612168719
EGY.11_1,EGY,1997,18.57133692584
EGY.16_1,EGY,1997,20.776579134138
ERI.1_1,ERI,1997,0.80335820895523
ESP.1_1,ESP,1997,5.34928762244429
ESP.5_1,ESP,1997,2.77458369328869
ESP.8_1,ESP,1997,25.1213837503049
ESP.12_1,ESP,1997,6.77407981742594
EST.1_1,EST,1997,6.29684418145985
EST.8_1,EST,1997,1.64671516754857
EST.13_1,EST,1997,4.00689708617483
EST.14_1,EST,1997,1.90315601934335
EST.15_1,EST,1997,1.66099215321183
ETH.5_1,ETH,1997,1.22871917263326
ETH.8_1,ETH,1997,0.0305178680177382
ETH.9_1,ETH,1997,0.0019340982891434
ETH.10_1,ETH,1997,0.0162573869501915
ETH.11_1,ETH,1997,0.0408149184884414
FIN.4_1,FIN,1997,9.91585673834783
FIN.5_1,FIN,1997,6.49108070396956
FJI.2_1,FJI,1997,0.0623318385650226
FJI.3_1,FJI,1997,0.796805678793212
FJI.5_1,FJI,1997,0.563735070575443
FRA.7_1,FRA,1997,15.1366440933026
FRA.8_1,FRA,1997,26.2130073581756
FRA.9_1,FRA,1997,8.86515575364043
FRA.10_1,FRA,1997,5.70121779157302
FRA.11_1,FRA,1997,6.5197885266439
GAB.2_1,GAB,1997,0.0957902579863836
GAB.3_1,GAB,1997,0.0153337061894122
GAB.4_1,GAB,1997,0.180254597612762
GBR.1_1,GBR,1997,19.3482827758448
GBR.3_1,GBR,1997,4.62398298817076
GBR.4_1,GBR,1997,9.9132171108207
GEO.3_1,GEO,1997,0
GEO.4_1,GEO,1997,0.587210493953646
GEO.11_1,GEO,1997,0.145085707238865
GHA.1_1,GHA,1997,0.601968693973228
GHA.5_1,GHA,1997,5.62114427860727
GHA.6_1,GHA,1997,0.0683740930610446
GHA.10_1,GHA,1997,0.406625458759938
GIN.1_1,GIN,1997,0.0221745865907644
GIN.2_1,GIN,1997,10.0320641282565
GIN.5_1,GIN,1997,0.0433067836392298
GIN.8_1,GIN,1997,0.00778747232712718
GMB.3_1,GMB,1997,0.0252210940058967
GMB.5_1,GMB,1997,0.00616083009079107
GMB.6_1,GMB,1997,0.703190376569025
GNB.1_1,GNB,1997,0.000478545222523509
GNB.5_1,GNB,1997,0.012954723894269
GNB.8_1,GNB,1997,0
GNQ.7_1,GNQ,1997,0
GRC.1_1,GRC,1997,4.33405615995317
GRC.3_1,GRC,1997,22.8930918131769
GRC.4_1,GRC,1997,4.10166582956628
GTM.7_1,GTM,1997,16.0318590704649
GTM.11_1,GTM,1997,0.903971631205679
GTM.22_1,GTM,1997,1.12304542069993
GUY.3_1,GUY,1997,2.16096774193544
GUY.4_1,GUY,1997,0.0311293963445749
GUY.5_1,GUY,1997,0.650562974600674
GUY.6_1,GUY,1997,0.210617177384539
HND.1_1,HND,1997,0.817022667829156
HND.3_1,HND,1997,0.375590205336533
HND.8_1,HND,1997,0.409543909016302
HND.13_1,HND,1997,0.0211910454249074
HND.15_1,HND,1997,0.114656979862497
HND.18_1,HND,1997,0.552511675589429
HRV.4_1,HRV,1997,13.4154589371982
HRV.8_1,HRV,1997,8.21911840082014
HRV.13_1,HRV,1997,4.13879993258036
HRV.16_1,HRV,1997,4.53087370484465
HRV.18_1,HRV,1997,4.29080530700392
HTI.2_1,HTI,1997,0.00327272727272724
HTI.4_1,HTI,1997,0.188487584650113
HTI.5_1,HTI,1997,0.166548042704625
HTI.8_1,HTI,1997,0.270855148342061
HTI.10_1,HTI,1997,0.0792144026186598
HUN.6_1,HUN,1997,4.2485771677268
HUN.7_1,HUN,1997,5.19571792422786
HUN.9_1,HUN,1997,4.30635400907722
HUN.15_1,HUN,1997,4.14467005076149
HUN.19_1,HUN,1997,5.99033859244818
IDN.10_1,IDN,1997,6.02398678631307
IDN.11_1,IDN,1997,5.84480475888603
IDN.26_1,IDN,1997,0.756760316892356
IDN.33_1,IDN,1997,6.34080645161307
IND.5_1,IND,1997,0.901668891855644
IND.11_1,IND,1997,4.06761013825572
IND.16_1,IND,1997,3.06181168323523
IND.19_1,IND,1997,2.12291208976038
IND.25_1,IND,1997,46.6390695347674
IND.32_1,IND,1997,3.8054304974692
IND.34_1,IND,1997,2.39687185913162
IND.36_1,IND,1997,3.83119173209069
IRN.13_1,IRN,1997,0.718973627692136
IRN.24_1,IRN,1997,1.09313230658195
IRN.25_1,IRN,1997,0.267620672633058
IRN.30_1,IRN,1997,0.413907261592582
IRQ.9_1,IRQ,1997,5.50780056731419
IRQ.14_1,IRQ,1997,1.01019108280257
IRQ.17_1,IRQ,1997,1.64096539275489
ISL.1_1,ISL,1997,0.0700041026738539
ISL.3_1,ISL,1997,3.79240631163711
ITA.2_1,ITA,1997,17.8363602766489
ITA.6_1,ITA,1997,13.9495743692927
ITA.8_1,ITA,1997,12.1544862128398
ITA.10_1,ITA,1997,18.2400575056227
ITA.13_1,ITA,1997,9.87453128083745
ITA.16_1,ITA,1997,9.17877161127296
JOR.2_1,JOR,1997,3.54797609060377
JPN.1_1,JPN,1997,35.2604920405209
JPN.2_1,JPN,1997,6.33008881859093
JPN.4_1,JPN,1997,34.2124947175651
JPN.7_1,JPN,1997,30.140343027592
JPN.10_1,JPN,1997,16.8392620282162
JPN.11_1,JPN,1997,11.7827623222115
JPN.15_1,JPN,1997,12.2523294509148
JPN.19_1,JPN,1997,44.8468482252142
JPN.30_1,JPN,1997,7.60786240786233
JPN.31_1,JPN,1997,12.8336335434811
JPN.33_1,JPN,1997,46.2173640167362
JPN.37_1,JPN,1997,5.36213004228115
JPN.41_1,JPN,1997,47.8597946287521
JPN.46_1,JPN,1997,10.9907926829275
KAZ.1_1,KAZ,1997,0.188475225842293
KEN.1_1,KEN,1997,0.00323230627151383
KEN.30_1,KEN,1997,25.7242014742015
KEN.36_1,KEN,1997,0.681257175660164
KEN.44_1,KEN,1997,0.663571428571421
KGZ.3_1,KGZ,1997,2.24905080841301
KGZ.4_1,KGZ,1997,0.461246321935887
KGZ.7_1,KGZ,1997,0.961235828303396
KGZ.9_1,KGZ,1997,0.180737819893371
KHM.3_1,KHM,1997,0.0695428990466888
KHM.16_1,KHM,1997,10.5667475728155
KHM.25_1,KHM,1997,0.0168498168498169
KOR.4_1,KOR,1997,31.9952785646836
KOR.9_1,KOR,1997,11.9918516077039
KOR.10_1,KOR,1997,15.3844116969833
KOR.14_1,KOR,1997,12.2977825685244
KOR.16_1,KOR,1997,62.7459526774595
LAO.1_1,LAO,1997,0.0212053571428551
LAO.4_1,LAO,1997,0.0917564721912481
LAO.12_1,LAO,1997,0.0191265477273623
LBN.3_1,LBN,1997,62.7333333333333
LBN.4_1,LBN,1997,9.40470934510665
LBN.5_1,LBN,1997,30.2083062946138
LBN.7_1,LBN,1997,16.5534280420013
LBN.8_1,LBN,1997,18.9289678135405
LBR.2_1,LBR,1997,0
LBR.6_1,LBR,1997,0.000274348422496596
LBR.11_1,LBR,1997,0.225160256410255
LBR.12_1,LBR,1997,0.000173250173250178
LBR.15_1,LBR,1997,0
LKA.5_1,LKA,1997,23.4520460358056
LKA.7_1,LKA,1997,16.7070441079657
LKA.8_1,LKA,1997,1.72061891515992
LKA.11_1,LKA,1997,4.12932604735882
LKA.17_1,LKA,1997,4.57885791978249
LTU.2_1,LTU,1997,1.78049335863368
LTU.3_1,LTU,1997,1.45579250029946
LTU.5_1,LTU,1997,1.63203324808186
LTU.8_1,LTU,1997,3.21866147308783
LTU.10_1,LTU,1997,1.21418298863171
LUX.1_1,LUX,1997,10.7028213166144
LUX.2_1,LUX,1997,15.0987654320988
LUX.3_1,LUX,1997,19.8853333333334
LVA.2_1,LVA,1997,0.954134036440819
LVA.3_1,LVA,1997,1.28727369542064
LVA.4_1,LVA,1997,0.95001607200252
LVA.5_1,LVA,1997,1.09259738244262
MAR.10_1,MAR,1997,0.456621511585047
MAR.11_1,MAR,1997,1.61025696549713
MDG.1_1,MDG,1997,0.00692252187246283
MDG.2_1,MDG,1997,0.0119392059120857
MDG.4_1,MDG,1997,0.00298552778058756
MDG.5_1,MDG,1997,0.00710809957982562
MEX.9_1,MEX,1997,38.1969540526587
MEX.15_1,MEX,1997,13.8463008415152
MEX.16_1,MEX,1997,2.28028702913739
MEX.27_1,MEX,1997,4.97477795490815
MLI.3_1,MLI,1997,0.00350718596455672
MLI.5_1,MLI,1997,0.0100364143139812
MLI.6_1,MLI,1997,0.00230597875365102
MLI.7_1,MLI,1997,0.00871579647212547
MLI.8_1,MLI,1997,0.0294742683884304
MLT.1_1,MLT,1997,62.75
MLT.5_1,MLT,1997,56.62
MMR.1_1,MMR,1997,0.166394918305646
MMR.8_1,MMR,1997,0.314212305611916
MMR.15_1,MMR,1997,4.48650168728934
MNG.9_1,MNG,1997,0.000117107903222165
MNG.13_1,MNG,1997,0.00165260224977282
MNG.22_1,MNG,1997,0.00223382063560287
MOZ.1_1,MOZ,1997,0.00203575465589861
MOZ.2_1,MOZ,1997,0.0294445696260009
MOZ.7_1,MOZ,1997,0.0407598225392824
MRT.1_1,MRT,1997,0.000223378374536804
MRT.2_1,MRT,1997,0.00671705536717175
MRT.3_1,MRT,1997,0.00707797854865301
MRT.5_1,MRT,1997,0.0108382543569064
MWI.9_1,MWI,1997,0.00729394602479938
MWI.11_1,MWI,1997,0.0546841579923002
MWI.12_1,MWI,1997,0.0748837209302308
MWI.27_1,MWI,1997,0.578681710213767
MWI.28_1,MWI,1997,0.455029585798826
MYS.1_1,MYS,1997,5.23612984010746
MYS.2_1,MYS,1997,4.28973355692184
MYS.8_1,MYS,1997,1.86275460717782
MYS.11_1,MYS,1997,26.4082998661312
NAM.7_1,NAM,1997,0.047049888071638
NAM.9_1,NAM,1997,0.04536182612919
NAM.12_1,NAM,1997,0.0343930847556795
NER.2_1,NER,1997,0.0263442150744128
NER.3_1,NER,1997,0.0280505769702955
NER.5_1,NER,1997,14.5900621118013
NER.6_1,NER,1997,0.0131580030795395
NER.7_1,NER,1997,0.014861902674268
NER.8_1,NER,1997,0.00253607591382471
NGA.6_1,NGA,1997,17.6703879430646
NGA.20_1,NGA,1997,0.975010438413566
NGA.21_1,NGA,1997,0.268434298040642
NGA.25_1,NGA,1997,11.2036637931036
NGA.27_1,NGA,1997,0.140399411094228
NGA.28_1,NGA,1997,1.17238276701608
NIC.4_1,NIC,1997,2.91818181818183
NIC.6_1,NIC,1997,0.161945721488944
NIC.13_1,NIC,1997,2.16340549542051
NIC.14_1,NIC,1997,7.72430830039526
NIC.18_1,NIC,1997,0.59137291280148
NLD.12_1,NLD,1997,16.2090936739659
NLD.14_1,NLD,1997,38.7549430796879
NOR.1_1,NOR,1997,18.1389469855414
NOR.2_1,NOR,1997,12.4065250880281
NOR.4_1,NOR,1997,4.876680117281
NOR.7_1,NOR,1997,3.45267897598535
NOR.8_1,NOR,1997,2.85420023633046
NOR.19_1,NOR,1997,20.3138362242838
NPL.1_1,NPL,1997,0.280359820090003
NPL.2_1,NPL,1997,0.287058739967277
NPL.3_1,NPL,1997,0.0318285347193734
NPL.5_1,NPL,1997,0
NZL.2_1,NZL,1997,1.70134025075669
NZL.3_1,NZL,1997,0.309559049028629
NZL.14_1,NZL,1997,10.1984732824427
NZL.15_1,NZL,1997,2.16300030553007
NZL.17_1,NZL,1997,1.02520084566577
NZL.18_1,NZL,1997,2.25502618685599
OMN.9_1,OMN,1997,0.323574458856841
PAK.2_1,PAK,1997,0.186843998216636
PAK.5_1,PAK,1997,3.18221331643836
PAK.7_1,PAK,1997,4.82486190166129
PAK.8_1,PAK,1997,2.71176572557042
PAN.7_1,PAN,1997,0.630550284629986
PAN.9_1,PAN,1997,0.824461500371361
PAN.12_1,PAN,1997,0.576078728236195
PER.2_1,PER,1997,0.464906158869311
PER.3_1,PER,1997,0.227085982588219
PER.8_1,PER,1997,0.125429672984064
PER.15_1,PER,1997,21.6335913312694
PER.25_1,PER,1997,0.842230838055486
PHL.36_1,PHL,1997,1.68307552320279
PHL.47_1,PHL,1997,59.6171243941842
PHL.61_1,PHL,1997,2.14738446726571
PHL.71_1,PHL,1997,0.236706689536879
PNG.4_1,PNG,1997,0.0537784456848373
PNG.8_1,PNG,1997,0.00370347698334947
PNG.9_1,PNG,1997,0.0190554693560902
PNG.19_1,PNG,1997,0.335725776512784
PNG.21_1,PNG,1997,0.247073170731705
POL.1_1,POL,1997,6.55596790371135
POL.2_1,POL,1997,4.95990465130497
POL.4_1,POL,1997,4.46915910817214
POL.6_1,POL,1997,8.89909029649662
POL.7_1,POL,1997,5.34015987018116
POL.8_1,POL,1997,6.03235710911623
POL.11_1,POL,1997,4.21672631696682
POL.14_1,POL,1997,3.0914608760438
POL.16_1,POL,1997,2.60663407821212
PRK.11_1,PRK,1997,0.281075268817204
PRT.9_1,PRT,1997,7.9436322287205
PRT.12_1,PRT,1997,24.9626028421836
PRY.6_1,PRY,1997,0.457474890548602
PRY.12_1,PRY,1997,1.2223104857013
PRY.13_1,PRY,1997,0.912099681312297
ROU.1_1,ROU,1997,1.9848207401696
ROU.14_1,ROU,1997,2.80258252250613
ROU.15_1,ROU,1997,2.4397015979518
ROU.17_1,ROU,1997,4.91341165700331
ROU.35_1,ROU,1997,1.76406901996155
ROU.36_1,ROU,1997,3.42279537524808
ROU.39_1,ROU,1997,0.63139517788885
ROU.40_1,ROU,1997,2.08443075615963
RUS.14_1,RUS,1997,42.7300149221915
RUS.28_1,RUS,1997,0.0678687197451268
RUS.32_1,RUS,1997,0.404092846900277
RUS.38_1,RUS,1997,2.54903249994559
RUS.43_1,RUS,1997,61.5696701132447
RUS.51_1,RUS,1997,1.20380754031454
RUS.65_1,RUS,1997,1.53709083412262
RUS.69_1,RUS,1997,0.498245170162879
RWA.2_1,RWA,1997,0.0347085201793702
RWA.4_1,RWA,1997,0.0373621252136108
SDN.12_1,SDN,1997,0.0223080335992812
SEN.3_1,SEN,1997,0.0893200153668853
SEN.8_1,SEN,1997,0.00809220205983324
SLB.1_1,SLB,1997,0.082777036048064
SLB.6_1,SLB,1997,0
SLB.7_1,SLB,1997,0.0174262734584446
SLB.10_1,SLB,1997,0.0276618900779958
SLE.1_1,SLE,1997,0.0220883534136548
SLE.2_1,SLE,1997,0.00443728535391967
SLE.3_1,SLE,1997,0.00979230015976858
SLE.4_1,SLE,1997,0.272483221476513
SLV.5_1,SLV,1997,8.49530386740332
SLV.10_1,SLV,1997,18.3558909444985
SLV.12_1,SLV,1997,3.2629722921914
SLV.14_1,SLV,1997,1.85342584562011
SOM.1_1,SOM,1997,0.00528341269323604
SOM.8_1,SOM,1997,0
SRB.2_1,SRB,1997,2.1575520833334
SRB.23_1,SRB,1997,0.99322459222083
SSD.8_1,SSD,1997,0.00429417995476717
SUR.3_1,SUR,1997,0.0546746856205595
SUR.7_1,SUR,1997,32.8948863636364
SUR.10_1,SUR,1997,11.0018050541516
SVK.1_1,SVK,1997,5.57603748326641
SVK.2_1,SVK,1997,13.1007995431187
SVK.3_1,SVK,1997,6.74642535746419
SVK.4_1,SVK,1997,10.1205424409843
SVK.5_1,SVK,1997,5.45902122641519
SVK.7_1,SVK,1997,9.44881355932207
SVN.2_1,SVN,1997,3.07178543255336
SVN.3_1,SVN,1997,3.49351323300464
SVN.5_1,SVN,1997,2.61805201427844
SVN.7_1,SVN,1997,7.42265581134188
SVN.9_1,SVN,1997,7.91330166270782
SVN.10_1,SVN,1997,7.33208084996113
SWE.5_1,SWE,1997,6.88694779116451
SWE.13_1,SWE,1997,9.88563604790913
SWE.14_1,SWE,1997,8.12812731809293
SWE.15_1,SWE,1997,17.7582589285709
SWE.16_1,SWE,1997,8.8571907194906
SWE.21_1,SWE,1997,7.76810299859176
SWZ.3_1,SWZ,1997,1.68569296772983
SYR.2_1,SYR,1997,4.23267724442697
SYR.11_1,SYR,1997,9.39018854748598
SYR.13_1,SYR,1997,2.84959811471602
TCD.3_1,TCD,1997,0.000508719548143646
TCD.5_1,TCD,1997,0
TCD.22_1,TCD,1997,6.23953974895395
TGO.2_1,TGO,1997,0.972888720952219
TGO.3_1,TGO,1997,0.581734644526789
THA.3_1,THA,1997,48.7916221985058
THA.10_1,THA,1997,1.6522222634094
THA.25_1,THA,1997,0.332874449339207
THA.31_1,THA,1997,3.59920315158029
THA.36_1,THA,1997,34.3637037037037
THA.70_1,THA,1997,2.3787238131847
TJK.2_1,TJK,1997,0.00402812444285628
TJK.3_1,TJK,1997,1.02401072911859
TJK.4_1,TJK,1997,1.27909151823143
TJK.5_1,TJK,1997,0.837791601866185
TLS.2_1,TLS,1997,0
TLS.4_1,TLS,1997,0.186513157894743
TLS.7_1,TLS,1997,1.98305084745764
TLS.11_1,TLS,1997,0.00560224089635856
TLS.13_1,TLS,1997,0.0607558139534875
TUN.5_1,TUN,1997,2.08649820574172
TUN.12_1,TUN,1997,6.20712228332033
TUN.16_1,TUN,1997,8.44385026737968
TUN.20_1,TUN,1997,6.77067571093144
TUN.23_1,TUN,1997,46.8150134048257
TUR.30_1,TUR,1997,0.348619828575302
TUR.39_1,TUR,1997,1.2397035881435
TUR.40_1,TUR,1997,17.5280213757189
TUR.70_1,TUR,1997,0.505446749333636
TZA.4_1,TZA,1997,0.0108924086319144
TZA.15_1,TZA,1997,0.0407733076367112
TZA.20_1,TZA,1997,0.0523690773067451
TZA.29_1,TZA,1997,0.326446280991735
UGA.48_1,UGA,1997,0
UKR.2_1,UKR,1997,1.03550806281258
UKR.5_1,UKR,1997,5.66688262406754
UKR.6_1,UKR,1997,6.82204444250483
UKR.9_1,UKR,1997,1.00417974055158
UKR.17_1,UKR,1997,1.48375897918865
UKR.19_1,UKR,1997,0.777083623208643
UKR.21_1,UKR,1997,2.39629744717431
USA.4_1,USA,1997,4.16823234654805
USA.7_1,USA,1997,24.7191436635214
USA.8_1,USA,1997,15.2266588862954
USA.10_1,USA,1997,12.1261435777928
USA.12_1,USA,1997,2.20258803563858
USA.14_1,USA,1997,9.60639757334031
USA.22_1,USA,1997,27.9219392343268
USA.24_1,USA,1997,5.34271549403617
USA.33_1,USA,1997,10.8827641055368
USA.37_1,USA,1997,3.96186467115072
USA.39_1,USA,1997,13.5956138386727
UZB.4_1,UZB,1997,1.09842740803167
UZB.10_1,UZB,1997,3.18638685957112
VEN.5_1,VEN,1997,0.824737616944798
VEN.21_1,VEN,1997,4.07320594479835
VEN.24_1,VEN,1997,4.60081979001883
VNM.4_1,VNM,1997,0.0482404112297346
VNM.27_1,VNM,1997,8.9895886889459
VNM.57_1,VNM,1997,1.06737616099082
XKO.1_1,XKO,1997,4.57250945775536
XKO.3_1,XKO,1997,2.23098434004474
XKO.5_1,XKO,1997,4.17613185067515
XKO.6_1,XKO,1997,2.41249999999999
YEM.2_1,YEM,1997,0.361914363028625
YEM.19_1,YEM,1997,0.518746808665818
ZAF.1_1,ZAF,1997,0.722939978736255
ZAF.3_1,ZAF,1997,16.6872671385981
ZAF.4_1,ZAF,1997,2.08635737252967
ZMB.2_1,ZMB,1997,0.393878869764534
ZMB.6_1,ZMB,1997,0.0151686756734908
ZMB.9_1,ZMB,1997,0.0573246129477495
ZWE.6_1,ZWE,1997,0.186693227091622
ZWE.9_1,ZWE,1997,0.0771631334728541
ZWE.10_1,ZWE,1997,0.252387212842539
AFG.14_1,AFG,1998,0.440784313725468
AFG.15_1,AFG,1998,0.0206995648246951
AFG.26_1,AFG,1998,0
AGO.2_1,AGO,1998,0.0314746949946557
AGO.11_1,AGO,1998,6.23052851182207
ALB.1_1,ALB,1998,1.94865771812082
ALB.8_1,ALB,1998,0.256834532374099
ALB.10_1,ALB,1998,0.203666281755196
ALB.11_1,ALB,1998,2.64240506329113
ARE.1_1,ARE,1998,3.17061468259312
ARG.1_1,ARG,1998,1.67549350079857
ARG.6_1,ARG,1998,0.901180783381457
ARG.12_1,ARG,1998,0.201685009740421
ARG.14_1,ARG,1998,1.11867318620317
ARG.19_1,ARG,1998,0.236077661480903
ARG.20_1,ARG,1998,0.10295697389475
AUS.5_1,AUS,1998,0.453316557000045
AUS.7_1,AUS,1998,0.173221371686295
AUS.8_1,AUS,1998,0.119873662715971
AUT.3_1,AUT,1998,8.66358080992321
AUT.4_1,AUT,1998,7.9458830826487
AUT.6_1,AUT,1998,6.22435325602199
AUT.9_1,AUT,1998,55.1318681318681
AZE.1_1,AZE,1998,1.69973523084556
AZE.4_1,AZE,1998,1.97583755121713
AZE.7_1,AZE,1998,0.729372113344125
AZE.10_1,AZE,1998,0.499371746544596
BDI.2_1,BDI,1998,10.2168949771689
BDI.3_1,BDI,1998,0.293808049535606
BDI.4_1,BDI,1998,0.0129336579427875
BDI.7_1,BDI,1998,0
BDI.14_1,BDI,1998,0
BEL.1_1,BEL,1998,60.901384083045
BEL.2_1,BEL,1998,36.8473157787304
BEL.3_1,BEL,1998,18.7215338540145
BEN.2_1,BEN,1998,0.0239510786478664
BEN.3_1,BEN,1998,1.41849624060144
BEN.4_1,BEN,1998,0.0853920997175158
BFA.1_1,BFA,1998,0.0316610353565765
BFA.7_1,BFA,1998,3.43959243085875
BFA.10_1,BFA,1998,0.0397620956963352
BGD.3_1,BGD,1998,3.09903916100818
BGD.4_1,BGD,1998,1.54136168738368
BGR.8_1,BGR,1998,1.37753036437249
BGR.14_1,BGR,1998,2.93309784900887
BGR.19_1,BGR,1998,2.80049261083746
BGR.22_1,BGR,1998,3.04206993443649
BGR.26_1,BGR,1998,1.21843043995241
BIH.2_1,BIH,1998,1.78162152498441
BIH.3_1,BIH,1998,1.63308157099688
BLR.1_1,BLR,1998,1.48714435246008
BLR.5_1,BLR,1998,2.46351293716236
BLR.6_1,BLR,1998,1.59332258601075
BOL.2_1,BOL,1998,0.57659732428276
BOL.3_1,BOL,1998,0.0267784550748342
BOL.5_1,BOL,1998,0.146305034438083
BOL.8_1,BOL,1998,0.0916866599894021
BRA.10_1,BRA,1998,0.350578579117493
BRA.13_1,BRA,1998,1.05690837252713
BRA.17_1,BRA,1998,2.77488360441901
BRA.19_1,BRA,1998,7.73965330646631
BRA.25_1,BRA,1998,5.09934148877212
BRN.2_1,BRN,1998,47.2516556291391
BTN.7_1,BTN,1998,0.0416997617156468
BTN.8_1,BTN,1998,0.14808153477218
BTN.10_1,BTN,1998,0.067784765897973
BTN.14_1,BTN,1998,0.292671614100185
BWA.1_1,BWA,1998,0.0751492861128169
BWA.15_1,BWA,1998,0.0105552165954823
CAF.15_1,CAF,1998,0
CAF.14_1,CAF,1998,0.00263636701199302
CAF.17_1,CAF,1998,0.0039969056214545
CAN.2_1,CAN,1998,0.616468052404994
CAN.9_1,CAN,1998,1.26764700297914
CAN.11_1,CAN,1998,1.06669077968052
CHE.1_1,CHE,1998,27.4422535211267
CHE.2_1,CHE,1998,16.8400954653939
CHE.5_1,CHE,1998,50.7291666666667
CHE.6_1,CHE,1998,10.3019373219379
CHE.7_1,CHE,1998,11.3253424657535
CHE.10_1,CHE,1998,3.99371448252102
CHE.12_1,CHE,1998,13.6985576923076
CHE.13_1,CHE,1998,14.2451476793249
CHE.16_1,CHE,1998,14.7153993000316
CHE.21_1,CHE,1998,6.02454740718023
CHE.23_1,CHE,1998,5.89634560521651
CHE.24_1,CHE,1998,11.7392378263937
CHE.25_1,CHE,1998,27.346618357488
CHE.26_1,CHE,1998,33.1565656565658
CHL.11_1,CHL,1998,0.123240311704242
CHL.14_1,CHL,1998,4.98956299395612
CHL.16_1,CHL,1998,2.2368994472793
CHN.2_1,CHN,1998,12.7565128656619
CHN.15_1,CHN,1998,6.98464444141479
CHN.26_1,CHN,1998,0.441739741795868
CHN.31_1,CHN,1998,3.99778471614602
CIV.5_1,CIV,1998,0.472398843930626
CIV.6_1,CIV,1998,0.788536449638286
CIV.8_1,CIV,1998,0.153122267728138
CIV.13_1,CIV,1998,3.48155822627436
CMR.10_1,CMR,1998,0.0316039060306414
COD.18_1,COD,1998,0.0011644092296158
COD.22_1,COD,1998,0.0246773701042942
COD.24_1,COD,1998,0.00360339607739679
COG.4_1,COG,1998,0.00071198381173623
COG.8_1,COG,1998,0.0191713173003636
COL.2_1,COL,1998,1.7880018377642
COL.13_1,COL,1998,1.68661763167987
COL.14_1,COL,1998,5.23646856673231
COL.22_1,COL,1998,1.03874466502221
COL.25_1,COL,1998,5.6740669240671
CRI.4_1,CRI,1998,4.8236973590292
CRI.7_1,CRI,1998,6.02897813929838
CUB.7_1,CUB,1998,1.68840649313224
CUB.16_1,CUB,1998,1.53531255762502
CZE.2_1,CZE,1998,11.7663926681785
CZE.5_1,CZE,1998,13.9115802675585
CZE.7_1,CZE,1998,14.7633262260126
CZE.8_1,CZE,1998,11.9476653086808
CZE.10_1,CZE,1998,7.75991321262912
CZE.11_1,CZE,1998,53.5790671217293
CZE.12_1,CZE,1998,12.5519631765752
CZE.14_1,CZE,1998,13.9555154794109
DEU.3_1,DEU,1998,54.2408930669801
DEU.6_1,DEU,1998,50.1660887656032
DEU.9_1,DEU,1998,11.03082399533
DEU.10_1,DEU,1998,20.7144736197129
DEU.11_1,DEU,1998,12.0900372935533
DNK.1_1,DNK,1998,21.9914605418141
DNK.2_1,DNK,1998,9.19114692016374
DNK.3_1,DNK,1998,7.56282069061168
DNK.5_1,DNK,1998,10.6634687533497
DOM.26_1,DOM,1998,0.744672017713812
DOM.30_1,DOM,1998,2.50110864745011
DZA.6_1,DZA,1998,1.85508933247968
DZA.19_1,DZA,1998,2.46750992063493
DZA.26_1,DZA,1998,1.02405443899351
DZA.31_1,DZA,1998,0.172271087611825
DZA.39_1,DZA,1998,4.52747533174559
DZA.48_1,DZA,1998,3.14976452119318
ECU.1_1,ECU,1998,2.20914864400969
ECU.10_1,ECU,1998,4.14418009335938
ECU.12_1,ECU,1998,0.363162305615048
ECU.17_1,ECU,1998,1.99173043692935
ECU.19_1,ECU,1998,2.74335128079626
EGY.9_1,EGY,1998,30.1181410974246
EGY.11_1,EGY,1998,20.0425968693867
EGY.16_1,EGY,1998,22.9668559261892
ERI.1_1,ERI,1998,0.894029850746263
ESP.1_1,ESP,1998,5.81293596022249
ESP.5_1,ESP,1998,3.27107599273119
ESP.8_1,ESP,1998,26.2786651454643
ESP.12_1,ESP,1998,7.16692024109033
EST.1_1,EST,1998,6.04963839579206
EST.8_1,EST,1998,1.38040123456782
EST.13_1,EST,1998,3.66948233106015
EST.14_1,EST,1998,1.7333927207941
EST.15_1,EST,1998,1.13632131932437
ETH.5_1,ETH,1998,1.28599840891009
ETH.8_1,ETH,1998,0.0355705780445089
ETH.9_1,ETH,1998,0.00272621528618491
ETH.10_1,ETH,1998,0.0193056470033743
ETH.11_1,ETH,1998,0.050030554515174
FIN.4_1,FIN,1998,9.94885334557588
FIN.5_1,FIN,1998,7.53761228687925
FJI.2_1,FJI,1998,0.0820627802690596
FJI.3_1,FJI,1998,0.490572315882859
FJI.5_1,FJI,1998,0.488816503800232
FRA.7_1,FRA,1998,14.8667204127696
FRA.8_1,FRA,1998,25.2934963209112
FRA.9_1,FRA,1998,8.15642928263346
FRA.10_1,FRA,1998,5.71301211618814
FRA.11_1,FRA,1998,6.69144367666902
GAB.2_1,GAB,1998,0.123808636801064
GAB.3_1,GAB,1998,0.0155201342281883
GAB.4_1,GAB,1998,0.204612980892411
GBR.1_1,GBR,1998,19.4154545698689
GBR.3_1,GBR,1998,4.24841930712296
GBR.4_1,GBR,1998,9.5532217187636
GEO.3_1,GEO,1998,0.0714942528735631
GEO.4_1,GEO,1998,0.891371182619364
GEO.11_1,GEO,1998,0.291466272043409
GHA.1_1,GHA,1998,0.496707350710284
GHA.5_1,GHA,1998,5.0348258706465
GHA.6_1,GHA,1998,0.0702790150432681
GHA.10_1,GHA,1998,0.466949971025802
GIN.1_1,GIN,1998,0.0378463090391593
GIN.2_1,GIN,1998,13.1923847695391
GIN.5_1,GIN,1998,0.0860364000153861
GIN.8_1,GIN,1998,0.0120197942440402
GMB.3_1,GMB,1998,0.0252210940058968
GMB.5_1,GMB,1998,0.009727626459144
GMB.6_1,GMB,1998,0.759937238493703
GNB.1_1,GNB,1998,0.00319030148349018
GNB.5_1,GNB,1998,0.00300968332897135
GNB.8_1,GNB,1998,0
GNQ.7_1,GNQ,1998,0
GRC.1_1,GRC,1998,4.32277271390778
GRC.3_1,GRC,1998,24.3035872846742
GRC.4_1,GRC,1998,4.47639377197406
GTM.7_1,GTM,1998,17.3024737631184
GTM.11_1,GTM,1998,1.40539007092198
GTM.22_1,GTM,1998,1.29839910647801
GUY.3_1,GUY,1998,2.26709677419356
GUY.4_1,GUY,1998,0.0389329838102745
GUY.5_1,GUY,1998,0.670725320764579
GUY.6_1,GUY,1998,0.236620630125153
HND.1_1,HND,1998,1.0009808195292
HND.3_1,HND,1998,0.391072801141988
HND.8_1,HND,1998,0.852913588931886
HND.13_1,HND,1998,0.0886763747011523
HND.15_1,HND,1998,0.224706226534729
HND.18_1,HND,1998,0.693530014808049
HRV.4_1,HRV,1998,15.8043478260869
HRV.8_1,HRV,1998,9.81804202972832
HRV.13_1,HRV,1998,5.01255688521834
HRV.16_1,HRV,1998,4.57308877065245
HRV.18_1,HRV,1998,4.2098117864856
HTI.2_1,HTI,1998,0
HTI.4_1,HTI,1998,0.113995485327313
HTI.5_1,HTI,1998,0.14270462633452
HTI.8_1,HTI,1998,0.305061082024436
HTI.10_1,HTI,1998,0.129950900163668
HUN.6_1,HUN,1998,4.59558085035153
HUN.7_1,HUN,1998,6.09368035657441
HUN.9_1,HUN,1998,5.45758590879612
HUN.15_1,HUN,1998,4.44763558642793
HUN.19_1,HUN,1998,6.83690834958334
IDN.10_1,IDN,1998,5.56375110935831
IDN.11_1,IDN,1998,5.34656696378662
IDN.26_1,IDN,1998,0.618505485406713
IDN.33_1,IDN,1998,5.72838709677433
IND.5_1,IND,1998,1.09038301068048
IND.11_1,IND,1998,4.44715411730065
IND.16_1,IND,1998,3.67724114821847
IND.19_1,IND,1998,2.50732693148591
IND.25_1,IND,1998,47.3746873436718
IND.32_1,IND,1998,4.55507264919669
IND.34_1,IND,1998,2.88901561133637
IND.36_1,IND,1998,4.13598401210365
IRN.13_1,IRN,1998,0.795660264158246
IRN.24_1,IRN,1998,1.4203346435596
IRN.25_1,IRN,1998,0.332657266112624
IRN.30_1,IRN,1998,0.446355205599153
IRQ.9_1,IRQ,1998,5.55831333187877
IRQ.14_1,IRQ,1998,0.901114649681539
IRQ.17_1,IRQ,1998,1.52551973110929
ISL.1_1,ISL,1998,0.28967553200973
ISL.3_1,ISL,1998,8.4726331360947
ITA.2_1,ITA,1998,18.8225014518773
ITA.6_1,ITA,1998,15.8970128463087
ITA.8_1,ITA,1998,12.8522727272732
ITA.10_1,ITA,1998,20.4905628149292
ITA.13_1,ITA,1998,10.8115091112435
ITA.16_1,ITA,1998,9.98653982789887
JOR.2_1,JOR,1998,3.69866820469791
JPN.1_1,JPN,1998,35.1748191027498
JPN.2_1,JPN,1998,8.13334955590697
JPN.4_1,JPN,1998,33.917171432597
JPN.7_1,JPN,1998,29.5997762863539
JPN.10_1,JPN,1998,18.2090317134932
JPN.11_1,JPN,1998,12.117139279005
JPN.15_1,JPN,1998,12.6540765391012
JPN.19_1,JPN,1998,45.0884332925336
JPN.30_1,JPN,1998,7.53894348894326
JPN.31_1,JPN,1998,13.2997598318815
JPN.33_1,JPN,1998,46.4435146443515
JPN.37_1,JPN,1998,5.58633299051559
JPN.41_1,JPN,1998,48.322077409163
JPN.46_1,JPN,1998,10.8560365853655
KAZ.1_1,KAZ,1998,0.170226768091129
KEN.1_1,KEN,1998,0.0057509864830814
KEN.30_1,KEN,1998,25.4748157248157
KEN.36_1,KEN,1998,0.910160734787637
KEN.44_1,KEN,1998,0.689285714285733
KGZ.3_1,KGZ,1998,1.62913271618074
KGZ.4_1,KGZ,1998,0.503079309322374
KGZ.7_1,KGZ,1998,1.13063342546075
KGZ.9_1,KGZ,1998,0.211012748979037
KHM.3_1,KHM,1998,0.045465656318748
KHM.16_1,KHM,1998,10.503640776699
KHM.25_1,KHM,1998,0.0172161172161164
KOR.4_1,KOR,1998,30.6798866855524
KOR.9_1,KOR,1998,11.9850216069721
KOR.10_1,KOR,1998,15.1730370711493
KOR.14_1,KOR,1998,12.2846011703109
KOR.16_1,KOR,1998,62.6706102117061
LAO.1_1,LAO,1998,0.0320089285714283
LAO.4_1,LAO,1998,0.0840765514678491
LAO.12_1,LAO,1998,0.0167134775900961
LBN.3_1,LBN,1998,63
LBN.4_1,LBN,1998,11.6600441501103
LBN.5_1,LBN,1998,34.8698896820246
LBN.7_1,LBN,1998,20.124150710315
LBN.8_1,LBN,1998,24.3124306326304
LBR.2_1,LBR,1998,0.00700231481481463
LBR.6_1,LBR,1998,0
LBR.11_1,LBR,1998,0.384615384615383
LBR.12_1,LBR,1998,0.000404250404250462
LBR.15_1,LBR,1998,0
LKA.5_1,LKA,1998,25.247442455243
LKA.7_1,LKA,1998,18.4921000658328
LKA.8_1,LKA,1998,3.01077885952719
LKA.11_1,LKA,1998,5.95651183970854
LKA.17_1,LKA,1998,6.40346702923187
LTU.2_1,LTU,1998,3.19540796963953
LTU.3_1,LTU,1998,2.18305978195754
LTU.5_1,LTU,1998,2.7524376598465
LTU.8_1,LTU,1998,3.45201841359748
LTU.10_1,LTU,1998,1.78766607314063
LUX.1_1,LUX,1998,12.6184952978056
LUX.2_1,LUX,1998,14.6569664902998
LUX.3_1,LUX,1998,20.3573333333333
LVA.2_1,LVA,1998,1.14893156507013
LVA.3_1,LVA,1998,1.40063897763578
LVA.4_1,LVA,1998,0.735240544305147
LVA.5_1,LVA,1998,1.18847964409496
MAR.10_1,MAR,1998,0.500931477779685
MAR.11_1,MAR,1998,1.81250902266457
MDG.1_1,MDG,1998,0.00755389194552165
MDG.2_1,MDG,1998,0.00716352354725206
MDG.4_1,MDG,1998,0.00386600546503412
MDG.5_1,MDG,1998,0.00673442612060793
MEX.9_1,MEX,1998,37.805369127517
MEX.15_1,MEX,1998,14.7582047685821
MEX.16_1,MEX,1998,2.62200836468841
MEX.27_1,MEX,1998,5.73394443179264
MLI.3_1,MLI,1998,0.00533611229691828
MLI.5_1,MLI,1998,0.0137789965833371
MLI.6_1,MLI,1998,0.00629666528606524
MLI.7_1,MLI,1998,0.0123309301697421
MLI.8_1,MLI,1998,0.0364858279866895
MLT.1_1,MLT,1998,61.9464285714286
MLT.5_1,MLT,1998,58.32
MMR.1_1,MMR,1998,0.14521553041884
MMR.8_1,MMR,1998,0.275077755240007
MMR.15_1,MMR,1998,4.54957416037233
MNG.9_1,MNG,1998,0.00156924590317651
MNG.13_1,MNG,1998,0.00182424934335339
MNG.22_1,MNG,1998,0.0024238431849483
MOZ.1_1,MOZ,1998,0.00285883605316004
MOZ.2_1,MOZ,1998,0.0359846777827462
MOZ.7_1,MOZ,1998,0.047464139062268
MRT.1_1,MRT,1998,0.000298514736880566
MRT.2_1,MRT,1998,0.00671705536717173
MRT.3_1,MRT,1998,0.00729539085902103
MRT.5_1,MRT,1998,0.0146910557395934
MWI.9_1,MWI,1998,0.0266750026049822
MWI.11_1,MWI,1998,0.0897618708113537
MWI.12_1,MWI,1998,0.100465116279067
MWI.27_1,MWI,1998,0.571258907363425
MWI.28_1,MWI,1998,0.557248520710065
MYS.1_1,MYS,1998,6.40536505490238
MYS.2_1,MYS,1998,5.62721259549089
MYS.8_1,MYS,1998,2.1967901309405
MYS.11_1,MYS,1998,28.5026773761714
NAM.7_1,NAM,1998,0.0715941797249809
NAM.9_1,NAM,1998,0.0589606605148249
NAM.12_1,NAM,1998,0.0326431112087826
NER.2_1,NER,1998,0.037866058569373
NER.3_1,NER,1998,0.0368074310500059
NER.5_1,NER,1998,15.8561076604555
NER.6_1,NER,1998,0.0166533549614203
NER.7_1,NER,1998,0.0191473038141135
NER.8_1,NER,1998,0.00458552471505085
NGA.6_1,NGA,1998,15.4098985952181
NGA.20_1,NGA,1998,1.06899791231722
NGA.21_1,NGA,1998,0.35576127988494
NGA.25_1,NGA,1998,11.576388888889
NGA.27_1,NGA,1998,0.151304853723348
NGA.28_1,NGA,1998,1.38088811262826
NIC.4_1,NIC,1998,2.93363636363638
NIC.6_1,NIC,1998,0.198798754263673
NIC.13_1,NIC,1998,2.69931307243969
NIC.14_1,NIC,1998,8.62747035573122
NIC.18_1,NIC,1998,0.637755102040816
NLD.12_1,NLD,1998,16.8182785888078
NLD.14_1,NLD,1998,39.9749350908734
NOR.1_1,NOR,1998,17.5038646903698
NOR.2_1,NOR,1998,11.7393816021127
NOR.4_1,NOR,1998,4.90441838186168
NOR.7_1,NOR,1998,3.06265575441765
NOR.8_1,NOR,1998,2.71573208722749
NOR.19_1,NOR,1998,19.5681726502621
NPL.1_1,NPL,1998,0.345892843052144
NPL.2_1,NPL,1998,0.31621564031528
NPL.3_1,NPL,1998,0.0393330607954302
NPL.5_1,NPL,1998,0.00511789435203799
NZL.2_1,NZL,1998,1.76895806312158
NZL.3_1,NZL,1998,0.30411216448665
NZL.14_1,NZL,1998,10.2534351145038
NZL.15_1,NZL,1998,2.10479682248699
NZL.17_1,NZL,1998,0.997406624383476
NZL.18_1,NZL,1998,2.33198175367457
OMN.9_1,OMN,1998,0.328738529933999
PAK.2_1,PAK,1998,0.238755521558587
PAK.5_1,PAK,1998,3.81662271073152
PAK.7_1,PAK,1998,5.18928748958579
PAK.8_1,PAK,1998,2.88689121357682
PAN.7_1,PAN,1998,0.952751423149887
PAN.9_1,PAN,1998,0.89650903689033
PAN.12_1,PAN,1998,0.641370174110515
PER.2_1,PER,1998,0.515029535654761
PER.3_1,PER,1998,0.224567152499258
PER.8_1,PER,1998,0.133291527313234
PER.15_1,PER,1998,24.0433436532505
PER.25_1,PER,1998,0.683716075156596
PHL.36_1,PHL,1998,1.48516833484992
PHL.47_1,PHL,1998,60.1704361873991
PHL.61_1,PHL,1998,2.15083440308087
PHL.71_1,PHL,1998,0.150657518582047
PNG.4_1,PNG,1998,0.048769142693575
PNG.8_1,PNG,1998,0.147725881488667
PNG.9_1,PNG,1998,0.196227695888331
PNG.19_1,PNG,1998,1.22441529513675
PNG.21_1,PNG,1998,0.251951219512197
POL.1_1,POL,1998,10.150093136553
POL.2_1,POL,1998,8.92066499602681
POL.4_1,POL,1998,7.35324605692322
POL.6_1,POL,1998,11.2912923030851
POL.7_1,POL,1998,9.5489301920221
POL.8_1,POL,1998,8.48999173358486
POL.11_1,POL,1998,7.81706464601256
POL.14_1,POL,1998,5.83700725288646
POL.16_1,POL,1998,5.2666666666668
PRK.11_1,PRK,1998,0.33505376344086
PRT.9_1,PRT,1998,9.10371994801762
PRT.12_1,PRT,1998,26.1775118424329
PRY.6_1,PRY,1998,0.522952613958266
PRY.12_1,PRY,1998,1.30503858374944
PRY.13_1,PRY,1998,0.98291625306924
ROU.1_1,ROU,1998,2.66793562066302
ROU.14_1,ROU,1998,3.93734654905879
ROU.15_1,ROU,1998,2.86324710867831
ROU.17_1,ROU,1998,6.52517546536474
ROU.35_1,ROU,1998,2.91552949137244
ROU.36_1,ROU,1998,4.22111240336617
ROU.39_1,ROU,1998,0.85614525139659
ROU.40_1,ROU,1998,2.61060960067968
RUS.14_1,RUS,1998,42.2409933916012
RUS.28_1,RUS,1998,0.0821765300165903
RUS.32_1,RUS,1998,0.534670349232677
RUS.38_1,RUS,1998,2.79720829509493
RUS.43_1,RUS,1998,61.5302806499262
RUS.51_1,RUS,1998,1.12165794439014
RUS.65_1,RUS,1998,1.90937204224423
RUS.69_1,RUS,1998,0.458634995393269
RWA.2_1,RWA,1998,0.0443946188340819
RWA.4_1,RWA,1998,0.055149914556473
SDN.12_1,SDN,1998,0.0450409463148586
SEN.3_1,SEN,1998,0.092489435267001
SEN.8_1,SEN,1998,0.0119612010244687
SLB.1_1,SLB,1998,0.0680907877169557
SLB.6_1,SLB,1998,0
SLB.7_1,SLB,1998,0.0141266240461956
SLB.10_1,SLB,1998,0.0281153636858324
SLE.1_1,SLE,1998,0.0119751734209584
SLE.2_1,SLE,1998,0.00025833510622121
SLE.3_1,SLE,1998,0.00791114776065476
SLE.4_1,SLE,1998,0.295973154362412
SLV.5_1,SLV,1998,9.33176795580107
SLV.10_1,SLV,1998,20.2964946445959
SLV.12_1,SLV,1998,4.01083123425689
SLV.14_1,SLV,1998,2.78490893321772
SOM.1_1,SOM,1998,0.00815341465005701
SOM.8_1,SOM,1998,0.000165864985901438
SRB.2_1,SRB,1998,2.66197916666664
SRB.23_1,SRB,1998,1.21066499372647
SSD.8_1,SSD,1998,0.00264807763877313
SUR.3_1,SUR,1998,0.0606889010388209
SUR.7_1,SUR,1998,33.9403409090909
SUR.10_1,SUR,1998,11.0649819494585
SVK.1_1,SVK,1998,6.41904283801873
SVK.2_1,SVK,1998,16.6377784123356
SVK.3_1,SVK,1998,8.74447555244473
SVK.4_1,SVK,1998,11.6440858864891
SVK.5_1,SVK,1998,7.38843029350125
SVK.7_1,SVK,1998,11.7003389830509
SVN.2_1,SVN,1998,3.55824349197991
SVN.3_1,SVN,1998,4.48495070057071
SVN.5_1,SVN,1998,3.37863335033145
SVN.7_1,SVN,1998,9.50575519371127
SVN.9_1,SVN,1998,8.86769596199528
SVN.10_1,SVN,1998,8.26613112205231
SWE.5_1,SWE,1998,8.7728413654616
SWE.13_1,SWE,1998,13.9874437864552
SWE.14_1,SWE,1998,10.6929664845909
SWE.15_1,SWE,1998,20.6375318877556
SWE.16_1,SWE,1998,10.3308903593266
SWE.21_1,SWE,1998,9.64514803281698
SWZ.3_1,SWZ,1998,2.06752471553811
SYR.2_1,SYR,1998,4.89654549106276
SYR.11_1,SYR,1998,10.7266061452516
SYR.13_1,SYR,1998,3.21078988343187
TCD.3_1,TCD,1998,0.000507134752043926
TCD.5_1,TCD,1998,0
TCD.22_1,TCD,1998,6.15167364016737
TGO.2_1,TGO,1998,0.0231437747969015
TGO.3_1,TGO,1998,0.607044978236266
THA.3_1,THA,1998,48.1771611526148
THA.10_1,THA,1998,1.57637987915662
THA.25_1,THA,1998,0.272990088105728
THA.31_1,THA,1998,3.90585549288215
THA.36_1,THA,1998,32.8592592592592
THA.70_1,THA,1998,3.32164136075342
TJK.2_1,TJK,1998,0.00578868782314042
TJK.3_1,TJK,1998,1.48467062759577
TJK.4_1,TJK,1998,1.51165615053914
TJK.5_1,TJK,1998,1.15037466421633
TLS.2_1,TLS,1998,0.046715328467153
TLS.4_1,TLS,1998,0.201973684210531
TLS.7_1,TLS,1998,1.90960451977401
TLS.11_1,TLS,1998,0.00504201680672271
TLS.13_1,TLS,1998,0.0883720930232568
TUN.5_1,TUN,1998,2.2856608851675
TUN.12_1,TUN,1998,6.43715632364487
TUN.16_1,TUN,1998,9.16296087813101
TUN.20_1,TUN,1998,6.89225150013045
TUN.23_1,TUN,1998,46.4115281501341
TUR.30_1,TUR,1998,0.536984544779626
TUR.39_1,TUR,1998,1.58377535101402
TUR.40_1,TUR,1998,17.9491641545631
TUR.70_1,TUR,1998,0.47763356124697
TZA.4_1,TZA,1998,0.00576656927571831
TZA.15_1,TZA,1998,0.0604974704890359
TZA.20_1,TZA,1998,0.0610621333988959
TZA.29_1,TZA,1998,0.314876033057852
UGA.48_1,UGA,1998,0
UKR.2_1,UKR,1998,1.39426800929519
UKR.5_1,UKR,1998,5.42314384613982
UKR.6_1,UKR,1998,6.67822841176972
UKR.9_1,UKR,1998,1.27352128506526
UKR.17_1,UKR,1998,2.08649566967696
UKR.19_1,UKR,1998,1.27413385278969
UKR.21_1,UKR,1998,3.08928912897941
USA.4_1,USA,1998,4.2131434114352
USA.7_1,USA,1998,23.5020307014545
USA.8_1,USA,1998,15.1518006002001
USA.10_1,USA,1998,12.6999337366202
USA.12_1,USA,1998,1.8830345778531
USA.14_1,USA,1998,9.70481766716035
USA.22_1,USA,1998,28.1375899280577
USA.24_1,USA,1998,5.19176539845392
USA.33_1,USA,1998,10.9885625792851
USA.37_1,USA,1998,3.98944595659291
USA.39_1,USA,1998,13.3267676202184
UZB.4_1,UZB,1998,1.44827646728428
UZB.10_1,UZB,1998,4.17843670916306
VEN.5_1,VEN,1998,0.987272640927274
VEN.21_1,VEN,1998,4.57987261146493
VEN.24_1,VEN,1998,5.01625197756355
VNM.4_1,VNM,1998,0.0843218663503358
VNM.27_1,VNM,1998,9.21015424164522
VNM.57_1,VNM,1998,1.39493034055736
XKO.1_1,XKO,1998,3.06305170239598
XKO.3_1,XKO,1998,1.89392244593584
XKO.5_1,XKO,1998,3.89078633836377
XKO.6_1,XKO,1998,1.90243902439025
YEM.2_1,YEM,1998,0.418077147556614
YEM.19_1,YEM,1998,0.579218031949817
ZAF.1_1,ZAF,1998,0.800454679233592
ZAF.3_1,ZAF,1998,17.830942622951
ZAF.4_1,ZAF,1998,2.34094201618491
ZMB.2_1,ZMB,1998,0.395670563355468
ZMB.6_1,ZMB,1998,0.0150068764662988
ZMB.9_1,ZMB,1998,0.0623473506719363
ZWE.6_1,ZWE,1998,0.182015936254898
ZWE.9_1,ZWE,1998,0.0858065690110094
ZWE.10_1,ZWE,1998,0.273638596734076
AFG.14_1,AFG,1999,0.429607843137272
AFG.15_1,AFG,1999,0.0277362673454429
AFG.26_1,AFG,1999,0
AGO.2_1,AGO,1999,0.033481003850242
AGO.11_1,AGO,1999,6.94888734353253
ALB.1_1,ALB,1999,2.50973154362414
ALB.8_1,ALB,1999,0.334052757793768
ALB.10_1,ALB,1999,0.362297921478057
ALB.11_1,ALB,1999,3.15110759493672
ARE.1_1,ARE,1999,2.977542164362
ARG.1_1,ARG,1999,1.74307315154297
ARG.6_1,ARG,1999,0.8948407691254
ARG.12_1,ARG,1999,0.215463127924173
ARG.14_1,ARG,1999,1.20963393683107
ARG.19_1,ARG,1999,0.23449680976131
ARG.20_1,ARG,1999,0.087832159844607
AUS.5_1,AUS,1999,0.458614512041652
AUS.7_1,AUS,1999,0.172491167174455
AUS.8_1,AUS,1999,0.113124121182119
AUT.3_1,AUT,1999,7.8546455065059
AUT.4_1,AUT,1999,7.62857290536017
AUT.6_1,AUT,1999,6.74694469223864
AUT.9_1,AUT,1999,51.1875
AZE.1_1,AZE,1999,1.92040377296041
AZE.4_1,AZE,1999,1.59405880935158
AZE.7_1,AZE,1999,0.455061790038702
AZE.10_1,AZE,1999,0.385657871118297
BDI.2_1,BDI,1999,11.4406392694064
BDI.3_1,BDI,1999,0.269040247678022
BDI.4_1,BDI,1999,0.0135423006695074
BDI.7_1,BDI,1999,0
BDI.14_1,BDI,1999,0
BEL.1_1,BEL,1999,61.6643598615917
BEL.2_1,BEL,1999,41.7052459685651
BEL.3_1,BEL,1999,19.6402313700179
BEN.2_1,BEN,1999,0.0242908102598903
BEN.3_1,BEN,1999,1.60661654135331
BEN.4_1,BEN,1999,0.0881047392727783
BFA.1_1,BFA,1999,0.0301073971280335
BFA.7_1,BFA,1999,3.63275109170315
BFA.10_1,BFA,1999,0.0441058540497156
BGD.3_1,BGD,1999,3.08461142095113
BGD.4_1,BGD,1999,1.38806358005985
BGR.8_1,BGR,1999,1.55251911830861
BGR.14_1,BGR,1999,3.19032053985655
BGR.19_1,BGR,1999,3.12019704433498
BGR.22_1,BGR,1999,3.40048392132373
BGR.26_1,BGR,1999,0.887990487514881
BIH.2_1,BIH,1999,2.02592294627684
BIH.3_1,BIH,1999,1.62770392749265
BLR.1_1,BLR,1999,1.22192406508714
BLR.5_1,BLR,1999,1.87940005686645
BLR.6_1,BLR,1999,0.936494837446793
BOL.2_1,BOL,1999,0.469030772260839
BOL.3_1,BOL,1999,0.0264008287144414
BOL.5_1,BOL,1999,0.144849499600559
BOL.8_1,BOL,1999,0.0985278703037467
BRA.10_1,BRA,1999,0.363879947420396
BRA.13_1,BRA,1999,1.0926162912073
BRA.17_1,BRA,1999,2.9059851946561
BRA.19_1,BRA,1999,8.00256568144788
BRA.25_1,BRA,1999,5.4605117903082
BRN.2_1,BRN,1999,44.7044701986754
BTN.7_1,BTN,1999,0.131453534551231
BTN.8_1,BTN,1999,0.129196642685851
BTN.10_1,BTN,1999,0.0688329839273245
BTN.14_1,BTN,1999,0.312615955473095
BWA.1_1,BWA,1999,0.0830078999387054
BWA.15_1,BWA,1999,0.0197071384990835
CAF.15_1,CAF,1999,0
CAF.14_1,CAF,1999,0.00378745683413117
CAF.17_1,CAF,1999,0
CAN.2_1,CAN,1999,0.57373718641444
CAN.9_1,CAN,1999,1.43571297755519
CAN.11_1,CAN,1999,0.996740245433939
CHE.1_1,CHE,1999,27.9633802816902
CHE.2_1,CHE,1999,19.5727923627685
CHE.5_1,CHE,1999,51.7916666666667
CHE.6_1,CHE,1999,11.1305413105417
CHE.7_1,CHE,1999,13.3744963738921
CHE.10_1,CHE,1999,4.37054417082843
CHE.12_1,CHE,1999,14.9401442307693
CHE.13_1,CHE,1999,14.5417721518987
CHE.16_1,CHE,1999,16.8189627744191
CHE.21_1,CHE,1999,6.7348880024548
CHE.23_1,CHE,1999,7.33854095910885
CHE.24_1,CHE,1999,13.7181839567162
CHE.25_1,CHE,1999,27.9468599033816
CHE.26_1,CHE,1999,36.1090534979422
CHL.11_1,CHL,1999,0.156727545852554
CHL.14_1,CHL,1999,4.92212924221311
CHL.16_1,CHL,1999,2.11960565476197
CHN.2_1,CHN,1999,12.5621273360265
CHN.15_1,CHN,1999,6.68991763940352
CHN.26_1,CHN,1999,0.414295426977968
CHN.31_1,CHN,1999,4.3844320124556
CIV.5_1,CIV,1999,0.451926782273584
CIV.6_1,CIV,1999,0.677622426266
CIV.8_1,CIV,1999,0.143205558879032
CIV.13_1,CIV,1999,2.95254869457107
CMR.10_1,CMR,1999,0.028047296664895
COD.18_1,COD,1999,0.00227528240269746
COD.22_1,COD,1999,0.0167301480160148
COD.24_1,COD,1999,0.00294524154271574
COG.4_1,COG,1999,0
COG.8_1,COG,1999,0.00152567551290807
COL.2_1,COL,1999,1.60812399497397
COL.13_1,COL,1999,1.60487328755168
COL.14_1,COL,1999,5.28379589854683
COL.22_1,COL,1999,1.05121578761897
COL.25_1,COL,1999,5.47007722007695
CRI.4_1,CRI,1999,5.01177730192717
CRI.7_1,CRI,1999,6.10794780545688
CUB.7_1,CUB,1999,1.61905676688117
CUB.16_1,CUB,1999,1.70214825742222
CZE.2_1,CZE,1999,10.2511810279668
CZE.5_1,CZE,1999,13.1741220735786
CZE.7_1,CZE,1999,13.5341684434967
CZE.8_1,CZE,1999,10.0915857098088
CZE.10_1,CZE,1999,6.20597037258711
CZE.11_1,CZE,1999,50.5204778156996
CZE.12_1,CZE,1999,11.3264751552801
CZE.14_1,CZE,1999,11.5142771265404
DEU.3_1,DEU,1999,54.2858401880142
DEU.6_1,DEU,1999,50.7552011095699
DEU.9_1,DEU,1999,10.6108828276112
DEU.10_1,DEU,1999,22.9650577604955
DEU.11_1,DEU,1999,12.3130275075008
DNK.1_1,DNK,1999,20.8271495877502
DNK.2_1,DNK,1999,8.72611871087395
DNK.3_1,DNK,1999,5.91762584939663
DNK.5_1,DNK,1999,10.3387822917786
DOM.26_1,DOM,1999,1.04649875449766
DOM.30_1,DOM,1999,3.04656319290469
DZA.6_1,DZA,1999,1.7294127917126
DZA.19_1,DZA,1999,2.49528769841271
DZA.26_1,DZA,1999,0.839551353062155
DZA.31_1,DZA,1999,0.14251124178484
DZA.39_1,DZA,1999,4.67522966995574
DZA.48_1,DZA,1999,2.73182888540031
ECU.1_1,ECU,1999,2.43357363542727
ECU.10_1,ECU,1999,4.78440746875481
ECU.12_1,ECU,1999,0.435236055498651
ECU.17_1,ECU,1999,1.78001316547344
ECU.19_1,ECU,1999,2.43604176864089
EGY.9_1,EGY,1999,31.9195595371406
EGY.11_1,EGY,1999,21.5141134205795
EGY.16_1,EGY,1999,23.7918381831091
ERI.1_1,ERI,1999,0.85298507462686
ESP.1_1,ESP,1999,6.07975289403622
ESP.5_1,ESP,1999,3.29010768864148
ESP.8_1,ESP,1999,27.1972536875567
ESP.12_1,ESP,1999,7.40346129088962
EST.1_1,EST,1999,5.95551172474275
EST.8_1,EST,1999,1.60730820105828
EST.13_1,EST,1999,3.77255114693116
EST.14_1,EST,1999,2.19496054975821
EST.15_1,EST,1999,1.28527729751298
ETH.5_1,ETH,1999,1.25616547334924
ETH.8_1,ETH,1999,0.0385696687235216
ETH.9_1,ETH,1999,0.00322299229389677
ETH.10_1,ETH,1999,0.0215410377090272
ETH.11_1,ETH,1999,0.0528593112420948
FIN.4_1,FIN,1999,10.3355909288048
FIN.5_1,FIN,1999,8.67575570855065
FJI.2_1,FJI,1999,0.0775784753363223
FJI.3_1,FJI,1999,0.292258207630877
FJI.5_1,FJI,1999,0.302714440825195
FRA.7_1,FRA,1999,17.1174997312699
FRA.8_1,FRA,1999,26.2031568953237
FRA.9_1,FRA,1999,9.02144279550452
FRA.10_1,FRA,1999,5.82501190455214
FRA.11_1,FRA,1999,6.52733385892226
GAB.2_1,GAB,1999,0.104855484151392
GAB.3_1,GAB,1999,0.0101603281133476
GAB.4_1,GAB,1999,0.19855540187494
GBR.1_1,GBR,1999,20.3216248511879
GBR.3_1,GBR,1999,4.49915298721473
GBR.4_1,GBR,1999,10.1057266467004
GEO.3_1,GEO,1999,0.0119540229885056
GEO.4_1,GEO,1999,0.458649313383895
GEO.11_1,GEO,1999,0.0639412997903568
GHA.1_1,GHA,1999,0.71060888153363
GHA.5_1,GHA,1999,6.3736318407962
GHA.6_1,GHA,1999,0.079250357172853
GHA.10_1,GHA,1999,0.548522310218073
GIN.1_1,GIN,1999,0.0312173505782338
GIN.2_1,GIN,1999,13.5140280561122
GIN.5_1,GIN,1999,0.0682404094039738
GIN.8_1,GIN,1999,0.00847766636280765
GMB.3_1,GMB,1999,0.0171962004585662
GMB.5_1,GMB,1999,0.0113488975356675
GMB.6_1,GMB,1999,0.732479079497897
GNB.1_1,GNB,1999,0
GNB.5_1,GNB,1999,0.00157026956294159
GNB.8_1,GNB,1999,0
GNQ.7_1,GNQ,1999,0
GRC.1_1,GRC,1999,4.86628932666878
GRC.3_1,GRC,1999,25.7543953116672
GRC.4_1,GRC,1999,4.72605893185992
GTM.7_1,GTM,1999,18.3307721139432
GTM.11_1,GTM,1999,1.7208510638298
GTM.22_1,GTM,1999,1.47561429635147
GUY.3_1,GUY,1999,2.03000000000002
GUY.4_1,GUY,1999,0.0291754654239299
GUY.5_1,GUY,1999,0.634982979837647
GUY.6_1,GUY,1999,0.156236512731976
HND.1_1,HND,1999,1.18657367044462
HND.3_1,HND,1999,0.484901723948595
HND.8_1,HND,1999,0.715910423261825
HND.13_1,HND,1999,0.0728102586394244
HND.15_1,HND,1999,0.193841728021823
HND.18_1,HND,1999,0.716140790522879
HRV.4_1,HRV,1999,15.5681159420289
HRV.8_1,HRV,1999,10.203741670938
HRV.13_1,HRV,1999,4.98070116298669
HRV.16_1,HRV,1999,5.08744049285922
HRV.18_1,HRV,1999,3.64609688367793
HTI.2_1,HTI,1999,0
HTI.4_1,HTI,1999,0.136568848758465
HTI.5_1,HTI,1999,0.203202846975085
HTI.8_1,HTI,1999,0.267190226876087
HTI.10_1,HTI,1999,0.142716857610471
HUN.6_1,HUN,1999,4.26715768329428
HUN.7_1,HUN,1999,5.23439987265208
HUN.9_1,HUN,1999,3.80856926734377
HUN.15_1,HUN,1999,3.48604060913687
HUN.19_1,HUN,1999,5.65343024286469
IDN.10_1,IDN,1999,6.15412681195173
IDN.11_1,IDN,1999,6.02123969716171
IDN.26_1,IDN,1999,0.573775427635792
IDN.33_1,IDN,1999,6.53661290322595
IND.5_1,IND,1999,0.914873998664858
IND.11_1,IND,1999,4.84485876247278
IND.16_1,IND,1999,3.94976432480749
IND.19_1,IND,1999,2.43110122628905
IND.25_1,IND,1999,47.7011005502751
IND.32_1,IND,1999,4.77433168336669
IND.34_1,IND,1999,2.30621581757018
IND.36_1,IND,1999,4.22470968269547
IRN.13_1,IRN,1999,0.857691270966065
IRN.24_1,IRN,1999,1.29832565431358
IRN.25_1,IRN,1999,0.324635674887258
IRN.30_1,IRN,1999,0.450432195975354
IRQ.9_1,IRQ,1999,4.87928212960945
IRQ.14_1,IRQ,1999,0.999363057324855
IRQ.17_1,IRQ,1999,1.46133138304487
ISL.1_1,ISL,1999,0.13801038154869
ISL.3_1,ISL,1999,6.20315581854044
ITA.2_1,ITA,1999,20.1134311810355
ITA.6_1,ITA,1999,16.3281535366044
ITA.8_1,ITA,1999,13.0547447221019
ITA.10_1,ITA,1999,19.8809605147014
ITA.13_1,ITA,1999,11.4015360831531
ITA.16_1,ITA,1999,9.85448409252358
JOR.2_1,JOR,1999,3.87971895973141
JPN.1_1,JPN,1999,35.4845151953693
JPN.2_1,JPN,1999,8.63152451636481
JPN.4_1,JPN,1999,33.2081983377942
JPN.7_1,JPN,1999,29.6788963460104
JPN.10_1,JPN,1999,17.7610032557583
JPN.11_1,JPN,1999,12.4426156185702
JPN.15_1,JPN,1999,12.5545757071549
JPN.19_1,JPN,1999,44.1670746634027
JPN.30_1,JPN,1999,7.86965601965604
JPN.31_1,JPN,1999,13.5404783348339
JPN.33_1,JPN,1999,47.239121338912
JPN.37_1,JPN,1999,5.74751456976371
JPN.41_1,JPN,1999,47.6074249605051
JPN.46_1,JPN,1999,11.3920121951213
KAZ.1_1,KAZ,1999,0.149898934596465
KEN.1_1,KEN,1999,0.00214087817983395
KEN.30_1,KEN,1999,27.423832923833
KEN.36_1,KEN,1999,0.651262916188288
KEN.44_1,KEN,1999,0.578000000000017
KGZ.3_1,KGZ,1999,1.44505353867173
KGZ.4_1,KGZ,1999,0.354679409685133
KGZ.7_1,KGZ,1999,0.807984093857585
KGZ.9_1,KGZ,1999,0.226777531872521
KHM.3_1,KHM,1999,0.0978978244927909
KHM.16_1,KHM,1999,12.7742718446602
KHM.25_1,KHM,1999,0.0277167277167266
KOR.4_1,KOR,1999,31.813031161473
KOR.9_1,KOR,1999,12.8361532263975
KOR.10_1,KOR,1999,15.6150126640572
KOR.14_1,KOR,1999,12.7585463504778
KOR.16_1,KOR,1999,62.7073474470735
LAO.1_1,LAO,1999,0.024062499999995
LAO.4_1,LAO,1999,0.0943267682397966
LAO.12_1,LAO,1999,0.0379959650302622
LBN.3_1,LBN,1999,63
LBN.4_1,LBN,1999,13.2023546725535
LBN.5_1,LBN,1999,37.0914990266062
LBN.7_1,LBN,1999,24.4978381717109
LBN.8_1,LBN,1999,28.6503884572697
LBR.2_1,LBR,1999,0.00601851851851826
LBR.6_1,LBR,1999,0
LBR.11_1,LBR,1999,0.37580128205128
LBR.12_1,LBR,1999,0.00392700392700411
LBR.15_1,LBR,1999,0
LKA.5_1,LKA,1999,27.4936061381074
LKA.7_1,LKA,1999,20.4447004608294
LKA.8_1,LKA,1999,3.3014603616133
LKA.11_1,LKA,1999,6.35701275045536
LKA.17_1,LKA,1999,7.44833446634938
LTU.2_1,LTU,1999,2.53908918406075
LTU.3_1,LTU,1999,1.74439918533603
LTU.5_1,LTU,1999,1.56046195652174
LTU.8_1,LTU,1999,2.43882790368263
LTU.10_1,LTU,1999,1.52540747842758
LUX.1_1,LUX,1999,12.4927899686521
LUX.2_1,LUX,1999,13.8236331569665
LUX.3_1,LUX,1999,20.5306666666667
LVA.2_1,LVA,1999,0.718802880642265
LVA.3_1,LVA,1999,0.858839190628318
LVA.4_1,LVA,1999,0.914193364048833
LVA.5_1,LVA,1999,0.730717500387974
MAR.10_1,MAR,1999,0.496471488144105
MAR.11_1,MAR,1999,1.83643713007097
MDG.1_1,MDG,1999,0.00187156128799477
MDG.2_1,MDG,1999,0.00902847979921177
MDG.4_1,MDG,1999,0.00416287150423254
MDG.5_1,MDG,1999,0.00803813130055386
MEX.9_1,MEX,1999,37.4039752194117
MEX.15_1,MEX,1999,15.3254382889216
MEX.16_1,MEX,1999,2.73448406093174
MEX.27_1,MEX,1999,5.54319441281413
MLI.3_1,MLI,1999,0.0073617423766808
MLI.5_1,MLI,1999,0.0123797428520006
MLI.6_1,MLI,1999,0.00539554252067721
MLI.7_1,MLI,1999,0.00828987554798478
MLI.8_1,MLI,1999,0.0341982728281782
MLT.1_1,MLT,1999,61.625
MLT.5_1,MLT,1999,57.53
MMR.1_1,MMR,1999,0.105149631441311
MMR.8_1,MMR,1999,0.282298850574708
MMR.15_1,MMR,1999,4.47003053189747
MNG.9_1,MNG,1999,0.00186201566122926
MNG.13_1,MNG,1999,0.00108177586881504
MNG.22_1,MNG,1999,0.00269832020066302
MOZ.1_1,MOZ,1999,0.00428551047508079
MOZ.2_1,MOZ,1999,0.0389533573682377
MOZ.7_1,MOZ,1999,0.0483998811057043
MRT.1_1,MRT,1999,0.000406142499157194
MRT.2_1,MRT,1999,0.00781715114021764
MRT.3_1,MRT,1999,0.00589428930331499
MRT.5_1,MRT,1999,0.0141869508857831
MWI.9_1,MWI,1999,0.0104199228925701
MWI.11_1,MWI,1999,0.063524882361328
MWI.12_1,MWI,1999,0.0888372093023273
MWI.27_1,MWI,1999,0.581353919239896
MWI.28_1,MWI,1999,0.582988165680464
MYS.1_1,MYS,1999,6.71597476401287
MYS.2_1,MYS,1999,5.30831935904589
MYS.8_1,MYS,1999,2.04179801163897
MYS.11_1,MYS,1999,27.7456492637215
NAM.7_1,NAM,1999,0.0891829229293082
NAM.9_1,NAM,1999,0.0547110247693137
NAM.12_1,NAM,1999,0.0326715991502352
NER.2_1,NER,1999,0.0380460873739829
NER.3_1,NER,1999,0.0392421638431921
NER.5_1,NER,1999,15.7422360248447
NER.6_1,NER,1999,0.0231417820119386
NER.7_1,NER,1999,0.0183252959228418
NER.8_1,NER,1999,0.00403650951105749
NGA.6_1,NGA,1999,14.3558470555402
NGA.20_1,NGA,1999,1.17442588726498
NGA.21_1,NGA,1999,0.373305770267856
NGA.25_1,NGA,1999,11.0483716475096
NGA.27_1,NGA,1999,0.177401928191443
NGA.28_1,NGA,1999,1.25367841642847
NIC.4_1,NIC,1999,3.1609090909091
NIC.6_1,NIC,1999,0.260121607593052
NIC.13_1,NIC,1999,2.78694837635294
NIC.14_1,NIC,1999,9.01581027667985
NIC.18_1,NIC,1999,1.02365491651206
NLD.12_1,NLD,1999,19.2501520681265
NLD.14_1,NLD,1999,42.3203515078886
NOR.1_1,NOR,1999,19.9848595071386
NOR.2_1,NOR,1999,12.8298855633803
NOR.4_1,NOR,1999,4.88795831276985
NOR.7_1,NOR,1999,4.19353194381533
NOR.8_1,NOR,1999,4.44409979589591
NOR.19_1,NOR,1999,22.409540137152
NPL.1_1,NPL,1999,0.416515426497246
NPL.2_1,NPL,1999,0.343632360252875
NPL.3_1,NPL,1999,0.0444431466448566
NPL.5_1,NPL,1999,0.00703710473405178
NZL.2_1,NZL,1999,1.62490272373539
NZL.3_1,NZL,1999,0.280124538314847
NZL.14_1,NZL,1999,9.80534351145038
NZL.15_1,NZL,1999,1.36602505346772
NZL.17_1,NZL,1999,0.914277660324235
NZL.18_1,NZL,1999,2.29519344483873
OMN.9_1,OMN,1999,0.3281421542713
PAK.2_1,PAK,1999,0.273371646538207
PAK.5_1,PAK,1999,3.88923104123983
PAK.7_1,PAK,1999,5.30166348112841
PAK.8_1,PAK,1999,2.78200886329769
PAN.7_1,PAN,1999,0.587666034155591
PAN.9_1,PAN,1999,0.832384253528098
PAN.12_1,PAN,1999,0.594877617966197
PER.2_1,PER,1999,0.578711896513169
PER.3_1,PER,1999,0.192947275750763
PER.8_1,PER,1999,0.115314938684434
PER.15_1,PER,1999,26.3839009287926
PER.25_1,PER,1999,0.657620041753642
PHL.36_1,PHL,1999,1.56405823475896
PHL.47_1,PHL,1999,59.5290791599354
PHL.61_1,PHL,1999,2.31426508344037
PHL.71_1,PHL,1999,0.204402515723269
PNG.4_1,PNG,1999,0.0731716044081717
PNG.8_1,PNG,1999,0.0207823212536764
PNG.9_1,PNG,1999,0.0153704422032573
PNG.19_1,PNG,1999,0.634574928845481
PNG.21_1,PNG,1999,0.206341463414637
POL.1_1,POL,1999,8.75098151597658
POL.2_1,POL,1999,7.45237149318475
POL.4_1,POL,1999,5.65199276171761
POL.6_1,POL,1999,11.1889225816107
POL.7_1,POL,1999,7.71923550800963
POL.8_1,POL,1999,7.25280467642875
POL.11_1,POL,1999,6.61777206129088
POL.14_1,POL,1999,3.40217367486904
POL.16_1,POL,1999,3.18834962756058
PRK.11_1,PRK,1999,0.179569892473116
PRT.9_1,PRT,1999,9.38669590643291
PRT.12_1,PRT,1999,27.4616055846426
PRY.6_1,PRY,1999,0.534251867113001
PRY.12_1,PRY,1999,1.42487517022244
PRY.13_1,PRY,1999,1.02716681469116
ROU.1_1,ROU,1999,2.20065535851962
ROU.14_1,ROU,1999,3.21374011093932
ROU.15_1,ROU,1999,2.27580118301402
ROU.17_1,ROU,1999,5.02654867256639
ROU.35_1,ROU,1999,2.22922070598839
ROU.36_1,ROU,1999,2.95659163987129
ROU.39_1,ROU,1999,0.706299617759497
ROU.40_1,ROU,1999,2.061013169074
RUS.14_1,RUS,1999,41.1368578128331
RUS.28_1,RUS,1999,0.0808976894660964
RUS.32_1,RUS,1999,0.305400190543397
RUS.38_1,RUS,1999,2.33108478635497
RUS.43_1,RUS,1999,60.2503692762186
RUS.51_1,RUS,1999,0.896607212784585
RUS.65_1,RUS,1999,1.32603011873233
RUS.69_1,RUS,1999,0.412943735161496
RWA.2_1,RWA,1999,0.0441255605381141
RWA.4_1,RWA,1999,0.0287400963181614
SDN.12_1,SDN,1999,0.0517412523782077
SEN.3_1,SEN,1999,0.0939300806761418
SEN.8_1,SEN,1999,0.0143861369952613
SLB.1_1,SLB,1999,0.0801068090787722
SLB.6_1,SLB,1999,0
SLB.7_1,SLB,1999,0.015054650443391
SLB.10_1,SLB,1999,0.0215853437329953
SLE.1_1,SLE,1999,0.0102592186929546
SLE.2_1,SLE,1999,0.000577454943318116
SLE.3_1,SLE,1999,0.0122403751997127
SLE.4_1,SLE,1999,0.0973154362416113
SLV.5_1,SLV,1999,9.49944751381211
SLV.10_1,SLV,1999,20.470788704966
SLV.12_1,SLV,1999,4.32670025188916
SLV.14_1,SLV,1999,2.87792714657415
SOM.1_1,SOM,1999,0.00929489270106262
SOM.8_1,SOM,1999,0.00163100569469793
SRB.2_1,SRB,1999,2.69444444444453
SRB.23_1,SRB,1999,0.85420326223338
SSD.8_1,SSD,1999,0.00515301594572068
SUR.3_1,SUR,1999,0.0503007107709136
SUR.7_1,SUR,1999,35.4886363636364
SUR.10_1,SUR,1999,11.1985559566787
SVK.1_1,SVK,1999,5.41017402945105
SVK.2_1,SVK,1999,14.55439748715
SVK.3_1,SVK,1999,6.99440055994395
SVK.4_1,SVK,1999,8.961514314415
SVK.5_1,SVK,1999,6.44110324947576
SVK.7_1,SVK,1999,9.48177966101699
SVN.2_1,SVN,1999,4.18985011832756
SVN.3_1,SVN,1999,4.88440581214329
SVN.5_1,SVN,1999,3.48827129015808
SVN.7_1,SVN,1999,9.84797866367229
SVN.9_1,SVN,1999,9.2795724465558
SVN.10_1,SVN,1999,8.82210417206527
SWE.5_1,SWE,1999,6.96822289156627
SWE.13_1,SWE,1999,11.6826439289371
SWE.14_1,SWE,1999,9.29469283161383
SWE.15_1,SWE,1999,20.0620216836728
SWE.16_1,SWE,1999,9.03388055951082
SWE.21_1,SWE,1999,8.51391018446724
SWZ.3_1,SWZ,1999,2.23521731020336
SYR.2_1,SYR,1999,5.33203454508963
SYR.11_1,SYR,1999,11.6840083798884
SYR.13_1,SYR,1999,3.49322476118344
TCD.3_1,TCD,1999,0.00050871954814366
TCD.5_1,TCD,1999,0
TCD.22_1,TCD,1999,6.53347280334726
TGO.2_1,TGO,1999,0.0239939542792382
TGO.3_1,TGO,1999,0.777365790746387
THA.3_1,THA,1999,48.3951440768411
THA.10_1,THA,1999,1.52166660488578
THA.25_1,THA,1999,0.520236784140967
THA.31_1,THA,1999,3.37971170203232
THA.36_1,THA,1999,33.4807407407408
THA.70_1,THA,1999,2.68325965788964
TJK.2_1,TJK,1999,0.00373284007844698
TJK.3_1,TJK,1999,1.06359598523297
TJK.4_1,TJK,1999,1.1622508236086
TJK.5_1,TJK,1999,0.923243319666109
TLS.2_1,TLS,1999,0
TLS.4_1,TLS,1999,0.125657894736843
TLS.7_1,TLS,1999,1.07062146892655
TLS.11_1,TLS,1999,0
TLS.13_1,TLS,1999,0.0380813953488374
TUN.5_1,TUN,1999,2.38000897129181
TUN.12_1,TUN,1999,7.27952343545424
TUN.16_1,TUN,1999,9.97607655502409
TUN.20_1,TUN,1999,7.90099139055574
TUN.23_1,TUN,1999,47.4369973190349
TUR.30_1,TUR,1999,0.294864007558885
TUR.39_1,TUR,1999,1.68654446177845
TUR.40_1,TUR,1999,19.9355302822705
TUR.70_1,TUR,1999,0.400625796731958
TZA.4_1,TZA,1999,0.0237582654159687
TZA.15_1,TZA,1999,0.0610696217778807
TZA.20_1,TZA,1999,0.0716518562747773
TZA.29_1,TZA,1999,0.671074380165288
UGA.48_1,UGA,1999,0
UKR.2_1,UKR,1999,1.25979684529307
UKR.5_1,UKR,1999,5.06875775132775
UKR.6_1,UKR,1999,5.74625643936128
UKR.9_1,UKR,1999,0.921849388844588
UKR.17_1,UKR,1999,1.67792181411903
UKR.19_1,UKR,1999,0.782663141783902
UKR.21_1,UKR,1999,2.24937852567171
USA.4_1,USA,1999,4.49524849440475
USA.7_1,USA,1999,24.7256487919029
USA.8_1,USA,1999,16.2538346115372
USA.10_1,USA,1999,12.6148948335953
USA.12_1,USA,1999,2.26148175647021
USA.14_1,USA,1999,11.2503151349427
USA.22_1,USA,1999,28.5196878211715
USA.24_1,USA,1999,5.60738930949851
USA.33_1,USA,1999,11.7522063213832
USA.37_1,USA,1999,4.19013461133757
USA.39_1,USA,1999,15.2265352964274
UZB.4_1,UZB,1999,1.04854675652917
UZB.10_1,UZB,1999,3.489543045409
VEN.5_1,VEN,1999,0.966863750771991
VEN.21_1,VEN,1999,4.73647558386409
VEN.24_1,VEN,1999,5.43391341866816
VNM.4_1,VNM,1999,0.133748517200467
VNM.27_1,VNM,1999,9.72480719794342
VNM.57_1,VNM,1999,1.39388544891657
XKO.1_1,XKO,1999,1.95901639344264
XKO.3_1,XKO,1999,1.46215510812828
XKO.5_1,XKO,1999,3.08379666401908
XKO.6_1,XKO,1999,0.977743902439025
YEM.2_1,YEM,1999,0.479492757468016
YEM.19_1,YEM,1999,0.604055729812585
ZAF.1_1,ZAF,1999,0.854034151995012
ZAF.3_1,ZAF,1999,18.3304070417286
ZAF.4_1,ZAF,1999,2.41661072046956
ZMB.2_1,ZMB,1999,0.345826235093573
ZMB.6_1,ZMB,1999,0.0140360812232069
ZMB.9_1,ZMB,1999,0.057477900975903
ZWE.6_1,ZWE,1999,0.18448605577702
ZWE.9_1,ZWE,1999,0.0798107542534949
ZWE.10_1,ZWE,1999,0.287909977857764
AFG.14_1,AFG,2000,0.58107843137253
AFG.15_1,AFG,2000,0.0491173331143851
AFG.26_1,AFG,2000,0
AGO.2_1,AGO,2000,0.0318110126641058
AGO.11_1,AGO,2000,7.1201321279555
ALB.1_1,ALB,2000,2.80671140939593
ALB.8_1,ALB,2000,0.540527577937651
ALB.10_1,ALB,2000,0.574769053117778
ALB.11_1,ALB,2000,4.25474683544304
ARE.1_1,ARE,2000,3.81548338030732
ARG.1_1,ARG,2000,1.8070258687692
ARG.6_1,ARG,2000,0.981927417461977
ARG.12_1,ARG,2000,0.265093491400192
ARG.14_1,ARG,2000,1.24260605259669
ARG.19_1,ARG,2000,0.257633173916542
ARG.20_1,ARG,2000,0.101568640248576
AUS.5_1,AUS,2000,0.46754487154123
AUS.7_1,AUS,2000,0.183128711570118
AUS.8_1,AUS,2000,0.121931250919039
AUT.3_1,AUT,2000,8.58173720053488
AUT.4_1,AUT,2000,7.70318395616928
AUT.6_1,AUT,2000,6.39170383586115
AUT.9_1,AUT,2000,53.6978021978022
AZE.1_1,AZE,2000,1.78677809035243
AZE.4_1,AZE,2000,1.69049771029171
AZE.7_1,AZE,2000,0.868992635126712
AZE.10_1,AZE,2000,0.492371208041654
BDI.2_1,BDI,2000,11.6095890410959
BDI.3_1,BDI,2000,0.476780185758514
BDI.4_1,BDI,2000,0.0279975654290922
BDI.7_1,BDI,2000,0
BDI.14_1,BDI,2000,0
BEL.1_1,BEL,2000,61.4896193771626
BEL.2_1,BEL,2000,38.9708614002857
BEL.3_1,BEL,2000,18.3530154442428
BEN.2_1,BEN,2000,0.0261593341260466
BEN.3_1,BEN,2000,1.55142857142865
BEN.4_1,BEN,2000,0.0881271577814476
BFA.1_1,BFA,2000,0.028629178230961
BFA.7_1,BFA,2000,3.69868995633196
BFA.10_1,BFA,2000,0.0462109061748235
BGD.3_1,BGD,2000,3.62086263336594
BGD.4_1,BGD,2000,1.83305903243937
BGR.8_1,BGR,2000,2.26968061178588
BGR.14_1,BGR,2000,3.94332560101219
BGR.19_1,BGR,2000,3.37795566502461
BGR.22_1,BGR,2000,4.16859194505153
BGR.26_1,BGR,2000,1.33923900118905
BIH.2_1,BIH,2000,2.56293018682406
BIH.3_1,BIH,2000,1.9633232628396
BLR.1_1,BLR,2000,1.23770101817487
BLR.5_1,BLR,2000,2.55908444697173
BLR.6_1,BLR,2000,1.42885656162442
BOL.2_1,BOL,2000,0.472591324373782
BOL.3_1,BOL,2000,0.0268197257153323
BOL.5_1,BOL,2000,0.153506602230018
BOL.8_1,BOL,2000,0.0976823274555617
BRA.10_1,BRA,2000,0.39163673718692
BRA.13_1,BRA,2000,1.13023135934536
BRA.17_1,BRA,2000,2.6477640819221
BRA.19_1,BRA,2000,8.61381362890113
BRA.25_1,BRA,2000,5.43568123179072
BRN.2_1,BRN,2000,43.4884105960265
BTN.7_1,BTN,2000,0.150714853057982
BTN.8_1,BTN,2000,0.277877697841728
BTN.10_1,BTN,2000,0.143955276030747
BTN.14_1,BTN,2000,0.294990723562153
BWA.1_1,BWA,2000,0.0965383529281562
BWA.15_1,BWA,2000,0.0286455155582642
CAF.15_1,CAF,2000,0
CAF.14_1,CAF,2000,0.00441869963981971
CAF.17_1,CAF,2000,0.00128932439401749
CAN.2_1,CAN,2000,0.514227201081194
CAN.9_1,CAN,2000,1.47012512719442
CAN.11_1,CAN,2000,1.11351404405045
CHE.1_1,CHE,2000,26.137558685446
CHE.2_1,CHE,2000,15.8830548926014
CHE.5_1,CHE,2000,49.7916666666667
CHE.6_1,CHE,2000,10.0008547008547
CHE.7_1,CHE,2000,12.0016116035456
CHE.10_1,CHE,2000,4.66531771999301
CHE.12_1,CHE,2000,13.6911057692308
CHE.13_1,CHE,2000,13.1059071729959
CHE.16_1,CHE,2000,13.6446070633151
CHE.21_1,CHE,2000,6.31236575636681
CHE.23_1,CHE,2000,7.57234071457672
CHE.24_1,CHE,2000,12.9171959538931
CHE.25_1,CHE,2000,25.268115942029
CHE.26_1,CHE,2000,31.8943135054245
CHL.11_1,CHL,2000,0.140984928397591
CHL.14_1,CHL,2000,5.37257089725739
CHL.16_1,CHL,2000,2.25294961734695
CHN.2_1,CHN,2000,13.1434831325803
CHN.15_1,CHN,2000,6.83957850751592
CHN.26_1,CHN,2000,0.514981496217284
CHN.31_1,CHN,2000,4.68291743251738
CIV.5_1,CIV,2000,0.48068400770711
CIV.6_1,CIV,2000,0.712959098497477
CIV.8_1,CIV,2000,0.148405503658353
CIV.13_1,CIV,2000,2.93410692084542
CMR.10_1,CMR,2000,0.0334602065329252
COD.18_1,COD,2000,0.00173992183735775
COD.22_1,COD,2000,0.0208925959854122
COD.24_1,COD,2000,0.00327020534421493
COG.4_1,COG,2000,0.000299782657573127
COG.8_1,COG,2000,0.00841128999879449
COL.2_1,COL,2000,1.56299068956538
COL.13_1,COL,2000,1.95954613588035
COL.14_1,COL,2000,5.27273915804393
COL.22_1,COL,2000,1.03030658992135
COL.25_1,COL,2000,5.12902187902193
CRI.4_1,CRI,2000,5.48251249107778
CRI.7_1,CRI,2000,6.63167259786465
CUB.7_1,CUB,2000,1.88204783402171
CUB.16_1,CUB,2000,2.19624746450311
CZE.2_1,CZE,2000,11.574074074074
CZE.5_1,CZE,2000,13.0985925306578
CZE.7_1,CZE,2000,13.2635394456293
CZE.8_1,CZE,2000,11.6015355687874
CZE.10_1,CZE,2000,6.22673200658383
CZE.11_1,CZE,2000,53.5130830489192
CZE.12_1,CZE,2000,11.3100321650404
CZE.14_1,CZE,2000,13.0500450856628
DEU.3_1,DEU,2000,53.054054054054
DEU.6_1,DEU,2000,49.5849514563107
DEU.9_1,DEU,2000,11.2280208774486
DEU.10_1,DEU,2000,22.0834218395114
DEU.11_1,DEU,2000,11.6365981549509
DNK.1_1,DNK,2000,19.9051825677265
DNK.2_1,DNK,2000,9.22318185331181
DNK.3_1,DNK,2000,7.25911801414503
DNK.5_1,DNK,2000,9.7724032586559
DOM.26_1,DOM,2000,0.884998616108487
DOM.30_1,DOM,2000,2.82427937915748
DZA.6_1,DZA,2000,1.97436419717156
DZA.19_1,DZA,2000,2.4011656746032
DZA.26_1,DZA,2000,0.998793321728192
DZA.31_1,DZA,2000,0.157842071453244
DZA.39_1,DZA,2000,4.29661449472624
DZA.48_1,DZA,2000,2.7345761381476
ECU.1_1,ECU,2000,2.68177136972197
ECU.10_1,ECU,2000,5.06260352356585
ECU.12_1,ECU,2000,0.54870099636839
ECU.17_1,ECU,2000,1.94853122685742
ECU.19_1,ECU,2000,2.55661608745308
EGY.9_1,EGY,2000,32.3176558417321
EGY.11_1,EGY,2000,22.5688991531952
EGY.16_1,EGY,2000,24.1721788502489
ERI.1_1,ERI,2000,0.808582089552238
ESP.1_1,ESP,2000,6.4197091124973
ESP.5_1,ESP,2000,3.61129688105091
ESP.8_1,ESP,2000,27.5016298590168
ESP.12_1,ESP,2000,7.26476095734138
EST.1_1,EST,2000,5.52596975673859
EST.8_1,EST,2000,1.32958553791891
EST.13_1,EST,2000,3.69986050836949
EST.14_1,EST,2000,2.1888521252227
EST.15_1,EST,2000,1.34811810081129
ETH.5_1,ETH,2000,1.31901352426413
ETH.8_1,ETH,2000,0.0400977172428155
ETH.9_1,ETH,2000,0.00351681771919828
ETH.10_1,ETH,2000,0.0207891335625763
ETH.11_1,ETH,2000,0.0713990025429445
FIN.4_1,FIN,2000,8.00585444248761
FIN.5_1,FIN,2000,6.36589737844282
FJI.2_1,FJI,2000,0.0937219730941702
FJI.3_1,FJI,2000,0.395740905057684
FJI.5_1,FJI,2000,0.355917480998919
FRA.7_1,FRA,2000,16.7761367300859
FRA.8_1,FRA,2000,25.9667220507932
FRA.9_1,FRA,2000,9.02784362998385
FRA.10_1,FRA,2000,6.02956737976406
FRA.11_1,FRA,2000,7.01237304642032
GAB.2_1,GAB,2000,0.0907453975350008
GAB.3_1,GAB,2000,0.0169183445190172
GAB.4_1,GAB,2000,0.185838327954479
GBR.1_1,GBR,2000,19.6024158394626
GBR.3_1,GBR,2000,5.06585524432254
GBR.4_1,GBR,2000,9.98895374139005
GEO.3_1,GEO,2000,0.0379310344827576
GEO.4_1,GEO,2000,0.704345152695266
GEO.11_1,GEO,2000,0.176038969046742
GHA.1_1,GHA,2000,0.723279547648696
GHA.5_1,GHA,2000,6.38905472636769
GHA.6_1,GHA,2000,0.0870241196738911
GHA.10_1,GHA,2000,0.581263279891936
GIN.1_1,GIN,2000,0.0314515257412589
GIN.2_1,GIN,2000,13.7625250501002
GIN.5_1,GIN,2000,0.0728000307822548
GIN.8_1,GIN,2000,0.00476624560489487
GMB.3_1,GMB,2000,0.0155584670815591
GMB.5_1,GMB,2000,0.0158884565499352
GMB.6_1,GMB,2000,0.650889121338927
GNB.1_1,GNB,2000,0
GNB.5_1,GNB,2000,0.00457995289191299
GNB.8_1,GNB,2000,0
GNQ.7_1,GNQ,2000,0
GRC.1_1,GRC,2000,5.0250661570127
GRC.3_1,GRC,2000,25.5726336352335
GRC.4_1,GRC,2000,4.84325297170618
GTM.7_1,GTM,2000,19.0590329835081
GTM.11_1,GTM,2000,2.21021276595746
GTM.22_1,GTM,2000,1.76265822784812
GUY.3_1,GUY,2000,2.19645161290319
GUY.4_1,GUY,2000,0.0349280322337719
GUY.5_1,GUY,2000,0.647944488085913
GUY.6_1,GUY,2000,0.188174363400952
HND.1_1,HND,2000,1.30067567567572
HND.3_1,HND,2000,0.500658833864091
HND.8_1,HND,2000,0.838843944190387
HND.13_1,HND,2000,0.073027602695063
HND.15_1,HND,2000,0.261446194353702
HND.18_1,HND,2000,0.720127577172763
HRV.4_1,HRV,2000,15.1004830917875
HRV.8_1,HRV,2000,8.98872373141973
HRV.13_1,HRV,2000,4.76125063205804
HRV.16_1,HRV,2000,5.53465415849918
HRV.18_1,HRV,2000,3.62943535945689
HTI.2_1,HTI,2000,0
HTI.4_1,HTI,2000,0.0474040632054174
HTI.5_1,HTI,2000,0.19003558718861
HTI.8_1,HTI,2000,0.15951134380454
HTI.10_1,HTI,2000,0.126513911620296
HUN.6_1,HUN,2000,4.29586541680615
HUN.7_1,HUN,2000,5.85259471505893
HUN.9_1,HUN,2000,5.25443051653333
HUN.15_1,HUN,2000,3.55096179535138
HUN.19_1,HUN,2000,6.37626307392308
IDN.10_1,IDN,2000,6.26545705551738
IDN.11_1,IDN,2000,6.44527840972602
IDN.26_1,IDN,2000,0.723283340546792
IDN.33_1,IDN,2000,6.91596774193537
IND.5_1,IND,2000,1.24315337116101
IND.11_1,IND,2000,5.03952820611407
IND.16_1,IND,2000,4.23869540935909
IND.19_1,IND,2000,2.56781325446023
IND.25_1,IND,2000,49.4019509754877
IND.32_1,IND,2000,4.92416815270346
IND.34_1,IND,2000,2.93839820652314
IND.36_1,IND,2000,4.62762716715741
IRN.13_1,IRN,2000,0.958574260696836
IRN.24_1,IRN,2000,1.49927815342691
IRN.25_1,IRN,2000,0.358058077393703
IRN.30_1,IRN,2000,0.511723534558495
IRQ.9_1,IRQ,2000,5.9630154920356
IRQ.14_1,IRQ,2000,1.22898089171975
IRQ.17_1,IRQ,2000,1.70792356529343
ISL.1_1,ISL,2000,0.232469988048626
ISL.3_1,ISL,2000,10.227564102564
ITA.2_1,ITA,2000,20.5118789926611
ITA.6_1,ITA,2000,16.856694010215
ITA.8_1,ITA,2000,13.3792277035765
ITA.10_1,ITA,2000,20.2169698522509
ITA.13_1,ITA,2000,11.378577067298
ITA.16_1,ITA,2000,10.3790360779987
JOR.2_1,JOR,2000,3.91327600671143
JPN.1_1,JPN,2000,35.1939942112882
JPN.2_1,JPN,2000,8.37985156345071
JPN.4_1,JPN,2000,32.8294125933222
JPN.7_1,JPN,2000,28.1740492170019
JPN.10_1,JPN,2000,17.6591100928497
JPN.11_1,JPN,2000,11.4638608104478
JPN.15_1,JPN,2000,13.0039101497508
JPN.19_1,JPN,2000,44.1503977968176
JPN.30_1,JPN,2000,7.56038083538088
JPN.31_1,JPN,2000,12.6843290303205
JPN.33_1,JPN,2000,47.2926778242678
JPN.37_1,JPN,2000,5.66506684950311
JPN.41_1,JPN,2000,48.0371248025277
JPN.46_1,JPN,2000,10.5506707317074
KAZ.1_1,KAZ,2000,0.133601274170919
KEN.1_1,KEN,2000,0.00608681051129244
KEN.30_1,KEN,2000,24.3329238329238
KEN.36_1,KEN,2000,0.787600459242256
KEN.44_1,KEN,2000,0.448428571428571
KGZ.3_1,KGZ,2000,1.10852779318278
KGZ.4_1,KGZ,2000,0.311660317967248
KGZ.7_1,KGZ,2000,0.790907552597783
KGZ.9_1,KGZ,2000,0.230759639662017
KHM.3_1,KHM,2000,0.0881202639941333
KHM.16_1,KHM,2000,14.0412621359223
KHM.25_1,KHM,2000,0.0310134310134299
KOR.4_1,KOR,2000,32.2327667610955
KOR.9_1,KOR,2000,12.3074782099185
KOR.10_1,KOR,2000,15.8197866298262
KOR.14_1,KOR,2000,12.8477671696948
KOR.16_1,KOR,2000,62.8007471980075
LAO.1_1,LAO,2000,0.0313392857142812
LAO.4_1,LAO,2000,0.106806639415336
LAO.12_1,LAO,2000,0.0431187942561036
LBN.3_1,LBN,2000,62.5166666666667
LBN.4_1,LBN,2000,13.6615158204562
LBN.5_1,LBN,2000,34.0061648280337
LBN.7_1,LBN,2000,22.3119209388511
LBN.8_1,LBN,2000,25.0948945615982
LBR.2_1,LBR,2000,0.00468750000000037
LBR.6_1,LBR,2000,0
LBR.11_1,LBR,2000,0.483173076923078
LBR.12_1,LBR,2000,0.00438900438900432
LBR.15_1,LBR,2000,0
LKA.5_1,LKA,2000,26.3881074168798
LKA.7_1,LKA,2000,18.9976958525346
LKA.8_1,LKA,2000,3.16707232267046
LKA.11_1,LKA,2000,6.33606557377049
LKA.17_1,LKA,2000,7.02073419442554
LTU.2_1,LTU,2000,2.66933586337771
LTU.3_1,LTU,2000,1.65640349826283
LTU.5_1,LTU,2000,1.94481297953955
LTU.8_1,LTU,2000,1.95290368271954
LTU.10_1,LTU,2000,1.81807286673057
LUX.1_1,LUX,2000,11.4683385579937
LUX.2_1,LUX,2000,13.9100529100529
LUX.3_1,LUX,2000,19.436
LVA.2_1,LVA,2000,1.19887056786437
LVA.3_1,LVA,2000,1.26666666666667
LVA.4_1,LVA,2000,1.2334726240222
LVA.5_1,LVA,2000,0.957891469659988
MAR.10_1,MAR,2000,0.559774964838884
MAR.11_1,MAR,2000,1.96037245560828
MDG.1_1,MDG,2000,0.00507350951564943
MDG.2_1,MDG,2000,0.0138041621640447
MDG.4_1,MDG,2000,0.00398745066288678
MDG.5_1,MDG,2000,0.0106870609336875
MEX.9_1,MEX,2000,38.4987093443475
MEX.15_1,MEX,2000,16.0146563814856
MEX.16_1,MEX,2000,2.95066511868481
MEX.27_1,MEX,2000,5.84449252258365
MLI.3_1,MLI,2000,0.0126476324402052
MLI.5_1,MLI,2000,0.0112951807229023
MLI.6_1,MLI,2000,0.00612875421176689
MLI.7_1,MLI,2000,0.00868463152645965
MLI.8_1,MLI,2000,0.0391794580253977
MLT.1_1,MLT,2000,62.0892857142857
MLT.5_1,MLT,2000,57.27
MMR.1_1,MMR,2000,0.14966540983049
MMR.8_1,MMR,2000,0.375929682217725
MMR.15_1,MMR,2000,5.08902458621218
MNG.9_1,MNG,2000,0.00494976070951923
MNG.13_1,MNG,2000,0.00168852838563685
MNG.22_1,MNG,2000,0.00327683329532709
MOZ.1_1,MOZ,2000,0.00388494419508266
MOZ.2_1,MOZ,2000,0.0283968003605457
MOZ.7_1,MOZ,2000,0.0476017481862946
MRT.1_1,MRT,2000,0.000263992624452518
MRT.2_1,MRT,2000,0.00711826676675439
MRT.3_1,MRT,2000,0.00492801236834394
MRT.5_1,MRT,2000,0.0142229583753422
MWI.9_1,MWI,2000,0.0328748567260606
MWI.11_1,MWI,2000,0.186011692570935
MWI.12_1,MWI,2000,0.153604651162791
MWI.27_1,MWI,2000,0.662707838479802
MWI.28_1,MWI,2000,0.548224852070991
MYS.1_1,MYS,2000,6.68317761510379
MYS.2_1,MYS,2000,5.41526923793544
MYS.8_1,MYS,2000,2.18434772065933
MYS.11_1,MYS,2000,28.1238286479251
NAM.7_1,NAM,2000,0.116725295810701
NAM.9_1,NAM,2000,0.081544439048065
NAM.12_1,NAM,2000,0.0373314124321536
NER.2_1,NER,2000,0.0474675948151713
NER.3_1,NER,2000,0.0378918078402454
NER.5_1,NER,2000,16.4006211180124
NER.6_1,NER,2000,0.0157105568684257
NER.7_1,NER,2000,0.0207365190705817
NER.8_1,NER,2000,0.00519380860580052
NGA.6_1,NGA,2000,18.6043818029586
NGA.20_1,NGA,2000,0.95638830897692
NGA.21_1,NGA,2000,0.286787704476011
NGA.25_1,NGA,2000,11.1463122605364
NGA.27_1,NGA,2000,0.172355860562376
NGA.28_1,NGA,2000,1.1934476553402
NIC.4_1,NIC,2000,3.63454545454545
NIC.6_1,NIC,2000,0.354960699985169
NIC.13_1,NIC,2000,3.1090757701916
NIC.14_1,NIC,2000,9.66897233201581
NIC.18_1,NIC,2000,1.02226345083487
NLD.12_1,NLD,2000,17.7385948905109
NLD.14_1,NLD,2000,41.5091871380072
NOR.1_1,NOR,2000,15.7940802036921
NOR.2_1,NOR,2000,11.0999669894366
NOR.4_1,NOR,2000,4.14616657473696
NOR.7_1,NOR,2000,3.8972728817396
NOR.8_1,NOR,2000,4.10565044580526
NOR.19_1,NOR,2000,18.21278741428
NPL.1_1,NPL,2000,0.561982166811239
NPL.2_1,NPL,2000,0.427161019958786
NPL.3_1,NPL,2000,0.0511008584944192
NPL.5_1,NPL,2000,0.0105099616157903
NZL.2_1,NZL,2000,1.87648076091655
NZL.3_1,NZL,2000,0.345493819752745
NZL.14_1,NZL,2000,10.0412213740458
NZL.15_1,NZL,2000,1.43919951115184
NZL.17_1,NZL,2000,1.08676532769536
NZL.18_1,NZL,2000,2.31757898293627
OMN.9_1,OMN,2000,0.418059339378527
PAK.2_1,PAK,2000,0.301713962960538
PAK.5_1,PAK,2000,4.20113155839869
PAK.7_1,PAK,2000,5.51058928958993
PAK.8_1,PAK,2000,2.8738864352376
PAN.7_1,PAN,2000,0.877039848197345
PAN.9_1,PAN,2000,0.962862094577931
PAN.12_1,PAN,2000,0.644398183194534
PER.2_1,PER,2000,0.636885920091705
PER.3_1,PER,2000,0.205688154162228
PER.8_1,PER,2000,0.130701876625853
PER.15_1,PER,2000,25.3413312693497
PER.25_1,PER,2000,0.763644497464906
PHL.36_1,PHL,2000,1.6171064604185
PHL.47_1,PHL,2000,59.4806138933764
PHL.61_1,PHL,2000,2.69961489088582
PHL.71_1,PHL,2000,0.307032590051456
PNG.4_1,PNG,2000,0.105767854587086
PNG.8_1,PNG,2000,0.0542360430950176
PNG.9_1,PNG,2000,0.0754460822342869
PNG.19_1,PNG,2000,1.02577032545483
PNG.21_1,PNG,2000,0.287073170731698
POL.1_1,POL,2000,8.93120790944244
POL.2_1,POL,2000,7.08911435731288
POL.4_1,POL,2000,5.643380545999
POL.6_1,POL,2000,11.1606581311777
POL.7_1,POL,2000,6.67609009225755
POL.8_1,POL,2000,7.24613249881872
POL.11_1,POL,2000,6.24091264959209
POL.14_1,POL,2000,3.42002103556338
POL.16_1,POL,2000,4.26160381750489
PRK.11_1,PRK,2000,0.295483870967748
PRT.9_1,PRT,2000,9.33625730994201
PRT.12_1,PRT,2000,27.1737721266524
PRY.6_1,PRY,2000,0.614891836209173
PRY.12_1,PRY,2000,1.44269178393102
PRY.13_1,PRY,2000,1.0685962070947
ROU.1_1,ROU,2000,3.06153623747112
ROU.14_1,ROU,2000,4.54837683004454
ROU.15_1,ROU,2000,3.55438333186196
ROU.17_1,ROU,2000,6.37854745193777
ROU.35_1,ROU,2000,3.33596481335295
ROU.36_1,ROU,2000,3.39077786139445
ROU.39_1,ROU,2000,1.14683181417223
ROU.40_1,ROU,2000,2.96606839422249
RUS.14_1,RUS,2000,38.6897250053293
RUS.28_1,RUS,2000,0.0743136022427107
RUS.32_1,RUS,2000,0.456190755727885
RUS.38_1,RUS,2000,2.55437641291888
RUS.43_1,RUS,2000,61.7968980797637
RUS.51_1,RUS,2000,1.2569689202205
RUS.65_1,RUS,2000,1.93022275116916
RUS.69_1,RUS,2000,0.573041142811965
RWA.2_1,RWA,2000,0.0608968609865446
RWA.4_1,RWA,2000,0.042488736989284
SDN.12_1,SDN,2000,0.0598741154618768
SEN.3_1,SEN,2000,0.0766423357664242
SEN.8_1,SEN,2000,0.0167293335513039
SLB.1_1,SLB,2000,0.110146862483311
SLB.6_1,SLB,2000,0.00164789892886566
SLB.7_1,SLB,2000,0.0179418436791088
SLB.10_1,SLB,2000,0.0268456375838942
SLE.1_1,SLE,2000,0.0187294633077754
SLE.2_1,SLE,2000,0.00310002127465513
SLE.3_1,SLE,2000,0.0146111426068157
SLE.4_1,SLE,2000,0.206040268456375
SLV.5_1,SLV,2000,9.48287292817681
SLV.10_1,SLV,2000,20.5467380720544
SLV.12_1,SLV,2000,4.61813602015116
SLV.14_1,SLV,2000,2.73720728534261
SOM.1_1,SOM,2000,0.0116756897788777
SOM.8_1,SOM,2000,0.00297174766406815
SRB.2_1,SRB,2000,2.98263888888886
SRB.23_1,SRB,2000,1.28067754077792
SSD.8_1,SSD,2000,0.00516732987890542
SUR.3_1,SUR,2000,0.0650628758884652
SUR.7_1,SUR,2000,36.6420454545454
SUR.10_1,SUR,2000,13.0469314079422
SVK.1_1,SVK,2000,6.04718875502007
SVK.2_1,SVK,2000,15.9741576242151
SVK.3_1,SVK,2000,7.9636036396361
SVK.4_1,SVK,2000,10.6540055248619
SVK.5_1,SVK,2000,6.811419025157
SVK.7_1,SVK,2000,11.0613559322034
SVN.2_1,SVN,2000,4.34078359190117
SVN.3_1,SVN,2000,4.34003632589515
SVN.5_1,SVN,2000,3.1942886282509
SVN.7_1,SVN,2000,8.90819764177423
SVN.9_1,SVN,2000,8.39999999999998
SVN.10_1,SVN,2000,8.14278310443124
SWE.5_1,SWE,2000,7.23679718875501
SWE.13_1,SWE,2000,11.6486486486483
SWE.14_1,SWE,2000,8.1586081327128
SWE.15_1,SWE,2000,17.4635841836737
SWE.16_1,SWE,2000,7.19775525588419
SWE.21_1,SWE,2000,7.69280622164574
SWZ.3_1,SWZ,2000,2.409252005223
SYR.2_1,SYR,2000,5.16750351476162
SYR.11_1,SYR,2000,11.1173184357543
SYR.13_1,SYR,2000,3.46961663089676
TCD.3_1,TCD,2000,0.000586374557050028
TCD.5_1,TCD,2000,0
TCD.22_1,TCD,2000,6.89330543933053
TGO.2_1,TGO,2000,0.0146419799735498
TGO.3_1,TGO,2000,0.524181847493175
THA.3_1,THA,2000,49.2302561366062
THA.10_1,THA,2000,1.66647514549446
THA.25_1,THA,2000,0.417813876651988
THA.31_1,THA,2000,3.72105828632832
THA.36_1,THA,2000,33.4577777777779
THA.70_1,THA,2000,3.18575821641356
TJK.2_1,TJK,2000,0.00563825993938844
TJK.3_1,TJK,2000,1.22410013844027
TJK.4_1,TJK,2000,1.2136495616732
TJK.5_1,TJK,2000,1.07138413685826
TLS.2_1,TLS,2000,0.0569343065693434
TLS.4_1,TLS,2000,0.181249999999996
TLS.7_1,TLS,2000,1.3502824858757
TLS.11_1,TLS,2000,0
TLS.13_1,TLS,2000,0.0552325581395341
TUN.5_1,TUN,2000,2.79567882775116
TUN.12_1,TUN,2000,7.45823514008899
TUN.16_1,TUN,2000,10.6397410638899
TUN.20_1,TUN,2000,8.20375684842159
TUN.23_1,TUN,2000,48.9423592493298
TUR.30_1,TUR,2000,0.645002362151552
TUR.39_1,TUR,2000,1.74867394695789
TUR.40_1,TUR,2000,20.2919978076197
TUR.70_1,TUR,2000,0.715841928381077
TZA.4_1,TZA,2000,0.0793223640370995
TZA.15_1,TZA,2000,0.0561009395326327
TZA.20_1,TZA,2000,0.0753046960064564
TZA.29_1,TZA,2000,0.659504132231405
UGA.48_1,UGA,2000,0
UKR.2_1,UKR,2000,1.02869516231215
UKR.5_1,UKR,2000,6.42141310182694
UKR.6_1,UKR,2000,7.49035187287145
UKR.9_1,UKR,2000,1.39727438767366
UKR.17_1,UKR,2000,2.40675493509145
UKR.19_1,UKR,2000,0.833978015861849
UKR.21_1,UKR,2000,2.44526245338984
USA.4_1,USA,2000,5.29306051944851
USA.7_1,USA,2000,25.9274798650775
USA.8_1,USA,2000,18.8228576192064
USA.10_1,USA,2000,13.0860943077565
USA.12_1,USA,2000,2.21181586762852
USA.14_1,USA,2000,13.1190430587953
USA.22_1,USA,2000,28.6247430626921
USA.24_1,USA,2000,6.75736396660531
USA.33_1,USA,2000,12.4293090902192
USA.37_1,USA,2000,4.85300574788606
USA.39_1,USA,2000,16.4063315232718
UZB.4_1,UZB,2000,1.23376509407444
UZB.10_1,UZB,2000,3.71248149739772
VEN.5_1,VEN,2000,1.12279764448853
VEN.21_1,VEN,2000,4.51715498938442
VEN.24_1,VEN,2000,5.86387171005337
VNM.4_1,VNM,2000,0.168050612890472
VNM.27_1,VNM,2000,10.6910025706941
VNM.57_1,VNM,2000,1.58003095975216
XKO.1_1,XKO,2000,3.89029003783103
XKO.3_1,XKO,2000,2.60160328113346
XKO.5_1,XKO,2000,4.69281175536138
XKO.6_1,XKO,2000,2.6576219512195
YEM.2_1,YEM,2000,0.467978988698425
YEM.19_1,YEM,2000,0.793019184477293
ZAF.1_1,ZAF,2000,0.895928308434971
ZAF.3_1,ZAF,2000,17.7482768256328
ZAF.4_1,ZAF,2000,2.37439489770724
ZMB.2_1,ZMB,2000,0.440830053457214
ZMB.6_1,ZMB,2000,0.0155866569587197
ZMB.9_1,ZMB,2000,0.0653671248275616
ZWE.6_1,ZWE,2000,0.201346613545775
ZWE.9_1,ZWE,2000,0.0882995177872635
ZWE.10_1,ZWE,2000,0.28598982839742
AFG.14_1,AFG,2001,0.535490196078443
AFG.15_1,AFG,2001,0.0492815502093844
AFG.26_1,AFG,2001,0
AGO.2_1,AGO,2001,0.0414018648235073
AGO.11_1,AGO,2001,7.21801112656486
ALB.1_1,ALB,2001,2.82986577181207
ALB.8_1,ALB,2001,0.434772182254192
ALB.10_1,ALB,2001,0.486143187066969
ALB.11_1,ALB,2001,4.25237341772152
ARE.1_1,ARE,2001,3.83581622153603
ARG.1_1,ARG,2001,1.76138733637725
ARG.6_1,ARG,2001,1.01043534469355
ARG.12_1,ARG,2001,0.255956642634731
ARG.14_1,ARG,2001,1.19680190299989
ARG.19_1,ARG,2001,0.280398580086847
ARG.20_1,ARG,2001,0.123193194581638
AUS.5_1,AUS,2001,0.468999736303651
AUS.7_1,AUS,2001,0.18129154808838
AUS.8_1,AUS,2001,0.118384508858542
AUT.3_1,AUT,2001,9.08910981393665
AUT.4_1,AUT,2001,9.15862924484398
AUT.6_1,AUT,2001,6.53632917038375
AUT.9_1,AUT,2001,53.3660714285714
AZE.1_1,AZE,2001,1.94059242098302
AZE.4_1,AZE,2001,1.74466738973259
AZE.7_1,AZE,2001,0.70178504556236
AZE.10_1,AZE,2001,0.538099084544974
BDI.2_1,BDI,2001,9.92465753424657
BDI.3_1,BDI,2001,0.345820433436535
BDI.4_1,BDI,2001,0.0264759586122943
BDI.7_1,BDI,2001,0
BDI.14_1,BDI,2001,0
BEL.1_1,BEL,2001,61.6332179930796
BEL.2_1,BEL,2001,38.9763216983058
BEL.3_1,BEL,2001,19.095366727348
BEN.2_1,BEN,2001,0.0318923050789812
BEN.3_1,BEN,2001,1.56240601503759
BEN.4_1,BEN,2001,0.0806169573599866
BFA.1_1,BFA,2001,0.0326414866658675
BFA.7_1,BFA,2001,4.08413391557496
BFA.10_1,BFA,2001,0.0457431168136821
BGD.3_1,BGD,2001,3.66329716294909
BGD.4_1,BGD,2001,1.76168305253543
BGR.8_1,BGR,2001,1.77699055330634
BGR.14_1,BGR,2001,4.23576549978897
BGR.19_1,BGR,2001,3.41157635467985
BGR.22_1,BGR,2001,3.86996565719643
BGR.26_1,BGR,2001,1.27300832342449
BIH.2_1,BIH,2001,2.59430589076612
BIH.3_1,BIH,2001,1.79154078549866
BLR.1_1,BLR,2001,1.38204396231816
BLR.5_1,BLR,2001,2.84073073642313
BLR.6_1,BLR,2001,1.73878248186383
BOL.2_1,BOL,2001,0.443478129119437
BOL.3_1,BOL,2001,0.022143762149042
BOL.5_1,BOL,2001,0.158710377107246
BOL.8_1,BOL,2001,0.094052083576155
BRA.10_1,BRA,2001,0.337207346609559
BRA.13_1,BRA,2001,0.938637466094583
BRA.17_1,BRA,2001,2.34452228143933
BRA.19_1,BRA,2001,7.59094640991376
BRA.25_1,BRA,2001,4.72647876204898
BRN.2_1,BRN,2001,43.2798013245033
BTN.7_1,BTN,2001,0.132446386020651
BTN.8_1,BTN,2001,0.251498800959232
BTN.10_1,BTN,2001,0.0922431865828115
BTN.14_1,BTN,2001,0.299628942486081
BWA.1_1,BWA,2001,0.0963592784676126
BWA.15_1,BWA,2001,0.0294081757169042
CAF.15_1,CAF,2001,0
CAF.14_1,CAF,2001,0.000297055437970969
CAF.17_1,CAF,2001,0
CAN.2_1,CAN,2001,0.492855577299002
CAN.9_1,CAN,2001,1.35738294373142
CAN.11_1,CAN,2001,1.0450159955435
CHE.1_1,CHE,2001,27.4342723004696
CHE.2_1,CHE,2001,16.9797136038186
CHE.5_1,CHE,2001,51.8958333333333
CHE.6_1,CHE,2001,9.49874643874678
CHE.7_1,CHE,2001,11.1341659951651
CHE.10_1,CHE,2001,4.73747201653184
CHE.12_1,CHE,2001,13.0975961538462
CHE.13_1,CHE,2001,12.3210970464135
CHE.16_1,CHE,2001,13.5698377346488
CHE.21_1,CHE,2001,6.65158023933738
CHE.23_1,CHE,2001,6.56581986143183
CHE.24_1,CHE,2001,12.0115266996002
CHE.25_1,CHE,2001,24.3719806763285
CHE.26_1,CHE,2001,32.0738870183312
CHL.11_1,CHL,2001,0.180260011376804
CHL.14_1,CHL,2001,5.40062761506327
CHL.16_1,CHL,2001,2.30947066326511
CHN.2_1,CHN,2001,14.7252991316167
CHN.15_1,CHN,2001,6.99641943346398
CHN.26_1,CHN,2001,0.581745768079902
CHN.31_1,CHN,2001,5.1023926670892
CIV.5_1,CIV,2001,0.523940269749488
CIV.6_1,CIV,2001,0.809613244296029
CIV.8_1,CIV,2001,0.15829920390224
CIV.13_1,CIV,2001,2.95109821798593
CMR.10_1,CMR,2001,0.0349577262658717
COD.18_1,COD,2001,0.00198083409176095
COD.22_1,COD,2001,0.0191488677820099
COD.24_1,COD,2001,0.00351701329471996
COG.4_1,COG,2001,0.000761947587998875
COG.8_1,COG,2001,0.0254747661300007
COL.2_1,COL,2001,1.47100793211122
COL.13_1,COL,2001,2.00144664830719
COL.14_1,COL,2001,4.73882185947452
COL.22_1,COL,2001,0.950644112925455
COL.25_1,COL,2001,5.03549978549984
CRI.4_1,CRI,2001,5.41059957173439
CRI.7_1,CRI,2001,6.78461277749519
CUB.7_1,CUB,2001,1.98074152338875
CUB.16_1,CUB,2001,2.09814678222382
CZE.2_1,CZE,2001,13.0213529856386
CZE.5_1,CZE,2001,13.964395206243
CZE.7_1,CZE,2001,16.4513859275052
CZE.8_1,CZE,2001,14.0510811657788
CZE.10_1,CZE,2001,8.06928026335475
CZE.11_1,CZE,2001,55.1592718998862
CZE.12_1,CZE,2001,13.0420363797698
CZE.14_1,CZE,2001,14.8361887586414
DEU.3_1,DEU,2001,52.4529964747355
DEU.6_1,DEU,2001,49.4528432732317
DEU.9_1,DEU,2001,10.1721073174082
DEU.10_1,DEU,2001,21.5943040146418
DEU.11_1,DEU,2001,12.3354597201584
DNK.1_1,DNK,2001,19.2205535924618
DNK.2_1,DNK,2001,7.55840868691559
DNK.3_1,DNK,2001,5.16519900152553
DNK.5_1,DNK,2001,8.90942223175023
DOM.26_1,DOM,2001,1.09285911984498
DOM.30_1,DOM,2001,3.01995565410201
DZA.6_1,DZA,2001,2.11354245475167
DZA.19_1,DZA,2001,2.7559523809524
DZA.26_1,DZA,2001,1.02130479506237
DZA.31_1,DZA,2001,0.143561298611455
DZA.39_1,DZA,2001,4.64418169445382
DZA.48_1,DZA,2001,2.51106750392445
ECU.1_1,ECU,2001,2.60204256779948
ECU.10_1,ECU,2001,4.95207800030139
ECU.12_1,ECU,2001,0.550796163516165
ECU.17_1,ECU,2001,2.09252859376288
ECU.19_1,ECU,2001,2.54470549844998
EGY.9_1,EGY,2001,33.5373273609555
EGY.11_1,EGY,2001,23.0015396458818
EGY.16_1,EGY,2001,25.6011355571331
ERI.1_1,ERI,2001,0.954104477611934
ESP.1_1,ESP,2001,6.34279459780662
ESP.5_1,ESP,2001,3.60953930709862
ESP.8_1,ESP,2001,27.5854046125004
ESP.12_1,ESP,2001,7.91086371350016
EST.1_1,EST,2001,5.43502081963642
EST.8_1,EST,2001,1.73126102292771
EST.13_1,EST,2001,4.11608803471793
EST.14_1,EST,2001,2.60575209977096
EST.15_1,EST,2001,1.45291927117966
ETH.5_1,ETH,2001,1.43198090692124
ETH.8_1,ETH,2001,0.0412058652592574
ETH.9_1,ETH,2001,0.0033532448020003
ETH.10_1,ETH,2001,0.0249713463554826
ETH.11_1,ETH,2001,0.0835616708391839
FIN.4_1,FIN,2001,9.64578709726926
FIN.5_1,FIN,2001,7.15098639316909
FJI.2_1,FJI,2001,0.0771300448430484
FJI.3_1,FJI,2001,0.448425022182798
FJI.5_1,FJI,2001,0.466775244299661
FRA.7_1,FRA,2001,17.1333118348951
FRA.8_1,FRA,2001,26.6480892475675
FRA.9_1,FRA,2001,9.55015172348551
FRA.10_1,FRA,2001,6.36269642510683
FRA.11_1,FRA,2001,7.35132402726778
GAB.2_1,GAB,2001,0.113066964701469
GAB.3_1,GAB,2001,0.015799776286354
GAB.4_1,GAB,2001,0.185351672557745
GBR.1_1,GBR,2001,19.3715908378894
GBR.3_1,GBR,2001,4.60940482439797
GBR.4_1,GBR,2001,10.1513068632698
GEO.3_1,GEO,2001,0.0363218390804595
GEO.4_1,GEO,2001,0.579678212748487
GEO.11_1,GEO,2001,0.222345541990382
GHA.1_1,GHA,2001,0.662994759343453
GHA.5_1,GHA,2001,6.51592039801025
GHA.6_1,GHA,2001,0.0904557805978018
GHA.10_1,GHA,2001,0.554510334170468
GIN.1_1,GIN,2001,0.028155059984853
GIN.2_1,GIN,2001,14.1432865731463
GIN.5_1,GIN,2001,0.0708953788141147
GIN.8_1,GIN,2001,0.00462299778616894
GMB.3_1,GMB,2001,0.0334097608909277
GMB.5_1,GMB,2001,0.0113488975356675
GMB.6_1,GMB,2001,0.728817991631811
GNB.1_1,GNB,2001,0
GNB.5_1,GNB,2001,0
GNB.8_1,GNB,2001,0
GNQ.7_1,GNQ,2001,0
GRC.1_1,GRC,2001,4.78230667450733
GRC.3_1,GRC,2001,25.4596874445034
GRC.4_1,GRC,2001,4.7313326636531
GTM.7_1,GTM,2001,19.2425037481259
GTM.11_1,GTM,2001,2.75773049645392
GTM.22_1,GTM,2001,1.99553239017129
GUY.3_1,GUY,2001,2.23387096774192
GUY.4_1,GUY,2001,0.0353406636083056
GUY.5_1,GUY,2001,0.655145326001564
GUY.6_1,GUY,2001,0.184074233923174
HND.1_1,HND,2001,1.42338709677423
HND.3_1,HND,2001,0.531404414186874
HND.8_1,HND,2001,0.925782623988732
HND.13_1,HND,2001,0.103673114540318
HND.15_1,HND,2001,0.262908966795099
HND.18_1,HND,2001,0.838079507916675
HRV.4_1,HRV,2001,15.9062801932366
HRV.8_1,HRV,2001,8.88595592004101
HRV.13_1,HRV,2001,5.14360357323453
HRV.16_1,HRV,2001,5.37713525623074
HRV.18_1,HRV,2001,4.1664609688367
HTI.2_1,HTI,2001,0
HTI.4_1,HTI,2001,0.0902934537246046
HTI.5_1,HTI,2001,0.148754448398577
HTI.8_1,HTI,2001,0.295113438045374
HTI.10_1,HTI,2001,0.150245499181673
HUN.6_1,HUN,2001,4.91680616002684
HUN.7_1,HUN,2001,7.56868831582301
HUN.9_1,HUN,2001,5.93138102442174
HUN.15_1,HUN,2001,4.56218274111679
HUN.19_1,HUN,2001,7.76599893635884
IDN.10_1,IDN,2001,6.61438714130743
IDN.11_1,IDN,2001,6.54342110170384
IDN.26_1,IDN,2001,0.736342936715431
IDN.33_1,IDN,2001,7.84983870967758
IND.5_1,IND,2001,1.09901952603474
IND.11_1,IND,2001,5.09038939989063
IND.16_1,IND,2001,4.42673070479248
IND.19_1,IND,2001,2.20539343926991
IND.25_1,IND,2001,50.0997998999499
IND.32_1,IND,2001,5.16849655745891
IND.34_1,IND,2001,3.19349212254048
IND.36_1,IND,2001,4.60890987896561
IRN.13_1,IRN,2001,0.963491352699986
IRN.24_1,IRN,2001,1.60376544498089
IRN.25_1,IRN,2001,0.350615972356604
IRN.30_1,IRN,2001,0.507814523184537
IRQ.9_1,IRQ,2001,6.28731180449487
IRQ.14_1,IRQ,2001,1.23168789808919
IRQ.17_1,IRQ,2001,1.9205464957054
ISL.1_1,ISL,2001,0.0513190988387479
ISL.3_1,ISL,2001,4.30966469428011
ITA.2_1,ITA,2001,20.9362758038122
ITA.6_1,ITA,2001,16.765748336171
ITA.8_1,ITA,2001,13.34844894442
ITA.10_1,ITA,2001,21.6197654226104
ITA.13_1,ITA,2001,12.3524603644496
ITA.16_1,ITA,2001,10.3521946790882
JOR.2_1,JOR,2001,3.95359689597347
JPN.1_1,JPN,2001,35.1866136034732
JPN.2_1,JPN,2001,9.69689134931278
JPN.4_1,JPN,2001,32.6537540498657
JPN.7_1,JPN,2001,28.307829977629
JPN.10_1,JPN,2001,17.9968045339448
JPN.11_1,JPN,2001,11.7606673226577
JPN.15_1,JPN,2001,13.1100665557404
JPN.19_1,JPN,2001,43.5601285189719
JPN.30_1,JPN,2001,7.3982186732188
JPN.31_1,JPN,2001,12.7578805163605
JPN.33_1,JPN,2001,46.4213389121338
JPN.37_1,JPN,2001,5.47943092218041
JPN.41_1,JPN,2001,47.7733017377572
JPN.46_1,JPN,2001,10.8418902439033
KAZ.1_1,KAZ,2001,0.160537761961927
KEN.1_1,KEN,2001,0.00335824028209214
KEN.30_1,KEN,2001,25.002457002457
KEN.36_1,KEN,2001,0.823622273249127
KEN.44_1,KEN,2001,0.448000000000012
KGZ.3_1,KGZ,2001,1.74600059724467
KGZ.4_1,KGZ,2001,0.372493784357048
KGZ.7_1,KGZ,2001,0.840938575215312
KGZ.9_1,KGZ,2001,0.188211090676808
KHM.3_1,KHM,2001,0.123075042776826
KHM.16_1,KHM,2001,14.0521844660194
KHM.25_1,KHM,2001,0.0358974358974354
KOR.4_1,KOR,2001,33.6624173748818
KOR.9_1,KOR,2001,13.1182890207286
KOR.10_1,KOR,2001,16.3397037378153
KOR.14_1,KOR,2001,13.3678780412684
KOR.16_1,KOR,2001,62.7160647571607
LAO.1_1,LAO,2001,0.0251785714285734
LAO.4_1,LAO,2001,0.112504645113345
LAO.12_1,LAO,2001,0.0471735432572467
LBN.3_1,LBN,2001,62.8166666666667
LBN.4_1,LBN,2001,13.7406181015452
LBN.5_1,LBN,2001,34.095068137573
LBN.7_1,LBN,2001,20.9789993823349
LBN.8_1,LBN,2001,27.3224195338513
LBR.2_1,LBR,2001,0.00665509259259264
LBR.6_1,LBR,2001,0
LBR.11_1,LBR,2001,0.519230769230766
LBR.12_1,LBR,2001,0.00173250173250167
LBR.15_1,LBR,2001,0
LKA.5_1,LKA,2001,23.2960358056266
LKA.7_1,LKA,2001,16.9769585253456
LKA.8_1,LKA,2001,2.80684979137696
LKA.11_1,LKA,2001,5.56921675774133
LKA.17_1,LKA,2001,5.84432358939498
LTU.2_1,LTU,2001,2.03893738140421
LTU.3_1,LTU,2001,1.31053072960341
LTU.5_1,LTU,2001,1.77117966751908
LTU.8_1,LTU,2001,1.7308781869689
LTU.10_1,LTU,2001,1.66247774277496
LUX.1_1,LUX,2001,12.957053291536
LUX.2_1,LUX,2001,16.163139329806
LUX.3_1,LUX,2001,22.9
LVA.2_1,LVA,2001,1.41509582464295
LVA.3_1,LVA,2001,1.22337593184239
LVA.4_1,LVA,2001,1.42921175756284
LVA.5_1,LVA,2001,1.04234131705542
MAR.10_1,MAR,2001,0.567461198706129
MAR.11_1,MAR,2001,1.95564457918314
MDG.1_1,MDG,2001,0.00624605393704419
MDG.2_1,MDG,2001,0.0135950081918625
MDG.4_1,MDG,2001,0.00378166852208445
MDG.5_1,MDG,2001,0.0101971335093784
MEX.9_1,MEX,2001,37.8337635518847
MEX.15_1,MEX,2001,16.1848702664778
MEX.16_1,MEX,2001,2.84684086108837
MEX.27_1,MEX,2001,5.54611705761836
MLI.3_1,MLI,2001,0.0125555583456841
MLI.5_1,MLI,2001,0.0105646466462981
MLI.6_1,MLI,2001,0.00872018179172828
MLI.7_1,MLI,2001,0.0107207413101756
MLI.8_1,MLI,2001,0.047037006957415
MLT.1_1,MLT,2001,62.6071428571429
MLT.5_1,MLT,2001,59.1
MMR.1_1,MMR,2001,0.103519141275146
MMR.8_1,MMR,2001,0.306801893171058
MMR.15_1,MMR,2001,4.4543628475018
MNG.9_1,MNG,2001,0.0038099104514909
MNG.13_1,MNG,2001,0.00212363380889204
MNG.22_1,MNG,2001,0.00308258802267017
MOZ.1_1,MOZ,2001,0.00411540698631588
MOZ.2_1,MOZ,2001,0.0356297881928426
MOZ.7_1,MOZ,2001,0.0541959774100805
MRT.1_1,MRT,2001,4.06142499156879e-05
MRT.2_1,MRT,2001,0.00662645924468712
MRT.3_1,MRT,2001,0.00763358778626001
MRT.5_1,MRT,2001,0.0168875126026206
MWI.9_1,MWI,2001,0.0178701677607566
MWI.11_1,MWI,2001,0.110152573791527
MWI.12_1,MWI,2001,0.141860465116278
MWI.27_1,MWI,2001,0.687648456057013
MWI.28_1,MWI,2001,0.596301775147923
MYS.1_1,MYS,2001,7.00510498940557
MYS.2_1,MYS,2001,5.71599590087586
MYS.8_1,MYS,2001,2.4677497575168
MYS.11_1,MYS,2001,29.1941097724231
NAM.7_1,NAM,2001,0.122121842021111
NAM.9_1,NAM,2001,0.0763720252549962
NAM.12_1,NAM,2001,0.0357401574162376
NER.2_1,NER,2001,0.053168506961116
NER.3_1,NER,2001,0.0364596120795503
NER.5_1,NER,2001,16.3188405797101
NER.6_1,NER,2001,0.0159287590471405
NER.7_1,NER,2001,0.0206597983340624
NER.8_1,NER,2001,0.00434844996785834
NGA.6_1,NGA,2001,19.1922504419015
NGA.20_1,NGA,2001,1.0238204592902
NGA.21_1,NGA,2001,0.3118641021032
NGA.25_1,NGA,2001,11.7879549808428
NGA.27_1,NGA,2001,0.164869870820575
NGA.28_1,NGA,2001,1.24666560812961
NIC.4_1,NIC,2001,3.74090909090908
NIC.6_1,NIC,2001,0.423698650452311
NIC.13_1,NIC,2001,3.2385512073273
NIC.14_1,NIC,2001,10.5177865612648
NIC.18_1,NIC,2001,1.30983302411874
NLD.12_1,NLD,2001,17.5796836982968
NLD.14_1,NLD,2001,40.100259636508
NOR.1_1,NOR,2001,19.3794671273982
NOR.2_1,NOR,2001,11.5687169894365
NOR.4_1,NOR,2001,5.62056202281607
NOR.7_1,NOR,2001,3.66024297689164
NOR.8_1,NOR,2001,3.44725534429055
NOR.19_1,NOR,2001,20.9526018555869
NPL.1_1,NPL,2001,0.618204055866713
NPL.2_1,NPL,2001,0.525179345123874
NPL.3_1,NPL,2001,0.0561525433627357
NPL.5_1,NPL,2001,0.0138000365563872
NZL.2_1,NZL,2001,1.93497622135753
NZL.3_1,NZL,2001,0.343127058415637
NZL.14_1,NZL,2001,9.81984732824429
NZL.15_1,NZL,2001,1.51321417659638
NZL.17_1,NZL,2001,1.05847780126849
NZL.18_1,NZL,2001,2.27458185504317
OMN.9_1,OMN,2001,0.464580029547818
PAK.2_1,PAK,2001,0.32137628667589
PAK.5_1,PAK,2001,4.35385510748357
PAK.7_1,PAK,2001,5.60621845091776
PAK.8_1,PAK,2001,2.86129618184835
PAN.7_1,PAN,2001,1.00322580645162
PAN.9_1,PAN,2001,1.06003961376581
PAN.12_1,PAN,2001,0.697829926823132
PER.2_1,PER,2001,0.64312953316216
PER.3_1,PER,2001,0.17511982783918
PER.8_1,PER,2001,0.111343366778097
PER.15_1,PER,2001,24.5832817337461
PER.25_1,PER,2001,0.74306591112434
PHL.36_1,PHL,2001,1.72147406733395
PHL.47_1,PHL,2001,59.4628432956381
PHL.61_1,PHL,2001,2.96189024390246
PHL.71_1,PHL,2001,0.340480274442537
PNG.4_1,PNG,2001,0.0565693430656971
PNG.8_1,PNG,2001,0.0437530607247864
PNG.9_1,PNG,2001,0.0113944918541513
PNG.19_1,PNG,2001,0.930423214948541
PNG.21_1,PNG,2001,0.238780487804871
POL.1_1,POL,2001,9.63926063905957
POL.2_1,POL,2001,7.57510237760507
POL.4_1,POL,2001,8.11417050176473
POL.6_1,POL,2001,14.5127096436065
POL.7_1,POL,2001,8.74435045226295
POL.8_1,POL,2001,8.305680207841
POL.11_1,POL,2001,6.13129124259069
POL.14_1,POL,2001,5.41172732651157
POL.16_1,POL,2001,3.37240456238343
PRK.11_1,PRK,2001,0.487096774193544
PRT.9_1,PRT,2001,9.86176088369107
PRT.12_1,PRT,2001,29.1042134131147
PRY.6_1,PRY,2001,0.537149111511741
PRY.12_1,PRY,2001,1.33408987743984
PRY.13_1,PRY,2001,1.01658743012387
ROU.1_1,ROU,2001,2.85837509637628
ROU.14_1,ROU,2001,4.69105210511962
ROU.15_1,ROU,2001,3.50723933963094
ROU.17_1,ROU,2001,5.69942020140367
ROU.35_1,ROU,2001,3.57144468253074
ROU.36_1,ROU,2001,4.16073749743441
ROU.39_1,ROU,2001,1.07707291972958
ROU.40_1,ROU,2001,2.29752548853009
RUS.14_1,RUS,2001,45.2222340652312
RUS.28_1,RUS,2001,0.0814034995358608
RUS.32_1,RUS,2001,0.3758134208426
RUS.38_1,RUS,2001,2.87823152852803
RUS.43_1,RUS,2001,62.0248645987198
RUS.51_1,RUS,2001,0.953941044534148
RUS.65_1,RUS,2001,1.7468817647656
RUS.69_1,RUS,2001,0.525093093561662
RWA.2_1,RWA,2001,0.0692376681614351
RWA.4_1,RWA,2001,0.0555382942364478
SDN.12_1,SDN,2001,0.0732183277058465
SEN.3_1,SEN,2001,0.106415674222053
SEN.8_1,SEN,2001,0.0176557135850916
SLB.1_1,SLB,2001,0.0300400534045395
SLB.6_1,SLB,2001,0
SLB.7_1,SLB,2001,0.0176325015467117
SLB.10_1,SLB,2001,0.0214039542898611
SLE.1_1,SLE,2001,0.0164293537787503
SLE.2_1,SLE,2001,0.00509072121083097
SLE.3_1,SLE,2001,0.0127557594186444
SLE.4_1,SLE,2001,0.469798657718125
SLV.5_1,SLV,2001,9.59392265193373
SLV.10_1,SLV,2001,20.8962999026291
SLV.12_1,SLV,2001,4.66272040302269
SLV.14_1,SLV,2001,3.34757155247179
SOM.1_1,SOM,2001,0.0107298936794757
SOM.8_1,SOM,2001,0.00247415270636396
SRB.2_1,SRB,2001,2.50442708333324
SRB.23_1,SRB,2001,0.914303638644914
SSD.8_1,SSD,2001,0.00349259969654495
SUR.3_1,SUR,2001,0.0880262438490963
SUR.7_1,SUR,2001,36.7528409090909
SUR.10_1,SUR,2001,12.3916967509025
SVK.1_1,SVK,2001,5.8149598393574
SVK.2_1,SVK,2001,17.8333809251858
SVK.3_1,SVK,2001,6.8693630636937
SVK.4_1,SVK,2001,11.9976770467101
SVK.5_1,SVK,2001,6.92587133123698
SVK.7_1,SVK,2001,12.4679661016949
SVN.2_1,SVN,2001,4.07178543255338
SVN.3_1,SVN,2001,4.74351323300464
SVN.5_1,SVN,2001,3.16981132075473
SVN.7_1,SVN,2001,9.49017405951727
SVN.9_1,SVN,2001,8.24821852731593
SVN.10_1,SVN,2001,8.15120497538224
SWE.5_1,SWE,2001,6.17038152610444
SWE.13_1,SWE,2001,10.4195200142479
SWE.14_1,SWE,2001,6.16022658304684
SWE.15_1,SWE,2001,16.535140306123
SWE.16_1,SWE,2001,5.84605075801986
SWE.21_1,SWE,2001,6.44996285348581
SWZ.3_1,SWZ,2001,2.3856556612572
SYR.2_1,SYR,2001,5.49507933319961
SYR.11_1,SYR,2001,11.5645949720668
SYR.13_1,SYR,2001,3.84839877119895
TCD.3_1,TCD,2001,0.000366087899130647
TCD.5_1,TCD,2001,0
TCD.22_1,TCD,2001,7.49686192468619
TGO.2_1,TGO,2001,0.0518609484224451
TGO.3_1,TGO,2001,0.507657585039549
THA.3_1,THA,2001,49.6579509071505
THA.10_1,THA,2001,1.88657004114621
THA.25_1,THA,2001,0.414922907488982
THA.31_1,THA,2001,3.7988629241651
THA.36_1,THA,2001,33.3274074074074
THA.70_1,THA,2001,3.11531808571978
TJK.2_1,TJK,2001,0.00559926011767166
TJK.3_1,TJK,2001,1.10889190124591
TJK.4_1,TJK,2001,1.24762689150646
TJK.5_1,TJK,2001,1.0444931429382
TLS.2_1,TLS,2001,0.0116788321167882
TLS.4_1,TLS,2001,0.244078947368425
TLS.7_1,TLS,2001,1.48022598870056
TLS.11_1,TLS,2001,0
TLS.13_1,TLS,2001,0.0607558139534876
TUN.5_1,TUN,2001,2.97465610047838
TUN.12_1,TUN,2001,7.74404294317877
TUN.16_1,TUN,2001,10.9052913031244
TUN.20_1,TUN,2001,8.93516827550218
TUN.23_1,TUN,2001,48.2077747989276
TUR.30_1,TUR,2001,0.383782142134021
TUR.39_1,TUR,2001,1.33475039001562
TUR.40_1,TUR,2001,19.4451904631392
TUR.70_1,TUR,2001,0.389558465639135
TZA.4_1,TZA,2001,0.0757855348813398
TZA.15_1,TZA,2001,0.0508612382558481
TZA.20_1,TZA,2001,0.0684731832390697
TZA.29_1,TZA,2001,0.445454545454545
UGA.48_1,UGA,2001,0
UKR.2_1,UKR,2001,1.38759594394718
UKR.5_1,UKR,2001,5.57462562242038
UKR.6_1,UKR,2001,7.75925521697388
UKR.9_1,UKR,2001,1.15153608392256
UKR.17_1,UKR,2001,2.07053164183002
UKR.19_1,UKR,2001,1.0828440239317
UKR.21_1,UKR,2001,2.823178602161
USA.4_1,USA,2001,4.728536525903
USA.7_1,USA,2001,26.4717422730079
USA.8_1,USA,2001,15.6157885961988
USA.10_1,USA,2001,12.975220699822
USA.12_1,USA,2001,2.07201951633456
USA.14_1,USA,2001,10.1509240246433
USA.22_1,USA,2001,29.0689073741003
USA.24_1,USA,2001,5.78183044530351
USA.33_1,USA,2001,11.4907735651937
USA.37_1,USA,2001,4.26380819054719
USA.39_1,USA,2001,14.4416475396017
UZB.4_1,UZB,2001,1.18402485256946
UZB.10_1,UZB,2001,3.86413121329328
VEN.5_1,VEN,2001,1.22060359975363
VEN.21_1,VEN,2001,4.71545647558394
VEN.24_1,VEN,2001,5.87271681288663
VNM.4_1,VNM,2001,0.240608936338479
VNM.27_1,VNM,2001,10.6742930591259
VNM.57_1,VNM,2001,1.61207430340557
XKO.1_1,XKO,2001,3.52459016393443
XKO.3_1,XKO,2001,3.02815063385538
XKO.5_1,XKO,2001,5.62509928514696
XKO.6_1,XKO,2001,2.44420731707317
YEM.2_1,YEM,2001,0.459834456412192
YEM.19_1,YEM,2001,0.799365380407109
ZAF.1_1,ZAF,2001,0.861905448342662
ZAF.3_1,ZAF,2001,18.3016719448591
ZAF.4_1,ZAF,2001,2.34088901452284
ZMB.2_1,ZMB,2001,0.477515714034029
ZMB.6_1,ZMB,2001,0.012377639349562
ZMB.9_1,ZMB,2001,0.0573041745439408
ZWE.6_1,ZWE,2001,0.172294820717176
ZWE.9_1,ZWE,2001,0.0780001819670793
ZWE.10_1,ZWE,2001,0.239456476612247
AFG.14_1,AFG,2002,0.661470588235311
AFG.15_1,AFG,2002,0.0603908366860902
AFG.26_1,AFG,2002,0
AGO.2_1,AGO,2002,0.0402653430440407
AGO.11_1,AGO,2002,7.46731571627272
ALB.1_1,ALB,2002,2.86845637583896
ALB.8_1,ALB,2002,0.756834532374095
ALB.10_1,ALB,2002,0.544745958429547
ALB.11_1,ALB,2002,5.00158227848102
ARE.1_1,ARE,2002,3.77773676911431
ARG.1_1,ARG,2002,1.78489494241354
ARG.6_1,ARG,2002,1.04220404043149
ARG.12_1,ARG,2002,0.243219167818428
ARG.14_1,ARG,2002,1.23484868507993
ARG.19_1,ARG,2002,0.29944299231834
ARG.20_1,ARG,2002,0.124282377001426
AUS.5_1,AUS,2002,0.501323016225502
AUS.7_1,AUS,2002,0.193914078966401
AUS.8_1,AUS,2002,0.121685523468373
AUT.3_1,AUT,2002,8.50107928979702
AUT.4_1,AUT,2002,9.055150669354
AUT.6_1,AUT,2002,6.0749553969674
AUT.9_1,AUT,2002,52.4587912087912
AZE.1_1,AZE,2002,2.05667714711242
AZE.4_1,AZE,2002,2.34288382742813
AZE.7_1,AZE,2002,1.01179628011486
AZE.10_1,AZE,2002,0.748429366361523
BDI.2_1,BDI,2002,10.5730593607306
BDI.3_1,BDI,2002,0.518266253869971
BDI.4_1,BDI,2002,0.0290626902008518
BDI.7_1,BDI,2002,0
BDI.14_1,BDI,2002,0
BEL.1_1,BEL,2002,61.2941176470588
BEL.2_1,BEL,2002,38.210961420698
BEL.3_1,BEL,2002,20.7663691350061
BEN.2_1,BEN,2002,0.0332936979785998
BEN.3_1,BEN,2002,1.66932330827075
BEN.4_1,BEN,2002,0.0829260637582184
BFA.1_1,BFA,2002,0.0268945336068565
BFA.7_1,BFA,2002,4.23187772925769
BFA.10_1,BFA,2002,0.0502539427960475
BGD.3_1,BGD,2002,3.99839354995122
BGD.4_1,BGD,2002,1.71702975442816
BGR.8_1,BGR,2002,2.18252361673412
BGR.14_1,BGR,2002,4.47327077182642
BGR.19_1,BGR,2002,3.75098522167498
BGR.22_1,BGR,2002,4.43061192631903
BGR.26_1,BGR,2002,1.18573127229488
BIH.2_1,BIH,2002,2.72088138017332
BIH.3_1,BIH,2002,1.95706948640466
BLR.1_1,BLR,2002,1.44512322770949
BLR.5_1,BLR,2002,2.13180978106339
BLR.6_1,BLR,2002,1.14221650737582
BOL.2_1,BOL,2002,0.493075862486986
BOL.3_1,BOL,2002,0.0276616467810946
BOL.5_1,BOL,2002,0.160774763118905
BOL.8_1,BOL,2002,0.0894516782745905
BRA.10_1,BRA,2002,0.352013382877047
BRA.13_1,BRA,2002,1.06265607876374
BRA.17_1,BRA,2002,2.49645846470078
BRA.19_1,BRA,2002,7.88363001940359
BRA.25_1,BRA,2002,4.98712501444377
BRN.2_1,BRN,2002,45.1978476821193
BTN.7_1,BTN,2002,0.157664813343922
BTN.8_1,BTN,2002,0.312949640287767
BTN.10_1,BTN,2002,0.150244584206848
BTN.14_1,BTN,2002,0.352272727272721
BWA.1_1,BWA,2002,0.108233292697253
BWA.15_1,BWA,2002,0.0348383160463675
CAF.15_1,CAF,2002,0
CAF.14_1,CAF,2002,0.00271063087148602
CAF.17_1,CAF,2002,0
CAN.2_1,CAN,2002,0.474925763347042
CAN.9_1,CAN,2002,1.41874916951511
CAN.11_1,CAN,2002,1.11939328434435
CHE.1_1,CHE,2002,24.1537558685446
CHE.2_1,CHE,2002,16.7684964200477
CHE.5_1,CHE,2002,49.6041666666667
CHE.6_1,CHE,2002,9.96974358974381
CHE.7_1,CHE,2002,12.2608783239323
CHE.10_1,CHE,2002,4.33959014981931
CHE.12_1,CHE,2002,12.8088942307692
CHE.13_1,CHE,2002,13.020253164557
CHE.16_1,CHE,2002,15.0645879732741
CHE.21_1,CHE,2002,6.40948143602337
CHE.23_1,CHE,2002,7.33120499932068
CHE.24_1,CHE,2002,12.9863561514937
CHE.25_1,CHE,2002,24.9359903381643
CHE.26_1,CHE,2002,30.4281705948371
CHL.11_1,CHL,2002,0.162402178174977
CHL.14_1,CHL,2002,5.85153417015291
CHL.16_1,CHL,2002,2.50430484693925
CHN.2_1,CHN,2002,15.5183680819539
CHN.15_1,CHN,2002,8.80734962378102
CHN.26_1,CHN,2002,0.713913762332921
CHN.31_1,CHN,2002,6.3140566181577
CIV.5_1,CIV,2002,0.643063583815003
CIV.6_1,CIV,2002,0.849714802448537
CIV.8_1,CIV,2002,0.133495927476869
CIV.13_1,CIV,2002,3.43700787401574
CMR.10_1,CMR,2002,0.0391383021870057
COD.18_1,COD,2002,0.00149900958295343
COD.22_1,COD,2002,0.0233916718898069
COD.24_1,COD,2002,0.0029863762011304
COG.4_1,COG,2002,0.00211096954707853
COG.8_1,COG,2002,0.0319187377042657
COL.2_1,COL,2002,1.54053214058781
COL.13_1,COL,2002,1.95503189598059
COL.14_1,COL,2002,5.13460460946509
COL.22_1,COL,2002,0.986452092877474
COL.25_1,COL,2002,5.34491634491607
CRI.4_1,CRI,2002,5.20753033547457
CRI.7_1,CRI,2002,7.03024911031988
CUB.7_1,CUB,2002,2.02857554509661
CUB.16_1,CUB,2002,2.04614604462464
CZE.2_1,CZE,2002,13.4958427815573
CZE.5_1,CZE,2002,15.3083193979933
CZE.7_1,CZE,2002,15.7463219616203
CZE.8_1,CZE,2002,14.2648856157946
CZE.10_1,CZE,2002,8.26395331437956
CZE.11_1,CZE,2002,54.1240045506258
CZE.12_1,CZE,2002,12.922027506655
CZE.14_1,CZE,2002,16.673279230538
DEU.3_1,DEU,2002,52.5699177438307
DEU.6_1,DEU,2002,47.0683079056867
DEU.9_1,DEU,2002,9.56010278480484
DEU.10_1,DEU,2002,22.0039051649469
DEU.11_1,DEU,2002,14.5769424894153
DNK.1_1,DNK,2002,17.8536513545346
DNK.2_1,DNK,2002,5.86446015920881
DNK.3_1,DNK,2002,3.66242546110111
DNK.5_1,DNK,2002,7.41692571551099
DOM.26_1,DOM,2002,0.635759756435107
DOM.30_1,DOM,2002,3.2634885439762
DZA.6_1,DZA,2002,2.37659314438698
DZA.19_1,DZA,2002,2.84871031746033
DZA.26_1,DZA,2002,1.17435511948072
DZA.31_1,DZA,2002,0.167317290112192
DZA.39_1,DZA,2002,4.71002041510722
DZA.48_1,DZA,2002,2.75474882260568
ECU.1_1,ECU,2002,2.8239787161003
ECU.10_1,ECU,2002,5.24514380364392
ECU.12_1,ECU,2002,0.642378247509077
ECU.17_1,ECU,2002,2.28622562330308
ECU.19_1,ECU,2002,2.69097732093328
EGY.9_1,EGY,2002,34.2217245240761
EGY.11_1,EGY,2002,23.3953040800609
EGY.16_1,EGY,2002,25.252732434351
ERI.1_1,ERI,2002,0.96791044776119
ESP.1_1,ESP,2002,6.98083630157037
ESP.5_1,ESP,2002,3.73486326670431
ESP.8_1,ESP,2002,28.3073506641682
ESP.12_1,ESP,2002,7.65823044063476
EST.1_1,EST,2002,3.22830374753454
EST.8_1,EST,2002,1.21963183421514
EST.13_1,EST,2002,2.30006199628021
EST.14_1,EST,2002,1.46105879358617
EST.15_1,EST,2002,1.10666312009577
ETH.5_1,ETH,2002,1.56324582338902
ETH.8_1,ETH,2002,0.0445914868647889
ETH.9_1,ETH,2002,0.00352741966751482
ETH.10_1,ETH,2002,0.0311735394770051
ETH.11_1,ETH,2002,0.0994795876125996
FIN.4_1,FIN,2002,6.27425320782626
FIN.5_1,FIN,2002,4.93368962988572
FJI.2_1,FJI,2002,0.0762331838565026
FJI.3_1,FJI,2002,0.462289263531492
FJI.5_1,FJI,2002,0.358089033659076
FRA.7_1,FRA,2002,16.967601848867
FRA.8_1,FRA,2002,25.9403750296676
FRA.9_1,FRA,2002,8.94491726328698
FRA.10_1,FRA,2002,6.36177492460476
FRA.11_1,FRA,2002,7.21595789083097
GAB.2_1,GAB,2002,0.108860327217434
GAB.3_1,GAB,2002,0.0210197613721094
GAB.4_1,GAB,2002,0.150645458736735
GBR.1_1,GBR,2002,18.1312353988968
GBR.3_1,GBR,2002,4.24233513074892
GBR.4_1,GBR,2002,9.01937895194756
GEO.3_1,GEO,2002,0.107356321839083
GEO.4_1,GEO,2002,0.979350276696005
GEO.11_1,GEO,2002,0.457393020101133
GHA.1_1,GHA,2002,0.740673700179285
GHA.5_1,GHA,2002,6.83370646766176
GHA.6_1,GHA,2002,0.0910580721068803
GHA.10_1,GHA,2002,0.509213830403845
GIN.1_1,GIN,2002,0.0399899124545053
GIN.2_1,GIN,2002,14.437875751503
GIN.5_1,GIN,2002,0.0870560621801381
GIN.8_1,GIN,2002,0.00497460606849707
GMB.3_1,GMB,2002,0.0134294136914509
GMB.5_1,GMB,2002,0.006485084306096
GMB.6_1,GMB,2002,0.953713389121344
GNB.1_1,GNB,2002,0.00191418089009404
GNB.5_1,GNB,2002,0
GNB.8_1,GNB,2002,0
GNQ.7_1,GNQ,2002,0.0011925042589439
GRC.1_1,GRC,2002,5.21530432225826
GRC.3_1,GRC,2002,27.3089149351805
GRC.4_1,GRC,2002,5.2603381885152
GTM.7_1,GTM,2002,19.2363193403296
GTM.11_1,GTM,2002,2.54425531914893
GTM.22_1,GTM,2002,1.7071854058079
GUY.3_1,GUY,2002,2.63967741935477
GUY.4_1,GUY,2002,0.043763198135917
GUY.5_1,GUY,2002,0.685257920921723
GUY.6_1,GUY,2002,0.210293482952101
HND.1_1,HND,2002,1.58707497820396
HND.3_1,HND,2002,0.621499945097172
HND.8_1,HND,2002,1.03622933520926
HND.13_1,HND,2002,0.102151706150838
HND.15_1,HND,2002,0.355039251060467
HND.18_1,HND,2002,1.00882788472496
HRV.4_1,HRV,2002,13.9811594202898
HRV.8_1,HRV,2002,8.06637621732446
HRV.13_1,HRV,2002,4.92390021911345
HRV.16_1,HRV,2002,5.89386726407177
HRV.18_1,HRV,2002,3.21999382906514
HTI.2_1,HTI,2002,0
HTI.4_1,HTI,2002,0
HTI.5_1,HTI,2002,0.116014234875443
HTI.8_1,HTI,2002,0.0558464223385684
HTI.10_1,HTI,2002,0.150245499181673
HUN.6_1,HUN,2002,4.32022095748242
HUN.7_1,HUN,2002,5.22946513849093
HUN.9_1,HUN,2002,5.11319429435911
HUN.15_1,HUN,2002,3.32654288004292
HUN.19_1,HUN,2002,5.12107782308095
IDN.10_1,IDN,2002,7.28489547381951
IDN.11_1,IDN,2002,7.3416346548309
IDN.26_1,IDN,2002,0.71414726858749
IDN.33_1,IDN,2002,8.97354838709686
IND.5_1,IND,2002,1.32227970627486
IND.11_1,IND,2002,5.00370576932619
IND.16_1,IND,2002,4.3818250865636
IND.19_1,IND,2002,2.17177339429766
IND.25_1,IND,2002,50.5232616308154
IND.32_1,IND,2002,5.27768626102468
IND.34_1,IND,2002,2.90813329678398
IND.36_1,IND,2002,4.92781423781485
IRN.13_1,IRN,2002,1.01075586703429
IRN.24_1,IRN,2002,1.65925458062228
IRN.25_1,IRN,2002,0.389028394822842
IRN.30_1,IRN,2002,0.530439195100896
IRQ.9_1,IRQ,2002,7.29320314204682
IRQ.14_1,IRQ,2002,1.35366242038214
IRQ.17_1,IRQ,2002,1.97823042449935
ISL.1_1,ISL,2002,0.0457894079663083
ISL.3_1,ISL,2002,3.06311637080866
ITA.2_1,ITA,2002,21.364579483659
ITA.6_1,ITA,2002,18.1845534746945
ITA.8_1,ITA,2002,14.5808110728142
ITA.10_1,ITA,2002,21.1257010277008
ITA.13_1,ITA,2002,12.6074600355243
ITA.16_1,ITA,2002,11.3107484013571
JOR.2_1,JOR,2002,3.95071308724859
JPN.1_1,JPN,2002,35.4518813314036
JPN.2_1,JPN,2002,8.44178123859363
JPN.4_1,JPN,2002,32.3326524862666
JPN.7_1,JPN,2002,29.2172259507833
JPN.10_1,JPN,2002,17.5066923911737
JPN.11_1,JPN,2002,12.0419536631187
JPN.15_1,JPN,2002,12.7400998336107
JPN.19_1,JPN,2002,43.5734394124847
JPN.30_1,JPN,2002,7.56308353808362
JPN.31_1,JPN,2002,13.3780646452525
JPN.33_1,JPN,2002,47.1096234309622
JPN.37_1,JPN,2002,5.58313335618795
JPN.41_1,JPN,2002,47.1344786729856
JPN.46_1,JPN,2002,10.8192073170736
KAZ.1_1,KAZ,2002,0.176373646123983
KEN.1_1,KEN,2002,0.00633867853244822
KEN.30_1,KEN,2002,26.1775184275184
KEN.36_1,KEN,2002,0.929247990815154
KEN.44_1,KEN,2002,0.530714285714271
KGZ.3_1,KGZ,2002,1.80295209248774
KGZ.4_1,KGZ,2002,0.509671312241874
KGZ.7_1,KGZ,2002,0.998448869084089
KGZ.9_1,KGZ,2002,0.196650665502971
KHM.3_1,KHM,2002,0.114519677340504
KHM.16_1,KHM,2002,14.5728155339806
KHM.25_1,KHM,2002,0.046031746031747
KOR.4_1,KOR,2002,33.0764872521245
KOR.9_1,KOR,2002,12.7725225225228
KOR.10_1,KOR,2002,16.0689615473178
KOR.14_1,KOR,2002,12.7200492762546
KOR.16_1,KOR,2002,62.780199252802
LAO.1_1,LAO,2002,0.0264285714285735
LAO.4_1,LAO,2002,0.114455592716458
LAO.12_1,LAO,2002,0.0483207405356261
LBN.3_1,LBN,2002,62.75
LBN.4_1,LBN,2002,16.5213392200147
LBN.5_1,LBN,2002,39.0227125243349
LBN.7_1,LBN,2002,21.9746757257566
LBN.8_1,LBN,2002,26.7275249722531
LBR.2_1,LBR,2002,0.0015624999999999
LBR.6_1,LBR,2002,0.000205761316872419
LBR.11_1,LBR,2002,0.359775641025644
LBR.12_1,LBR,2002,0
LBR.15_1,LBR,2002,0
LKA.5_1,LKA,2002,23.5537084398977
LKA.7_1,LKA,2002,16.647465437788
LKA.8_1,LKA,2002,2.90837969401948
LKA.11_1,LKA,2002,5.245218579235
LKA.17_1,LKA,2002,5.58395649218221
LTU.2_1,LTU,2002,3.17176470588246
LTU.3_1,LTU,2002,2.28896609560313
LTU.5_1,LTU,2002,2.17043638107426
LTU.8_1,LTU,2002,2.9619334277619
LTU.10_1,LTU,2002,1.77386659361731
LUX.1_1,LUX,2002,16.2373040752351
LUX.2_1,LUX,2002,19.3289241622575
LUX.3_1,LUX,2002,28.8573333333333
LVA.2_1,LVA,2002,0.968734012829006
LVA.3_1,LVA,2002,1.23988285410012
LVA.4_1,LVA,2002,0.957284188720944
LVA.5_1,LVA,2002,0.983601469142896
MAR.10_1,MAR,2002,0.60151257186548
MAR.11_1,MAR,2002,2.1151292045621
MDG.1_1,MDG,2002,0.00633624966176681
MDG.2_1,MDG,2002,0.011207167009448
MDG.4_1,MDG,2002,0.00392672806396258
MDG.5_1,MDG,2002,0.0087937820736386
MEX.9_1,MEX,2002,38.8590604026849
MEX.15_1,MEX,2002,16.3818723702651
MEX.16_1,MEX,2002,2.81176651606332
MEX.27_1,MEX,2002,5.63730737113831
MLI.3_1,MLI,2002,0.0115804099808312
MLI.5_1,MLI,2002,0.0105871246178646
MLI.6_1,MLI,2002,0.00739928134059799
MLI.7_1,MLI,2002,0.0138995657684245
MLI.8_1,MLI,2002,0.0467189149679329
MLT.1_1,MLT,2002,62.3035714285714
MLT.5_1,MLT,2002,59.33
MMR.1_1,MMR,2002,0.0654064336424348
MMR.8_1,MMR,2002,0.259175118323199
MMR.15_1,MMR,2002,3.85609834484971
MNG.9_1,MNG,2002,0.00271690335474999
MNG.13_1,MNG,2002,0.00240705110293572
MNG.22_1,MNG,2002,0.00508838159905672
MOZ.1_1,MOZ,2002,0.00321001744932622
MOZ.2_1,MOZ,2002,0.0419783686345893
MOZ.7_1,MOZ,2002,0.0529685040236641
MRT.1_1,MRT,2002,0.000310699011855279
MRT.2_1,MRT,2002,0.00617347863225603
MRT.3_1,MRT,2002,0.012199246303989
MRT.5_1,MRT,2002,0.0168515051130615
MWI.9_1,MWI,2002,0.0282900906533287
MWI.11_1,MWI,2002,0.186653358049334
MWI.12_1,MWI,2002,0.142558139534883
MWI.27_1,MWI,2002,0.620843230403795
MWI.28_1,MWI,2002,0.633284023668631
MYS.1_1,MYS,2002,7.27150356385996
MYS.2_1,MYS,2002,6.55035401527854
MYS.8_1,MYS,2002,2.57368452958275
MYS.11_1,MYS,2002,31.4524765729586
NAM.7_1,NAM,2002,0.142548768787981
NAM.9_1,NAM,2002,0.0834628460417464
NAM.12_1,NAM,2002,0.036578516836376
NER.2_1,NER,2002,0.0468074891982711
NER.3_1,NER,2002,0.0378099680824969
NER.5_1,NER,2002,16.5113871635611
NER.6_1,NER,2002,0.0150641843767233
NER.7_1,NER,2002,0.0203638754932015
NER.8_1,NER,2002,0.00401155427451112
NGA.6_1,NGA,2002,17.0538654758581
NGA.20_1,NGA,2002,1.04640918580392
NGA.21_1,NGA,2002,0.332284738450489
NGA.25_1,NGA,2002,13.5695641762451
NGA.27_1,NGA,2002,0.218322568389145
NGA.28_1,NGA,2002,1.66833386260179
NIC.4_1,NIC,2002,3.83363636363636
NIC.6_1,NIC,2002,0.384472786593503
NIC.13_1,NIC,2002,2.97772689425493
NIC.14_1,NIC,2002,9.6897233201581
NIC.18_1,NIC,2002,1.21011131725417
NLD.12_1,NLD,2002,17.352189781022
NLD.14_1,NLD,2002,39.0938685839821
NOR.1_1,NOR,2002,11.4817677548422
NOR.2_1,NOR,2002,7.75825264084508
NOR.4_1,NOR,2002,3.35181583301877
NOR.7_1,NOR,2002,1.73861576801081
NOR.8_1,NOR,2002,2.16063755505423
NOR.19_1,NOR,2002,13.0365066559096
NPL.1_1,NPL,2002,0.622543991162349
NPL.2_1,NPL,2002,0.399708786135432
NPL.3_1,NPL,2002,0.0405886818898538
NPL.5_1,NPL,2002,0.0072198866751966
NZL.2_1,NZL,2002,2.06286208387386
NZL.3_1,NZL,2002,0.358320999506578
NZL.14_1,NZL,2002,9.89236641221371
NZL.15_1,NZL,2002,1.45623281393213
NZL.17_1,NZL,2002,1.09007751937976
NZL.18_1,NZL,2002,2.40859942557872
OMN.9_1,OMN,2002,0.486327410238604
PAK.2_1,PAK,2002,0.327508257010942
PAK.5_1,PAK,2002,4.23871756715087
PAK.7_1,PAK,2002,5.64425937983494
PAK.8_1,PAK,2002,2.89365927555922
PAN.7_1,PAN,2002,0.961290322580629
PAN.9_1,PAN,2002,1.13852438722452
PAN.12_1,PAN,2002,0.696568256371462
PER.2_1,PER,2002,0.652700580743341
PER.3_1,PER,2002,0.173750366819936
PER.8_1,PER,2002,0.112974962839062
PER.15_1,PER,2002,24.2852941176469
PER.25_1,PER,2002,0.880107366537409
PHL.36_1,PHL,2002,1.96287534121922
PHL.47_1,PHL,2002,59.8166397415186
PHL.61_1,PHL,2002,3.05640243902439
PHL.71_1,PHL,2002,0.417667238421955
PNG.4_1,PNG,2002,0.0525976814083366
PNG.8_1,PNG,2002,0.0665707639569347
PNG.9_1,PNG,2002,0.0320985259891365
PNG.19_1,PNG,2002,0.892123499566892
PNG.21_1,PNG,2002,0.28719512195121
POL.1_1,POL,2002,11.3516692935947
POL.2_1,POL,2002,9.56643848175534
POL.4_1,POL,2002,8.68803896161909
POL.6_1,POL,2002,12.6429694519316
POL.7_1,POL,2002,10.0357679478311
POL.8_1,POL,2002,9.53855692017018
POL.11_1,POL,2002,9.05383905603492
POL.14_1,POL,2002,5.5786532857113
POL.16_1,POL,2002,5.23446229050288
PRK.11_1,PRK,2002,0.328387096774191
PRT.9_1,PRT,2002,10.9368096166349
PRT.12_1,PRT,2002,30.8669907753673
PRY.6_1,PRY,2002,0.527040947720883
PRY.12_1,PRY,2002,1.25408533817523
PRY.13_1,PRY,2002,1.02724518050275
ROU.1_1,ROU,2002,3.16263492675405
ROU.14_1,ROU,2002,5.31094844048379
ROU.15_1,ROU,2002,4.26807627791999
ROU.17_1,ROU,2002,7.10886481537989
ROU.35_1,ROU,2002,3.77873012292782
ROU.36_1,ROU,2002,3.8694328521584
ROU.39_1,ROU,2002,1.35276389297263
ROU.40_1,ROU,2002,2.8707519116398
RUS.14_1,RUS,2002,21.7432317203154
RUS.28_1,RUS,2002,0.0865863250296205
RUS.32_1,RUS,2002,0.305208684187639
RUS.38_1,RUS,2002,1.4613251785027
RUS.43_1,RUS,2002,61.5135401280158
RUS.51_1,RUS,2002,1.1513742034269
RUS.65_1,RUS,2002,2.56955702786161
RUS.69_1,RUS,2002,0.431671921424628
RWA.2_1,RWA,2002,0.042600896860985
RWA.4_1,RWA,2002,0.0560820257884108
SDN.12_1,SDN,2002,0.077260319298589
SEN.3_1,SEN,2002,0.1260084517864
SEN.8_1,SEN,2002,0.0187455724483662
SLB.1_1,SLB,2002,0
SLB.6_1,SLB,2002,0
SLB.7_1,SLB,2002,0.0115487729428752
SLB.10_1,SLB,2002,0.01296934518411
SLE.1_1,SLE,2002,0.0303395399780931
SLE.2_1,SLE,2002,0.00811476157189054
SLE.3_1,SLE,2002,0.0153584497242682
SLE.4_1,SLE,2002,0.793959731543625
SLV.5_1,SLV,2002,9.5906077348066
SLV.10_1,SLV,2002,20.0973709834469
SLV.12_1,SLV,2002,4.34433249370279
SLV.14_1,SLV,2002,3.00433651344321
SOM.1_1,SOM,2002,0.012947622464292
SOM.8_1,SOM,2002,0.00273677226737365
SRB.2_1,SRB,2002,3.21197916666661
SRB.23_1,SRB,2002,1.14680050188207
SSD.8_1,SSD,2002,0.00170335804872452
SUR.3_1,SUR,2002,0.0937670858392546
SUR.7_1,SUR,2002,36.1732954545454
SUR.10_1,SUR,2002,13.6823104693141
SVK.1_1,SVK,2002,6.42004685408299
SVK.2_1,SVK,2002,17.547544260423
SVK.3_1,SVK,2002,7.99195080491944
SVK.4_1,SVK,2002,11.5779758915117
SVK.5_1,SVK,2002,6.30480214884714
SVK.7_1,SVK,2002,12.4953389830509
SVN.2_1,SVN,2002,4.15816460688923
SVN.3_1,SVN,2002,4.15996367410485
SVN.5_1,SVN,2002,2.91458439571647
SVN.7_1,SVN,2002,8.48820887142065
SVN.9_1,SVN,2002,8.00593824228028
SVN.10_1,SVN,2002,7.1699922259653
SWE.5_1,SWE,2002,6.66957831325304
SWE.13_1,SWE,2002,11.3049334342582
SWE.14_1,SWE,2002,4.17024074448711
SWE.15_1,SWE,2002,9.23852040816356
SWE.16_1,SWE,2002,4.10201859452218
SWE.21_1,SWE,2002,5.19829126029427
SWZ.3_1,SWZ,2002,2.50102592799851
SYR.2_1,SYR,2002,5.85953002610926
SYR.11_1,SYR,2002,12.3863477653632
SYR.13_1,SYR,2002,3.87234355931428
TCD.3_1,TCD,2002,0.000510304344241454
TCD.5_1,TCD,2002,0
TCD.22_1,TCD,2002,7.36297071129707
TGO.2_1,TGO,2002,0.0353296807103725
TGO.3_1,TGO,2002,0.50975334515558
THA.3_1,THA,2002,50.0496264674493
THA.10_1,THA,2002,1.88840493753951
THA.25_1,THA,2002,0.498072687224669
THA.31_1,THA,2002,4.02860596293312
THA.36_1,THA,2002,34.194074074074
THA.70_1,THA,2002,3.5559292715741
TJK.2_1,TJK,2002,0.00714253877696019
TJK.3_1,TJK,2002,1.65805260729116
TJK.4_1,TJK,2002,1.5500586297397
TJK.5_1,TJK,2002,1.26547433903651
TLS.2_1,TLS,2002,0
TLS.4_1,TLS,2002,0.362828947368416
TLS.7_1,TLS,2002,1.86723163841807
TLS.11_1,TLS,2002,0.00476190476190478
TLS.13_1,TLS,2002,0.0720930232558127
TUN.5_1,TUN,2002,2.92299641148334
TUN.12_1,TUN,2002,7.56821157371038
TUN.16_1,TUN,2002,11.2754010695186
TUN.20_1,TUN,2002,8.99843464649098
TUN.23_1,TUN,2002,50.3646112600536
TUR.30_1,TUR,2002,0.457380036444612
TUR.39_1,TUR,2002,1.54044461778476
TUR.40_1,TUR,2002,19.7350644012072
TUR.70_1,TUR,2002,0.703152161316488
TZA.4_1,TZA,2002,0.100005125839368
TZA.15_1,TZA,2002,0.0556191279209882
TZA.20_1,TZA,2002,0.0656281830634765
TZA.29_1,TZA,2002,0.480991735537191
UGA.48_1,UGA,2002,0.0133735979292494
UKR.2_1,UKR,2002,1.09003767340359
UKR.5_1,UKR,2002,4.70099772319204
UKR.6_1,UKR,2002,6.99660569283163
UKR.9_1,UKR,2002,0.888727579262911
UKR.17_1,UKR,2002,2.05932265987087
UKR.19_1,UKR,2002,1.23165437595637
UKR.21_1,UKR,2002,2.34896978678609
USA.4_1,USA,2002,4.70241102598328
USA.7_1,USA,2002,26.2524953534785
USA.8_1,USA,2002,16.2514171390463
USA.10_1,USA,2002,13.1130031207875
USA.12_1,USA,2002,2.19609142978381
USA.14_1,USA,2002,10.7159776755315
USA.22_1,USA,2002,28.6374935765675
USA.24_1,USA,2002,5.37980195561331
USA.33_1,USA,2002,11.9438740764235
USA.37_1,USA,2002,4.40692437276495
USA.39_1,USA,2002,15.3160191457253
UZB.4_1,UZB,2002,2.06293878124161
UZB.10_1,UZB,2002,4.77290741536567
VEN.5_1,VEN,2002,1.21358693071145
VEN.21_1,VEN,2002,4.70679405520184
VEN.24_1,VEN,2002,5.87882928232434
VNM.4_1,VNM,2002,0.218169236852506
VNM.27_1,VNM,2002,11.8050128534704
VNM.57_1,VNM,2002,1.76319659442712
XKO.1_1,XKO,2002,4.38965952080705
XKO.3_1,XKO,2002,3.17654735272192
XKO.5_1,XKO,2002,5.38582208101671
XKO.6_1,XKO,2002,2.91524390243904
YEM.2_1,YEM,2002,0.491855467713666
YEM.19_1,YEM,2002,1.03906193011897
ZAF.1_1,ZAF,2002,0.949621901484629
ZAF.3_1,ZAF,2002,18.5911652384505
ZAF.4_1,ZAF,2002,2.42799724391538
ZMB.2_1,ZMB,2002,0.545203548140883
ZMB.6_1,ZMB,2002,0.0146293449828792
ZMB.9_1,ZMB,2002,0.0594757549435504
ZWE.6_1,ZWE,2002,0.217394422310779
ZWE.9_1,ZWE,2002,0.0900464016013282
ZWE.10_1,ZWE,2002,0.257905480210384
AFG.14_1,AFG,2003,0.859901960784301
AFG.15_1,AFG,2003,0.0728056490680939
AFG.26_1,AFG,2003,0
AGO.2_1,AGO,2003,0.0296075520712408
AGO.11_1,AGO,2003,7.07666898470099
ALB.1_1,ALB,2003,2.56711409395969
ALB.8_1,ALB,2003,0.403597122302158
ALB.10_1,ALB,2003,0.428983833718252
ALB.11_1,ALB,2003,4.0371835443038
ARE.1_1,ARE,2003,3.55117881268798
ARG.1_1,ARG,2003,1.55336920628272
ARG.6_1,ARG,2003,0.876314379701789
ARG.12_1,ARG,2003,0.200423749979163
ARG.14_1,ARG,2003,1.00413638165713
ARG.19_1,ARG,2003,0.345846982684814
ARG.20_1,ARG,2003,0.0918693416226138
AUS.5_1,AUS,2003,0.416591529613452
AUS.7_1,AUS,2003,0.158821080699994
AUS.8_1,AUS,2003,0.099741834491595
AUT.3_1,AUT,2003,7.16051015444503
AUT.4_1,AUT,2003,7.43125549180775
AUT.6_1,AUT,2003,5.95425958965165
AUT.9_1,AUT,2003,50.7616758241758
AZE.1_1,AZE,2003,1.6704451431408
AZE.4_1,AZE,2003,1.99382381296688
AZE.7_1,AZE,2003,0.73336662089626
AZE.10_1,AZE,2003,0.583064081852473
BDI.2_1,BDI,2003,7.14840182648402
BDI.3_1,BDI,2003,0.132198142414859
BDI.4_1,BDI,2003,0.0109555690809499
BDI.7_1,BDI,2003,0
BDI.14_1,BDI,2003,0
BEL.1_1,BEL,2003,60.6574394463668
BEL.2_1,BEL,2003,35.5247499489695
BEL.3_1,BEL,2003,17.2682482823412
BEN.2_1,BEN,2003,0.0274970273483972
BEN.3_1,BEN,2003,1.610977443609
BEN.4_1,BEN,2003,0.0549029278572265
BFA.1_1,BFA,2003,0.021298419210814
BFA.7_1,BFA,2003,3.61062590975264
BFA.10_1,BFA,2003,0.0391940657578197
BGD.3_1,BGD,2003,3.14383790009663
BGD.4_1,BGD,2003,1.08181385075159
BGR.8_1,BGR,2003,1.24910031488978
BGR.14_1,BGR,2003,3.06263180092775
BGR.19_1,BGR,2003,2.57807881773401
BGR.22_1,BGR,2003,2.68779269434905
BGR.26_1,BGR,2003,1.02818073721763
BIH.2_1,BIH,2003,2.30669527129705
BIH.3_1,BIH,2003,1.87543806646544
BLR.1_1,BLR,2003,0.782900371110568
BLR.5_1,BLR,2003,1.51818311060565
BLR.6_1,BLR,2003,0.804142837037325
BOL.2_1,BOL,2003,0.419122437538644
BOL.3_1,BOL,2003,0.0236377593343743
BOL.5_1,BOL,2003,0.13269150272076
BOL.8_1,BOL,2003,0.0653001327712709
BRA.10_1,BRA,2003,0.302884615385825
BRA.13_1,BRA,2003,0.903294393398925
BRA.17_1,BRA,2003,2.13349860497973
BRA.19_1,BRA,2003,7.12708053440661
BRA.25_1,BRA,2003,4.65827535525774
BRN.2_1,BRN,2003,41.0596026490067
BTN.7_1,BTN,2003,0.0998808578236714
BTN.8_1,BTN,2003,0.270983213429259
BTN.10_1,BTN,2003,0.125087351502447
BTN.14_1,BTN,2003,0.293599257884968
BWA.1_1,BWA,2003,0.0858627600884689
BWA.15_1,BWA,2003,0.0384990848078116
CAF.15_1,CAF,2003,0
CAF.14_1,CAF,2003,0.000761204559801048
CAF.17_1,CAF,2003,0
CAN.2_1,CAN,2003,0.396514406859524
CAN.9_1,CAN,2003,1.16254270130456
CAN.11_1,CAN,2003,0.854607308676104
CHE.1_1,CHE,2003,28.1711267605634
CHE.2_1,CHE,2003,17.0107398568019
CHE.5_1,CHE,2003,48.7708333333333
CHE.6_1,CHE,2003,9.87749287749216
CHE.7_1,CHE,2003,11.8243352135375
CHE.10_1,CHE,2003,3.65804201825389
CHE.12_1,CHE,2003,14.9158653846155
CHE.13_1,CHE,2003,12.6451476793249
CHE.16_1,CHE,2003,15.3868915049316
CHE.21_1,CHE,2003,5.88079165388145
CHE.23_1,CHE,2003,5.60385817144427
CHE.24_1,CHE,2003,12.4383674429546
CHE.25_1,CHE,2003,26.5193236714976
CHE.26_1,CHE,2003,34.1380471380472
CHL.11_1,CHL,2003,0.085025597976406
CHL.14_1,CHL,2003,5.02761506276154
CHL.16_1,CHL,2003,2.10150935374168
CHN.2_1,CHN,2003,14.0042618752273
CHN.15_1,CHN,2003,8.63681851901609
CHN.26_1,CHN,2003,0.645111370360203
CHN.31_1,CHN,2003,6.16910401399669
CIV.5_1,CIV,2003,0.622109826589577
CIV.6_1,CIV,2003,0.649693934335012
CIV.8_1,CIV,2003,0.0806451612903218
CIV.13_1,CIV,2003,2.878367177787
CMR.10_1,CMR,2003,0.0250834555267846
COD.18_1,COD,2003,0.00148562556882061
COD.22_1,COD,2003,0.0118686016424734
COD.24_1,COD,2003,0.00162070554166316
COG.4_1,COG,2003,0.00096180269304719
COG.8_1,COG,2003,0.0236680451278836
COL.2_1,COL,2003,1.14877099577046
COL.13_1,COL,2003,1.35460313033792
COL.14_1,COL,2003,4.26782712636773
COL.22_1,COL,2003,0.718391479697672
COL.25_1,COL,2003,4.46782496782501
CRI.4_1,CRI,2003,4.43611705924318
CRI.7_1,CRI,2003,5.49339095068596
CUB.7_1,CUB,2003,1.45538372874839
CUB.16_1,CUB,2003,1.26774847870182
CZE.2_1,CZE,2003,8.5825774754347
CZE.5_1,CZE,2003,11.7054765886288
CZE.7_1,CZE,2003,11.1117270788914
CZE.8_1,CZE,2003,9.30350987151366
CZE.10_1,CZE,2003,6.70802783181212
CZE.11_1,CZE,2003,50.8185437997725
CZE.12_1,CZE,2003,9.87491681455217
CZE.14_1,CZE,2003,9.85978358881876
DEU.3_1,DEU,2003,51.220035252644
DEU.6_1,DEU,2003,44.1109570041609
DEU.9_1,DEU,2003,8.44251261918195
DEU.10_1,DEU,2003,18.2619074851736
DEU.11_1,DEU,2003,10.7282758040552
DNK.1_1,DNK,2003,17.0971731448762
DNK.2_1,DNK,2003,7.23301646185934
DNK.3_1,DNK,2003,5.37324920260711
DNK.5_1,DNK,2003,7.83618287061862
DOM.26_1,DOM,2003,0.864240243564905
DOM.30_1,DOM,2003,2.52383592017726
DZA.6_1,DZA,2003,2.07324099400579
DZA.19_1,DZA,2003,2.38603670634923
DZA.26_1,DZA,2003,1.21621300838758
DZA.31_1,DZA,2003,0.143203043929431
DZA.39_1,DZA,2003,4.0438924804354
DZA.48_1,DZA,2003,1.9729199372058
ECU.1_1,ECU,2003,2.00248884311701
ECU.10_1,ECU,2003,4.61534407468757
ECU.12_1,ECU,2003,0.484588881646331
ECU.17_1,ECU,2003,2.09750678844742
ECU.19_1,ECU,2003,2.20574318812202
EGY.9_1,EGY,2003,30.842851810377
EGY.11_1,EGY,2003,22.3361560174496
EGY.16_1,EGY,2003,22.982185947481
ERI.1_1,ERI,2003,1.08843283582091
ESP.1_1,ESP,2003,5.79081329771472
ESP.5_1,ESP,2003,3.04555542315807
ESP.8_1,ESP,2003,26.3772308695289
ESP.12_1,ESP,2003,6.23639475686044
EST.1_1,EST,2003,4.98071444225325
EST.8_1,EST,2003,1.14417989417987
EST.13_1,EST,2003,2.56904835709859
EST.14_1,EST,2003,1.51908882667343
EST.15_1,EST,2003,0.956510174225304
ETH.5_1,ETH,2003,1.3472553699284
ETH.8_1,ETH,2003,0.0402687363218627
ETH.9_1,ETH,2003,0.00274136092666586
ETH.10_1,ETH,2003,0.0254346818835988
ETH.11_1,ETH,2003,0.0792544698298803
FIN.4_1,FIN,2003,7.61266294227139
FIN.5_1,FIN,2003,6.38220061923178
FJI.2_1,FJI,2003,0.09372197309417
FJI.3_1,FJI,2003,0.591836734693852
FJI.5_1,FJI,2003,0.380238870792624
FRA.7_1,FRA,2003,14.9547995270321
FRA.8_1,FRA,2003,24.7309280797538
FRA.9_1,FRA,2003,7.99829311080657
FRA.10_1,FRA,2003,5.52829756088942
FRA.11_1,FRA,2003,6.41627788341014
GAB.2_1,GAB,2003,0.0767129241563266
GAB.3_1,GAB,2003,0.0130033557046987
GAB.4_1,GAB,2003,0.109138876082166
GBR.1_1,GBR,2003,17.5990682145703
GBR.3_1,GBR,2003,4.10148644779781
GBR.4_1,GBR,2003,8.89545093822652
GEO.3_1,GEO,2003,0.0114942528735631
GEO.4_1,GEO,2003,0.454140192662448
GEO.11_1,GEO,2003,0.261869527685284
GHA.1_1,GHA,2003,0.632326575644813
GHA.5_1,GHA,2003,6.07126865671622
GHA.6_1,GHA,2003,0.0688433201669817
GHA.10_1,GHA,2003,0.411666988603448
GIN.1_1,GIN,2003,0.0399358720322748
GIN.2_1,GIN,2003,8.82464929859717
GIN.5_1,GIN,2003,0.0268959944591962
GIN.8_1,GIN,2003,0.00550852975647908
GMB.3_1,GMB,2003,0.00262037340320994
GMB.5_1,GMB,2003,0.0045395590142672
GMB.6_1,GMB,2003,0.680700836820097
GNB.1_1,GNB,2003,0.00167490827883238
GNB.5_1,GNB,2003,0
GNB.8_1,GNB,2003,0
GNQ.7_1,GNQ,2003,0
GRC.1_1,GRC,2003,4.57222140546919
GRC.3_1,GRC,2003,24.7926656011364
GRC.4_1,GRC,2003,4.55637870416905
GTM.7_1,GTM,2003,17.8770614692652
GTM.11_1,GTM,2003,1.9418439716312
GTM.22_1,GTM,2003,1.3704393149665
GUY.3_1,GUY,2003,1.76580645161292
GUY.4_1,GUY,2003,0.0243452510983181
GUY.5_1,GUY,2003,0.517282010997652
GUY.6_1,GUY,2003,0.151488994389296
HND.1_1,HND,2003,1.15409764603316
HND.3_1,HND,2003,0.50581969913252
HND.8_1,HND,2003,0.904385039277778
HND.13_1,HND,2003,0.0699847859161085
HND.15_1,HND,2003,0.300404700375449
HND.18_1,HND,2003,0.709989748262922
HRV.4_1,HRV,2003,16.3521739130434
HRV.8_1,HRV,2003,8.67862634546384
HRV.13_1,HRV,2003,4.57306590257871
HRV.16_1,HRV,2003,5.45463455614683
HRV.18_1,HRV,2003,3.98549830299298
HTI.2_1,HTI,2003,0
HTI.4_1,HTI,2003,0.154627539503386
HTI.5_1,HTI,2003,0.157651245551602
HTI.8_1,HTI,2003,0.19511343804537
HTI.10_1,HTI,2003,0.14271685761047
HUN.6_1,HUN,2003,5.21442919317039
HUN.7_1,HUN,2003,6.84145176695322
HUN.9_1,HUN,2003,5.68165117786911
HUN.15_1,HUN,2003,5.46480096179537
HUN.19_1,HUN,2003,7.18693494061338
IDN.10_1,IDN,2003,6.02079430036507
IDN.11_1,IDN,2003,5.92553052623762
IDN.26_1,IDN,2003,0.603724054873015
IDN.33_1,IDN,2003,7.80677419354843
IND.5_1,IND,2003,0.826593791722401
IND.11_1,IND,2003,3.83473924542593
IND.16_1,IND,2003,3.56890651178486
IND.19_1,IND,2003,1.37499450124374
IND.25_1,IND,2003,48.5392696348174
IND.32_1,IND,2003,4.19710442772199
IND.34_1,IND,2003,2.15875983866321
IND.36_1,IND,2003,3.67408815832565
IRN.13_1,IRN,2003,0.973495091603464
IRN.24_1,IRN,2003,1.45797499478443
IRN.25_1,IRN,2003,0.325290279655738
IRN.30_1,IRN,2003,0.505798775152901
IRQ.9_1,IRQ,2003,5.73379882173264
IRQ.14_1,IRQ,2003,1.14299363057322
IRQ.17_1,IRQ,2003,1.55682808415303
ISL.1_1,ISL,2003,0.274263748416806
ISL.3_1,ISL,2003,8.76898422090723
ITA.2_1,ITA,2003,19.831265508685
ITA.6_1,ITA,2003,15.8620182634269
ITA.8_1,ITA,2003,12.1747361051274
ITA.10_1,ITA,2003,19.5331653713676
ITA.13_1,ITA,2003,11.1771758436938
ITA.16_1,ITA,2003,9.54963685166208
JOR.2_1,JOR,2003,3.65614513422847
JPN.1_1,JPN,2003,33.1561505065123
JPN.2_1,JPN,2003,6.55231780021927
JPN.4_1,JPN,2003,29.5509226651647
JPN.7_1,JPN,2003,25.7703206562265
JPN.10_1,JPN,2003,16.0333413722424
JPN.11_1,JPN,2003,10.6745683871537
JPN.15_1,JPN,2003,11.5011647254574
JPN.19_1,JPN,2003,41.5850673194614
JPN.30_1,JPN,2003,6.39895577395572
JPN.31_1,JPN,2003,11.1894826378467
JPN.33_1,JPN,2003,44.4914225941421
JPN.37_1,JPN,2003,4.86915781053598
JPN.41_1,JPN,2003,46.8230647709324
JPN.46_1,JPN,2003,9.71756097561019
KAZ.1_1,KAZ,2003,0.17677873727664
KEN.1_1,KEN,2003,0.00293846024683031
KEN.30_1,KEN,2003,22.2192874692875
KEN.36_1,KEN,2003,0.44589552238807
KEN.44_1,KEN,2003,0.313571428571424
KGZ.3_1,KGZ,2003,1.3809137835418
KGZ.4_1,KGZ,2003,0.324604821970108
KGZ.7_1,KGZ,2003,0.623836651813241
KGZ.9_1,KGZ,2003,0.170085097097921
KHM.3_1,KHM,2003,0.0758983133708138
KHM.16_1,KHM,2003,13.1371359223301
KHM.25_1,KHM,2003,0.0158730158730159
KOR.4_1,KOR,2003,30.1543909348444
KOR.9_1,KOR,2003,11.1608071486124
KOR.10_1,KOR,2003,14.1183513700209
KOR.14_1,KOR,2003,11.5298121342775
KOR.16_1,KOR,2003,62.5859277708593
LAO.1_1,LAO,2003,0.0168750000000009
LAO.4_1,LAO,2003,0.106651802303969
LAO.12_1,LAO,2003,0.0491910281261136
LBN.3_1,LBN,2003,62.3166666666667
LBN.4_1,LBN,2003,12.6147902869758
LBN.5_1,LBN,2003,34.5717066839715
LBN.7_1,LBN,2003,19.1436071649166
LBN.8_1,LBN,2003,23.7580466148723
LBR.2_1,LBR,2003,0.000868055555555652
LBR.6_1,LBR,2003,0.00171467764060368
LBR.11_1,LBR,2003,0.197916666666668
LBR.12_1,LBR,2003,0
LBR.15_1,LBR,2003,0.000415819626686402
LKA.5_1,LKA,2003,23.9693094629156
LKA.7_1,LKA,2003,17.1237656352863
LKA.8_1,LKA,2003,2.84474965229481
LKA.11_1,LKA,2003,5.27071948998181
LKA.17_1,LKA,2003,5.23589394969407
LTU.2_1,LTU,2003,2.1537001897534
LTU.3_1,LTU,2003,1.36486162693181
LTU.5_1,LTU,2003,1.67347346547318
LTU.8_1,LTU,2003,1.53009915014158
LTU.10_1,LTU,2003,1.22459252157238
LUX.1_1,LUX,2003,12.1031347962383
LUX.2_1,LUX,2003,13.9153439153439
LUX.3_1,LUX,2003,21.7306666666666
LVA.2_1,LVA,2003,0.858998071701185
LVA.3_1,LVA,2003,1.00681576144834
LVA.4_1,LVA,2003,0.919175684845906
LVA.5_1,LVA,2003,0.806787026020413
MAR.10_1,MAR,2003,0.486052508204746
MAR.11_1,MAR,2003,1.83806120975887
MDG.1_1,MDG,2003,0.00419410119960406
MDG.2_1,MDG,2003,0.0118346289259934
MDG.4_1,MDG,2003,0.00304962385723281
MDG.5_1,MDG,2003,0.00848653945161584
MEX.9_1,MEX,2003,36.6680433660302
MEX.15_1,MEX,2003,14.6988429172519
MEX.16_1,MEX,2003,2.34909988669967
MEX.27_1,MEX,2003,4.90389432931021
MLI.3_1,MLI,2003,0.010157446701646
MLI.5_1,MLI,2003,0.00840676137384901
MLI.6_1,MLI,2003,0.00392352210269336
MLI.7_1,MLI,2003,0.010076665766344
MLI.8_1,MLI,2003,0.0355924632502351
MLT.1_1,MLT,2003,61.7678571428572
MLT.5_1,MLT,2003,57.46
MMR.1_1,MMR,2003,0.0601073406026048
MMR.8_1,MMR,2003,0.223732251521293
MMR.15_1,MMR,2003,3.19130644383716
MNG.9_1,MNG,2003,0.00373574211278415
MNG.13_1,MNG,2003,0.00179231500036007
MNG.22_1,MNG,2003,0.00309947891594273
MOZ.1_1,MOZ,2003,0.00176139419014331
MOZ.2_1,MOZ,2003,0.0448625506985815
MOZ.7_1,MOZ,2003,0.0385305547299297
MRT.1_1,MRT,2003,0.000404111786660358
MRT.2_1,MRT,2003,0.00484042140139204
MRT.3_1,MRT,2003,0.00545946468257671
MRT.5_1,MRT,2003,0.0150871381247314
MWI.9_1,MWI,2003,0.0236011253516712
MWI.11_1,MWI,2003,0.148010837016975
MWI.12_1,MWI,2003,0.0934883720930253
MWI.27_1,MWI,2003,0.366389548693594
MWI.28_1,MWI,2003,0.356952662721903
MYS.1_1,MYS,2003,6.32252937776772
MYS.2_1,MYS,2003,5.16158934227693
MYS.8_1,MYS,2003,2.0311742240545
MYS.11_1,MYS,2003,29.7255689424364
NAM.7_1,NAM,2003,0.0853453789574645
NAM.9_1,NAM,2003,0.0528169014084422
NAM.12_1,NAM,2003,0.0262699517332805
NER.2_1,NER,2003,0.040386461833896
NER.3_1,NER,2003,0.0302397904902246
NER.5_1,NER,2003,14.6221532091098
NER.6_1,NER,2003,0.012635141255034
NER.7_1,NER,2003,0.0117821131082849
NER.8_1,NER,2003,0.00289480743915302
NGA.6_1,NGA,2003,16.6194064564144
NGA.20_1,NGA,2003,0.845615866388196
NGA.21_1,NGA,2003,0.244867877044765
NGA.25_1,NGA,2003,12.1139846743295
NGA.27_1,NGA,2003,0.142014152735569
NGA.28_1,NGA,2003,1.3631576161744
NIC.4_1,NIC,2003,2.73636363636363
NIC.6_1,NIC,2003,0.279326709179895
NIC.13_1,NIC,2003,2.67069109075764
NIC.14_1,NIC,2003,7.44664031620553
NIC.18_1,NIC,2003,0.834183673469381
NLD.12_1,NLD,2003,14.9484489051095
NLD.14_1,NLD,2003,35.4261034551621
NOR.1_1,NOR,2003,13.9523961080291
NOR.2_1,NOR,2003,9.12852112676062
NOR.4_1,NOR,2003,3.7779922779912
NOR.7_1,NOR,2003,2.6142104666969
NOR.8_1,NOR,2003,2.52380760554307
NOR.19_1,NOR,2003,17.9431222267043
NPL.1_1,NPL,2003,0.416318156711167
NPL.2_1,NPL,2003,0.303288585837114
NPL.3_1,NPL,2003,0.0336681656251916
NPL.5_1,NPL,2003,0.00150795101444011
NZL.2_1,NZL,2003,1.66264591439683
NZL.3_1,NZL,2003,0.254590183607309
NZL.14_1,NZL,2003,7.72137404580156
NZL.15_1,NZL,2003,1.04590589673085
NZL.17_1,NZL,2003,0.840479210711635
NZL.18_1,NZL,2003,1.98162696401424
OMN.9_1,OMN,2003,0.410706298540097
PAK.2_1,PAK,2003,0.309883591344277
PAK.5_1,PAK,2003,3.43484698914125
PAK.7_1,PAK,2003,4.97915047643105
PAK.8_1,PAK,2003,2.4327979680734
PAN.7_1,PAN,2003,0.267552182163188
PAN.9_1,PAN,2003,0.737682594701621
PAN.12_1,PAN,2003,0.674489023467067
PER.2_1,PER,2003,0.569664265596498
PER.3_1,PER,2003,0.131125892595155
PER.8_1,PER,2003,0.0995563916759079
PER.15_1,PER,2003,22.907894736842
PER.25_1,PER,2003,0.66179540709808
PHL.36_1,PHL,2003,1.82047315741574
PHL.47_1,PHL,2003,58.6332794830372
PHL.61_1,PHL,2003,2.69287548138638
PHL.71_1,PHL,2003,0.227558604917097
PNG.4_1,PNG,2003,0.0349219979962822
PNG.8_1,PNG,2003,0.0355503183153896
PNG.9_1,PNG,2003,0.0245345228859563
PNG.19_1,PNG,2003,0.69159138720458
PNG.21_1,PNG,2003,0.191951219512198
POL.1_1,POL,2003,8.16000859722005
POL.2_1,POL,2003,6.80479493918491
POL.4_1,POL,2003,5.66587730664388
POL.6_1,POL,2003,9.88557577118889
POL.7_1,POL,2003,6.94051446945445
POL.8_1,POL,2003,6.54387104392996
POL.11_1,POL,2003,6.06294038698071
POL.14_1,POL,2003,3.82677432784785
POL.16_1,POL,2003,3.92534916201123
PRK.11_1,PRK,2003,0.226451612903231
PRT.9_1,PRT,2003,9.73383690708284
PRT.12_1,PRT,2003,28.9066317626525
PRY.6_1,PRY,2003,0.369108936389424
PRY.12_1,PRY,2003,0.952337721289165
PRY.13_1,PRY,2003,0.811686954704404
ROU.1_1,ROU,2003,2.51527563608338
ROU.14_1,ROU,2003,4.34645812494315
ROU.15_1,ROU,2003,3.06599276066045
ROU.17_1,ROU,2003,4.8183552029295
ROU.35_1,ROU,2003,2.69724822375098
ROU.36_1,ROU,2003,3.21112403365927
ROU.39_1,ROU,2003,0.769700088209276
ROU.40_1,ROU,2003,2.06844732370438
RUS.14_1,RUS,2003,36.619697292688
RUS.28_1,RUS,2003,0.0653752110271335
RUS.32_1,RUS,2003,0.451316004734079
RUS.38_1,RUS,2003,1.85953902455396
RUS.43_1,RUS,2003,60.035204332841
RUS.51_1,RUS,2003,0.855178183631744
RUS.65_1,RUS,2003,1.65414062280419
RUS.69_1,RUS,2003,0.486225721069634
RWA.2_1,RWA,2003,0.0146188340807184
RWA.4_1,RWA,2003,0.0236134845424872
SDN.12_1,SDN,2003,0.0709924123358244
SEN.3_1,SEN,2003,0.0756819054936608
SEN.8_1,SEN,2003,0.012533376927687
SLB.1_1,SLB,2003,0
SLB.6_1,SLB,2003,0
SLB.7_1,SLB,2003,0.00701175500103126
SLB.10_1,SLB,2003,0.0127879557409761
SLE.1_1,SLE,2003,0.0303030303030295
SLE.2_1,SLE,2003,0.00565297997143215
SLE.3_1,SLE,2003,0.011699221769828
SLE.4_1,SLE,2003,0.610067114093956
SLV.5_1,SLV,2003,8.43342541436468
SLV.10_1,SLV,2003,17.7370983446934
SLV.12_1,SLV,2003,3.80075566750628
SLV.14_1,SLV,2003,2.44492627927148
SOM.1_1,SOM,2003,0.00909921074945878
SOM.8_1,SOM,2003,0.00210095648808515
SRB.2_1,SRB,2003,2.8436631944445
SRB.23_1,SRB,2003,1.10112923462986
SSD.8_1,SSD,2003,0.0101056368268863
SUR.3_1,SUR,2003,0.0612356478950268
SUR.7_1,SUR,2003,35.9886363636364
SUR.10_1,SUR,2003,11.4241877256318
SVK.1_1,SVK,2003,4.73607764390897
SVK.2_1,SVK,2003,13.1045117075958
SVK.3_1,SVK,2003,6.00759924007594
SVK.4_1,SVK,2003,7.35654193872434
SVK.5_1,SVK,2003,5.05401598532498
SVK.7_1,SVK,2003,7.4650847457627
SVN.2_1,SVN,2003,3.34433342098352
SVN.3_1,SVN,2003,4.52426050856241
SVN.5_1,SVN,2003,2.51580826109129
SVN.7_1,SVN,2003,8.3969679955082
SVN.9_1,SVN,2003,8.12921615201903
SVN.10_1,SVN,2003,7.22298522933407
SWE.5_1,SWE,2003,6.1550200803213
SWE.13_1,SWE,2003,9.57460260919947
SWE.14_1,SWE,2003,6.27034864117608
SWE.15_1,SWE,2003,15.6460778061222
SWE.16_1,SWE,2003,6.09544350448105
SWE.21_1,SWE,2003,6.0335583200277
SWZ.3_1,SWZ,2003,2.02219735124049
SYR.2_1,SYR,2003,5.11739305081392
SYR.11_1,SYR,2003,10.6775488826816
SYR.13_1,SYR,2003,3.63981820477277
TCD.3_1,TCD,2003,0.000480193218339572
TCD.5_1,TCD,2003,0
TCD.22_1,TCD,2003,5.68828451882845
TGO.2_1,TGO,2003,0.011335726431136
TGO.3_1,TGO,2003,0.512332742221473
THA.3_1,THA,2003,48.7193169690503
THA.10_1,THA,2003,1.62910998257789
THA.25_1,THA,2003,0.414509911894275
THA.31_1,THA,2003,3.09517414271641
THA.36_1,THA,2003,33.451851851852
THA.70_1,THA,2003,2.76436671151258
TJK.2_1,TJK,2003,0.00382755393117999
TJK.3_1,TJK,2003,1.21439490078456
TJK.4_1,TJK,2003,0.956027695571998
TJK.5_1,TJK,2003,0.929860031103838
TLS.2_1,TLS,2003,0
TLS.4_1,TLS,2003,0.26184210526316
TLS.7_1,TLS,2003,1.40960451977401
TLS.11_1,TLS,2003,0.00560224089635856
TLS.13_1,TLS,2003,0.0180232558139532
TUN.5_1,TUN,2003,2.54904306220104
TUN.12_1,TUN,2003,5.76053940822207
TUN.16_1,TUN,2003,9.23135378553329
TUN.20_1,TUN,2003,7.14114270806158
TUN.23_1,TUN,2003,49.7747989276139
TUR.30_1,TUR,2003,0.376864412499174
TUR.39_1,TUR,2003,1.10624024960999
TUR.40_1,TUR,2003,17.6024938339274
TUR.70_1,TUR,2003,0.313477807393658
TZA.4_1,TZA,2003,0.071838638577052
TZA.15_1,TZA,2003,0.0408034208624449
TZA.20_1,TZA,2003,0.0499806820975578
TZA.29_1,TZA,2003,0.194214876033058
UGA.48_1,UGA,2003,0
UKR.2_1,UKR,2003,0.809661291458489
UKR.5_1,UKR,2003,4.11924550654365
UKR.6_1,UKR,2003,6.54582860385956
UKR.9_1,UKR,2003,0.786119046504017
UKR.17_1,UKR,2003,1.89414252211335
UKR.19_1,UKR,2003,0.65781271740656
UKR.21_1,UKR,2003,1.91484606558975
USA.4_1,USA,2003,3.9066764878287
USA.7_1,USA,2003,23.0925173814293
USA.8_1,USA,2003,15.2119873291097
USA.10_1,USA,2003,11.8962390184406
USA.12_1,USA,2003,1.70958845990654
USA.14_1,USA,2003,8.7937592146358
USA.22_1,USA,2003,26.6988855344296
USA.24_1,USA,2003,4.40047227589172
USA.33_1,USA,2003,11.018779386511
USA.37_1,USA,2003,3.84627128161704
USA.39_1,USA,2003,14.371063091295
UZB.4_1,UZB,2003,1.10837896658228
UZB.10_1,UZB,2003,2.95098600964523
VEN.5_1,VEN,2003,0.91746212660853
VEN.21_1,VEN,2003,3.47210191082794
VEN.24_1,VEN,2003,4.578239608802
VNM.4_1,VNM,2003,0.189205219454333
VNM.27_1,VNM,2003,12.5880462724936
VNM.57_1,VNM,2003,1.76714396284821
XKO.1_1,XKO,2003,3.73707440100882
XKO.3_1,XKO,2003,2.61670395227443
XKO.5_1,XKO,2003,4.18844320889596
XKO.6_1,XKO,2003,2.20365853658535
YEM.2_1,YEM,2003,0.424523796890751
YEM.19_1,YEM,2003,0.97924720986222
ZAF.1_1,ZAF,2003,0.780126253071195
ZAF.3_1,ZAF,2003,16.7899590163928
ZAF.4_1,ZAF,2003,2.08311985442228
ZMB.2_1,ZMB,2003,0.410547494566051
ZMB.6_1,ZMB,2003,0.010732680743201
ZMB.9_1,ZMB,2003,0.0460170660671249
ZWE.6_1,ZWE,2003,0.13756175298812
ZWE.9_1,ZWE,2003,0.0537985624601889
ZWE.10_1,ZWE,2003,0.172009064489295
AFG.14_1,AFG,2004,1.33843137254901
AFG.15_1,AFG,2004,0.0890138763445334
AFG.26_1,AFG,2004,0.000249843847595234
AGO.2_1,AGO,2004,0.0640859117687979
AGO.11_1,AGO,2004,9.14325452016719
ALB.1_1,ALB,2004,2.94060402684561
ALB.8_1,ALB,2004,0.348201438848923
ALB.10_1,ALB,2004,0.331986143187068
ALB.11_1,ALB,2004,5.74287974683543
ARE.1_1,ARE,2004,3.3412964702721
ARG.1_1,ARG,2004,1.65654700378048
ARG.6_1,ARG,2004,0.940221457760209
ARG.12_1,ARG,2004,0.219455035881361
ARG.14_1,ARG,2004,1.11309633936844
ARG.19_1,ARG,2004,0.339198274189389
ARG.20_1,ARG,2004,0.11732303165307
AUS.5_1,AUS,2004,0.431428341003791
AUS.7_1,AUS,2004,0.172187524562566
AUS.8_1,AUS,2004,0.10590246440255
AUT.3_1,AUT,2004,6.58347014471592
AUT.4_1,AUT,2004,6.54072982891423
AUT.6_1,AUT,2004,5.12571364852828
AUT.9_1,AUT,2004,48.8804945054945
AZE.1_1,AZE,2004,2.01042528545421
AZE.4_1,AZE,2004,1.92245119305857
AZE.7_1,AZE,2004,1.13893396579706
AZE.10_1,AZE,2004,0.639068389876124
BDI.2_1,BDI,2004,9.31963470319634
BDI.3_1,BDI,2004,0.26904024767802
BDI.4_1,BDI,2004,0.0251065124771765
BDI.7_1,BDI,2004,0
BDI.14_1,BDI,2004,0
BEL.1_1,BEL,2004,59.0276816608997
BEL.2_1,BEL,2004,30.4844355991019
BEL.3_1,BEL,2004,14.7364202243219
BEN.2_1,BEN,2004,0.0242271105826449
BEN.3_1,BEN,2004,1.5766917293234
BEN.4_1,BEN,2004,0.0640720979240391
BFA.1_1,BFA,2004,0.022535296247138
BFA.7_1,BFA,2004,3.91382823871903
BFA.10_1,BFA,2004,0.0396284415931602
BGD.3_1,BGD,2004,3.57401794374367
BGD.4_1,BGD,2004,1.48633548442985
BGR.8_1,BGR,2004,1.34311740890687
BGR.14_1,BGR,2004,3.45149725854084
BGR.19_1,BGR,2004,2.65899014778326
BGR.22_1,BGR,2004,2.81251951295662
BGR.26_1,BGR,2004,1.21736028537457
BIH.2_1,BIH,2004,2.03982300884965
BIH.3_1,BIH,2004,1.61604229607224
BLR.1_1,BLR,2004,0.940241697592669
BLR.5_1,BLR,2004,1.80595678134774
BLR.6_1,BLR,2004,0.89385099604664
BOL.2_1,BOL,2004,0.465341434220493
BOL.3_1,BOL,2004,0.0259344704770311
BOL.5_1,BOL,2004,0.144240648426424
BOL.8_1,BOL,2004,0.0677715403787239
BRA.10_1,BRA,2004,0.337552786287846
BRA.13_1,BRA,2004,0.973133377462215
BRA.17_1,BRA,2004,2.43724572208476
BRA.19_1,BRA,2004,7.34808366920521
BRA.25_1,BRA,2004,4.87489891274952
BRN.2_1,BRN,2004,41.8890728476821
BTN.7_1,BTN,2004,0.118943606036536
BTN.8_1,BTN,2004,0.439448441246997
BTN.10_1,BTN,2004,0.211740041928722
BTN.14_1,BTN,2004,0.383812615955467
BWA.1_1,BWA,2004,0.0950334387118476
BWA.15_1,BWA,2004,0.0534777303233621
CAF.15_1,CAF,2004,0
CAF.14_1,CAF,2004,0
CAF.17_1,CAF,2004,0
CAN.2_1,CAN,2004,0.454403198340191
CAN.9_1,CAN,2004,1.16959139626371
CAN.11_1,CAN,2004,0.898894901235025
CHE.1_1,CHE,2004,21.5718309859155
CHE.2_1,CHE,2004,14.0930787589499
CHE.5_1,CHE,2004,44.7083333333333
CHE.6_1,CHE,2004,7.93584045584027
CHE.7_1,CHE,2004,9.40189363416603
CHE.10_1,CHE,2004,3.63238333046326
CHE.12_1,CHE,2004,11.4060096153847
CHE.13_1,CHE,2004,10.4198312236287
CHE.16_1,CHE,2004,11.6314031180402
CHE.21_1,CHE,2004,5.89705431113855
CHE.23_1,CHE,2004,5.2827061540554
CHE.24_1,CHE,2004,10.7827569983533
CHE.25_1,CHE,2004,21.0374396135265
CHE.26_1,CHE,2004,27.9227459783016
CHL.11_1,CHL,2004,0.101599390287754
CHL.14_1,CHL,2004,5.50801952580185
CHL.16_1,CHL,2004,2.21425914115659
CHN.2_1,CHN,2004,15.7724198647437
CHN.15_1,CHN,2004,9.8676893612477
CHN.26_1,CHN,2004,0.776485131305678
CHN.31_1,CHN,2004,6.76354252783356
CIV.5_1,CIV,2004,0.725385356454687
CIV.6_1,CIV,2004,0.795875069560381
CIV.8_1,CIV,2004,0.0886061386958685
CIV.13_1,CIV,2004,3.37401574803148
CMR.10_1,CMR,2004,0.0398870620534689
COD.18_1,COD,2004,0.00366721987258546
COD.22_1,COD,2004,0.0179997750028127
COD.24_1,COD,2004,0.00345531130709137
COG.4_1,COG,2004,0.00397212021284599
COG.8_1,COG,2004,0.0366162123097836
COL.2_1,COL,2004,1.48367633744565
COL.13_1,COL,2004,1.86012828110268
COL.14_1,COL,2004,4.65867916775594
COL.22_1,COL,2004,1.0124907004972
COL.25_1,COL,2004,4.73230373230361
CRI.4_1,CRI,2004,4.8609921484651
CRI.7_1,CRI,2004,6.38196915776973
CUB.7_1,CUB,2004,1.8466525790029
CUB.16_1,CUB,2004,2.16190300571644
CZE.2_1,CZE,2004,8.36626039304611
CZE.5_1,CZE,2004,10.1110646599777
CZE.7_1,CZE,2004,10.9587953091683
CZE.8_1,CZE,2004,8.47116891256645
CZE.10_1,CZE,2004,5.34722430046387
CZE.11_1,CZE,2004,49.6063708759954
CZE.12_1,CZE,2004,8.987605368234
CZE.14_1,CZE,2004,9.84986474301176
DEU.3_1,DEU,2004,50.671856639248
DEU.6_1,DEU,2004,44.0242718446604
DEU.9_1,DEU,2004,8.11604495976769
DEU.10_1,DEU,2004,18.0139131713543
DEU.11_1,DEU,2004,9.8928721644283
DNK.1_1,DNK,2004,17.318610129564
DNK.2_1,DNK,2004,7.40949841564275
DNK.3_1,DNK,2004,5.6444321175982
DNK.5_1,DNK,2004,8.01473898595791
DOM.26_1,DOM,2004,0.642540824799351
DOM.30_1,DOM,2004,2.47265336289724
DZA.6_1,DZA,2004,2.51972880172272
DZA.19_1,DZA,2004,3.07403273809527
DZA.26_1,DZA,2004,1.70341430606121
DZA.31_1,DZA,2004,0.167601423135842
DZA.39_1,DZA,2004,4.24991493705348
DZA.48_1,DZA,2004,2.35066718995306
ECU.1_1,ECU,2004,2.65044627531763
ECU.10_1,ECU,2004,4.97778948953483
ECU.12_1,ECU,2004,0.651038271719889
ECU.17_1,ECU,2004,2.71200526618914
ECU.19_1,ECU,2004,2.53116332191225
EGY.9_1,EGY,2004,33.377379619261
EGY.11_1,EGY,2004,23.0250192455729
EGY.16_1,EGY,2004,25.3754435770045
ERI.1_1,ERI,2004,1.25783582089551
ESP.1_1,ESP,2004,6.1685774710589
ESP.5_1,ESP,2004,3.48511647651121
ESP.8_1,ESP,2004,27.1330779887531
ESP.12_1,ESP,2004,6.53944057580857
EST.1_1,EST,2004,5.07560815253148
EST.8_1,EST,2004,1.3821649029982
EST.13_1,EST,2004,3.06920334779914
EST.14_1,EST,2004,1.71824891829979
EST.15_1,EST,2004,1.09748636786807
ETH.5_1,ETH,2004,1.50954653937948
ETH.8_1,ETH,2004,0.0517562129979773
ETH.9_1,ETH,2004,0.00406963359666061
ETH.10_1,ETH,2004,0.0406556604156857
ETH.11_1,ETH,2004,0.101608547379231
FIN.4_1,FIN,2004,7.80120405091688
FIN.5_1,FIN,2004,5.53572046931303
FJI.2_1,FJI,2004,0.0883408071748882
FJI.3_1,FJI,2004,0.564551907719619
FJI.5_1,FJI,2004,0.391530944625412
FRA.7_1,FRA,2004,14.4540040847031
FRA.8_1,FRA,2004,23.5970567291729
FRA.9_1,FRA,2004,7.91092172016578
FRA.10_1,FRA,2004,5.53192624468725
FRA.11_1,FRA,2004,6.33222186152264
GAB.2_1,GAB,2004,0.107711651299227
GAB.3_1,GAB,2004,0.022884041759881
GAB.4_1,GAB,2004,0.126466369550715
GBR.1_1,GBR,2004,17.3826697755987
GBR.3_1,GBR,2004,4.08400338805572
GBR.4_1,GBR,2004,8.60275708471006
GEO.3_1,GEO,2004,0.0825287356321848
GEO.4_1,GEO,2004,0.767216642754676
GEO.11_1,GEO,2004,0.496547046491572
GHA.1_1,GHA,2004,0.598607088677403
GHA.5_1,GHA,2004,5.77039800995009
GHA.6_1,GHA,2004,0.0792783707314509
GHA.10_1,GHA,2004,0.457407765114856
GIN.1_1,GIN,2004,0.0483301509529166
GIN.2_1,GIN,2004,12.2795591182365
GIN.5_1,GIN,2004,0.0707799453614902
GIN.8_1,GIN,2004,0.00536528193775299
GMB.3_1,GMB,2004,0
GMB.5_1,GMB,2004,0.0042153047989624
GMB.6_1,GMB,2004,0.912133891213354
GNB.1_1,GNB,2004,0.00159515074174514
GNB.5_1,GNB,2004,0
GNB.8_1,GNB,2004,0
GNQ.7_1,GNQ,2004,0.0201873935264072
GRC.1_1,GRC,2004,4.95872537488987
GRC.3_1,GRC,2004,26.5936778547326
GRC.4_1,GRC,2004,4.82044198895057
GTM.7_1,GTM,2004,18.1248125937032
GTM.11_1,GTM,2004,3.05801418439716
GTM.22_1,GTM,2004,1.71667907669398
GUY.3_1,GUY,2004,2.15483870967738
GUY.4_1,GUY,2004,0.0380106313260282
GUY.5_1,GUY,2004,0.53901544907042
GUY.6_1,GUY,2004,0.197237807509698
HND.1_1,HND,2004,1.55448997384485
HND.3_1,HND,2004,0.609531129900081
HND.8_1,HND,2004,1.14204478836911
HND.13_1,HND,2004,0.274179526189952
HND.15_1,HND,2004,0.25598517723928
HND.18_1,HND,2004,0.882389793826205
HRV.4_1,HRV,2004,12.0328502415459
HRV.8_1,HRV,2004,6.82239876986162
HRV.13_1,HRV,2004,4.51314680600033
HRV.16_1,HRV,2004,5.75532063847678
HRV.18_1,HRV,2004,3.11987041036716
HTI.2_1,HTI,2004,0
HTI.4_1,HTI,2004,0.0507900677200905
HTI.5_1,HTI,2004,0.140213523131671
HTI.8_1,HTI,2004,0.214659685863879
HTI.10_1,HTI,2004,0.162193126022913
HUN.6_1,HUN,2004,3.48250753264147
HUN.7_1,HUN,2004,4.50867558102512
HUN.9_1,HUN,2004,4.39453209422961
HUN.15_1,HUN,2004,2.91704515094856
HUN.19_1,HUN,2004,4.7875376706258
IDN.10_1,IDN,2004,6.53379844196848
IDN.11_1,IDN,2004,6.23073695595401
IDN.26_1,IDN,2004,0.693588754445593
IDN.33_1,IDN,2004,8.17790322580649
IND.5_1,IND,2004,1.0522655206939
IND.11_1,IND,2004,3.91357997795357
IND.16_1,IND,2004,3.9413939461623
IND.19_1,IND,2004,1.74150150989345
IND.25_1,IND,2004,49.7098549274638
IND.32_1,IND,2004,4.74599169952024
IND.34_1,IND,2004,2.39953792536468
IND.36_1,IND,2004,4.42000429342537
IRN.13_1,IRN,2004,1.10871729546905
IRN.24_1,IRN,2004,1.57684564326071
IRN.25_1,IRN,2004,0.372056961345621
IRN.30_1,IRN,2004,0.545837270341665
IRQ.9_1,IRQ,2004,6.24776347370732
IRQ.14_1,IRQ,2004,1.36815286624207
IRQ.17_1,IRQ,2004,1.75533735839693
ISL.1_1,ISL,2004,0.236019692834479
ISL.3_1,ISL,2004,8.73643984220916
ITA.2_1,ITA,2004,19.9171374267462
ITA.6_1,ITA,2004,15.7359541866584
ITA.8_1,ITA,2004,11.8575506247319
ITA.10_1,ITA,2004,19.3016625387899
ITA.13_1,ITA,2004,10.9942931386089
ITA.16_1,ITA,2004,9.78540696297408
JOR.2_1,JOR,2004,4.15839974832282
JPN.1_1,JPN,2004,33.3308248914615
JPN.2_1,JPN,2004,7.1769984182989
JPN.4_1,JPN,2004,29.7339766164255
JPN.7_1,JPN,2004,27.1407904548844
JPN.10_1,JPN,2004,15.274568913542
JPN.11_1,JPN,2004,10.7440737096347
JPN.15_1,JPN,2004,11.9935940099831
JPN.19_1,JPN,2004,41.6145960832314
JPN.30_1,JPN,2004,6.57585995085998
JPN.31_1,JPN,2004,11.8464925447808
JPN.33_1,JPN,2004,45.742050209205
JPN.37_1,JPN,2004,4.81676379842312
JPN.41_1,JPN,2004,46.4304897314375
JPN.46_1,JPN,2004,9.83310975609721
KAZ.1_1,KAZ,2004,0.14235843239425
KEN.1_1,KEN,2004,0.00411384434556307
KEN.30_1,KEN,2004,24.0061425061425
KEN.36_1,KEN,2004,0.869259471871433
KEN.44_1,KEN,2004,0.421857142857136
KGZ.3_1,KGZ,2004,1.06930165095327
KGZ.4_1,KGZ,2004,0.326452407563508
KGZ.7_1,KGZ,2004,0.702831518980339
KGZ.9_1,KGZ,2004,0.209539914591325
KHM.3_1,KHM,2004,0.0659985333659237
KHM.16_1,KHM,2004,13.5873786407767
KHM.25_1,KHM,2004,0.0437118437118428
KOR.4_1,KOR,2004,30.7393767705384
KOR.9_1,KOR,2004,11.4596975023798
KOR.10_1,KOR,2004,14.8321820554144
KOR.14_1,KOR,2004,12.3866030181705
KOR.16_1,KOR,2004,62.6706102117061
LAO.1_1,LAO,2004,0.0182589285714276
LAO.4_1,LAO,2004,0.116406540319606
LAO.12_1,LAO,2004,0.0476878041061852
LBN.3_1,LBN,2004,62.5
LBN.4_1,LBN,2004,13.046357615894
LBN.5_1,LBN,2004,33.6064243997405
LBN.7_1,LBN,2004,19.3702903026559
LBN.8_1,LBN,2004,23.7103218645949
LBR.2_1,LBR,2004,0.0168981481481478
LBR.6_1,LBR,2004,0.000823045267489675
LBR.11_1,LBR,2004,0.681891025641028
LBR.12_1,LBR,2004,0.00138600138600138
LBR.15_1,LBR,2004,0
LKA.5_1,LKA,2004,25.4916879795397
LKA.7_1,LKA,2004,18.6540487162608
LKA.8_1,LKA,2004,3.182371349096
LKA.11_1,LKA,2004,5.90687613843351
LKA.17_1,LKA,2004,5.85486063902104
LTU.2_1,LTU,2004,2.28588235294107
LTU.3_1,LTU,2004,1.46310051515514
LTU.5_1,LTU,2004,1.74144820971869
LTU.8_1,LTU,2004,2.0557719546743
LTU.10_1,LTU,2004,1.21329269963026
LUX.1_1,LUX,2004,9.55329153605013
LUX.2_1,LUX,2004,11.9126984126984
LUX.3_1,LUX,2004,16.644
LVA.2_1,LVA,2004,0.735783715713727
LVA.3_1,LVA,2004,1.02960596379128
LVA.4_1,LVA,2004,0.87645987356686
LVA.5_1,LVA,2004,0.763100719052404
MAR.10_1,MAR,2004,0.621628790682497
MAR.11_1,MAR,2004,2.10372455608463
MDG.1_1,MDG,2004,0.00640389645530678
MDG.2_1,MDG,2004,0.017359779691149
MDG.4_1,MDG,2004,0.00411564281618231
MDG.5_1,MDG,2004,0.0104296414395595
MEX.9_1,MEX,2004,37.1512648425397
MEX.15_1,MEX,2004,14.9068197755949
MEX.16_1,MEX,2004,2.44429368731791
MEX.27_1,MEX,2004,5.29700903362875
MLI.3_1,MLI,2004,0.0115176321890992
MLI.5_1,MLI,2004,0.00910357849308142
MLI.6_1,MLI,2004,0.00575375281250492
MLI.7_1,MLI,2004,0.00965074484220378
MLI.8_1,MLI,2004,0.0393351200628157
MLT.1_1,MLT,2004,62.5892857142857
MLT.5_1,MLT,2004,58.15
MMR.1_1,MMR,2004,0.0391487482591113
MMR.8_1,MMR,2004,0.21760649087223
MMR.15_1,MMR,2004,3.10453157641034
MNG.9_1,MNG,2004,0.00275203572571733
MNG.13_1,MNG,2004,0.00221943683786069
MNG.22_1,MNG,2004,0.0032514969554176
MOZ.1_1,MOZ,2004,0.00300150349535114
MOZ.2_1,MOZ,2004,0.0432289319512752
MOZ.7_1,MOZ,2004,0.045042218479265
MRT.1_1,MRT,2004,0.000471125299022234
MRT.2_1,MRT,2004,0.00592757487122502
MRT.3_1,MRT,2004,0.00818919702386686
MRT.5_1,MRT,2004,0.0180037447789151
MWI.9_1,MWI,2004,0.0192247577367922
MWI.11_1,MWI,2004,0.0986738913446474
MWI.12_1,MWI,2004,0.13186046511628
MWI.27_1,MWI,2004,0.356591448931119
MWI.28_1,MWI,2004,0.407988165680469
MYS.1_1,MYS,2004,7.13619726449695
MYS.2_1,MYS,2004,5.84684181106751
MYS.8_1,MYS,2004,2.39603540252169
MYS.11_1,MYS,2004,30.4839357429719
NAM.7_1,NAM,2004,0.109569875279824
NAM.9_1,NAM,2004,0.0694026226323519
NAM.12_1,NAM,2004,0.0301850088312566
NER.2_1,NER,2004,0.0509481517042764
NER.3_1,NER,2004,0.0330837220721843
NER.5_1,NER,2004,14.796066252588
NER.6_1,NER,2004,0.0183166319464827
NER.7_1,NER,2004,0.0196733888645335
NER.8_1,NER,2004,0.00366218096289446
NGA.6_1,NGA,2004,16.2373709182251
NGA.20_1,NGA,2004,1.00716075156588
NGA.21_1,NGA,2004,0.334747438432511
NGA.25_1,NGA,2004,13.545138888889
NGA.27_1,NGA,2004,0.182970412233976
NGA.28_1,NGA,2004,1.61162273737703
NIC.4_1,NIC,2004,3.37818181818182
NIC.6_1,NIC,2004,0.341391072223063
NIC.13_1,NIC,2004,3.11074104912565
NIC.14_1,NIC,2004,8.59387351778656
NIC.18_1,NIC,2004,1.17880333951763
NLD.12_1,NLD,2004,13.9484489051095
NLD.14_1,NLD,2004,34.0900738965441
NOR.1_1,NOR,2004,14.0759752659818
NOR.2_1,NOR,2004,9.98145906690147
NOR.4_1,NOR,2004,3.71993206955549
NOR.7_1,NOR,2004,2.55345208427715
NOR.8_1,NOR,2004,2.01321301965843
NOR.19_1,NOR,2004,17.6789027833805
NPL.1_1,NPL,2004,0.583287303716547
NPL.2_1,NPL,2004,0.447936643227511
NPL.3_1,NPL,2004,0.0539333060795355
NPL.5_1,NPL,2004,0.00731127764576819
NZL.2_1,NZL,2004,1.83324686554257
NZL.3_1,NZL,2004,0.301538728215833
NZL.14_1,NZL,2004,8.57557251908393
NZL.15_1,NZL,2004,1.13787045523982
NZL.17_1,NZL,2004,0.964876673714025
NZL.18_1,NZL,2004,2.09444162865349
OMN.9_1,OMN,2004,0.448328792745988
PAK.2_1,PAK,2004,0.353526706112081
PAK.5_1,PAK,2004,4.04687569064842
PAK.7_1,PAK,2004,5.51691485861037
PAK.8_1,PAK,2004,2.55596086884585
PAN.7_1,PAN,2004,1.23984819734345
PAN.9_1,PAN,2004,1.12985887595934
PAN.12_1,PAN,2004,0.698271511481225
PER.2_1,PER,2004,0.639291144288675
PER.3_1,PER,2004,0.133033356157651
PER.8_1,PER,2004,0.123321952805649
PER.15_1,PER,2004,23.5619195046441
PER.25_1,PER,2004,0.858186698479
PHL.36_1,PHL,2004,1.73293903548688
PHL.47_1,PHL,2004,58.5726978998385
PHL.61_1,PHL,2004,2.93982670089863
PHL.71_1,PHL,2004,0.309319611206403
PNG.4_1,PNG,2004,0.0574996421926551
PNG.8_1,PNG,2004,0.0643976493633504
PNG.9_1,PNG,2004,0.0787432117920859
PNG.19_1,PNG,2004,0.936270263581218
PNG.21_1,PNG,2004,0.208780487804881
POL.1_1,POL,2004,8.08763433156639
POL.2_1,POL,2004,6.94098771468738
POL.4_1,POL,2004,6.12443590545535
POL.6_1,POL,2004,10.4208969751426
POL.7_1,POL,2004,7.29131231781812
POL.8_1,POL,2004,6.65809518186092
POL.11_1,POL,2004,6.31327591992032
POL.14_1,POL,2004,3.36638034927785
POL.16_1,POL,2004,3.78191340782118
PRK.11_1,PRK,2004,0.287526881720434
PRT.9_1,PRT,2004,10.8212313190387
PRT.12_1,PRT,2004,30.6129394166039
PRY.6_1,PRY,2004,0.443632500643918
PRY.12_1,PRY,2004,1.10292782569223
PRY.13_1,PRY,2004,0.903427198161089
ROU.1_1,ROU,2004,2.47658057054742
ROU.14_1,ROU,2004,3.90551968718745
ROU.15_1,ROU,2004,3.57164297695782
ROU.17_1,ROU,2004,5.10215135794932
ROU.35_1,ROU,2004,2.7594451336415
ROU.36_1,ROU,2004,3.170896900869
ROU.39_1,ROU,2004,0.932336077624163
ROU.40_1,ROU,2004,1.99463678844521
RUS.14_1,RUS,2004,35.5365593690047
RUS.28_1,RUS,2004,0.0725753531948856
RUS.32_1,RUS,2004,0.511701134604131
RUS.38_1,RUS,2004,2.00879087673748
RUS.43_1,RUS,2004,60.4487936976859
RUS.51_1,RUS,2004,0.88675994161563
RUS.65_1,RUS,2004,1.59504643382536
RUS.69_1,RUS,2004,0.507946200355094
RWA.2_1,RWA,2004,0.0115695067264573
RWA.4_1,RWA,2004,0.0429547926052467
SDN.12_1,SDN,2004,0.0799073537926513
SEN.3_1,SEN,2004,0.0885516711486745
SEN.8_1,SEN,2004,0.01441338346684
SLB.1_1,SLB,2004,0.00667556742323093
SLB.6_1,SLB,2004,0
SLB.7_1,SLB,2004,0.00134048257372653
SLB.10_1,SLB,2004,0.0192272809722474
SLE.1_1,SLE,2004,0.0493245710113216
SLE.2_1,SLE,2004,0.00776524936935978
SLE.3_1,SLE,2004,0.0179611400298928
SLE.4_1,SLE,2004,0.98859060402684
SLV.5_1,SLV,2004,9.52983425414362
SLV.10_1,SLV,2004,18.8636806231743
SLV.12_1,SLV,2004,4.5506297229219
SLV.14_1,SLV,2004,3.50823937554209
SOM.1_1,SOM,2004,0.0116430761202824
SOM.8_1,SOM,2004,0.00219771106319409
SRB.2_1,SRB,2004,2.62743055555559
SRB.23_1,SRB,2004,0.943412797992476
SSD.8_1,SSD,2004,0.0128109701983932
SUR.3_1,SUR,2004,0.0989611809732087
SUR.7_1,SUR,2004,35.4346590909091
SUR.10_1,SUR,2004,12.7111913357401
SVK.1_1,SVK,2004,3.86352074966524
SVK.2_1,SVK,2004,12.67447173044
SVK.3_1,SVK,2004,5.58859114088591
SVK.4_1,SVK,2004,7.03214465092933
SVK.5_1,SVK,2004,4.39452306079656
SVK.7_1,SVK,2004,7.60364406779656
SVN.2_1,SVN,2004,3.58269787010259
SVN.3_1,SVN,2004,3.7314478463934
SVN.5_1,SVN,2004,2.57751147373788
SVN.7_1,SVN,2004,7.15749578888276
SVN.9_1,SVN,2004,6.27814726840856
SVN.10_1,SVN,2004,5.82858253433533
SWE.5_1,SWE,2004,5.62364457831317
SWE.13_1,SWE,2004,9.9050714635557
SWE.14_1,SWE,2004,6.43303661743886
SWE.15_1,SWE,2004,15.2860969387751
SWE.16_1,SWE,2004,5.38169025881559
SWE.21_1,SWE,2004,6.08231509729271
SWZ.3_1,SWZ,2004,2.2816638686812
SYR.2_1,SYR,2004,5.76306487246485
SYR.11_1,SYR,2004,12.3042946927374
SYR.13_1,SYR,2004,3.79000967891258
TCD.3_1,TCD,2004,0.00027258492922341
TCD.5_1,TCD,2004,0
TCD.22_1,TCD,2004,6.99581589958161
TGO.2_1,TGO,2004,0.0216323446060823
TGO.3_1,TGO,2004,0.410930195066899
THA.3_1,THA,2004,49.2734791889008
THA.10_1,THA,2004,1.833413648664
THA.25_1,THA,2004,0.35187224669604
THA.31_1,THA,2004,3.24621720834445
THA.36_1,THA,2004,33.4874074074075
THA.70_1,THA,2004,2.87343840092254
TJK.2_1,TJK,2004,0.0055491174897476
TJK.3_1,TJK,2004,1.42818412551922
TJK.4_1,TJK,2004,1.09599921827018
TJK.5_1,TJK,2004,1.08562137706783
TLS.2_1,TLS,2004,0.0386861313868616
TLS.4_1,TLS,2004,0.107894736842109
TLS.7_1,TLS,2004,1.6002824858757
TLS.11_1,TLS,2004,0.019327731092437
TLS.13_1,TLS,2004,0
TUN.5_1,TUN,2004,2.93136961722491
TUN.12_1,TUN,2004,6.91948153967016
TUN.16_1,TUN,2004,10.3494230227975
TUN.20_1,TUN,2004,8.20062614140365
TUN.23_1,TUN,2004,49.8766756032172
TUR.30_1,TUR,2004,0.699871768914102
TUR.39_1,TUR,2004,1.20596723868956
TUR.40_1,TUR,2004,19.2069745135643
TUR.70_1,TUR,2004,0.520048673079158
TZA.4_1,TZA,2004,0.0893433799784644
TZA.15_1,TZA,2004,0.0539930137316232
TZA.20_1,TZA,2004,0.0726879983140954
TZA.29_1,TZA,2004,0.450413223140495
UGA.48_1,UGA,2004,0
UKR.2_1,UKR,2004,0.752623054714542
UKR.5_1,UKR,2004,3.68290357810589
UKR.6_1,UKR,2004,5.76269318082573
UKR.9_1,UKR,2004,0.88535568772537
UKR.17_1,UKR,2004,1.93829520063551
UKR.19_1,UKR,2004,0.877306247390855
UKR.21_1,UKR,2004,1.65989817382196
USA.4_1,USA,2004,4.14991881979978
USA.7_1,USA,2004,23.9561506160922
USA.8_1,USA,2004,14.6674724908303
USA.10_1,USA,2004,12.224333625463
USA.12_1,USA,2004,1.87110203648717
USA.14_1,USA,2004,9.11187624440309
USA.22_1,USA,2004,26.1054727646456
USA.24_1,USA,2004,4.56989234537168
USA.33_1,USA,2004,10.6181524740755
USA.37_1,USA,2004,3.88464448101243
USA.39_1,USA,2004,13.187720427702
UZB.4_1,UZB,2004,1.29594917158102
UZB.10_1,UZB,2004,3.0974788712219
VEN.5_1,VEN,2004,1.14488056228369
VEN.21_1,VEN,2004,4.28331210191077
VEN.24_1,VEN,2004,4.91039838918447
VNM.4_1,VNM,2004,0.22004744958482
VNM.27_1,VNM,2004,12.4807197943444
VNM.57_1,VNM,2004,1.84883900928788
XKO.1_1,XKO,2004,3.73833543505675
XKO.3_1,XKO,2004,2.75689783743476
XKO.5_1,XKO,2004,4.78812549642576
XKO.6_1,XKO,2004,2.62286585365854
YEM.2_1,YEM,2004,0.484719053430278
YEM.19_1,YEM,2004,1.06014297177039
ZAF.1_1,ZAF,2004,0.84601570054978
ZAF.3_1,ZAF,2004,17.3031389716837
ZAF.4_1,ZAF,2004,2.24712907670964
ZMB.2_1,ZMB,2004,0.380411795805921
ZMB.6_1,ZMB,2004,0.0148585605263913
ZMB.9_1,ZMB,2004,0.0540595779469495
ZWE.6_1,ZWE,2004,0.164382470119488
ZWE.9_1,ZWE,2004,0.0643617505231424
ZWE.10_1,ZWE,2004,0.17823657625244
AFG.14_1,AFG,2005,1.94529411764708
AFG.15_1,AFG,2005,0.106076032515013
AFG.26_1,AFG,2005,0
AGO.2_1,AGO,2005,0.0586120517697541
AGO.11_1,AGO,2005,9.46644645340774
ALB.1_1,ALB,2005,2.88791946308728
ALB.8_1,ALB,2005,0.663549160671471
ALB.10_1,ALB,2005,0.471275981524254
ALB.11_1,ALB,2005,5.16534810126581
ARE.1_1,ARE,2005,2.95728761240156
ARG.1_1,ARG,2005,1.58861632257558
ARG.6_1,ARG,2005,0.908822448609603
ARG.12_1,ARG,2005,0.227721906791699
ARG.14_1,ARG,2005,0.992599444958319
ARG.19_1,ARG,2005,0.365256645854975
ARG.20_1,ARG,2005,0.0977109492068061
AUS.5_1,AUS,2005,0.411053438070879
AUS.7_1,AUS,2005,0.158366187964315
AUS.8_1,AUS,2005,0.100585953793372
AUT.3_1,AUT,2005,7.70913900036459
AUT.4_1,AUT,2005,7.69995348116024
AUT.6_1,AUT,2005,6.09272970562026
AUT.9_1,AUT,2005,52.478021978022
AZE.1_1,AZE,2005,1.94820453417173
AZE.4_1,AZE,2005,1.86785972523501
AZE.7_1,AZE,2005,1.19073773561353
AZE.10_1,AZE,2005,0.654729851014177
BDI.2_1,BDI,2005,9.15068493150684
BDI.3_1,BDI,2005,0.228482972136225
BDI.4_1,BDI,2005,0.0149117468046261
BDI.7_1,BDI,2005,0
BDI.14_1,BDI,2005,0
BEL.1_1,BEL,2005,60.7024221453287
BEL.2_1,BEL,2005,32.7867932231068
BEL.3_1,BEL,2005,15.9628868400959
BEN.2_1,BEN,2005,0.016519449634791
BEN.3_1,BEN,2005,1.68030075187969
BEN.4_1,BEN,2005,0.0537595839124962
BFA.1_1,BFA,2005,0.0203330517678261
BFA.7_1,BFA,2005,4.39490538573514
BFA.10_1,BFA,2005,0.0412322908313324
BGD.3_1,BGD,2005,3.27009578079594
BGD.4_1,BGD,2005,1.19342544068604
BGR.8_1,BGR,2005,1.69534412955462
BGR.14_1,BGR,2005,4.04781737663444
BGR.19_1,BGR,2005,3.00209359605908
BGR.22_1,BGR,2005,3.54456759288159
BGR.26_1,BGR,2005,1.31343638525566
BIH.2_1,BIH,2005,2.35304371145092
BIH.3_1,BIH,2005,2.01012084592116
BLR.1_1,BLR,2005,1.27837092016379
BLR.5_1,BLR,2005,2.11890816036396
BLR.6_1,BLR,2005,1.14727030796217
BOL.2_1,BOL,2005,0.457932455568831
BOL.3_1,BOL,2005,0.0235056932848396
BOL.5_1,BOL,2005,0.145819856158966
BOL.8_1,BOL,2005,0.0642973608815563
BRA.10_1,BRA,2005,0.337774022935779
BRA.13_1,BRA,2005,0.942933389343324
BRA.17_1,BRA,2005,2.27685736250592
BRA.19_1,BRA,2005,7.1677395879998
BRA.25_1,BRA,2005,4.83785605176306
BRN.2_1,BRN,2005,39.4602649006622
BTN.7_1,BTN,2005,0.0907466243050052
BTN.8_1,BTN,2005,0.406474820143878
BTN.10_1,BTN,2005,0.159329140461219
BTN.14_1,BTN,2005,0.387059369202223
BWA.1_1,BWA,2005,0.0933012376800647
BWA.15_1,BWA,2005,0.0544234289200722
CAF.15_1,CAF,2005,0
CAF.14_1,CAF,2005,0.000983996138279429
CAF.17_1,CAF,2005,0
CAN.2_1,CAN,2005,0.450879196024727
CAN.9_1,CAN,2005,1.06284239905846
CAN.11_1,CAN,2005,0.759209847822107
CHE.1_1,CHE,2005,29.0631455399061
CHE.2_1,CHE,2005,19.6384248210023
CHE.5_1,CHE,2005,47.25
CHE.6_1,CHE,2005,10.8569230769226
CHE.7_1,CHE,2005,13.5811845286059
CHE.10_1,CHE,2005,4.01924401584309
CHE.12_1,CHE,2005,15.7185096153847
CHE.13_1,CHE,2005,13.0464135021097
CHE.16_1,CHE,2005,15.9309576837416
CHE.21_1,CHE,2005,5.77646517336614
CHE.23_1,CHE,2005,6.53966852329857
CHE.24_1,CHE,2005,13.1629028463891
CHE.25_1,CHE,2005,27.1787439613527
CHE.26_1,CHE,2005,34.9885895997005
CHL.11_1,CHL,2005,0.0779012420678609
CHL.14_1,CHL,2005,5.30948396094883
CHL.16_1,CHL,2005,2.04118835034004
CHN.2_1,CHN,2005,15.2932490295704
CHN.15_1,CHN,2005,9.67721154865172
CHN.26_1,CHN,2005,0.736649077130345
CHN.31_1,CHN,2005,6.41895753237225
CIV.5_1,CIV,2005,0.66035645472062
CIV.6_1,CIV,2005,0.657102114635518
CIV.8_1,CIV,2005,0.0807371957111892
CIV.13_1,CIV,2005,3.14069622876088
CMR.10_1,CMR,2005,0.0455651577075532
COD.18_1,COD,2005,0.00357353177364861
COD.22_1,COD,2005,0.0174372820339682
COD.24_1,COD,2005,0.00352935369224883
COG.4_1,COG,2005,0.00258562542156969
COG.8_1,COG,2005,0.0261974545308517
COL.2_1,COL,2005,1.23313244057762
COL.13_1,COL,2005,1.51357757869381
COL.14_1,COL,2005,4.12655485413347
COL.22_1,COL,2005,0.762441755746044
COL.25_1,COL,2005,4.26447876447892
CRI.4_1,CRI,2005,4.58351177730178
CRI.7_1,CRI,2005,5.68623962040336
CUB.7_1,CUB,2005,1.35356834117767
CUB.16_1,CUB,2005,1.9380416743499
CZE.2_1,CZE,2005,9.74485071806491
CZE.5_1,CZE,2005,12.401198439242
CZE.7_1,CZE,2005,13.4331556503195
CZE.8_1,CZE,2005,10.8885145722345
CZE.10_1,CZE,2005,6.69295226694588
CZE.11_1,CZE,2005,51.5921501706485
CZE.12_1,CZE,2005,10.5872338065659
CZE.14_1,CZE,2005,12.4033663961527
DEU.3_1,DEU,2005,51.6107520564043
DEU.6_1,DEU,2005,47.4303051317616
DEU.9_1,DEU,2005,8.40694426957502
DEU.10_1,DEU,2005,17.5971634450424
DEU.11_1,DEU,2005,10.1101982446795
DNK.1_1,DNK,2005,17.2567726737338
DNK.2_1,DNK,2005,6.63528866218391
DNK.3_1,DNK,2005,4.98110525585918
DNK.5_1,DNK,2005,7.71224139779156
DOM.26_1,DOM,2005,0.612925546637144
DOM.30_1,DOM,2005,2.03750923872866
DZA.6_1,DZA,2005,2.4067974160507
DZA.19_1,DZA,2005,2.79848710317458
DZA.26_1,DZA,2005,1.58500158252877
DZA.31_1,DZA,2005,0.174852992044275
DZA.39_1,DZA,2005,3.96325280707714
DZA.48_1,DZA,2005,2.28693092621653
ECU.1_1,ECU,2005,2.30930312392718
ECU.10_1,ECU,2005,4.70542839933771
ECU.12_1,ECU,2005,0.514992084924114
ECU.17_1,ECU,2005,2.44458158479384
ECU.19_1,ECU,2005,2.32884646761301
EGY.9_1,EGY,2005,33.9522209779768
EGY.11_1,EGY,2005,23.2294072363354
EGY.16_1,EGY,2005,25.1618168914117
ERI.1_1,ERI,2005,1.15186567164178
ESP.1_1,ESP,2005,6.28147261798351
ESP.5_1,ESP,2005,3.49225848252902
ESP.8_1,ESP,2005,27.1047184418547
ESP.12_1,ESP,2005,6.49439698051397
EST.1_1,EST,2005,5.10502958579899
EST.8_1,EST,2005,1.24377204585544
EST.13_1,EST,2005,3.66002789832616
EST.14_1,EST,2005,1.95100534487149
EST.15_1,EST,2005,1.35157600744779
ETH.5_1,ETH,2005,1.52863961813843
ETH.8_1,ETH,2005,0.0483692009933735
ETH.9_1,ETH,2005,0.00376520622303767
ETH.10_1,ETH,2005,0.0410580307426887
ETH.11_1,ETH,2005,0.112972855762957
FIN.4_1,FIN,2005,6.60146424836019
FIN.5_1,FIN,2005,5.91722343307621
FJI.2_1,FJI,2005,0.0659192825112113
FJI.3_1,FJI,2005,0.628549245785263
FJI.5_1,FJI,2005,0.42562432138978
FRA.7_1,FRA,2005,14.2706976244219
FRA.8_1,FRA,2005,23.5702587229997
FRA.9_1,FRA,2005,7.813640889479
FRA.10_1,FRA,2005,5.45056965485619
FRA.11_1,FRA,2005,6.28974168714708
GAB.2_1,GAB,2005,0.0999813728229624
GAB.3_1,GAB,2005,0.0171513795674857
GAB.4_1,GAB,2005,0.121881563444488
GBR.1_1,GBR,2005,16.3963467029487
GBR.3_1,GBR,2005,3.96031566138391
GBR.4_1,GBR,2005,8.13434708035851
GEO.3_1,GEO,2005,0.205287356321842
GEO.4_1,GEO,2005,0.758095921295311
GEO.11_1,GEO,2005,0.593784683684777
GHA.1_1,GHA,2005,0.518911184664218
GHA.5_1,GHA,2005,5.93420398009952
GHA.6_1,GHA,2005,0.0719808387259383
GHA.10_1,GHA,2005,0.400598802395126
GIN.1_1,GIN,2005,0.0364412580610384
GIN.2_1,GIN,2005,10.1112224448898
GIN.5_1,GIN,2005,0.0455769748739817
GIN.8_1,GIN,2005,0.00427138950384154
GMB.3_1,GMB,2005,0
GMB.5_1,GMB,2005,0.004863813229572
GMB.6_1,GMB,2005,0.92128661087866
GNB.1_1,GNB,2005,0
GNB.5_1,GNB,2005,0
GNB.8_1,GNB,2005,0
GNQ.7_1,GNQ,2005,0.0307495741056217
GRC.1_1,GRC,2005,4.73581299617756
GRC.3_1,GRC,2005,25.5950097673591
GRC.4_1,GRC,2005,4.5693956135944
GTM.7_1,GTM,2005,17.7752998500751
GTM.11_1,GTM,2005,2.65985815602838
GTM.22_1,GTM,2005,1.57259865971704
GUY.3_1,GUY,2005,1.77806451612905
GUY.4_1,GUY,2005,0.0283623388917256
GUY.5_1,GUY,2005,0.493191935061537
GUY.6_1,GUY,2005,0.185369011653004
HND.1_1,HND,2005,1.22940278988664
HND.3_1,HND,2005,0.5036235862523
HND.8_1,HND,2005,1.11402274592566
HND.13_1,HND,2005,0.246359487068021
HND.15_1,HND,2005,0.319420742113197
HND.18_1,HND,2005,0.953981091240476
HRV.4_1,HRV,2005,17.9130434782608
HRV.8_1,HRV,2005,10.2842132239877
HRV.13_1,HRV,2005,5.03219281982133
HRV.16_1,HRV,2005,6.12776533183965
HRV.18_1,HRV,2005,4.17340327059552
HTI.2_1,HTI,2005,0
HTI.4_1,HTI,2005,0.0677200902934537
HTI.5_1,HTI,2005,0.115658362989325
HTI.8_1,HTI,2005,0.289528795811516
HTI.10_1,HTI,2005,0.147626841243862
HUN.6_1,HUN,2005,4.44342149313694
HUN.7_1,HUN,2005,5.59988857051894
HUN.9_1,HUN,2005,4.80354441322683
HUN.15_1,HUN,2005,3.65508950040057
HUN.19_1,HUN,2005,5.97730898776815
IDN.10_1,IDN,2005,5.71590572921823
IDN.11_1,IDN,2005,5.52245179577052
IDN.26_1,IDN,2005,0.628243728947302
IDN.33_1,IDN,2005,7.35241935483876
IND.5_1,IND,2005,0.9557618491318
IND.11_1,IND,2005,3.57749218978138
IND.16_1,IND,2005,3.8624036635774
IND.19_1,IND,2005,1.53366532885064
IND.25_1,IND,2005,49.211855927964
IND.32_1,IND,2005,4.33856844697831
IND.34_1,IND,2005,2.16316521126396
IND.36_1,IND,2005,4.2302553565574
IRN.13_1,IRN,2005,1.1326484474859
IRN.24_1,IRN,2005,1.67730638439514
IRN.25_1,IRN,2005,0.392355074796518
IRN.30_1,IRN,2005,0.571475065617325
IRQ.9_1,IRQ,2005,6.26047348898103
IRQ.14_1,IRQ,2005,1.45207006369427
IRQ.17_1,IRQ,2005,2.00076247977092
ISL.1_1,ISL,2005,0.359189097590182
ISL.3_1,ISL,2005,9.95857988165672
ITA.2_1,ITA,2005,19.4373053165083
ITA.6_1,ITA,2005,16.2821080328123
ITA.8_1,ITA,2005,11.7721887117626
ITA.10_1,ITA,2005,19.6990206963311
ITA.13_1,ITA,2005,11.3146832445234
ITA.16_1,ITA,2005,9.70863266756064
JOR.2_1,JOR,2005,4.11309773489995
JPN.1_1,JPN,2005,33.0441389290884
JPN.2_1,JPN,2005,7.76764204891076
JPN.4_1,JPN,2005,29.3224397802514
JPN.7_1,JPN,2005,26.5003728560779
JPN.10_1,JPN,2005,15.5628843603035
JPN.11_1,JPN,2005,10.7841041238032
JPN.15_1,JPN,2005,11.5763727121462
JPN.19_1,JPN,2005,41.6656976744186
JPN.30_1,JPN,2005,6.49336609336629
JPN.31_1,JPN,2005,11.5296207345141
JPN.33_1,JPN,2005,44.655857740586
JPN.37_1,JPN,2005,4.77882527711097
JPN.41_1,JPN,2005,46.7006319115328
JPN.46_1,JPN,2005,9.91567073170669
KAZ.1_1,KAZ,2005,0.200398454847202
KEN.1_1,KEN,2005,0.00281252623625266
KEN.30_1,KEN,2005,22.0374692874693
KEN.36_1,KEN,2005,0.68097014925372
KEN.44_1,KEN,2005,0.349000000000007
KGZ.3_1,KGZ,2005,1.27289791391158
KGZ.4_1,KGZ,2005,0.364886749846125
KGZ.7_1,KGZ,2005,0.717736476958212
KGZ.9_1,KGZ,2005,0.223372089398523
KHM.3_1,KHM,2005,0.0454656563187479
KHM.16_1,KHM,2005,13.1019417475728
KHM.25_1,KHM,2005,0.0854700854700814
KOR.4_1,KOR,2005,30.1751652502361
KOR.9_1,KOR,2005,11.1729473375813
KOR.10_1,KOR,2005,14.4318443472252
KOR.14_1,KOR,2005,12.1002155836159
KOR.16_1,KOR,2005,62.6232876712329
LAO.1_1,LAO,2005,0.00687499999999934
LAO.4_1,LAO,2005,0.0968351294438385
LAO.12_1,LAO,2005,0.0620277700858554
LBN.3_1,LBN,2005,62.1666666666667
LBN.4_1,LBN,2005,12.598233995585
LBN.5_1,LBN,2005,31.0609993510708
LBN.7_1,LBN,2005,16.9561457689932
LBN.8_1,LBN,2005,21.0571587125416
LBR.2_1,LBR,2005,0.0346643518518535
LBR.6_1,LBR,2005,0.0141289437585728
LBR.11_1,LBR,2005,0.943910256410261
LBR.12_1,LBR,2005,0.00877800877800863
LBR.15_1,LBR,2005,0
LKA.5_1,LKA,2005,24.1086956521739
LKA.7_1,LKA,2005,17.7504937458856
LKA.8_1,LKA,2005,3.15577190542421
LKA.11_1,LKA,2005,5.28278688524592
LKA.17_1,LKA,2005,5.81645139360975
LTU.2_1,LTU,2005,2.57324478178373
LTU.3_1,LTU,2005,1.61740745177909
LTU.5_1,LTU,2005,2.06477781329931
LTU.8_1,LTU,2005,2.2735481586402
LTU.10_1,LTU,2005,1.51088891932611
LUX.1_1,LUX,2005,10.3824451410658
LUX.2_1,LUX,2005,12.721340388007
LUX.3_1,LUX,2005,18.6233333333333
LVA.2_1,LVA,2005,0.945259926803362
LVA.3_1,LVA,2005,1.42902023429181
LVA.4_1,LVA,2005,1.06446658809238
LVA.5_1,LVA,2005,0.999430965806144
MAR.10_1,MAR,2005,0.632713993140298
MAR.11_1,MAR,2005,2.17182763100891
MDG.1_1,MDG,2005,0.00335979074591895
MDG.2_1,MDG,2005,0.0103531216230342
MDG.4_1,MDG,2005,0.00352528421549676
MDG.5_1,MDG,2005,0.00572965970803529
MEX.9_1,MEX,2005,36.925400103252
MEX.15_1,MEX,2005,14.8009817671808
MEX.16_1,MEX,2005,2.36689932998459
MEX.27_1,MEX,2005,5.62398466560433
MLI.3_1,MLI,2005,0.0123923360871908
MLI.5_1,MLI,2005,0.00975543966913126
MLI.6_1,MLI,2005,0.00508770555114215
MLI.7_1,MLI,2005,0.00986889946189027
MLI.8_1,MLI,2005,0.0372709060884119
MLT.1_1,MLT,2005,61.3214285714286
MLT.5_1,MLT,2005,55.76
MMR.1_1,MMR,2005,0.0510717075987668
MMR.8_1,MMR,2005,0.233549695740363
MMR.15_1,MMR,2005,3.13498312710914
MNG.9_1,MNG,2005,0.0040558370482535
MNG.13_1,MNG,2005,0.00289804162641669
MNG.22_1,MNG,2005,0.00273632471053611
MOZ.1_1,MOZ,2005,0.00235401279617094
MOZ.2_1,MOZ,2005,0.0487438035150165
MOZ.7_1,MOZ,2005,0.0449926791946087
MRT.1_1,MRT,2005,0.00035131326177048
MRT.2_1,MRT,2005,0.0061087671161946
MRT.3_1,MRT,2005,0.00927625857570626
MRT.5_1,MRT,2005,0.0176076623937787
MWI.9_1,MWI,2005,0.0312076690632493
MWI.11_1,MWI,2005,0.124982175958936
MWI.12_1,MWI,2005,0.105697674418605
MWI.27_1,MWI,2005,0.289489311163899
MWI.28_1,MWI,2005,0.32426035502958
MYS.1_1,MYS,2005,6.8776006549785
MYS.2_1,MYS,2005,5.83072479970195
MYS.8_1,MYS,2005,2.24249818137748
MYS.11_1,MYS,2005,30.3902275769745
NAM.7_1,NAM,2005,0.0974976015350294
NAM.9_1,NAM,2005,0.0615590092277635
NAM.12_1,NAM,2005,0.0257327505514321
NER.2_1,NER,2005,0.0568290926548264
NER.3_1,NER,2005,0.0353752352893024
NER.5_1,NER,2005,14.0755693581781
NER.6_1,NER,2005,0.0193458875065046
NER.7_1,NER,2005,0.0184129767645747
NER.8_1,NER,2005,0.00324418075077942
NGA.6_1,NGA,2005,13.3637547678854
NGA.20_1,NGA,2005,0.917849686847573
NGA.21_1,NGA,2005,0.243196117202953
NGA.25_1,NGA,2005,12.6580459770115
NGA.27_1,NGA,2005,0.163112651975764
NGA.28_1,NGA,2005,1.40888641896905
NIC.4_1,NIC,2005,2.89363636363637
NIC.6_1,NIC,2005,0.274284443126216
NIC.13_1,NIC,2005,2.78944629475443
NIC.14_1,NIC,2005,7.54051383399209
NIC.18_1,NIC,2005,0.992578849721703
NLD.12_1,NLD,2005,14.3403284671533
NLD.14_1,NLD,2005,35.342620331536
NOR.1_1,NOR,2005,12.9233427298356
NOR.2_1,NOR,2005,8.01017825704233
NOR.4_1,NOR,2005,3.58099399076799
NOR.7_1,NOR,2005,2.48707238332579
NOR.8_1,NOR,2005,2.90471586636584
NOR.19_1,NOR,2005,14.6138563937071
NPL.1_1,NPL,2005,0.561903258896781
NPL.2_1,NPL,2005,0.38880602315499
NPL.3_1,NPL,2005,0.0478304035507789
NPL.5_1,NPL,2005,0.00233046974958888
NZL.2_1,NZL,2005,1.65408560311291
NZL.3_1,NZL,2005,0.299211968478793
NZL.14_1,NZL,2005,8.34580152671752
NZL.15_1,NZL,2005,1.1380232202872
NZL.17_1,NZL,2005,0.890218463706691
NZL.18_1,NZL,2005,2.04265923297849
OMN.9_1,OMN,2005,0.417835698504949
PAK.2_1,PAK,2005,0.328621433782571
PAK.5_1,PAK,2005,3.70730503455151
PAK.7_1,PAK,2005,5.14033171606062
PAK.8_1,PAK,2005,2.40629851826246
PAN.7_1,PAN,2005,1.14117647058825
PAN.9_1,PAN,2005,1.05013617231982
PAN.12_1,PAN,2005,0.685844057532153
PER.2_1,PER,2005,0.615899404302057
PER.3_1,PER,2005,0.125525775212769
PER.8_1,PER,2005,0.108312430323267
PER.15_1,PER,2005,23.2936532507742
PER.25_1,PER,2005,0.73948702654337
PHL.36_1,PHL,2005,1.53885350318467
PHL.47_1,PHL,2005,58.5024232633279
PHL.61_1,PHL,2005,2.38342426187423
PHL.71_1,PHL,2005,0.222984562607203
PNG.4_1,PNG,2005,0.0350293402032446
PNG.8_1,PNG,2005,0.199023628795244
PNG.9_1,PNG,2005,0.0819918541505143
PNG.19_1,PNG,2005,1.32381512189084
PNG.21_1,PNG,2005,0.18243902439024
POL.1_1,POL,2005,9.02841381286765
POL.2_1,POL,2005,7.41365136605347
POL.4_1,POL,2005,6.73221705911259
POL.6_1,POL,2005,12.0772873614859
POL.7_1,POL,2005,7.92535384800514
POL.8_1,POL,2005,8.05311171469037
POL.11_1,POL,2005,6.24375069902635
POL.14_1,POL,2005,3.62641058790032
POL.16_1,POL,2005,4.07163640595906
PRK.11_1,PRK,2005,0.27247311827957
PRT.9_1,PRT,2005,10.8186322287207
PRT.12_1,PRT,2005,30.7784841685371
PRY.6_1,PRY,2005,0.387104043265542
PRY.12_1,PRY,2005,0.977644121652309
PRY.13_1,PRY,2005,0.855780784703128
ROU.1_1,ROU,2005,2.52139552814178
ROU.14_1,ROU,2005,3.58984268436848
ROU.15_1,ROU,2005,4.08078043612609
ROU.17_1,ROU,2005,5.1090173939579
ROU.35_1,ROU,2005,3.16781324010367
ROU.36_1,ROU,2005,3.29951426421279
ROU.39_1,ROU,2005,1.02072919729498
ROU.40_1,ROU,2005,2.13700084961762
RUS.14_1,RUS,2005,41.1589213387338
RUS.28_1,RUS,2005,0.0778427546086206
RUS.32_1,RUS,2005,0.515196847361712
RUS.38_1,RUS,2005,2.24276753139234
RUS.43_1,RUS,2005,60.9702117183653
RUS.51_1,RUS,2005,0.715219480936569
RUS.65_1,RUS,2005,1.61721378302118
RUS.69_1,RUS,2005,0.453589454152955
RWA.2_1,RWA,2005,0.0106726457399108
RWA.4_1,RWA,2005,0.0442752835171614
SDN.12_1,SDN,2005,0.0988577143759281
SEN.3_1,SEN,2005,0.0780829811755653
SEN.8_1,SEN,2005,0.0139229469783648
SLB.1_1,SLB,2005,0.00467289719626168
SLB.6_1,SLB,2005,0
SLB.7_1,SLB,2005,0.00134048257372653
SLB.10_1,SLB,2005,0.0087066932704521
SLE.1_1,SLE,2005,0.0309967141292443
SLE.2_1,SLE,2005,0.00305443272649826
SLE.3_1,SLE,2005,0.0130649899500063
SLE.4_1,SLE,2005,0.620134228187927
SLV.5_1,SLV,2005,8.64585635359115
SLV.10_1,SLV,2005,18.0404089581304
SLV.12_1,SLV,2005,3.94685138539046
SLV.14_1,SLV,2005,2.81721595836949
SOM.1_1,SOM,2005,0.0122953492922817
SOM.8_1,SOM,2005,0.00145131862663797
SRB.2_1,SRB,2005,2.92343749999992
SRB.23_1,SRB,2005,1.30338770388958
SSD.8_1,SSD,2005,0.018965961466884
SUR.3_1,SUR,2005,0.0459267359212678
SUR.7_1,SUR,2005,35.4431818181818
SUR.10_1,SUR,2005,11
SVK.1_1,SVK,2005,4.05063587684068
SVK.2_1,SVK,2005,14.5067104511707
SVK.3_1,SVK,2005,5.7797220277973
SVK.4_1,SVK,2005,8.01996484178806
SVK.5_1,SVK,2005,4.76752489517818
SVK.7_1,SVK,2005,8.38940677966105
SVN.2_1,SVN,2005,3.37233762818831
SVN.3_1,SVN,2005,4.70381421899332
SVN.5_1,SVN,2005,2.9245283018868
SVN.7_1,SVN,2005,8.34306569343069
SVN.9_1,SVN,2005,8.40142517814725
SVN.10_1,SVN,2005,7.31692148224932
SWE.5_1,SWE,2005,5.60075301204837
SWE.13_1,SWE,2005,9.80511153657765
SWE.14_1,SWE,2005,5.77985703688726
SWE.15_1,SWE,2005,14.3312818877553
SWE.16_1,SWE,2005,4.69377669821614
SWE.21_1,SWE,2005,5.31690719693903
SWZ.3_1,SWZ,2005,2.37847416526769
SYR.2_1,SYR,2005,5.24739907611927
SYR.11_1,SYR,2005,11.817912011173
SYR.13_1,SYR,2005,3.79400749063689
TCD.3_1,TCD,2005,0.000324883200527809
TCD.5_1,TCD,2005,0
TCD.22_1,TCD,2005,7.90899581589956
TGO.2_1,TGO,2005,0.00784054411486796
TGO.3_1,TGO,2005,0.616717717233644
THA.3_1,THA,2005,49.2353255069369
THA.10_1,THA,2005,1.5912629276792
THA.25_1,THA,2005,0.412720264317187
THA.31_1,THA,2005,2.57968484197338
THA.36_1,THA,2005,33.9607407407408
THA.70_1,THA,2005,2.35008648856426
TJK.2_1,TJK,2005,0.00651297022641959
TJK.3_1,TJK,2005,1.44625346100606
TJK.4_1,TJK,2005,1.14336367189644
TJK.5_1,TJK,2005,1.01941184787227
TLS.2_1,TLS,2005,0.024817518248175
TLS.4_1,TLS,2005,0.138486842105261
TLS.7_1,TLS,2005,1.0042372881356
TLS.11_1,TLS,2005,0.023529411764706
TLS.13_1,TLS,2005,0.0197674418604651
TUN.5_1,TUN,2005,2.58141447368425
TUN.12_1,TUN,2005,5.91385179366329
TUN.16_1,TUN,2005,9.45384182381095
TUN.20_1,TUN,2005,7.53378554656931
TUN.23_1,TUN,2005,48.0991957104558
TUR.30_1,TUR,2005,0.491563744347673
TUR.39_1,TUR,2005,1.16930577223088
TUR.40_1,TUR,2005,18.3749657440385
TUR.70_1,TUR,2005,0.491945764283231
TZA.4_1,TZA,2005,0.0651237890204305
TZA.15_1,TZA,2005,0.0399602505420385
TZA.20_1,TZA,2005,0.0592708369920266
TZA.29_1,TZA,2005,0.288429752066116
UGA.48_1,UGA,2005,0
UKR.2_1,UKR,2005,1.01743715231298
UKR.5_1,UKR,2005,4.05644817947917
UKR.6_1,UKR,2005,6.10847594516738
UKR.9_1,UKR,2005,1.04549711984266
UKR.17_1,UKR,2005,1.7966871641459
UKR.19_1,UKR,2005,0.952066230694029
UKR.21_1,UKR,2005,1.92480160627215
USA.4_1,USA,2005,4.00600940964126
USA.7_1,USA,2005,22.1474151579811
USA.8_1,USA,2005,14.6421307102368
USA.10_1,USA,2005,12.0204962272654
USA.12_1,USA,2005,1.74530653372932
USA.14_1,USA,2005,8.34455495818892
USA.22_1,USA,2005,24.9441482528264
USA.24_1,USA,2005,4.52660874752571
USA.33_1,USA,2005,9.68528901409268
USA.37_1,USA,2005,3.64609931290657
USA.39_1,USA,2005,12.5011728153094
UZB.4_1,UZB,2005,1.25442291491147
UZB.10_1,UZB,2005,3.08783364369945
VEN.5_1,VEN,2005,1.09702236785852
VEN.21_1,VEN,2005,3.93371549893856
VEN.24_1,VEN,2005,4.92456493599882
VNM.4_1,VNM,2005,0.192071965203637
VNM.27_1,VNM,2005,10.9863753213368
VNM.57_1,VNM,2005,1.61927244582034
XKO.1_1,XKO,2005,4.4779319041614
XKO.3_1,XKO,2005,3.43158090976881
XKO.5_1,XKO,2005,5.63959491660045
XKO.6_1,XKO,2005,2.8841463414634
YEM.2_1,YEM,2005,0.446145275110082
YEM.19_1,YEM,2005,1.04606462907581
ZAF.1_1,ZAF,2005,0.804532977757796
ZAF.3_1,ZAF,2005,16.9249487704918
ZAF.4_1,ZAF,2005,2.25720380905152
ZMB.2_1,ZMB,2005,0.308318157786371
ZMB.6_1,ZMB,2005,0.0144810290429567
ZMB.9_1,ZMB,2005,0.0457820244238751
ZWE.6_1,ZWE,2005,0.153171314741038
ZWE.9_1,ZWE,2005,0.0746337912837896
ZWE.10_1,ZWE,2005,0.175624481040685
AFG.14_1,AFG,2006,2.20911764705879
AFG.15_1,AFG,2006,0.10353887839724
AFG.26_1,AFG,2006,0
AGO.2_1,AGO,2006,0.0749292573178334
AGO.11_1,AGO,2006,11.094575799722
ALB.1_1,ALB,2006,3.01879194630871
ALB.8_1,ALB,2006,0.467146282973624
ALB.10_1,ALB,2006,0.428983833718252
ALB.11_1,ALB,2006,5.50553797468355
ARE.1_1,ARE,2006,3.24153357491231
ARG.1_1,ARG,2006,1.74255060785079
ARG.6_1,ARG,2006,1.0116108152143
ARG.12_1,ARG,2006,0.27535423500229
ARG.14_1,ARG,2006,1.22144839434385
ARG.19_1,ARG,2006,0.451027838970122
ARG.20_1,ARG,2006,0.115776963723927
AUS.5_1,AUS,2006,0.436685971227103
AUS.7_1,AUS,2006,0.174707369859474
AUS.8_1,AUS,2006,0.102482757363686
AUT.3_1,AUT,2006,7.79724553082782
AUT.4_1,AUT,2006,7.69039127513304
AUT.6_1,AUT,2006,6.1991079393396
AUT.9_1,AUT,2006,52.3173076923077
AZE.1_1,AZE,2006,2.26940261459535
AZE.4_1,AZE,2006,1.98689443239325
AZE.7_1,AZE,2006,1.15366371239548
AZE.10_1,AZE,2006,0.80815831987077
BDI.2_1,BDI,2006,11.8995433789954
BDI.3_1,BDI,2006,0.493188854489155
BDI.4_1,BDI,2006,0.0234327449786969
BDI.7_1,BDI,2006,0
BDI.14_1,BDI,2006,0
BEL.1_1,BEL,2006,59.7629757785467
BEL.2_1,BEL,2006,33.0771075729741
BEL.3_1,BEL,2006,15.5282459334083
BEN.2_1,BEN,2006,0.0204263631730899
BEN.3_1,BEN,2006,1.74586466165409
BEN.4_1,BEN,2006,0.0720306685199231
BFA.1_1,BFA,2006,0.0201369615059728
BFA.7_1,BFA,2006,4.70436681222717
BFA.10_1,BFA,2006,0.0471798984228806
BGD.3_1,BGD,2006,2.94328928224976
BGD.4_1,BGD,2006,0.990904759842542
BGR.8_1,BGR,2006,1.45287899235267
BGR.14_1,BGR,2006,3.76323281315886
BGR.19_1,BGR,2006,2.68362068965523
BGR.22_1,BGR,2006,3.1774118014362
BGR.26_1,BGR,2006,1.11212841854933
BIH.2_1,BIH,2006,1.90104585679799
BIH.3_1,BIH,2006,1.72854984894294
BLR.1_1,BLR,2006,1.39678370920144
BLR.5_1,BLR,2006,1.81274523741846
BLR.6_1,BLR,2006,0.992265765938471
BOL.2_1,BOL,2006,0.473568582294104
BOL.3_1,BOL,2006,0.0275935502243024
BOL.5_1,BOL,2006,0.173379885079457
BOL.8_1,BOL,2006,0.0652686869628314
BRA.10_1,BRA,2006,0.3814378570847
BRA.13_1,BRA,2006,1.07229340250378
BRA.17_1,BRA,2006,2.41598787240053
BRA.19_1,BRA,2006,8.08225108225256
BRA.25_1,BRA,2006,5.27652497335561
BRN.2_1,BRN,2006,40.5935430463576
BTN.7_1,BTN,2006,0.0637410643367754
BTN.8_1,BTN,2006,0.431354916067144
BTN.10_1,BTN,2006,0.203703703703706
BTN.14_1,BTN,2006,0.378478664192957
BWA.1_1,BWA,2006,0.0971134574457621
BWA.15_1,BWA,2006,0.0550945698596673
CAF.15_1,CAF,2006,0.000158820913537875
CAF.14_1,CAF,2006,0.00083546841929388
CAF.17_1,CAF,2006,0
CAN.2_1,CAN,2006,0.470288474497979
CAN.9_1,CAN,2006,0.941711293891129
CAN.11_1,CAN,2006,0.73533775781495
CHE.1_1,CHE,2006,24.6838028169015
CHE.2_1,CHE,2006,14.7147971360382
CHE.5_1,CHE,2006,43.0625
CHE.6_1,CHE,2006,8.83504273504296
CHE.7_1,CHE,2006,10.4403706688155
CHE.10_1,CHE,2006,3.22330807645957
CHE.12_1,CHE,2006,12.476201923077
CHE.13_1,CHE,2006,11.8084388185654
CHE.16_1,CHE,2006,12.748488705059
CHE.21_1,CHE,2006,5.66861000306849
CHE.23_1,CHE,2006,5.95095775030557
CHE.24_1,CHE,2006,11.8160432839332
CHE.25_1,CHE,2006,21.9794685990338
CHE.26_1,CHE,2006,30.5014964459411
CHL.11_1,CHL,2006,0.0479071514174595
CHL.14_1,CHL,2006,5.47787075778729
CHL.16_1,CHL,2006,2.26421662414984
CHN.2_1,CHN,2006,16.0251110488621
CHN.15_1,CHN,2006,11.2174456102126
CHN.26_1,CHN,2006,0.830883932226556
CHN.31_1,CHN,2006,7.38833283837631
CIV.5_1,CIV,2006,0.674759152215821
CIV.6_1,CIV,2006,0.814899833055118
CIV.8_1,CIV,2006,0.0880539321706357
CIV.13_1,CIV,2006,3.81993369249894
CMR.10_1,CMR,2006,0.028281284123165
COD.18_1,COD,2006,0.00633063868515721
COD.22_1,COD,2006,0.023447921186699
COD.24_1,COD,2006,0.00581232723443892
COG.4_1,COG,2006,0.00191111444202913
COG.8_1,COG,2006,0.0288673866784428
COL.2_1,COL,2006,1.36033674310453
COL.13_1,COL,2006,1.61083417575875
COL.14_1,COL,2006,4.41780284636344
COL.22_1,COL,2006,0.839559105681537
COL.25_1,COL,2006,4.55748605748621
CRI.4_1,CRI,2006,4.94539614561037
CRI.7_1,CRI,2006,6.08634129808496
CUB.7_1,CUB,2006,1.58558255691091
CUB.16_1,CUB,2006,1.48059192328978
CZE.2_1,CZE,2006,10.1404478458051
CZE.5_1,CZE,2006,11.8524247491639
CZE.7_1,CZE,2006,11.9319296375265
CZE.8_1,CZE,2006,10.5415230335316
CZE.10_1,CZE,2006,5.60182552745784
CZE.11_1,CZE,2006,50.2952218430034
CZE.12_1,CZE,2006,10.0981588287483
CZE.14_1,CZE,2006,11.6510369702435
DEU.3_1,DEU,2006,50.9386016451233
DEU.6_1,DEU,2006,44.7406380027739
DEU.9_1,DEU,2006,8.13119942312362
DEU.10_1,DEU,2006,18.9275502034274
DEU.11_1,DEU,2006,10.86715924067
DNK.1_1,DNK,2006,18.8298979191206
DNK.2_1,DNK,2006,7.51383414483352
DNK.3_1,DNK,2006,6.13912772153654
DNK.5_1,DNK,2006,7.80908993461286
DOM.26_1,DOM,2006,0.699833933019634
DOM.30_1,DOM,2006,2.14948263118988
DZA.6_1,DZA,2006,2.78464179712512
DZA.19_1,DZA,2006,2.95796130952379
DZA.26_1,DZA,2006,1.67516616553247
DZA.31_1,DZA,2006,0.162536443148686
DZA.39_1,DZA,2006,4.67625042531475
DZA.48_1,DZA,2006,2.59803767660901
ECU.1_1,ECU,2006,2.72897356676962
ECU.10_1,ECU,2006,5.11075139286274
ECU.12_1,ECU,2006,0.638653505913032
ECU.17_1,ECU,2006,2.641158561672
ECU.19_1,ECU,2006,2.63868494044703
EGY.9_1,EGY,2006,37.9348637551323
EGY.11_1,EGY,2006,23.7911213754173
EGY.16_1,EGY,2006,27.664868701207
ERI.1_1,ERI,2006,1.3544776119403
ESP.1_1,ESP,2006,6.53867059958436
ESP.5_1,ESP,2006,3.61270070600887
ESP.8_1,ESP,2006,28.1132344552202
ESP.12_1,ESP,2006,6.60831529053769
EST.1_1,EST,2006,6.0347359193515
EST.8_1,EST,2006,1.43044532627871
EST.13_1,EST,2006,3.45699008059517
EST.14_1,EST,2006,1.80707559175365
EST.15_1,EST,2006,1.25701556057986
ETH.5_1,ETH,2006,1.58512330946697
ETH.8_1,ETH,2006,0.0615070813022989
ETH.9_1,ETH,2006,0.00466637183154447
ETH.10_1,ETH,2006,0.0583762121913979
ETH.11_1,ETH,2006,0.13028051016185
FIN.4_1,FIN,2006,7.41335680212384
FIN.5_1,FIN,2006,5.55552217220329
FJI.2_1,FJI,2006,0.078475336322871
FJI.3_1,FJI,2006,0.623669032830508
FJI.5_1,FJI,2006,0.438653637350714
FRA.7_1,FRA,2006,15.0201117918949
FRA.8_1,FRA,2006,24.3997389033949
FRA.9_1,FRA,2006,7.84589398321662
FRA.10_1,FRA,2006,5.77889278848717
FRA.11_1,FRA,2006,6.72295598942422
GAB.2_1,GAB,2006,0.108968985750209
GAB.3_1,GAB,2006,0.0218586875466061
GAB.4_1,GAB,2006,0.117450437989845
GBR.1_1,GBR,2006,16.8760573213623
GBR.3_1,GBR,2006,3.81125930520928
GBR.4_1,GBR,2006,8.71136369454579
GEO.3_1,GEO,2006,0.308045977011497
GEO.4_1,GEO,2006,0.860012297602018
GEO.11_1,GEO,2006,0.678813663830286
GHA.1_1,GHA,2006,0.631464625568964
GHA.5_1,GHA,2006,6.19241293532359
GHA.6_1,GHA,2006,0.0758817267557333
GHA.10_1,GHA,2006,0.464226385937837
GIN.1_1,GIN,2006,0.0410166804769884
GIN.2_1,GIN,2006,9.73947895791584
GIN.5_1,GIN,2006,0.0438262341760025
GIN.8_1,GIN,2006,0.00518296653210276
GMB.3_1,GMB,2006,0.00491320013101843
GMB.5_1,GMB,2006,0.0116731517509728
GMB.6_1,GMB,2006,1.26935146443513
GNB.1_1,GNB,2006,0
GNB.5_1,GNB,2006,0
GNB.8_1,GNB,2006,0
GNQ.7_1,GNQ,2006,0.00306643952299847
GRC.1_1,GRC,2006,5.0572993237283
GRC.3_1,GRC,2006,27.1978334221274
GRC.4_1,GRC,2006,4.97635191695944
GTM.7_1,GTM,2006,18.4452773613194
GTM.11_1,GTM,2006,2.66695035460992
GTM.22_1,GTM,2006,1.74143708116156
GUY.3_1,GUY,2006,2.04935483870971
GUY.4_1,GUY,2006,0.0249641981601222
GUY.5_1,GUY,2006,0.618748363445936
GUY.6_1,GUY,2006,0.273737591713432
HND.1_1,HND,2006,1.60309503051438
HND.3_1,HND,2006,0.580322828593411
HND.8_1,HND,2006,1.18525032242934
HND.13_1,HND,2006,0.395131493153644
HND.15_1,HND,2006,0.296650251109231
HND.18_1,HND,2006,0.891559403121045
HRV.4_1,HRV,2006,15.6193236714974
HRV.8_1,HRV,2006,9.4943618657099
HRV.13_1,HRV,2006,5.14141243890097
HRV.16_1,HRV,2006,6.56993839260733
HRV.18_1,HRV,2006,3.29836470225236
HTI.2_1,HTI,2006,0
HTI.4_1,HTI,2006,0.0711060948081266
HTI.5_1,HTI,2006,0.167259786476869
HTI.8_1,HTI,2006,0.193891797556721
HTI.10_1,HTI,2006,0.182815057283141
HUN.6_1,HUN,2006,3.23635754938064
HUN.7_1,HUN,2006,4.81112702960833
HUN.9_1,HUN,2006,3.89264102009949
HUN.15_1,HUN,2006,2.81131445364695
HUN.19_1,HUN,2006,5.02233646516577
IDN.10_1,IDN,2006,6.81997584064694
IDN.11_1,IDN,2006,6.61724723081976
IDN.26_1,IDN,2006,0.779793379876322
IDN.33_1,IDN,2006,8.50903225806452
IND.5_1,IND,2006,1.10698431241626
IND.11_1,IND,2006,3.7691660820771
IND.16_1,IND,2006,4.08447224394163
IND.19_1,IND,2006,1.35148699317733
IND.25_1,IND,2006,51.2086043021511
IND.32_1,IND,2006,4.86492926998978
IND.34_1,IND,2006,2.5709542363373
IND.36_1,IND,2006,4.40351549721939
IRN.13_1,IRN,2006,1.2513716556385
IRN.24_1,IRN,2006,1.70317725280792
IRN.25_1,IRN,2006,0.401326379499387
IRN.30_1,IRN,2006,0.615293088363501
IRQ.9_1,IRQ,2006,6.40028365699324
IRQ.14_1,IRQ,2006,1.55716560509556
IRQ.17_1,IRQ,2006,2.3200703348683
ISL.1_1,ISL,2006,0.37238008597779
ISL.3_1,ISL,2006,9.20290927021703
ITA.2_1,ITA,2006,20.5016366612114
ITA.6_1,ITA,2006,16.3600835783935
ITA.8_1,ITA,2006,12.7836331322703
ITA.10_1,ITA,2006,19.6836621402326
ITA.13_1,ITA,2006,11.8066245641726
ITA.16_1,ITA,2006,9.73178337412012
JOR.2_1,JOR,2006,4.69090813758343
JPN.1_1,JPN,2006,33.024529667149
JPN.2_1,JPN,2006,6.82068986494691
JPN.4_1,JPN,2006,30.5593745597978
JPN.7_1,JPN,2006,26.9321401938848
JPN.10_1,JPN,2006,15.4403111057514
JPN.11_1,JPN,2006,11.0351552017181
JPN.15_1,JPN,2006,11.8683028286188
JPN.19_1,JPN,2006,41.6181150550796
JPN.30_1,JPN,2006,6.45006142506165
JPN.31_1,JPN,2006,12.1902331632134
JPN.33_1,JPN,2006,45.2529288702928
JPN.37_1,JPN,2006,4.63204205233673
JPN.41_1,JPN,2006,46.7863349131116
JPN.46_1,JPN,2006,10.0636585365849
KAZ.1_1,KAZ,2006,0.200569892739726
KEN.1_1,KEN,2006,0.00423977835614101
KEN.30_1,KEN,2006,24.0921375921376
KEN.36_1,KEN,2006,1.11725028702643
KEN.44_1,KEN,2006,0.39328571428572
KGZ.3_1,KGZ,2006,1.35002772919204
KGZ.4_1,KGZ,2006,0.364670057708639
KGZ.7_1,KGZ,2006,0.785492695583141
KGZ.9_1,KGZ,2006,0.19928462329733
KHM.3_1,KHM,2006,0.120630652652167
KHM.16_1,KHM,2006,15.8337378640777
KHM.25_1,KHM,2006,0.037851037851037
KOR.4_1,KOR,2006,31.4027384324834
KOR.9_1,KOR,2006,12.060536145902
KOR.10_1,KOR,2006,15.958553994935
KOR.14_1,KOR,2006,12.3302433015093
KOR.16_1,KOR,2006,62.7534246575343
LAO.1_1,LAO,2006,0.0103125000000012
LAO.4_1,LAO,2006,0.12390065650936
LAO.12_1,LAO,2006,0.0722536492740995
LBN.3_1,LBN,2006,62.8833333333333
LBN.4_1,LBN,2006,12.8999264164827
LBN.5_1,LBN,2006,29.9377027903959
LBN.7_1,LBN,2006,16.25169857937
LBN.8_1,LBN,2006,21.0987791342952
LBR.2_1,LBR,2006,0.0547453703703712
LBR.6_1,LBR,2006,0.0204389574759966
LBR.11_1,LBR,2006,0.883012820512823
LBR.12_1,LBR,2006,0.0140910140910135
LBR.15_1,LBR,2006,0.00133986324154492
LKA.5_1,LKA,2006,25.7193094629156
LKA.7_1,LKA,2006,19.6385780118499
LKA.8_1,LKA,2006,3.61682892906819
LKA.11_1,LKA,2006,5.94489981785062
LKA.17_1,LKA,2006,6.64072059823247
LTU.2_1,LTU,2006,2.08872865275148
LTU.3_1,LTU,2006,1.10045525338441
LTU.5_1,LTU,2006,2.10394021739138
LTU.8_1,LTU,2006,1.86924575070816
LTU.10_1,LTU,2006,1.55023284481583
LUX.1_1,LUX,2006,9.72789968652035
LUX.2_1,LUX,2006,13.2733686067019
LUX.3_1,LUX,2006,19.22
LVA.2_1,LVA,2006,0.83095903348948
LVA.3_1,LVA,2006,1.30479233226839
LVA.4_1,LVA,2006,0.940212150433989
LVA.5_1,LVA,2006,0.889762557550042
MAR.10_1,MAR,2006,0.679873911219346
MAR.11_1,MAR,2006,2.30186227804265
MDG.1_1,MDG,2006,0.003449986470641
MDG.2_1,MDG,2006,0.00939449925053074
MDG.4_1,MDG,2006,0.00305974429038892
MDG.5_1,MDG,2006,0.0083287662132731
MEX.9_1,MEX,2006,37.5172947857514
MEX.15_1,MEX,2006,15.1573632538554
MEX.16_1,MEX,2006,2.39202836720782
MEX.27_1,MEX,2006,5.91757762089169
MLI.3_1,MLI,2006,0.0214867455155882
MLI.5_1,MLI,2006,0.00980601510520574
MLI.6_1,MLI,2006,0.00433210571681326
MLI.7_1,MLI,2006,0.0104506451143711
MLI.8_1,MLI,2006,0.0407293104848543
MLT.1_1,MLT,2006,61.8571428571429
MLT.5_1,MLT,2006,54.97
MMR.1_1,MMR,2006,0.0528720404905045
MMR.8_1,MMR,2006,0.338296146044621
MMR.15_1,MMR,2006,3.13241201992611
MNG.9_1,MNG,2006,0.00395824712890302
MNG.13_1,MNG,2006,0.00232322345258295
MNG.22_1,MNG,2006,0.00306147440607335
MOZ.1_1,MOZ,2006,0.00272714302959789
MOZ.2_1,MOZ,2006,0.0533123028392026
MOZ.7_1,MOZ,2006,0.0578949106641797
MRT.1_1,MRT,2006,0.00037162038672837
MRT.2_1,MRT,2006,0.00687236300571882
MRT.3_1,MRT,2006,0.00775437240313313
MRT.5_1,MRT,2006,0.0174996399251035
MWI.9_1,MWI,2006,0.0235490257372088
MWI.11_1,MWI,2006,0.102880365036365
MWI.12_1,MWI,2006,0.0886046511627874
MWI.27_1,MWI,2006,0.308788598574812
MWI.28_1,MWI,2006,0.353846153846144
MYS.1_1,MYS,2006,7.31508861491168
MYS.2_1,MYS,2006,6.48066890255284
MYS.8_1,MYS,2006,2.13339597478157
MYS.11_1,MYS,2006,33.0401606425703
NAM.7_1,NAM,2006,0.117564758554528
NAM.9_1,NAM,2006,0.0654443904808119
NAM.12_1,NAM,2006,0.0239380102393893
NER.2_1,NER,2006,0.0703912626020171
NER.3_1,NER,2006,0.039446763237579
NER.5_1,NER,2006,16.4316770186335
NER.6_1,NER,2006,0.0183578021688841
NER.7_1,NER,2006,0.0200241122314749
NER.8_1,NER,2006,0.00311004635435157
NGA.6_1,NGA,2006,9.79281793655221
NGA.20_1,NGA,2006,0.769582463465658
NGA.21_1,NGA,2006,0.236221463239265
NGA.25_1,NGA,2006,14.0070641762452
NGA.27_1,NGA,2006,0.149559507978761
NGA.28_1,NGA,2006,1.76312586006144
NIC.4_1,NIC,2006,2.76727272727274
NIC.6_1,NIC,2006,0.242696129319286
NIC.13_1,NIC,2006,2.59950041631979
NIC.14_1,NIC,2006,7.42885375494072
NIC.18_1,NIC,2006,0.981215213358058
NLD.12_1,NLD,2006,14.0739051094891
NLD.14_1,NLD,2006,34.9215098861589
NOR.1_1,NOR,2006,13.9345730653813
NOR.2_1,NOR,2006,10.6965228873239
NOR.4_1,NOR,2006,3.59523325688796
NOR.7_1,NOR,2006,2.37744959220681
NOR.8_1,NOR,2006,1.985659039639
NOR.19_1,NOR,2006,17.4533077853972
NPL.1_1,NPL,2006,0.505641915884211
NPL.2_1,NPL,2006,0.413488173875995
NPL.3_1,NPL,2006,0.060065409098869
NPL.5_1,NPL,2006,0.00630597696947399
NZL.2_1,NZL,2006,1.77743190661481
NZL.3_1,NZL,2006,0.300678693814454
NZL.14_1,NZL,2006,8.65267175572521
NZL.15_1,NZL,2006,1.15933394439355
NZL.17_1,NZL,2006,0.924256518675089
NZL.18_1,NZL,2006,2.04641831390438
OMN.9_1,OMN,2006,0.42370457718332
PAK.2_1,PAK,2006,0.332467529178128
PAK.5_1,PAK,2006,3.85325838723439
PAK.7_1,PAK,2006,6.04003976672016
PAK.8_1,PAK,2006,2.50832064635517
PAN.7_1,PAN,2006,1.23168880455407
PAN.9_1,PAN,2006,1.08356028719979
PAN.12_1,PAN,2006,0.682563714357786
PER.2_1,PER,2006,0.665137957678137
PER.3_1,PER,2006,0.160593759170488
PER.8_1,PER,2006,0.148010730211825
PER.15_1,PER,2006,23.561455108359
PER.25_1,PER,2006,0.93453623620636
PHL.36_1,PHL,2006,1.52338489535942
PHL.47_1,PHL,2006,58.205169628433
PHL.61_1,PHL,2006,2.09691912708598
PHL.71_1,PHL,2006,0.247284162378502
PNG.4_1,PNG,2006,0.0381422642049432
PNG.8_1,PNG,2006,0.281510161606387
PNG.9_1,PNG,2006,0.118987587276978
PNG.19_1,PNG,2006,1.30240688033646
PNG.21_1,PNG,2006,0.204390243902439
POL.1_1,POL,2006,9.58289153173764
POL.2_1,POL,2006,9.60051341605023
POL.4_1,POL,2006,7.18759215405915
POL.6_1,POL,2006,11.5383535489665
POL.7_1,POL,2006,9.00194578838494
POL.8_1,POL,2006,8.33886395843167
POL.11_1,POL,2006,7.16179677888348
POL.14_1,POL,2006,3.55915156561536
POL.16_1,POL,2006,4.09196927374305
PRK.11_1,PRK,2006,0.201290322580645
PRT.9_1,PRT,2006,12.1615497076027
PRT.12_1,PRT,2006,33.0817751184237
PRY.6_1,PRY,2006,0.506470512490273
PRY.12_1,PRY,2006,1.20869269178395
PRY.13_1,PRY,2006,1.09448304686286
ROU.1_1,ROU,2006,2.16721279876643
ROU.14_1,ROU,2006,2.78416840956623
ROU.15_1,ROU,2006,3.23024631411664
ROU.17_1,ROU,2006,4.75160207506868
ROU.35_1,ROU,2006,2.67035073869398
ROU.36_1,ROU,2006,3.25938975165905
ROU.39_1,ROU,2006,0.875220523375503
ROU.40_1,ROU,2006,2.49649532710279
RUS.14_1,RUS,2006,39.9811340865485
RUS.28_1,RUS,2006,0.0724321994027095
RUS.32_1,RUS,2006,0.543245310980263
RUS.38_1,RUS,2006,1.8611421984471
RUS.43_1,RUS,2006,61.1634662727721
RUS.51_1,RUS,2006,0.66604720709033
RUS.65_1,RUS,2006,1.78275904077434
RUS.69_1,RUS,2006,0.41348056387998
RWA.2_1,RWA,2006,0.0268161434977599
RWA.4_1,RWA,2006,0.0436538760292087
SDN.12_1,SDN,2006,0.124455741132146
SEN.3_1,SEN,2006,0.109681137149444
SEN.8_1,SEN,2006,0.0155577352732842
SLB.1_1,SLB,2006,0.00667556742323094
SLB.6_1,SLB,2006,0
SLB.7_1,SLB,2006,0.000928026397195325
SLB.10_1,SLB,2006,0.0107019771449306
SLE.1_1,SLE,2006,0.0369843008397244
SLE.2_1,SLE,2006,0.00460444336382738
SLE.3_1,SLE,2006,0.0147142194506021
SLE.4_1,SLE,2006,0.615436241610733
SLV.5_1,SLV,2006,9.38646408839784
SLV.10_1,SLV,2006,18.4990262901655
SLV.12_1,SLV,2006,3.92392947103273
SLV.14_1,SLV,2006,2.98417172593235
SOM.1_1,SOM,2006,0.0119365990476784
SOM.8_1,SOM,2006,0.00170011610549077
SRB.2_1,SRB,2006,2.3827256944445
SRB.23_1,SRB,2006,0.849686323713923
SSD.8_1,SSD,2006,0.00807305831496429
SUR.3_1,SUR,2006,0.0377255330781836
SUR.7_1,SUR,2006,37.5454545454546
SUR.10_1,SUR,2006,12.7003610108303
SVK.1_1,SVK,2006,3.72827978580999
SVK.2_1,SVK,2006,14.3769274700172
SVK.3_1,SVK,2006,5.24547545245469
SVK.4_1,SVK,2006,6.95253641386234
SVK.5_1,SVK,2006,4.19893212788267
SVK.7_1,SVK,2006,8.06203389830514
SVN.2_1,SVN,2006,3.63397317906923
SVN.3_1,SVN,2006,4.53697457187328
SVN.5_1,SVN,2006,3.03238143804181
SVN.7_1,SVN,2006,8.57565974171815
SVN.9_1,SVN,2006,8.24465558194775
SVN.10_1,SVN,2006,7.22635397771448
SWE.5_1,SWE,2006,7.02916666666659
SWE.13_1,SWE,2006,11.1219778262614
SWE.14_1,SWE,2006,6.59474677995836
SWE.15_1,SWE,2006,15.7551020408172
SWE.16_1,SWE,2006,5.07580199346671
SWE.21_1,SWE,2006,6.95050029243208
SWZ.3_1,SWZ,2006,2.41568737175896
SYR.2_1,SYR,2006,6.04016870857609
SYR.11_1,SYR,2006,13.5247905027931
SYR.13_1,SYR,2006,4.40737701468709
TCD.3_1,TCD,2006,0.000381935860131496
TCD.5_1,TCD,2006,0
TCD.22_1,TCD,2006,7.84309623430962
TGO.2_1,TGO,2006,0.00906858114490785
TGO.3_1,TGO,2006,0.459052071578247
THA.3_1,THA,2006,50.6240661686232
THA.10_1,THA,2006,1.92033954850443
THA.25_1,THA,2006,0.40969162995595
THA.31_1,THA,2006,2.98374966424919
THA.36_1,THA,2006,37.2703703703703
THA.70_1,THA,2006,2.58581587545646
TJK.2_1,TJK,2006,0.0103516669637994
TJK.3_1,TJK,2006,1.39308375634521
TJK.4_1,TJK,2006,0.965240940309087
TJK.5_1,TJK,2006,1.05899901032048
TLS.2_1,TLS,2006,0.0379562043795624
TLS.4_1,TLS,2006,0.152631578947371
TLS.7_1,TLS,2006,1.27683615819209
TLS.11_1,TLS,2006,0.00476190476190478
TLS.13_1,TLS,2006,0.0139534883720929
TUN.5_1,TUN,2006,3.08896531100489
TUN.12_1,TUN,2006,7.05669023304531
TUN.16_1,TUN,2006,10.2186884323106
TUN.20_1,TUN,2006,8.434255152622
TUN.23_1,TUN,2006,47.9544235924934
TUR.30_1,TUR,2006,0.42582844030501
TUR.39_1,TUR,2006,1.49781591263647
TUR.40_1,TUR,2006,19.8492052617162
TUR.70_1,TUR,2006,0.384459381156554
TZA.4_1,TZA,2006,0.0701727407862865
TZA.15_1,TZA,2006,0.0367682486147814
TZA.20_1,TZA,2006,0.058603491271813
TZA.29_1,TZA,2006,0.51818181818182
UGA.48_1,UGA,2006,0
UKR.2_1,UKR,2006,0.835548552918581
UKR.5_1,UKR,2006,3.53470743942433
UKR.6_1,UKR,2006,5.73962062341737
UKR.9_1,UKR,2006,1.01086498384302
UKR.17_1,UKR,2006,1.86181744317074
UKR.19_1,UKR,2006,0.93484068456943
UKR.21_1,UKR,2006,1.48660244765296
USA.4_1,USA,2006,4.30733059793199
USA.7_1,USA,2006,21.0379293728926
USA.8_1,USA,2006,15.4333944648217
USA.10_1,USA,2006,12.664399995729
USA.12_1,USA,2006,1.80351081883733
USA.14_1,USA,2006,8.26920986873101
USA.22_1,USA,2006,24.5666270554985
USA.24_1,USA,2006,4.35940222384291
USA.33_1,USA,2006,8.91042008731069
USA.37_1,USA,2006,3.87620787546399
USA.39_1,USA,2006,12.2463499972123
UZB.4_1,UZB,2006,1.31360572872771
UZB.10_1,UZB,2006,3.15379840519506
VEN.5_1,VEN,2006,1.18728926247819
VEN.21_1,VEN,2006,4.15354564755828
VEN.24_1,VEN,2006,5.33697684452759
VNM.4_1,VNM,2006,0.172993277975488
VNM.27_1,VNM,2006,12.9092544987147
VNM.57_1,VNM,2006,1.90007739938059
XKO.1_1,XKO,2006,2.63366960907944
XKO.3_1,XKO,2006,2.6155853840418
XKO.5_1,XKO,2006,4.43367752184272
XKO.6_1,XKO,2006,1.82134146341462
YEM.2_1,YEM,2006,0.48408234732314
YEM.19_1,YEM,2006,1.04409511999404
ZAF.1_1,ZAF,2006,0.819759026011801
ZAF.3_1,ZAF,2006,17.7457619225041
ZAF.4_1,ZAF,2006,2.44104448606189
ZMB.2_1,ZMB,2006,0.360012923691657
ZMB.6_1,ZMB,2006,0.014009114688671
ZMB.9_1,ZMB,2006,0.0534821930407118
ZWE.6_1,ZWE,2006,0.143490039840569
ZWE.9_1,ZWE,2006,0.0683650259303099
ZWE.10_1,ZWE,2006,0.143379809023019
AFG.14_1,AFG,2007,2.14274509803923
AFG.15_1,AFG,2007,0.0978487560554688
AFG.26_1,AFG,2007,0
AGO.2_1,AGO,2007,0.0909101451964876
AGO.11_1,AGO,2007,12.2936369958273
ALB.1_1,ALB,2007,3.50335570469802
ALB.8_1,ALB,2007,0.628537170263796
ALB.10_1,ALB,2007,0.392176674364888
ALB.11_1,ALB,2007,5.18591772151899
ARE.1_1,ARE,2007,3.5292913702855
ARG.1_1,ARG,2007,1.71311207361804
ARG.6_1,ARG,2007,0.96509007513274
ARG.12_1,ARG,2007,0.285993772790255
ARG.14_1,ARG,2007,1.17826086956534
ARG.19_1,ARG,2007,0.461095067971041
ARG.20_1,ARG,2007,0.119721680576951
AUS.5_1,AUS,2007,0.444531638661307
AUS.7_1,AUS,2007,0.183326798965167
AUS.8_1,AUS,2007,0.106031395471842
AUT.3_1,AUT,2007,8.01345311929931
AUT.4_1,AUT,2007,7.48395100015528
AUT.6_1,AUT,2007,6.32194469223946
AUT.9_1,AUT,2007,52.8440934065934
AZE.1_1,AZE,2007,2.48072149594576
AZE.4_1,AZE,2007,2.15539889129903
AZE.7_1,AZE,2007,1.1870552989639
AZE.10_1,AZE,2007,1.00264763956205
BDI.2_1,BDI,2007,12.8858447488584
BDI.3_1,BDI,2007,0.413622291021665
BDI.4_1,BDI,2007,0.018563603164942
BDI.7_1,BDI,2007,0
BDI.14_1,BDI,2007,0
BEL.1_1,BEL,2007,59.6833910034602
BEL.2_1,BEL,2007,33.9956623800778
BEL.3_1,BEL,2007,15.0807739738101
BEN.2_1,BEN,2007,0.0274970273483989
BEN.3_1,BEN,2007,2.28135338345858
BEN.4_1,BEN,2007,0.0725687127292461
BFA.1_1,BFA,2007,0.0280258235790991
BFA.7_1,BFA,2007,4.71033478893755
BFA.10_1,BFA,2007,0.0542301523656791
BGD.3_1,BGD,2007,3.29713263821572
BGD.4_1,BGD,2007,0.989800337823381
BGR.8_1,BGR,2007,1.77811515969408
BGR.14_1,BGR,2007,3.97696119780673
BGR.19_1,BGR,2007,3.50049261083752
BGR.22_1,BGR,2007,3.75468310958482
BGR.26_1,BGR,2007,1.80606420927471
BIH.2_1,BIH,2007,2.1472244569591
BIH.3_1,BIH,2007,1.83407854984876
BLR.1_1,BLR,2007,1.2808830526217
BLR.5_1,BLR,2007,1.79667330110884
BLR.6_1,BLR,2007,1.40626159495387
BOL.2_1,BOL,2007,0.499522734503824
BOL.3_1,BOL,2007,0.0278494281953087
BOL.5_1,BOL,2007,0.184481905704188
BOL.8_1,BOL,2007,0.0691132282033149
BRA.10_1,BRA,2007,0.37884770638415
BRA.13_1,BRA,2007,1.16659226940539
BRA.17_1,BRA,2007,2.35030966839076
BRA.19_1,BRA,2007,8.62988878937452
BRA.25_1,BRA,2007,5.71033528875216
BRN.2_1,BRN,2007,41.8675496688742
BTN.7_1,BTN,2007,0.0708895949166013
BTN.8_1,BTN,2007,0.503896882493997
BTN.10_1,BTN,2007,0.30223619846261
BTN.14_1,BTN,2007,0.464053803339509
BWA.1_1,BWA,2007,0.107413682666205
BWA.15_1,BWA,2007,0.0788895668090252
CAF.15_1,CAF,2007,0
CAF.14_1,CAF,2007,0.000575544911069242
CAF.17_1,CAF,2007,0
CAN.2_1,CAN,2007,0.584904825337197
CAN.9_1,CAN,2007,1.20741015866996
CAN.11_1,CAN,2007,0.933976620563074
CHE.1_1,CHE,2007,27.5
CHE.2_1,CHE,2007,14.1479713603818
CHE.5_1,CHE,2007,48.2291666666667
CHE.6_1,CHE,2007,9.25954415954429
CHE.7_1,CHE,2007,11.3434730056406
CHE.10_1,CHE,2007,3.9992681246772
CHE.12_1,CHE,2007,13.7475961538463
CHE.13_1,CHE,2007,11.6907172995781
CHE.16_1,CHE,2007,13.0302258988225
CHE.21_1,CHE,2007,6.48803313899982
CHE.23_1,CHE,2007,6.01562287732626
CHE.24_1,CHE,2007,12.9000235238767
CHE.25_1,CHE,2007,22.8272946859903
CHE.26_1,CHE,2007,32.7702955480735
CHL.11_1,CHL,2007,0.0464657119662086
CHL.14_1,CHL,2007,5.6646211064619
CHL.16_1,CHL,2007,2.35780718537441
CHN.2_1,CHN,2007,16.3771459442127
CHN.15_1,CHN,2007,12.3142798746334
CHN.26_1,CHN,2007,0.927085828189083
CHN.31_1,CHN,2007,8.17287240447464
CIV.5_1,CIV,2007,0.745472061657058
CIV.6_1,CIV,2007,0.760468836950508
CIV.8_1,CIV,2007,0.10768027242188
CIV.13_1,CIV,2007,3.4598010774969
CMR.10_1,CMR,2007,0.0322902692415666
COD.18_1,COD,2007,0.00524653354033746
COD.22_1,COD,2007,0.0232631020683733
COD.24_1,COD,2007,0.00573005791759747
COG.4_1,COG,2007,0.000687001923605393
COG.8_1,COG,2007,0.0474163889669373
COL.2_1,COL,2007,1.47169033687886
COL.13_1,COL,2007,1.48260536131314
COL.14_1,COL,2007,4.51322326397976
COL.22_1,COL,2007,0.935549551666142
COL.25_1,COL,2007,4.73927498927487
CRI.4_1,CRI,2007,4.85670949321884
CRI.7_1,CRI,2007,6.18268090154219
CUB.7_1,CUB,2007,1.54989914513493
CUB.16_1,CUB,2007,1.64784252258892
CZE.2_1,CZE,2007,9.01681783824639
CZE.5_1,CZE,2007,9.69453734671127
CZE.7_1,CZE,2007,10.3669509594886
CZE.8_1,CZE,2007,8.39094327796936
CZE.10_1,CZE,2007,5.18270237917094
CZE.11_1,CZE,2007,50.4215017064847
CZE.12_1,CZE,2007,9.27814440993766
CZE.14_1,CZE,2007,9.84535617673575
DEU.3_1,DEU,2007,51.029964747356
DEU.6_1,DEU,2007,47.761095700416
DEU.9_1,DEU,2007,8.93193082056204
DEU.10_1,DEU,2007,19.2373980817295
DEU.11_1,DEU,2007,10.7614894989207
DNK.1_1,DNK,2007,18.0116804083236
DNK.2_1,DNK,2007,7.22465028209309
DNK.3_1,DNK,2007,5.66519900152552
DNK.5_1,DNK,2007,7.82187265516101
DOM.26_1,DOM,2007,0.815527262662602
DOM.30_1,DOM,2007,2.07686622320774
DZA.6_1,DZA,2007,3.04533550602327
DZA.19_1,DZA,2007,3.40860615079362
DZA.26_1,DZA,2007,1.84133169805368
DZA.31_1,DZA,2007,0.193012798339708
DZA.39_1,DZA,2007,5.24991493705349
DZA.48_1,DZA,2007,3.09038461538445
ECU.1_1,ECU,2007,2.65027463096471
ECU.10_1,ECU,2007,5.27025297394993
ECU.12_1,ECU,2007,0.550889282056063
ECU.17_1,ECU,2007,3.19493129268526
ECU.19_1,ECU,2007,2.98376570402998
EGY.9_1,EGY,2007,40.3792459873088
EGY.11_1,EGY,2007,23.7555812163206
EGY.16_1,EGY,2007,29.6041163946058
ERI.1_1,ERI,2007,1.61044776119402
ESP.1_1,ESP,2007,7.21975641882016
ESP.5_1,ESP,2007,4.141920372963
ESP.8_1,ESP,2007,28.6056963572655
ESP.12_1,ESP,2007,7.28543214933572
EST.1_1,EST,2007,6.12420556651314
EST.8_1,EST,2007,1.31112213403882
EST.13_1,EST,2007,4.0420799752015
EST.14_1,EST,2007,1.78556884703486
EST.15_1,EST,2007,1.19636919803166
ETH.5_1,ETH,2007,1.68297533810659
ETH.8_1,ETH,2007,0.065572608027192
ETH.9_1,ETH,2007,0.00515103232687032
ETH.10_1,ETH,2007,0.0595548727453628
ETH.11_1,ETH,2007,0.13159139742553
FIN.4_1,FIN,2007,7.20046682482542
FIN.5_1,FIN,2007,5.61994581712246
FJI.2_1,FJI,2007,0.0753363228699539
FJI.3_1,FJI,2007,0.441326530612225
FJI.5_1,FJI,2007,0.418349619978282
FRA.7_1,FRA,2007,15.9118133935305
FRA.8_1,FRA,2007,25.7771659150227
FRA.9_1,FRA,2007,9.52496325446988
FRA.10_1,FRA,2007,5.98240330858389
FRA.11_1,FRA,2007,7.09610907573062
GAB.2_1,GAB,2007,0.120921424358146
GAB.3_1,GAB,2007,0.0241424310216246
GAB.4_1,GAB,2007,0.175413657087221
GBR.1_1,GBR,2007,18.1965722648424
GBR.3_1,GBR,2007,4.19401663007924
GBR.4_1,GBR,2007,9.49139851009821
GEO.3_1,GEO,2007,0.534022988505751
GEO.4_1,GEO,2007,1.10908997745436
GEO.11_1,GEO,2007,1.02947342458999
GHA.1_1,GHA,2007,0.554716590815142
GHA.5_1,GHA,2007,6.35310945273598
GHA.6_1,GHA,2007,0.0708532929937879
GHA.10_1,GHA,2007,0.412748696156064
GIN.1_1,GIN,2007,0.0369096083870708
GIN.2_1,GIN,2007,10.5130260521042
GIN.5_1,GIN,2007,0.0406902920466365
GIN.8_1,GIN,2007,0.00601640838650969
GMB.3_1,GMB,2007,0.0579757615460214
GMB.5_1,GMB,2007,0.0440985732814528
GMB.6_1,GMB,2007,2.01333682008371
GNB.1_1,GNB,2007,0
GNB.5_1,GNB,2007,0.00235540434441248
GNB.8_1,GNB,2007,0
GNQ.7_1,GNQ,2007,0.0143100511073251
GRC.1_1,GRC,2007,5.14661129079689
GRC.3_1,GRC,2007,26.9990232640738
GRC.4_1,GRC,2007,5.05361627322944
GTM.7_1,GTM,2007,19.3335832083958
GTM.11_1,GTM,2007,2.75829787234041
GTM.22_1,GTM,2007,1.8633655994043
GUY.3_1,GUY,2007,2.29419354838713
GUY.4_1,GUY,2007,0.0249641981601222
GUY.5_1,GUY,2007,0.638125163655403
GUY.6_1,GUY,2007,0.250755287009076
HND.1_1,HND,2007,1.70945945945951
HND.3_1,HND,2007,0.659547600746667
HND.8_1,HND,2007,1.17364286551764
HND.13_1,HND,2007,0.361225820473814
HND.15_1,HND,2007,0.330074601394481
HND.18_1,HND,2007,1.17319740289327
HRV.4_1,HRV,2007,16.0632850241546
HRV.8_1,HRV,2007,10.2073295745771
HRV.13_1,HRV,2007,5.37552671498396
HRV.16_1,HRV,2007,7.56811817418073
HRV.18_1,HRV,2007,3.95618636223386
HTI.2_1,HTI,2007,0
HTI.4_1,HTI,2007,0.146726862302483
HTI.5_1,HTI,2007,0.159074733096086
HTI.8_1,HTI,2007,0.29668411867365
HTI.10_1,HTI,2007,0.152209492635021
HUN.6_1,HUN,2007,3.43906930030129
HUN.7_1,HUN,2007,5.0601719197708
HUN.9_1,HUN,2007,3.89123622217427
HUN.15_1,HUN,2007,3.33956719209198
HUN.19_1,HUN,2007,5.36341074277613
IDN.10_1,IDN,2007,6.54925549748549
IDN.11_1,IDN,2007,6.56113638906562
IDN.26_1,IDN,2007,0.74851809337405
IDN.33_1,IDN,2007,7.83241935483868
IND.5_1,IND,2007,1.21256258344445
IND.11_1,IND,2007,4.3069056717234
IND.16_1,IND,2007,4.63945939908381
IND.19_1,IND,2007,1.7418870697705
IND.25_1,IND,2007,50.231615807904
IND.32_1,IND,2007,5.66034401413799
IND.34_1,IND,2007,3.08197908916206
IND.36_1,IND,2007,4.85320064605741
IRN.13_1,IRN,2007,1.35485448711865
IRN.24_1,IRN,2007,1.87300575785225
IRN.25_1,IRN,2007,0.445678535402484
IRN.30_1,IRN,2007,0.645042869641604
IRQ.9_1,IRQ,2007,5.76745581496838
IRQ.14_1,IRQ,2007,1.53805732484074
IRQ.17_1,IRQ,2007,1.84860886343844
ISL.1_1,ISL,2007,0.577683237901622
ISL.3_1,ISL,2007,10.5036982248521
ITA.2_1,ITA,2007,21.4084525632228
ITA.6_1,ITA,2007,17.3444977557653
ITA.8_1,ITA,2007,13.4532529082299
ITA.10_1,ITA,2007,21.629288012069
ITA.13_1,ITA,2007,12.8767186369318
ITA.16_1,ITA,2007,10.9518828451871
JOR.2_1,JOR,2007,5.02034395973141
JPN.1_1,JPN,2007,34.2239507959481
JPN.2_1,JPN,2007,7.54228008273509
JPN.4_1,JPN,2007,31.5840259191429
JPN.7_1,JPN,2007,28.0972408650257
JPN.10_1,JPN,2007,16.1436753888819
JPN.11_1,JPN,2007,11.3430539404244
JPN.15_1,JPN,2007,11.6247088186357
JPN.19_1,JPN,2007,42.8892288861689
JPN.30_1,JPN,2007,7.10245700245681
JPN.31_1,JPN,2007,12.6611127789463
JPN.33_1,JPN,2007,46.4416317991629
JPN.37_1,JPN,2007,4.82070620500483
JPN.41_1,JPN,2007,47.3734202211691
JPN.46_1,JPN,2007,10.6564024390243
KAZ.1_1,KAZ,2007,0.248293225161581
KEN.1_1,KEN,2007,0
KEN.30_1,KEN,2007,24.4797297297297
KEN.36_1,KEN,2007,0.930252583237648
KEN.44_1,KEN,2007,0.389714285714297
KGZ.3_1,KGZ,2007,1.60874109466282
KGZ.4_1,KGZ,2007,0.439029675417832
KGZ.7_1,KGZ,2007,0.864219640137448
KGZ.9_1,KGZ,2007,0.284132352482892
KHM.3_1,KHM,2007,0.127963823026152
KHM.16_1,KHM,2007,17.8385922330097
KHM.25_1,KHM,2007,0.0494505494505492
KOR.4_1,KOR,2007,32.1992445703496
KOR.9_1,KOR,2007,12.6754925657366
KOR.10_1,KOR,2007,16.6298257732755
KOR.14_1,KOR,2007,12.6718817369883
KOR.16_1,KOR,2007,62.7347447073475
LAO.1_1,LAO,2007,0.0112946428571438
LAO.4_1,LAO,2007,0.128917378917375
LAO.12_1,LAO,2007,0.0892638158155202
LBN.3_1,LBN,2007,62.25
LBN.4_1,LBN,2007,11.2792494481236
LBN.5_1,LBN,2007,28.4243997404283
LBN.7_1,LBN,2007,14.9502779493515
LBN.8_1,LBN,2007,21.4839067702553
LBR.2_1,LBR,2007,0.0578703703703665
LBR.6_1,LBR,2007,0.0246227709190662
LBR.11_1,LBR,2007,0.946314102564094
LBR.12_1,LBR,2007,0.0154192654192642
LBR.15_1,LBR,2007,0
LKA.5_1,LKA,2007,26.5255754475703
LKA.7_1,LKA,2007,20.8242264647796
LKA.8_1,LKA,2007,3.6107440890126
LKA.11_1,LKA,2007,6.55510018214938
LKA.17_1,LKA,2007,6.75866757307957
LTU.2_1,LTU,2007,2.39005692599618
LTU.3_1,LTU,2007,1.5551096202228
LTU.5_1,LTU,2007,1.92687020460346
LTU.8_1,LTU,2007,1.90766643059493
LTU.10_1,LTU,2007,1.72921517600329
LUX.1_1,LUX,2007,9.86489028213165
LUX.2_1,LUX,2007,12.8377425044092
LUX.3_1,LUX,2007,18.306
LVA.2_1,LVA,2007,0.815867144150075
LVA.3_1,LVA,2007,1.10047923322683
LVA.4_1,LVA,2007,0.844405157327107
LVA.5_1,LVA,2007,0.89224561585014
MAR.10_1,MAR,2007,0.739340439706204
MAR.11_1,MAR,2007,2.45463404071009
MDG.1_1,MDG,2007,0.00372057364481006
MDG.2_1,MDG,2007,0.0112768850001755
MDG.4_1,MDG,2007,0.00209492966299078
MDG.5_1,MDG,2007,0.0064105757892811
MEX.9_1,MEX,2007,36.7612287041821
MEX.15_1,MEX,2007,15.6893583450223
MEX.16_1,MEX,2007,2.6703850834362
MEX.27_1,MEX,2007,5.72029909663756
MLI.3_1,MLI,2007,0.0278021913634591
MLI.5_1,MLI,2007,0.0121156266858522
MLI.6_1,MLI,2007,0.00667166668532539
MLI.7_1,MLI,2007,0.0144813114209106
MLI.8_1,MLI,2007,0.0479980508405871
MLT.1_1,MLT,2007,62.2678571428572
MLT.5_1,MLT,2007,55.6
MMR.1_1,MMR,2007,0.0395393865280735
MMR.8_1,MMR,2007,0.437200811359072
MMR.15_1,MMR,2007,3.13683111039731
MNG.9_1,MNG,2007,0.00522691608047424
MNG.13_1,MNG,2007,0.00344092545726286
MNG.22_1,MNG,2007,0.00598359894262659
MOZ.1_1,MOZ,2007,0.0021290372142529
MOZ.2_1,MOZ,2007,0.060348129788221
MOZ.7_1,MOZ,2007,0.0608837808382144
MRT.1_1,MRT,2007,0.000487370998988612
MRT.2_1,MRT,2007,0.0077653819273685
MRT.3_1,MRT,2007,0.0107981447482868
MRT.5_1,MRT,2007,0.0199481492150349
MWI.9_1,MWI,2007,0.0406376992810266
MWI.11_1,MWI,2007,0.10551832311422
MWI.12_1,MWI,2007,0.0931395348837199
MWI.27_1,MWI,2007,0.260985748218525
MWI.28_1,MWI,2007,0.331656804733732
MYS.1_1,MYS,2007,7.53380851473644
MYS.2_1,MYS,2007,7.07886156139395
MYS.8_1,MYS,2007,2.35252485451018
MYS.11_1,MYS,2007,34.2242302543508
NAM.7_1,NAM,2007,0.130676367125046
NAM.9_1,NAM,2007,0.069961146187481
NAM.12_1,NAM,2007,0.0255048470197521
NER.2_1,NER,2007,0.0677508401344292
NER.3_1,NER,2007,0.0463622227678251
NER.5_1,NER,2007,16.5455486542443
NER.6_1,NER,2007,0.0279092937660254
NER.7_1,NER,2007,0.0234107847435344
NER.8_1,NER,2007,0.00322234491879591
NGA.6_1,NGA,2007,7.05335380035361
NGA.20_1,NGA,2007,0.794592901878985
NGA.21_1,NGA,2007,0.26138774042782
NGA.25_1,NGA,2007,13.9461206896551
NGA.27_1,NGA,2007,0.145154587766044
NGA.28_1,NGA,2007,1.87347835291632
NIC.4_1,NIC,2007,3.08454545454544
NIC.6_1,NIC,2007,0.269983686786292
NIC.13_1,NIC,2007,2.91309325562041
NIC.14_1,NIC,2007,8.20948616600791
NIC.18_1,NIC,2007,1.03223562152133
NLD.12_1,NLD,2007,15.9028284671533
NLD.14_1,NLD,2007,37.9554623527057
NOR.1_1,NOR,2007,13.7256979176138
NOR.2_1,NOR,2007,9.93827024647879
NOR.4_1,NOR,2007,4.51590849711215
NOR.7_1,NOR,2007,3.08448969188929
NOR.8_1,NOR,2007,3.76358899989254
NOR.19_1,NOR,2007,17.6621621621621
NPL.1_1,NPL,2007,0.436439674899457
NPL.2_1,NPL,2007,0.382697634775268
NPL.3_1,NPL,2007,0.0718624072884359
NPL.5_1,NPL,2007,0.00539206726375333
NZL.2_1,NZL,2007,1.80302637267632
NZL.3_1,NZL,2007,0.338446871208137
NZL.14_1,NZL,2007,8.47404580152673
NZL.15_1,NZL,2007,1.41995111518484
NZL.17_1,NZL,2007,0.965510923185133
NZL.18_1,NZL,2007,2.1774793039365
OMN.9_1,OMN,2007,0.452910042152642
PAK.2_1,PAK,2007,0.345060737154015
PAK.5_1,PAK,2007,3.90456896170805
PAK.7_1,PAK,2007,6.34001946328838
PAK.8_1,PAK,2007,2.93201790747949
PAN.7_1,PAN,2007,1.02220113851994
PAN.9_1,PAN,2007,1.11190888833863
PAN.12_1,PAN,2007,0.693224829674476
PER.2_1,PER,2007,0.643578176017653
PER.3_1,PER,2007,0.152694903648663
PER.8_1,PER,2007,0.156522900408778
PER.15_1,PER,2007,23.0018575851395
PER.25_1,PER,2007,0.928124067998773
PHL.36_1,PHL,2007,2.00445859872608
PHL.47_1,PHL,2007,57.7641357027464
PHL.61_1,PHL,2007,2.48026315789473
PHL.71_1,PHL,2007,0.246998284734135
PNG.4_1,PNG,2007,0.0415414340918914
PNG.8_1,PNG,2007,0.165799461312458
PNG.9_1,PNG,2007,0.0727792862684222
PNG.19_1,PNG,2007,1.00491894567511
PNG.21_1,PNG,2007,0.232560975609754
POL.1_1,POL,2007,7.97670153317101
POL.2_1,POL,2007,7.69560234704483
POL.4_1,POL,2007,6.19889638532696
POL.6_1,POL,2007,10.3675876010781
POL.7_1,POL,2007,7.21176788773042
POL.8_1,POL,2007,6.75085616438321
POL.11_1,POL,2007,5.85995693993875
POL.14_1,POL,2007,3.50775686394814
POL.16_1,POL,2007,3.75796089385486
PRK.11_1,PRK,2007,0.257849462365594
PRT.9_1,PRT,2007,12.9235705003239
PRT.12_1,PRT,2007,34.4348042882073
PRY.6_1,PRY,2007,0.465651558073649
PRY.12_1,PRY,2007,1.26736268724465
PRY.13_1,PRY,2007,1.04082858784795
ROU.1_1,ROU,2007,2.94535466461074
ROU.14_1,ROU,2007,3.96112576157132
ROU.15_1,ROU,2007,3.52441070009714
ROU.17_1,ROU,2007,4.98230088495576
ROU.35_1,ROU,2007,3.01020638321871
ROU.36_1,ROU,2007,3.55213108024907
ROU.39_1,ROU,2007,1.0036753895914
ROU.40_1,ROU,2007,2.39459430756165
RUS.14_1,RUS,2007,41.6285440204648
RUS.28_1,RUS,2007,0.063383563311221
RUS.32_1,RUS,2007,0.600218451975768
RUS.38_1,RUS,2007,2.17084014146045
RUS.43_1,RUS,2007,61.0246184145741
RUS.51_1,RUS,2007,0.898832283100751
RUS.65_1,RUS,2007,1.58886618999109
RUS.69_1,RUS,2007,0.526937124544502
RWA.2_1,RWA,2007,0.0282511210762325
RWA.4_1,RWA,2007,0.0415566257573381
SDN.12_1,SDN,2007,0.143763300972174
SEN.3_1,SEN,2007,0.127929312331923
SEN.8_1,SEN,2007,0.0328047517846426
SLB.1_1,SLB,2007,0.00200267022696928
SLB.6_1,SLB,2007,0
SLB.7_1,SLB,2007,0.0040214477211797
SLB.10_1,SLB,2007,0.0141483765644835
SLE.1_1,SLE,2007,0.0439576487769255
SLE.2_1,SLE,2007,0.00454365863294979
SLE.3_1,SLE,2007,0.0234757511725002
SLE.4_1,SLE,2007,0.620805369127519
SLV.5_1,SLV,2007,9.80469613259666
SLV.10_1,SLV,2007,19.4298928919181
SLV.12_1,SLV,2007,4.32040302267004
SLV.14_1,SLV,2007,3.28664353859499
SOM.1_1,SOM,2007,0.0149044419803039
SOM.8_1,SOM,2007,0.00172776026980623
SRB.2_1,SRB,2007,2.50225694444437
SRB.23_1,SRB,2007,0.866122961104139
SSD.8_1,SSD,2007,0.0106638802210056
SUR.3_1,SUR,2007,0.0418261344997256
SUR.7_1,SUR,2007,35.9204545454546
SUR.10_1,SUR,2007,12.5523465703971
SVK.1_1,SVK,2007,3.3089692101741
SVK.2_1,SVK,2007,14.8131067961163
SVK.3_1,SVK,2007,4.37666233376656
SVK.4_1,SVK,2007,6.94418633852327
SVK.5_1,SVK,2007,3.45889019916154
SVK.7_1,SVK,2007,8.2699152542373
SVN.2_1,SVN,2007,3.687483565606
SVN.3_1,SVN,2007,4.64997405293198
SVN.5_1,SVN,2007,3.00917899031107
SVN.7_1,SVN,2007,8.10696238068487
SVN.9_1,SVN,2007,8.26508313539193
SVN.10_1,SVN,2007,7.65211194610007
SWE.5_1,SWE,2007,5.09447791164677
SWE.13_1,SWE,2007,9.35836413019333
SWE.14_1,SWE,2007,7.02198395036727
SWE.15_1,SWE,2007,15.3564094387751
SWE.16_1,SWE,2007,5.1004271714548
SWE.21_1,SWE,2007,5.67255741902776
SWZ.3_1,SWZ,2007,2.67515388919984
SYR.2_1,SYR,2007,6.36670014059017
SYR.11_1,SYR,2007,13.4065991620111
SYR.13_1,SYR,2007,4.32893574043738
TCD.3_1,TCD,2007,0.000524567509143021
TCD.5_1,TCD,2007,0
TCD.22_1,TCD,2007,9.48430962343096
TGO.2_1,TGO,2007,0.0111467976572835
TGO.3_1,TGO,2007,0.616637111075268
THA.3_1,THA,2007,51.1406083244397
THA.10_1,THA,2007,1.97431145049512
THA.25_1,THA,2007,0.529047356828199
THA.31_1,THA,2007,3.31475512579454
THA.36_1,THA,2007,39.3244444444444
THA.70_1,THA,2007,2.98318277916586
TJK.2_1,TJK,2007,0.00957724193261336
TJK.3_1,TJK,2007,1.61254037840324
TJK.4_1,TJK,2007,1.29722485900994
TJK.5_1,TJK,2007,1.19872755549256
TLS.2_1,TLS,2007,0.0131386861313868
TLS.4_1,TLS,2007,0.262500000000006
TLS.7_1,TLS,2007,1.59180790960451
TLS.11_1,TLS,2007,0.00784313725490199
TLS.13_1,TLS,2007,0.0244186046511625
TUN.5_1,TUN,2007,2.90811901913865
TUN.12_1,TUN,2007,7.02618486514789
TUN.16_1,TUN,2007,10.8461863214184
TUN.20_1,TUN,2007,8.8018523349857
TUN.23_1,TUN,2007,49.5884718498659
TUR.30_1,TUR,2007,0.773604643315086
TUR.39_1,TUR,2007,2.39812792511706
TUR.40_1,TUR,2007,22.0205535763214
TUR.70_1,TUR,2007,0.581005910302445
TZA.4_1,TZA,2007,0.10062022656209
TZA.15_1,TZA,2007,0.0441158756926022
TZA.20_1,TZA,2007,0.0573917319377769
TZA.29_1,TZA,2007,0.168595041322315
UGA.48_1,UGA,2007,0
UKR.2_1,UKR,2007,0.914416238293378
UKR.5_1,UKR,2007,3.38561353497577
UKR.6_1,UKR,2007,4.84871867632921
UKR.9_1,UKR,2007,0.905973399522236
UKR.17_1,UKR,2007,1.68522519527993
UKR.19_1,UKR,2007,0.823625991373262
UKR.21_1,UKR,2007,1.68594033846465
USA.4_1,USA,2007,4.03927772965237
USA.7_1,USA,2007,21.8584015970261
USA.8_1,USA,2007,15.4242247415806
USA.10_1,USA,2007,12.9747076929589
USA.12_1,USA,2007,1.95383432329213
USA.14_1,USA,2007,9.82515021803117
USA.22_1,USA,2007,25.3966630267212
USA.24_1,USA,2007,5.39862171465007
USA.33_1,USA,2007,10.8599242480846
USA.37_1,USA,2007,3.80286185570334
USA.39_1,USA,2007,13.7176901976055
UZB.4_1,UZB,2007,1.67837335018208
UZB.10_1,UZB,2007,3.77020961657829
VEN.5_1,VEN,2007,1.22169587310578
VEN.21_1,VEN,2007,4.1426326963906
VEN.24_1,VEN,2007,5.18517186825832
VNM.4_1,VNM,2007,0.191676551996829
VNM.27_1,VNM,2007,12.9766066838046
VNM.57_1,VNM,2007,2.02008513931897
XKO.1_1,XKO,2007,2.93253467843632
XKO.3_1,XKO,2007,2.82979120059655
XKO.5_1,XKO,2007,4.66600476568702
XKO.6_1,XKO,2007,2.00243902439025
YEM.2_1,YEM,2007,0.59821191701603
YEM.19_1,YEM,2007,1.35575169596605
ZAF.1_1,ZAF,2007,0.888029983603439
ZAF.3_1,ZAF,2007,17.4617641579731
ZAF.4_1,ZAF,2007,2.37914296314445
ZMB.2_1,ZMB,2007,0.376358456206161
ZMB.6_1,ZMB,2007,0.01305180271284
ZMB.9_1,ZMB,2007,0.0560318839098791
ZWE.6_1,ZWE,2007,0.101713147410284
ZWE.9_1,ZWE,2007,0.0691110908925422
ZWE.10_1,ZWE,2007,0.116540963188454
AFG.14_1,AFG,2008,2.70784313725498
AFG.15_1,AFG,2008,0.0863781919698126
AFG.26_1,AFG,2008,0
AGO.2_1,AGO,2008,0.138562879806989
AGO.11_1,AGO,2008,16.787204450626
ALB.1_1,ALB,2008,4.37852348993293
ALB.8_1,ALB,2008,0.994724220623499
ALB.10_1,ALB,2008,0.390300230946886
ALB.11_1,ALB,2008,6.80063291139239
ARE.1_1,ARE,2008,3.74493356596369
ARG.1_1,ARG,2008,1.89706003420813
ARG.6_1,ARG,2008,1.15732267219286
ARG.12_1,ARG,2008,0.334329575917146
ARG.14_1,ARG,2008,1.40507466631427
ARG.19_1,ARG,2008,0.489013936606316
ARG.20_1,ARG,2008,0.139086283372403
AUS.5_1,AUS,2008,0.478608368168113
AUS.7_1,AUS,2008,0.200045877680986
AUS.8_1,AUS,2008,0.117370503906188
AUT.3_1,AUT,2008,8.51565730268782
AUT.4_1,AUT,2008,8.58226081563023
AUT.6_1,AUT,2008,6.8526315789478
AUT.9_1,AUT,2008,53.3956043956044
AZE.1_1,AZE,2008,2.45507198411378
AZE.4_1,AZE,2008,2.45709809592666
AZE.7_1,AZE,2008,1.31581575333915
AZE.10_1,AZE,2008,1.19484832166575
BDI.2_1,BDI,2008,12.8173515981735
BDI.3_1,BDI,2008,0.518266253869964
BDI.4_1,BDI,2008,0.0246500304321364
BDI.7_1,BDI,2008,0
BDI.14_1,BDI,2008,0
BEL.1_1,BEL,2008,61.3391003460208
BEL.2_1,BEL,2008,39.0943049601962
BEL.3_1,BEL,2008,18.0772799342309
BEN.2_1,BEN,2008,0.028452522507217
BEN.3_1,BEN,2008,2.64300751879699
BEN.4_1,BEN,2008,0.104649598708728
BFA.1_1,BFA,2008,0.0336068541088438
BFA.7_1,BFA,2008,4.91441048034942
BFA.10_1,BFA,2008,0.0612135792568792
BGD.3_1,BGD,2008,4.16661614936893
BGD.4_1,BGD,2008,1.3937372774915
BGR.8_1,BGR,2008,2.15114709851549
BGR.14_1,BGR,2008,5.27024462252217
BGR.19_1,BGR,2008,3.8596059113301
BGR.22_1,BGR,2008,4.45363721511075
BGR.26_1,BGR,2008,2.12247324613556
BIH.2_1,BIH,2008,2.6977742021989
BIH.3_1,BIH,2008,2.23425981873082
BLR.1_1,BLR,2008,1.43532210486268
BLR.5_1,BLR,2008,1.73781632072786
BLR.6_1,BLR,2008,1.31767294873237
BOL.2_1,BOL,2008,0.546279601824276
BOL.3_1,BOL,2008,0.0310933005369312
BOL.5_1,BOL,2008,0.212717378895607
BOL.8_1,BOL,2008,0.0918543709674243
BRA.10_1,BRA,2008,0.485253477683366
BRA.13_1,BRA,2008,1.27506761397283
BRA.17_1,BRA,2008,2.77562214409811
BRA.19_1,BRA,2008,8.72036871175008
BRA.25_1,BRA,2008,6.03580735016252
BRN.2_1,BRN,2008,45.0645695364239
BTN.7_1,BTN,2008,0.108419380460681
BTN.8_1,BTN,2008,0.585131894484416
BTN.10_1,BTN,2008,0.360587002096438
BTN.14_1,BTN,2008,0.586734693877544
BWA.1_1,BWA,2008,0.121467584078951
BWA.15_1,BWA,2008,0.0863941427699887
CAF.15_1,CAF,2008,0
CAF.14_1,CAF,2008,0
CAF.17_1,CAF,2008,0
CAN.2_1,CAN,2008,0.664722674152418
CAN.9_1,CAN,2008,1.27285836894828
CAN.11_1,CAN,2008,0.93889295186261
CHE.1_1,CHE,2008,30.4647887323943
CHE.2_1,CHE,2008,17.5250596658711
CHE.5_1,CHE,2008,52.2083333333333
CHE.6_1,CHE,2008,11.7284330484334
CHE.7_1,CHE,2008,14.7244157937147
CHE.10_1,CHE,2008,5.09944894093348
CHE.12_1,CHE,2008,15.9129807692308
CHE.13_1,CHE,2008,14.6481012658228
CHE.16_1,CHE,2008,15.0454979319122
CHE.21_1,CHE,2008,7.65357471617059
CHE.23_1,CHE,2008,7.60141285151496
CHE.24_1,CHE,2008,14.715361091508
CHE.25_1,CHE,2008,27.9975845410628
CHE.26_1,CHE,2008,36.1788252899363
CHL.11_1,CHL,2008,0.0504779945765964
CHL.14_1,CHL,2008,5.82236169223637
CHL.16_1,CHL,2008,2.57020620748311
CHN.2_1,CHN,2008,17.3624394733706
CHN.15_1,CHN,2008,13.9700610134545
CHN.26_1,CHN,2008,0.99077978568139
CHN.31_1,CHN,2008,9.30920867812876
CIV.5_1,CIV,2008,0.767244701348729
CIV.6_1,CIV,2008,0.960907067334461
CIV.8_1,CIV,2008,0.119690764345873
CIV.13_1,CIV,2008,4.41276419394944
CMR.10_1,CMR,2008,0.0482638130596157
COD.18_1,COD,2008,0.0118582365222955
COD.22_1,COD,2008,0.0270318049595718
COD.24_1,COD,2008,0.00672963011715305
COG.4_1,COG,2008,0.00679507357166065
COG.8_1,COG,2008,0.0472156421889595
COL.2_1,COL,2008,1.87059984054609
COL.13_1,COL,2008,1.8193258270299
COL.14_1,COL,2008,5.49598446079708
COL.22_1,COL,2008,1.03907748933007
COL.25_1,COL,2008,5.1535821535824
CRI.4_1,CRI,2008,5.49428979300498
CRI.7_1,CRI,2008,6.99034062023388
CUB.7_1,CUB,2008,2.03188934780522
CUB.16_1,CUB,2008,1.7288401253919
CZE.2_1,CZE,2008,9.65570672713539
CZE.5_1,CZE,2008,12.1955128205128
CZE.7_1,CZE,2008,12.4281449893392
CZE.8_1,CZE,2008,10.356471325603
CZE.10_1,CZE,2008,6.28550052371681
CZE.11_1,CZE,2008,52.7963594994311
CZE.12_1,CZE,2008,10.4022848269743
CZE.14_1,CZE,2008,12.0622182146078
DEU.3_1,DEU,2008,51.5170387779083
DEU.6_1,DEU,2008,46.2205270457697
DEU.9_1,DEU,2008,9.7871622008319
DEU.10_1,DEU,2008,21.8460155879786
DEU.11_1,DEU,2008,12.1646524409056
DNK.1_1,DNK,2008,18.1486062033766
DNK.2_1,DNK,2008,7.23038874719845
DNK.3_1,DNK,2008,5.77777007349888
DNK.5_1,DNK,2008,7.65837710365551
DOM.26_1,DOM,2008,1.08939939108774
DOM.30_1,DOM,2008,2.94974131559493
DZA.6_1,DZA,2008,3.26229412791731
DZA.19_1,DZA,2008,3.65500992063498
DZA.26_1,DZA,2008,2.13586010444711
DZA.31_1,DZA,2008,0.205465236942224
DZA.39_1,DZA,2008,5.40762164001366
DZA.48_1,DZA,2008,3.67919937205636
ECU.1_1,ECU,2008,3.14675592173025
ECU.10_1,ECU,2008,5.67572654720698
ECU.12_1,ECU,2008,0.542881087624543
ECU.17_1,ECU,2008,3.94939521105917
ECU.19_1,ECU,2008,3.00016315875351
EGY.9_1,EGY,2008,43.1198208286672
EGY.11_1,EGY,2008,25.4364896073905
EGY.16_1,EGY,2008,33.6475514549333
ERI.1_1,ERI,2008,1.39402985074626
ESP.1_1,ESP,2008,7.79614685367201
ESP.5_1,ESP,2008,4.25786439870172
ESP.8_1,ESP,2008,29.9793007904821
ESP.12_1,ESP,2008,7.97179472175107
EST.1_1,EST,2008,6.65680473372785
EST.8_1,EST,2008,1.52590388007059
EST.13_1,EST,2008,4.70365778053313
EST.14_1,EST,2008,2.27742428098753
EST.15_1,EST,2008,1.41282085383693
ETH.5_1,ETH,2008,1.78042959427209
ETH.8_1,ETH,2008,0.0780041656353793
ETH.9_1,ETH,2008,0.00541002277903822
ETH.10_1,ETH,2008,0.0625015241300862
ETH.11_1,ETH,2008,0.14711506239035
FIN.4_1,FIN,2008,7.35282263207532
FIN.5_1,FIN,2008,6.78725072820986
FJI.2_1,FJI,2008,0.0627802690582963
FJI.3_1,FJI,2008,1.10425909494232
FJI.5_1,FJI,2008,0.593919652551584
FRA.7_1,FRA,2008,17.5422336880569
FRA.8_1,FRA,2008,26.7017802041272
FRA.9_1,FRA,2008,10.1504907306428
FRA.10_1,FRA,2008,6.52953210701763
FRA.11_1,FRA,2008,7.40608449659338
GAB.2_1,GAB,2008,0.125888671571818
GAB.3_1,GAB,2008,0.0257270693512284
GAB.4_1,GAB,2008,0.27378208083597
GBR.1_1,GBR,2008,18.050934918236
GBR.3_1,GBR,2008,4.31446840999911
GBR.4_1,GBR,2008,9.3071192688707
GEO.3_1,GEO,2008,0.828045977011504
GEO.4_1,GEO,2008,1.16202090592336
GEO.11_1,GEO,2008,1.12701936120363
GHA.1_1,GHA,2008,0.837987863742783
GHA.5_1,GHA,2008,7.73855721393018
GHA.6_1,GHA,2008,0.124548281368164
GHA.10_1,GHA,2008,0.528105080162236
GIN.1_1,GIN,2008,0.0309471484670553
GIN.2_1,GIN,2008,12.9679358717435
GIN.5_1,GIN,2008,0.0350532917772936
GIN.8_1,GIN,2008,0.0104440682380481
GMB.3_1,GMB,2008,0.0586308548968235
GMB.5_1,GMB,2008,0.0201037613488968
GMB.6_1,GMB,2008,2.0962343096234
GNB.1_1,GNB,2008,0.00319030148349011
GNB.5_1,GNB,2008,0.00811305940853185
GNB.8_1,GNB,2008,0
GNQ.7_1,GNQ,2008,0.0541737649063017
GRC.1_1,GRC,2008,5.28234342840337
GRC.3_1,GRC,2008,27.5293908719589
GRC.4_1,GRC,2008,5.30001674200565
GTM.7_1,GTM,2008,20.9119190404796
GTM.11_1,GTM,2008,2.93787234042552
GTM.22_1,GTM,2008,1.83991064780342
GUY.3_1,GUY,2008,2.69354838709675
GUY.4_1,GUY,2008,0.0263355906696865
GUY.5_1,GUY,2008,0.700968840010465
GUY.6_1,GUY,2008,0.264566249460508
HND.1_1,HND,2008,1.97646033129908
HND.3_1,HND,2008,0.853299659602508
HND.8_1,HND,2008,1.27846171884162
HND.13_1,HND,2008,0.472505976961523
HND.15_1,HND,2008,0.428884879808923
HND.18_1,HND,2008,1.1714318259483
HRV.4_1,HRV,2008,17.9352657004832
HRV.8_1,HRV,2008,11.2455151204511
HRV.13_1,HRV,2008,5.85808191471437
HRV.16_1,HRV,2008,8.36544385326249
HRV.18_1,HRV,2008,5.12712125887064
HTI.2_1,HTI,2008,0
HTI.4_1,HTI,2008,0.135440180586907
HTI.5_1,HTI,2008,0.209964412811388
HTI.8_1,HTI,2008,0.371378708551475
HTI.10_1,HTI,2008,0.159410801963997
HUN.6_1,HUN,2008,4.62520924004018
HUN.7_1,HUN,2008,6.35466411970704
HUN.9_1,HUN,2008,4.11422087745835
HUN.15_1,HUN,2008,3.95044082286925
HUN.19_1,HUN,2008,6.01028186491759
IDN.10_1,IDN,2008,7.05453111133008
IDN.11_1,IDN,2008,7.21332935516218
IDN.26_1,IDN,2008,0.862121525752379
IDN.33_1,IDN,2008,8.46999999999991
IND.5_1,IND,2008,1.48483811749005
IND.11_1,IND,2008,4.68133869555455
IND.16_1,IND,2008,5.2221869764324
IND.19_1,IND,2008,2.0117867465727
IND.25_1,IND,2008,52.5507753876939
IND.32_1,IND,2008,6.63020479316774
IND.34_1,IND,2008,3.35934134784592
IND.36_1,IND,2008,5.55690832515615
IRN.13_1,IRN,2008,1.3930021650856
IRN.24_1,IRN,2008,2.22031546951087
IRN.25_1,IRN,2008,0.492391560963698
IRN.30_1,IRN,2008,0.691380577427486
IRQ.9_1,IRQ,2008,6.16692123063497
IRQ.14_1,IRQ,2008,1.54777070063692
IRQ.17_1,IRQ,2008,1.83287688285842
ISL.1_1,ISL,2008,0.407734432136504
ISL.3_1,ISL,2008,11.3269230769232
ITA.2_1,ITA,2008,22.6059870123017
ITA.6_1,ITA,2008,18.0337718619406
ITA.8_1,ITA,2008,14.417923308919
ITA.10_1,ITA,2008,23.1633785976582
ITA.13_1,ITA,2008,14.8780343398456
ITA.16_1,ITA,2008,11.3104128838698
JOR.2_1,JOR,2008,5.57434983221429
JPN.1_1,JPN,2008,35.3577424023157
JPN.2_1,JPN,2008,8.3068499817497
JPN.4_1,JPN,2008,32.9907029159047
JPN.7_1,JPN,2008,28.8885906040269
JPN.10_1,JPN,2008,16.9549017243457
JPN.11_1,JPN,2008,11.8565166830662
JPN.15_1,JPN,2008,11.7871880199665
JPN.19_1,JPN,2008,43.9794981640147
JPN.30_1,JPN,2008,7.41597051597031
JPN.31_1,JPN,2008,13.2325627939548
JPN.33_1,JPN,2008,47.3071129707112
JPN.37_1,JPN,2008,5.18477888241312
JPN.41_1,JPN,2008,47.5695102685626
JPN.46_1,JPN,2008,11.0653658536589
KAZ.1_1,KAZ,2008,0.275774443033906
KEN.1_1,KEN,2008,0.00562505247250532
KEN.30_1,KEN,2008,27.3955773955774
KEN.36_1,KEN,2008,1.1013203214696
KEN.44_1,KEN,2008,0.501142857142853
KGZ.3_1,KGZ,2008,1.86544942621892
KGZ.4_1,KGZ,2008,0.482470746561496
KGZ.7_1,KGZ,2008,0.932342489706284
KGZ.9_1,KGZ,2008,0.26200866556537
KHM.3_1,KHM,2008,0.158885358103154
KHM.16_1,KHM,2008,21.0194174757282
KHM.25_1,KHM,2008,0.042246642246641
KOR.4_1,KOR,2008,34.0264400377714
KOR.9_1,KOR,2008,13.6541053248374
KOR.10_1,KOR,2008,17.6214598203999
KOR.14_1,KOR,2008,13.3297813366182
KOR.16_1,KOR,2008,62.8455790784558
LAO.1_1,LAO,2008,0.0511607142857143
LAO.4_1,LAO,2008,0.163631859284013
LAO.12_1,LAO,2008,0.102654377151013
LBN.3_1,LBN,2008,62.1666666666667
LBN.4_1,LBN,2008,11.1015452538631
LBN.5_1,LBN,2008,27.9967553536665
LBN.7_1,LBN,2008,15.8109944410129
LBN.8_1,LBN,2008,21.0499445061043
LBR.2_1,LBR,2008,0.0556712962962907
LBR.6_1,LBR,2008,0.0285322359396397
LBR.11_1,LBR,2008,1.06570512820512
LBR.12_1,LBR,2008,0.0133980133980143
LBR.15_1,LBR,2008,0
LKA.5_1,LKA,2008,28.1483375959079
LKA.7_1,LKA,2008,21.0941408821592
LKA.8_1,LKA,2008,4.29798331015292
LKA.11_1,LKA,2008,7.03688524590163
LKA.17_1,LKA,2008,7.41604350781777
LTU.2_1,LTU,2008,2.4413662239089
LTU.3_1,LTU,2008,2.09093087336772
LTU.5_1,LTU,2008,2.20875959079299
LTU.8_1,LTU,2008,2.51611189801713
LTU.10_1,LTU,2008,2.15532118887824
LUX.1_1,LUX,2008,12.9905956112853
LUX.2_1,LUX,2008,15.5414462081129
LUX.3_1,LUX,2008,22.6200000000001
LVA.2_1,LVA,2008,1.03242690173542
LVA.3_1,LVA,2008,1.5598509052183
LVA.4_1,LVA,2008,1.24690167505983
LVA.5_1,LVA,2008,1.11897987688156
MAR.10_1,MAR,2008,0.797554716609424
MAR.11_1,MAR,2008,2.72664934314997
MDG.1_1,MDG,2008,0.00536664562099827
MDG.2_1,MDG,2008,0.0145362010666845
MDG.4_1,MDG,2008,0.00208480922983715
MDG.5_1,MDG,2008,0.0129872286715539
MEX.9_1,MEX,2008,37.9251419721215
MEX.15_1,MEX,2008,17.0404277699865
MEX.16_1,MEX,2008,3.04092822872731
MEX.27_1,MEX,2008,6.62939345631202
MLI.3_1,MLI,2008,0.0260485983811767
MLI.5_1,MLI,2008,0.0130821794641169
MLI.6_1,MLI,2008,0.00753361020004237
MLI.7_1,MLI,2008,0.0135671396812834
MLI.8_1,MLI,2008,0.0553073986843056
MLT.1_1,MLT,2008,62.2857142857143
MLT.5_1,MLT,2008,58.7
MMR.1_1,MMR,2008,0.0392336696219313
MMR.8_1,MMR,2008,0.649898580121876
MMR.15_1,MMR,2008,3.9140286035676
MNG.9_1,MNG,2008,0.00670637925785121
MNG.13_1,MNG,2008,0.0047582171056298
MNG.22_1,MNG,2008,0.00525306780848699
MOZ.1_1,MOZ,2008,0.0046092558246709
MOZ.2_1,MOZ,2008,0.0725777377198077
MOZ.7_1,MOZ,2008,0.074914407124832
MRT.1_1,MRT,2008,0.000178702699629135
MRT.2_1,MRT,2008,0.00851603551368065
MRT.3_1,MRT,2008,0.0108706155184065
MRT.5_1,MRT,2008,0.020596284027077
MWI.9_1,MWI,2008,0.0990934667083484
MWI.11_1,MWI,2008,0.20547554541566
MWI.12_1,MWI,2008,0.130000000000003
MWI.27_1,MWI,2008,0.374703087885994
MWI.28_1,MWI,2008,0.420710059171598
MYS.1_1,MYS,2008,8.59410518204453
MYS.2_1,MYS,2008,7.95015837525644
MYS.8_1,MYS,2008,2.55204291949591
MYS.11_1,MYS,2008,35.144578313253
NAM.7_1,NAM,2008,0.150383754397158
NAM.9_1,NAM,2008,0.0659057795046028
NAM.12_1,NAM,2008,0.0287402632285789
NER.2_1,NER,2008,0.0852136341814768
NER.3_1,NER,2008,0.0402242409362441
NER.5_1,NER,2008,17.1739130434783
NER.6_1,NER,2008,0.0266700700716885
NER.7_1,NER,2008,0.0175361683472134
NER.8_1,NER,2008,0.00384934523698767
NGA.6_1,NGA,2008,8.87952367662096
NGA.20_1,NGA,2008,0.857954070981056
NGA.21_1,NGA,2008,0.27172388998739
NGA.25_1,NGA,2008,16.0569923371646
NGA.27_1,NGA,2008,0.1796875
NGA.28_1,NGA,2008,2.24970890229739
NIC.4_1,NIC,2008,3.88545454545454
NIC.6_1,NIC,2008,0.38958920361856
NIC.13_1,NIC,2008,3.52706078268096
NIC.14_1,NIC,2008,9.50197628458497
NIC.18_1,NIC,2008,1.44712430426716
NLD.12_1,NLD,2008,17.035888077859
NLD.14_1,NLD,2008,39.7962852007194
NOR.1_1,NOR,2008,16.1382195144132
NOR.2_1,NOR,2008,10.4397007042254
NOR.4_1,NOR,2008,4.84198914274168
NOR.7_1,NOR,2008,3.1349966017218
NOR.8_1,NOR,2008,3.34751315930799
NOR.19_1,NOR,2008,18.2942718838242
NPL.1_1,NPL,2008,0.444172650516792
NPL.2_1,NPL,2008,0.349101498685907
NPL.3_1,NPL,2008,0.0685627518542451
NPL.5_1,NPL,2008,0.00676293182233528
NZL.2_1,NZL,2008,1.85404236921744
NZL.3_1,NZL,2008,0.315665959971726
NZL.14_1,NZL,2008,9.33282442748091
NZL.15_1,NZL,2008,1.27665750076384
NZL.17_1,NZL,2008,1.0298520084567
NZL.18_1,NZL,2008,2.18144956918405
OMN.9_1,OMN,2008,0.553592485666568
PAK.2_1,PAK,2008,0.313571385151539
PAK.5_1,PAK,2008,3.57254202825886
PAK.7_1,PAK,2008,5.60511926515489
PAK.8_1,PAK,2008,2.93699974374971
PAN.7_1,PAN,2008,0.967362428842494
PAN.9_1,PAN,2008,1.12106957167611
PAN.12_1,PAN,2008,0.766464799394394
PER.2_1,PER,2008,0.780389322300044
PER.3_1,PER,2008,0.211483908832995
PER.8_1,PER,2008,0.220259661835707
PER.15_1,PER,2008,25.5136222910216
PER.25_1,PER,2008,1.02266626901277
PHL.36_1,PHL,2008,1.77142857142853
PHL.47_1,PHL,2008,59.1308562197092
PHL.61_1,PHL,2008,3.09964698331196
PHL.71_1,PHL,2008,0.31618067467124
PNG.4_1,PNG,2008,0.0616144267926061
PNG.8_1,PNG,2008,0.321467923604264
PNG.9_1,PNG,2008,0.173875096974423
PNG.19_1,PNG,2008,1.26815988120279
PNG.21_1,PNG,2008,0.251707317073172
POL.1_1,POL,2008,9.3724888952575
POL.2_1,POL,2008,8.00812908746439
POL.4_1,POL,2008,7.01382869398179
POL.6_1,POL,2008,12.6699985025459
POL.7_1,POL,2008,7.68230309222698
POL.8_1,POL,2008,7.98269957487025
POL.11_1,POL,2008,6.4283357566264
POL.14_1,POL,2008,3.88419484190457
POL.16_1,POL,2008,4.37625698324024
PRK.11_1,PRK,2008,0.127741935483873
PRT.9_1,PRT,2008,13.2050032488633
PRT.12_1,PRT,2008,36.4323111443534
PRY.6_1,PRY,2008,0.640355395312842
PRY.12_1,PRY,2008,1.50748978665456
PRY.13_1,PRY,2008,1.25489786322542
ROU.1_1,ROU,2008,3.64350424055515
ROU.14_1,ROU,2008,4.71273983813758
ROU.15_1,ROU,2008,4.33751213913669
ROU.17_1,ROU,2008,7.14098260604211
ROU.35_1,ROU,2008,3.37171534904704
ROU.36_1,ROU,2008,4.80091674078142
ROU.39_1,ROU,2008,1.229270802705
ROU.40_1,ROU,2008,3.01178844519977
RUS.14_1,RUS,2008,43.8522703048393
RUS.28_1,RUS,2008,0.0780704843209719
RUS.32_1,RUS,2008,0.634535621144523
RUS.38_1,RUS,2008,2.26679835262053
RUS.43_1,RUS,2008,61.8138847858198
RUS.51_1,RUS,2008,0.828010965144066
RUS.65_1,RUS,2008,2.2159290045063
RUS.69_1,RUS,2008,0.519223658089495
RWA.2_1,RWA,2008,0.0385650224215259
RWA.4_1,RWA,2008,0.0500233027807969
SDN.12_1,SDN,2008,0.165432135901222
SEN.3_1,SEN,2008,0.108336534767577
SEN.8_1,SEN,2008,0.0311154705465683
SLB.1_1,SLB,2008,0
SLB.6_1,SLB,2008,0
SLB.7_1,SLB,2008,0
SLB.10_1,SLB,2008,0.0195900598585169
SLE.1_1,SLE,2008,0.0533771449434129
SLE.2_1,SLE,2008,0.0100294805944748
SLE.3_1,SLE,2008,0.0195846003195374
SLE.4_1,SLE,2008,0.759731543624158
SLV.5_1,SLV,2008,11.1011049723757
SLV.10_1,SLV,2008,20.748782862707
SLV.12_1,SLV,2008,4.74911838790936
SLV.14_1,SLV,2008,3.48482220294882
SOM.1_1,SOM,2008,0.0142847824668994
SOM.8_1,SOM,2008,0.00281970476032493
SRB.2_1,SRB,2008,2.77829861111117
SRB.23_1,SRB,2008,0.964868255959861
SSD.8_1,SSD,2008,0.0220434571011409
SUR.3_1,SUR,2008,0.0541279387643516
SUR.7_1,SUR,2008,39.8920454545454
SUR.10_1,SUR,2008,16.2418772563177
SVK.1_1,SVK,2008,4.02697456492642
SVK.2_1,SVK,2008,15.2909765848085
SVK.3_1,SVK,2008,5.31946805319455
SVK.4_1,SVK,2008,7.45981918633844
SVK.5_1,SVK,2008,3.87984800838568
SVK.7_1,SVK,2008,8.70813559322029
SVN.2_1,SVN,2008,4.07704443860103
SVN.3_1,SVN,2008,4.98858329008826
SVN.5_1,SVN,2008,3.2422233554309
SVN.7_1,SVN,2008,9.02414373947221
SVN.9_1,SVN,2008,8.67458432304036
SVN.10_1,SVN,2008,8.1251619590568
SWE.5_1,SWE,2008,5.90903614457815
SWE.13_1,SWE,2008,9.99830802796185
SWE.14_1,SWE,2008,6.37945916784668
SWE.15_1,SWE,2008,15.2889030612238
SWE.16_1,SWE,2008,5.63380517631293
SWE.21_1,SWE,2008,6.24726933594814
SWZ.3_1,SWZ,2008,2.37791456817765
SYR.2_1,SYR,2008,6.1710785298256
SYR.11_1,SYR,2008,12.4640363128491
SYR.13_1,SYR,2008,4.16100660690916
TCD.3_1,TCD,2008,0.000722667021659766
TCD.5_1,TCD,2008,0
TCD.22_1,TCD,2008,10.5690376569038
TGO.2_1,TGO,2008,0.00491214812015859
TGO.3_1,TGO,2008,0.864581654038362
THA.3_1,THA,2008,53.3105656350053
THA.10_1,THA,2008,2.2576639359456
THA.25_1,THA,2008,0.8056167400881
THA.31_1,THA,2008,3.67750022383389
THA.36_1,THA,2008,40.877037037037
THA.70_1,THA,2008,3.32327503363447
TJK.2_1,TJK,2008,0.0127027990729076
TJK.3_1,TJK,2008,1.36279995385334
TJK.4_1,TJK,2008,1.10952593667991
TJK.5_1,TJK,2008,0.975173193836018
TLS.2_1,TLS,2008,0.0233576642335765
TLS.4_1,TLS,2008,0.313815789473688
TLS.7_1,TLS,2008,2.30508474576271
TLS.11_1,TLS,2008,0.0386554621848732
TLS.13_1,TLS,2008,0
TUN.5_1,TUN,2008,2.8522727272727
TUN.12_1,TUN,2008,7.41031683686825
TUN.16_1,TUN,2008,11.5004221784405
TUN.20_1,TUN,2008,9.26010957474559
TUN.23_1,TUN,2008,51.8150134048257
TUR.30_1,TUR,2008,1.23311061618408
TUR.39_1,TUR,2008,2.38400936037448
TUR.40_1,TUR,2008,22.2381474376554
TUR.70_1,TUR,2008,0.662880982732617
TZA.4_1,TZA,2008,0.114408734430242
TZA.15_1,TZA,2008,0.0458323295591529
TZA.20_1,TZA,2008,0.0965895121351626
TZA.29_1,TZA,2008,0.624793388429753
UGA.48_1,UGA,2008,0
UKR.2_1,UKR,2008,1.01906555876378
UKR.5_1,UKR,2008,3.94115469337126
UKR.6_1,UKR,2008,5.90170697633839
UKR.9_1,UKR,2008,1.02578092071363
UKR.17_1,UKR,2008,1.78486879766602
UKR.19_1,UKR,2008,1.06943091693309
UKR.21_1,UKR,2008,1.79089779137594
USA.4_1,USA,2008,4.51645131003691
USA.7_1,USA,2008,22.322296413577
USA.8_1,USA,2008,17.0460153384462
USA.10_1,USA,2008,13.9405767052164
USA.12_1,USA,2008,2.01808442935953
USA.14_1,USA,2008,11.0333842597351
USA.22_1,USA,2008,26.0227710688589
USA.24_1,USA,2008,6.02741259330977
USA.33_1,USA,2008,11.1017240092478
USA.37_1,USA,2008,4.25576153672165
USA.39_1,USA,2008,13.885304820014
UZB.4_1,UZB,2008,1.37952822240962
UZB.10_1,UZB,2008,3.60908179343933
VEN.5_1,VEN,2008,1.50676734577645
VEN.21_1,VEN,2008,4.48526539278146
VEN.24_1,VEN,2008,6.17416942327052
VNM.4_1,VNM,2008,0.206207987346781
VNM.27_1,VNM,2008,15.5161953727507
VNM.57_1,VNM,2008,2.1840557275543
XKO.1_1,XKO,2008,3.64060529634301
XKO.3_1,XKO,2008,2.9739000745712
XKO.5_1,XKO,2008,5.09451945988882
XKO.6_1,XKO,2008,1.59329268292683
YEM.2_1,YEM,2008,0.734599671035171
YEM.19_1,YEM,2008,1.61879057553444
ZAF.1_1,ZAF,2008,0.922782612872034
ZAF.3_1,ZAF,2008,18.5502049180326
ZAF.4_1,ZAF,2008,2.18835906858286
ZMB.2_1,ZMB,2008,0.503906479468803
ZMB.6_1,ZMB,2008,0.0137798991451587
ZMB.9_1,ZMB,2008,0.0590056716570193
ZWE.6_1,ZWE,2008,0.112653386454244
ZWE.9_1,ZWE,2008,0.0702574833954956
ZWE.10_1,ZWE,2008,0.126920149460278
AFG.14_1,AFG,2009,3.36352941176467
AFG.15_1,AFG,2009,0.0944905164627534
AFG.26_1,AFG,2009,0
AGO.2_1,AGO,2009,0.182655285985929
AGO.11_1,AGO,2009,18.9384561891514
ALB.1_1,ALB,2009,3.51342281879197
ALB.8_1,ALB,2009,0.818225419664275
ALB.10_1,ALB,2009,0.306004618937639
ALB.11_1,ALB,2009,5.4493670886076
ARE.1_1,ARE,2009,3.05500380262092
ARG.1_1,ARG,2009,1.88555492540079
ARG.6_1,ARG,2009,1.19427362120274
ARG.12_1,ARG,2009,0.308629847316693
ARG.14_1,ARG,2009,1.40105722214888
ARG.19_1,ARG,2009,0.535435048110523
ARG.20_1,ARG,2009,0.13638304410876
AUS.5_1,AUS,2009,0.470840631826047
AUS.7_1,AUS,2009,0.205171931633767
AUS.8_1,AUS,2009,0.115071738764305
AUT.3_1,AUT,2009,9.17779399246008
AUT.4_1,AUT,2009,9.16090349925037
AUT.6_1,AUT,2009,7.20209634255036
AUT.9_1,AUT,2009,53.6579670329671
AZE.1_1,AZE,2009,2.20023167301013
AZE.4_1,AZE,2009,1.842190889371
AZE.7_1,AZE,2009,1.29896392460367
AZE.10_1,AZE,2009,0.902351462933053
BDI.2_1,BDI,2009,13.6666666666667
BDI.3_1,BDI,2009,0.425386996904026
BDI.4_1,BDI,2009,0.0152160681679858
BDI.7_1,BDI,2009,0
BDI.14_1,BDI,2009,0
BEL.1_1,BEL,2009,60.7750865051903
BEL.2_1,BEL,2009,36.3189426413552
BEL.3_1,BEL,2009,16.5111867989892
BEN.2_1,BEN,2009,0.0151605231866792
BEN.3_1,BEN,2009,2.92270676691739
BEN.4_1,BEN,2009,0.103663184325022
BFA.1_1,BFA,2009,0.0253408953783048
BFA.7_1,BFA,2009,4.98020378457069
BFA.10_1,BFA,2009,0.0730419673883977
BGD.3_1,BGD,2009,3.54125242482992
BGD.4_1,BGD,2009,0.938498852267358
BGR.8_1,BGR,2009,2.07827260458837
BGR.14_1,BGR,2009,4.49662589624653
BGR.19_1,BGR,2009,3.22438423645317
BGR.22_1,BGR,2009,3.77630346550102
BGR.26_1,BGR,2009,1.3952437574316
BIH.2_1,BIH,2009,1.97237865379466
BIH.3_1,BIH,2009,1.94271903323235
BLR.1_1,BLR,2009,1.27856123322864
BLR.5_1,BLR,2009,1.85470571509855
BLR.6_1,BLR,2009,1.3758876137103
BOL.2_1,BOL,2009,0.540264541446203
BOL.3_1,BOL,2009,0.0297272423370708
BOL.5_1,BOL,2009,0.224989535370355
BOL.8_1,BOL,2009,0.0703920244112371
BRA.10_1,BRA,2009,0.462110312992689
BRA.13_1,BRA,2009,1.28702046592286
BRA.17_1,BRA,2009,2.65716210729973
BRA.19_1,BRA,2009,8.68741603224188
BRA.25_1,BRA,2009,6.03849017367142
BRN.2_1,BRN,2009,44.7615894039735
BTN.7_1,BTN,2009,0.0528196981731539
BTN.8_1,BTN,2009,0.414268585131896
BTN.10_1,BTN,2009,0.215234102026553
BTN.14_1,BTN,2009,0.435992578849717
BWA.1_1,BWA,2009,0.114297718178198
BWA.15_1,BWA,2009,0.0943868212324678
CAF.15_1,CAF,2009,0
CAF.14_1,CAF,2009,0
CAF.17_1,CAF,2009,0
CAN.2_1,CAN,2009,0.484736436117253
CAN.9_1,CAN,2009,1.24306968098412
CAN.11_1,CAN,2009,0.894507202137378
CHE.1_1,CHE,2009,28.6549295774648
CHE.2_1,CHE,2009,18.0262529832936
CHE.5_1,CHE,2009,42.0833333333333
CHE.6_1,CHE,2009,12.0239316239319
CHE.7_1,CHE,2009,16.3122481869461
CHE.10_1,CHE,2009,4.0495953159979
CHE.12_1,CHE,2009,14.9317307692307
CHE.13_1,CHE,2009,15.260759493671
CHE.16_1,CHE,2009,14.1244034362077
CHE.21_1,CHE,2009,6.36452899662492
CHE.23_1,CHE,2009,6.88520581442726
CHE.24_1,CHE,2009,16.2519407198307
CHE.25_1,CHE,2009,24.9927536231884
CHE.26_1,CHE,2009,33.7560793116348
CHL.11_1,CHL,2009,0.0469655214310652
CHL.14_1,CHL,2009,6.17112970711253
CHL.16_1,CHL,2009,2.70349702380979
CHN.2_1,CHN,2009,17.40109648245
CHN.15_1,CHN,2009,12.6527531755717
CHN.26_1,CHN,2009,0.988478981404561
CHN.31_1,CHN,2009,7.25722174510109
CIV.5_1,CIV,2009,0.948651252408427
CIV.6_1,CIV,2009,1.03422370617693
CIV.8_1,CIV,2009,0.0962680042335764
CIV.13_1,CIV,2009,4.72855366763369
CMR.10_1,CMR,2009,0.052725173930678
COD.18_1,COD,2009,0.00907436158252902
COD.22_1,COD,2009,0.0294424891117585
COD.24_1,COD,2009,0.0047469395814094
COG.4_1,COG,2009,0.0155137525294171
COG.8_1,COG,2009,0.0431605572730641
COL.2_1,COL,2009,1.61335351269638
COL.13_1,COL,2009,1.55586154007089
COL.14_1,COL,2009,5.12722722348815
COL.22_1,COL,2009,0.965699518383589
COL.25_1,COL,2009,5.1793221793224
CRI.4_1,CRI,2009,5.05281941470377
CRI.7_1,CRI,2009,6.6039654295886
CUB.7_1,CUB,2009,1.97051195850536
CUB.16_1,CUB,2009,1.36778535865749
CZE.2_1,CZE,2009,11.7143801965231
CZE.5_1,CZE,2009,13.8323578595318
CZE.7_1,CZE,2009,13.6448827292107
CZE.8_1,CZE,2009,11.421341272328
CZE.10_1,CZE,2009,7.11125243154253
CZE.11_1,CZE,2009,53.0352673492606
CZE.12_1,CZE,2009,12.3220385980474
CZE.14_1,CZE,2009,13.0462879470994
DEU.3_1,DEU,2009,54.5364277320799
DEU.6_1,DEU,2009,48.7697642163663
DEU.9_1,DEU,2009,9.75333936154348
DEU.10_1,DEU,2009,21.1753402722163
DEU.11_1,DEU,2009,12.6393180607358
DNK.1_1,DNK,2009,18.3564978405968
DNK.2_1,DNK,2009,6.96247778035392
DNK.3_1,DNK,2009,5.31632228539732
DNK.5_1,DNK,2009,7.94618930217584
DOM.26_1,DOM,2009,0.998339330196499
DOM.30_1,DOM,2009,2.50739098300075
DZA.6_1,DZA,2009,3.04906011755777
DZA.19_1,DZA,2009,3.99057539682534
DZA.26_1,DZA,2009,2.13514796645072
DZA.31_1,DZA,2009,0.226021643524198
DZA.39_1,DZA,2009,5.65158217080645
DZA.48_1,DZA,2009,3.84144427001555
ECU.1_1,ECU,2009,3.4632681084792
ECU.10_1,ECU,2009,5.89451889775666
ECU.12_1,ECU,2009,0.667380575472573
ECU.17_1,ECU,2009,3.53789187854875
ECU.19_1,ECU,2009,3.2819383259912
EGY.9_1,EGY,2009,42.4016424038822
EGY.11_1,EGY,2009,24.9648447523742
EGY.16_1,EGY,2009,33.1540099361242
ERI.1_1,ERI,2009,1.25149253731344
ESP.1_1,ESP,2009,7.36038141882105
ESP.5_1,ESP,2009,4.49925526527392
ESP.8_1,ESP,2009,29.6942384483737
ESP.12_1,ESP,2009,7.37161331850932
EST.1_1,EST,2009,7.67948717948725
EST.8_1,EST,2009,1.38723544973549
EST.13_1,EST,2009,4.68815871047741
EST.14_1,EST,2009,1.90862814965642
EST.15_1,EST,2009,1.28846921133128
ETH.5_1,ETH,2009,1.36038186157516
ETH.8_1,ETH,2009,0.0656574223672404
ETH.9_1,ETH,2009,0.00382275965686018
ETH.10_1,ETH,2009,0.0472195803968573
ETH.11_1,ETH,2009,0.122218060675361
FIN.4_1,FIN,2009,7.54253718017248
FIN.5_1,FIN,2009,6.45922534780994
FJI.2_1,FJI,2009,0.0547085201793719
FJI.3_1,FJI,2009,0.344720496894409
FJI.5_1,FJI,2009,0.279913137893605
FRA.7_1,FRA,2009,17.5338922928081
FRA.8_1,FRA,2009,26.8380726323299
FRA.9_1,FRA,2009,9.73936750272576
FRA.10_1,FRA,2009,6.09095077688237
FRA.11_1,FRA,2009,7.17971525298136
GAB.2_1,GAB,2009,0.120735152587604
GAB.3_1,GAB,2009,0.00848247576435478
GAB.4_1,GAB,2009,0.20385738435533
GBR.1_1,GBR,2009,18.0956534581687
GBR.3_1,GBR,2009,4.10029943691352
GBR.4_1,GBR,2009,8.48941453549457
GEO.3_1,GEO,2009,0.656091954022985
GEO.4_1,GEO,2009,1.04785816765723
GEO.11_1,GEO,2009,0.850659760759602
GHA.1_1,GHA,2009,0.63742932009389
GHA.5_1,GHA,2009,8.10820895522356
GHA.6_1,GHA,2009,0.0939294618595385
GHA.10_1,GHA,2009,0.43322387483091
GIN.1_1,GIN,2009,0.0267680224808058
GIN.2_1,GIN,2009,12.2625250501002
GIN.5_1,GIN,2009,0.0270883835468901
GIN.8_1,GIN,2009,0.010183617658547
GMB.3_1,GMB,2009,0.0547002947920071
GMB.5_1,GMB,2009,0.019455252918288
GMB.6_1,GMB,2009,2.16317991631803
GNB.1_1,GNB,2009,0.00542351252193348
GNB.5_1,GNB,2009,0.00392567390735429
GNB.8_1,GNB,2009,0
GNQ.7_1,GNQ,2009,0.0540034071550272
GRC.1_1,GRC,2009,4.65686562775652
GRC.3_1,GRC,2009,27.1449120937669
GRC.4_1,GRC,2009,5.26795580110521
GTM.7_1,GTM,2009,20.5243628185906
GTM.11_1,GTM,2009,2.47035460992906
GTM.22_1,GTM,2009,1.83246463142217
GUY.3_1,GUY,2009,2.4070967741935
GUY.4_1,GUY,2009,0.032525061287894
GUY.5_1,GUY,2009,0.758837391987411
GUY.6_1,GUY,2009,0.278593008200279
HND.1_1,HND,2009,1.72101133391461
HND.3_1,HND,2009,0.672669375205846
HND.8_1,HND,2009,0.988158049009219
HND.13_1,HND,2009,0.359269723973044
HND.15_1,HND,2009,0.235506363060133
HND.18_1,HND,2009,1.05490374757948
HRV.4_1,HRV,2009,21.5178743961354
HRV.8_1,HRV,2009,12.920041004613
HRV.13_1,HRV,2009,5.19838193156918
HRV.16_1,HRV,2009,7.07868944273325
HRV.18_1,HRV,2009,3.37642702869486
HTI.2_1,HTI,2009,0
HTI.4_1,HTI,2009,0.302483069977426
HTI.5_1,HTI,2009,0.289679715302487
HTI.8_1,HTI,2009,0.463176265270491
HTI.10_1,HTI,2009,0.242553191489359
HUN.6_1,HUN,2009,3.43153665885505
HUN.7_1,HUN,2009,4.9834447628143
HUN.9_1,HUN,2009,5.84817376269729
HUN.15_1,HUN,2009,2.27531391931591
HUN.19_1,HUN,2009,4.73603970927139
IDN.10_1,IDN,2009,7.11093580514751
IDN.11_1,IDN,2009,7.40761943833316
IDN.26_1,IDN,2009,0.887751453679854
IDN.33_1,IDN,2009,8.56290322580634
IND.5_1,IND,2009,1.25658377837119
IND.11_1,IND,2009,4.55895027167027
IND.16_1,IND,2009,4.89942589076331
IND.19_1,IND,2009,1.28195295134518
IND.25_1,IND,2009,54.311155577789
IND.32_1,IND,2009,6.51566935619303
IND.34_1,IND,2009,2.87795812611838
IND.36_1,IND,2009,5.19618907425666
IRN.13_1,IRN,2009,1.26097976644958
IRN.24_1,IRN,2009,1.60996599426027
IRN.25_1,IRN,2009,0.429334878629452
IRN.30_1,IRN,2009,0.636822397201015
IRQ.9_1,IRQ,2009,7.30329478507533
IRQ.14_1,IRQ,2009,2.06019108280252
IRQ.17_1,IRQ,2009,2.09591684302257
ISL.1_1,ISL,2009,0.194002961060279
ISL.3_1,ISL,2009,8.93540433925053
ITA.2_1,ITA,2009,22.3263291272905
ITA.6_1,ITA,2009,18.6864881597268
ITA.8_1,ITA,2009,13.990413614822
ITA.10_1,ITA,2009,23.0041848150988
ITA.13_1,ITA,2009,16.0799289520419
ITA.16_1,ITA,2009,10.802834135943
JOR.2_1,JOR,2009,5.8676593959738
JPN.1_1,JPN,2009,34.5270622286543
JPN.2_1,JPN,2009,8.89049762744861
JPN.4_1,JPN,2009,32.2973658261716
JPN.7_1,JPN,2009,27.8156599552575
JPN.10_1,JPN,2009,16.0883877969373
JPN.11_1,JPN,2009,11.737633061992
JPN.15_1,JPN,2009,12.9066555740436
JPN.19_1,JPN,2009,43.8014075887392
JPN.30_1,JPN,2009,6.65171990171995
JPN.31_1,JPN,2009,12.6110277194047
JPN.33_1,JPN,2009,47.7585774058578
JPN.37_1,JPN,2009,5.35138841275275
JPN.41_1,JPN,2009,47.5612164296998
JPN.46_1,JPN,2009,10.2419512195124
KAZ.1_1,KAZ,2009,0.259579092318946
KEN.1_1,KEN,2009,0.00453362438082418
KEN.30_1,KEN,2009,29.3390663390663
KEN.36_1,KEN,2009,0.878587830080353
KEN.44_1,KEN,2009,0.497999999999991
KGZ.3_1,KGZ,2009,1.44153406424601
KGZ.4_1,KGZ,2009,0.359115896079072
KGZ.7_1,KGZ,2009,0.921033335213728
KGZ.9_1,KGZ,2009,0.246890682958711
KHM.3_1,KHM,2009,0.149841114641893
KHM.16_1,KHM,2009,18.9296116504855
KHM.25_1,KHM,2009,0.017338217338217
KOR.4_1,KOR,2009,34.4740321057604
KOR.9_1,KOR,2009,13.2367977733841
KOR.10_1,KOR,2009,17.2365492363183
KOR.14_1,KOR,2009,13.6453341546045
KOR.16_1,KOR,2009,62.5803237858032
LAO.1_1,LAO,2009,0.0220535714285717
LAO.4_1,LAO,2009,0.139725009290215
LAO.12_1,LAO,2009,0.0666956762530118
LBN.3_1,LBN,2009,62.3666666666667
LBN.4_1,LBN,2009,9.92420897718905
LBN.5_1,LBN,2009,24.3478260869565
LBN.7_1,LBN,2009,14.1377393452748
LBN.8_1,LBN,2009,16.7225305216426
LBR.2_1,LBR,2009,0.0623842592592577
LBR.6_1,LBR,2009,0.0212620027434846
LBR.11_1,LBR,2009,1.3076923076923
LBR.12_1,LBR,2009,0.0122430122430118
LBR.15_1,LBR,2009,0
LKA.5_1,LKA,2009,26.9053708439898
LKA.7_1,LKA,2009,21.2896642527978
LKA.8_1,LKA,2009,4.14742698191945
LKA.11_1,LKA,2009,6.86703096539159
LKA.17_1,LKA,2009,7.74507138001364
LTU.2_1,LTU,2009,2.22694497153709
LTU.3_1,LTU,2009,1.57697376302864
LTU.5_1,LTU,2009,1.7373721227621
LTU.8_1,LTU,2009,2.5315155807365
LTU.10_1,LTU,2009,1.22120257498975
LUX.1_1,LUX,2009,10.7887147335423
LUX.2_1,LUX,2009,13.4109347442681
LUX.3_1,LUX,2009,19.7186666666667
LVA.2_1,LVA,2009,0.766833261186043
LVA.3_1,LVA,2009,1.33993610223644
LVA.4_1,LVA,2009,0.964213007607466
LVA.5_1,LVA,2009,0.948062697222005
MAR.10_1,MAR,2009,0.817948528140587
MAR.11_1,MAR,2009,2.77262884365498
MDG.1_1,MDG,2009,0
MDG.2_1,MDG,2009,0.0111897375117654
MDG.4_1,MDG,2009,0.00159902843841563
MDG.5_1,MDG,2009,0.0148805075316027
MEX.9_1,MEX,2009,38.6308724832221
MEX.15_1,MEX,2009,16.1863604488094
MEX.16_1,MEX,2009,2.67200067141115
MEX.27_1,MEX,2009,6.43665072496808
MLI.3_1,MLI,2009,0.0209426713206054
MLI.5_1,MLI,2009,0.0100364143139808
MLI.6_1,MLI,2009,0.00544031880715919
MLI.7_1,MLI,2009,0.0139618956597583
MLI.8_1,MLI,2009,0.0460353555862374
MLT.1_1,MLT,2009,62.0357142857143
MLT.5_1,MLT,2009,57.42
MMR.1_1,MMR,2009,0.020924623798368
MMR.8_1,MMR,2009,0.385503718728799
MMR.15_1,MMR,2009,2.65129358830131
MNG.9_1,MNG,2009,0.00732314754814233
MNG.13_1,MNG,2009,0.00510949487853344
MNG.22_1,MNG,2009,0.00651143935746387
MOZ.1_1,MOZ,2009,0.0042361255912482
MOZ.2_1,MOZ,2009,0.0792586750789331
MOZ.7_1,MOZ,2009,0.0696632429516483
MRT.1_1,MRT,2009,0.000324913999325512
MRT.2_1,MRT,2009,0.00463334454999517
MRT.3_1,MRT,2009,0.00632911392404906
MRT.5_1,MRT,2009,0.0194440443612288
MWI.9_1,MWI,2009,0.100031259768672
MWI.11_1,MWI,2009,0.177242264366181
MWI.12_1,MWI,2009,0.0951162790697647
MWI.27_1,MWI,2009,0.298099762470304
MWI.28_1,MWI,2009,0.362130177514784
MYS.1_1,MYS,2009,7.95940088615092
MYS.2_1,MYS,2009,7.41307993292353
MYS.8_1,MYS,2009,2.31398520853563
MYS.11_1,MYS,2009,36.9558232931727
NAM.7_1,NAM,2009,0.160217460825086
NAM.9_1,NAM,2009,0.0729966002914156
NAM.12_1,NAM,2009,0.0249066002490663
NER.2_1,NER,2009,0.0792126740278391
NER.3_1,NER,2009,0.034904656682217
NER.5_1,NER,2009,17.5031055900621
NER.6_1,NER,2009,0.0200416642650551
NER.7_1,NER,2009,0.0148619026742671
NER.8_1,NER,2009,0.00291976267569873
NGA.6_1,NGA,2009,9.19462275560555
NGA.20_1,NGA,2009,0.801210855949754
NGA.21_1,NGA,2009,0.133812690994055
NGA.25_1,NGA,2009,16.1295498084291
NGA.27_1,NGA,2009,0.14415131079032
NGA.28_1,NGA,2009,2.32968138033272
NIC.4_1,NIC,2009,3.75090909090909
NIC.6_1,NIC,2009,0.384991843393165
NIC.13_1,NIC,2009,3.31203164029962
NIC.14_1,NIC,2009,9.46245059288538
NIC.18_1,NIC,2009,1.33487940630796
NLD.12_1,NLD,2009,16.1268248175182
NLD.14_1,NLD,2009,38.9820251647696
NOR.1_1,NOR,2009,16.8180412839866
NOR.2_1,NOR,2009,11.4344190140846
NOR.4_1,NOR,2009,5.24054344355167
NOR.7_1,NOR,2009,2.52186225645657
NOR.8_1,NOR,2009,2.79487592652276
NOR.19_1,NOR,2009,20.6986688180719
NPL.1_1,NPL,2009,0.203108971829904
NPL.2_1,NPL,2009,0.23055614745368
NPL.3_1,NPL,2009,0.0735268352508206
NPL.5_1,NPL,2009,0.00338146591116766
NZL.2_1,NZL,2009,1.82204928664086
NZL.3_1,NZL,2009,0.32813312532504
NZL.14_1,NZL,2009,9.27938931297711
NZL.15_1,NZL,2009,1.55606477238009
NZL.17_1,NZL,2009,0.993883016208804
NZL.18_1,NZL,2009,2.17021456327088
OMN.9_1,OMN,2009,0.501043657409951
PAK.2_1,PAK,2009,0.280064637704841
PAK.5_1,PAK,2009,3.64774351343033
PAK.7_1,PAK,2009,6.12631534729576
PAK.8_1,PAK,2009,2.81800847138318
PAN.7_1,PAN,2009,1.27628083491463
PAN.9_1,PAN,2009,1.03268135677154
PAN.12_1,PAN,2009,0.760913449407013
PER.2_1,PER,2009,0.725081628075097
PER.3_1,PER,2009,0.203022596106849
PER.8_1,PER,2009,0.202654682274217
PER.15_1,PER,2009,25.6417956656344
PER.25_1,PER,2009,1.23590814196248
PHL.36_1,PHL,2009,1.55086442220211
PHL.47_1,PHL,2009,59.6074313408724
PHL.61_1,PHL,2009,2.74374197689343
PHL.71_1,PHL,2009,0.258433390508863
PNG.4_1,PNG,2009,0.0369972806640964
PNG.8_1,PNG,2009,0.0656831537708192
PNG.9_1,PNG,2009,0.0486811481768938
PNG.19_1,PNG,2009,0.629748793466115
PNG.21_1,PNG,2009,0.255121951219516
POL.1_1,POL,2009,11.0440464249895
POL.2_1,POL,2009,8.85327913941664
POL.4_1,POL,2009,6.09128278450447
POL.6_1,POL,2009,13.2146975142266
POL.7_1,POL,2009,8.42748745379782
POL.8_1,POL,2009,8.85899858289957
POL.11_1,POL,2009,6.80150430600513
POL.14_1,POL,2009,3.92558669500633
POL.16_1,POL,2009,4.89767225325883
PRK.11_1,PRK,2009,0.149677419354835
PRT.9_1,PRT,2009,13.054905782975
PRT.12_1,PRT,2009,34.7202692595369
PRY.6_1,PRY,2009,0.66018542364156
PRY.12_1,PRY,2009,1.65206536541079
PRY.13_1,PRY,2009,1.31200041795107
ROU.1_1,ROU,2009,3.59425597532777
ROU.14_1,ROU,2009,4.72910793852873
ROU.15_1,ROU,2009,3.41431976692858
ROU.17_1,ROU,2009,6.43698504729932
ROU.35_1,ROU,2009,3.95951280027056
ROU.36_1,ROU,2009,4.43640965998488
ROU.39_1,ROU,2009,0.85511614231108
ROU.40_1,ROU,2009,2.67204757858964
RUS.14_1,RUS,2009,45.3285013856323
RUS.28_1,RUS,2009,0.0786694266278076
RUS.32_1,RUS,2009,0.591151251526704
RUS.38_1,RUS,2009,2.28756407099942
RUS.43_1,RUS,2009,61.6454948301329
RUS.51_1,RUS,2009,0.991213642350609
RUS.65_1,RUS,2009,1.27626955046818
RUS.69_1,RUS,2009,0.540797360946109
RWA.2_1,RWA,2009,0.0455605381165934
RWA.4_1,RWA,2009,0.0388379679975128
SDN.12_1,SDN,2009,0.15149008490063
SEN.3_1,SEN,2009,0.125432193622743
SEN.8_1,SEN,2009,0.0243583455942473
SLB.1_1,SLB,2009,0
SLB.6_1,SLB,2009,0
SLB.7_1,SLB,2009,0.0030934213239844
SLB.10_1,SLB,2009,0.0130600399056773
SLE.1_1,SLE,2009,0.0219058050383372
SLE.2_1,SLE,2009,0.00775005318663864
SLE.3_1,SLE,2009,0.0233469051177679
SLE.4_1,SLE,2009,0.969127516778514
SLV.5_1,SLV,2009,10.7082872928177
SLV.10_1,SLV,2009,20.0632911392406
SLV.12_1,SLV,2009,4.3173803526448
SLV.14_1,SLV,2009,3.67042497831743
SOM.1_1,SOM,2009,0.013436827343287
SOM.8_1,SOM,2009,0.00157571736606398
SRB.2_1,SRB,2009,2.61163194444437
SRB.23_1,SRB,2009,0.968883312421591
SSD.8_1,SSD,2009,0.0130543070624935
SUR.3_1,SUR,2009,0.0694368507381063
SUR.7_1,SUR,2009,43.3863636363636
SUR.10_1,SUR,2009,19.2490974729242
SVK.1_1,SVK,2009,2.77215528781797
SVK.2_1,SVK,2009,15.6250713877787
SVK.3_1,SVK,2009,5.93220677932219
SVK.4_1,SVK,2009,6.16913611250647
SVK.5_1,SVK,2009,4.22261530398339
SVK.7_1,SVK,2009,9.14322033898295
SVN.2_1,SVN,2009,3.56770970286623
SVN.3_1,SVN,2009,5.00363258951737
SVN.5_1,SVN,2009,3.14992350841407
SVN.7_1,SVN,2009,9.6193149915778
SVN.9_1,SVN,2009,9.62897862232777
SVN.10_1,SVN,2009,8.43586421352681
SWE.5_1,SWE,2009,5.46204819277097
SWE.13_1,SWE,2009,10.1532570461737
SWE.14_1,SWE,2009,5.82419583249025
SWE.15_1,SWE,2009,14.2306122448975
SWE.16_1,SWE,2009,5.29156545774366
SWE.21_1,SWE,2009,5.9505872310822
SWZ.3_1,SWZ,2009,2.87688864017901
SYR.2_1,SYR,2009,5.58662382004484
SYR.11_1,SYR,2009,11.0212988826816
SYR.13_1,SYR,2009,4.0199469763926
TCD.3_1,TCD,2009,0.000602222518050864
TCD.5_1,TCD,2009,0
TCD.22_1,TCD,2009,11.3200836820084
TGO.2_1,TGO,2009,0.00944643869261255
TGO.3_1,TGO,2009,0.668386264710684
THA.3_1,THA,2009,52.1312700106723
THA.10_1,THA,2009,1.37480075619999
THA.25_1,THA,2009,0.03579295154185
THA.31_1,THA,2009,3.47775091771872
THA.36_1,THA,2009,40.04
THA.70_1,THA,2009,2.65961945031709
TJK.2_1,TJK,2009,0.0116553752897184
TJK.3_1,TJK,2009,0.419358560221462
TJK.4_1,TJK,2009,0.433636718968167
TJK.5_1,TJK,2009,0.585069984447643
TLS.2_1,TLS,2009,0
TLS.4_1,TLS,2009,0.346710526315781
TLS.7_1,TLS,2009,2.11864406779662
TLS.11_1,TLS,2009,0.0112044817927171
TLS.13_1,TLS,2009,0.126744186046512
TUN.5_1,TUN,2009,2.82027511961741
TUN.12_1,TUN,2009,7.20136161298778
TUN.16_1,TUN,2009,10.7967914438501
TUN.20_1,TUN,2009,9.89955648317248
TUN.23_1,TUN,2009,51.4396782841823
TUR.30_1,TUR,2009,0.442667206587069
TUR.39_1,TUR,2009,2.20280811232451
TUR.40_1,TUR,2009,22.5400109619071
TUR.70_1,TUR,2009,0.557538532854333
TZA.4_1,TZA,2009,0.110615613306689
TZA.15_1,TZA,2009,0.0532401830884187
TZA.20_1,TZA,2009,0.0759720417266866
TZA.29_1,TZA,2009,0.153719008264462
UGA.48_1,UGA,2009,0
UKR.2_1,UKR,2009,0.94456376311525
UKR.5_1,UKR,2009,3.32815652592426
UKR.6_1,UKR,2009,5.05686283069906
UKR.9_1,UKR,2009,0.483749356062456
UKR.17_1,UKR,2009,1.45212638265628
UKR.19_1,UKR,2009,0.660275497425897
UKR.21_1,UKR,2009,2.17506453771911
USA.4_1,USA,2009,3.99277418417738
USA.7_1,USA,2009,25.5757554897764
USA.8_1,USA,2009,16.2337445815271
USA.10_1,USA,2009,13.1614582220022
USA.12_1,USA,2009,1.71314170555796
USA.14_1,USA,2009,10.4573487686298
USA.22_1,USA,2009,28.5313142343271
USA.24_1,USA,2009,5.77255520005979
USA.33_1,USA,2009,11.8220436226566
USA.37_1,USA,2009,4.06684552452585
USA.39_1,USA,2009,15.4205900464761
UZB.4_1,UZB,2009,0.887180567256246
UZB.10_1,UZB,2009,2.46774578618144
VEN.5_1,VEN,2009,1.27587025692143
VEN.21_1,VEN,2009,4.40152866242029
VEN.24_1,VEN,2009,5.82669351359113
VNM.4_1,VNM,2009,0.192368525108734
VNM.27_1,VNM,2009,14.0884318766068
VNM.57_1,VNM,2009,2.12360681114568
XKO.1_1,XKO,2009,4.65069356872636
XKO.3_1,XKO,2009,3.64466815809096
XKO.5_1,XKO,2009,6.44042891183482
XKO.6_1,XKO,2009,2.67560975609756
YEM.2_1,YEM,2009,0.599458799808983
YEM.19_1,YEM,2009,1.19286600043761
ZAF.1_1,ZAF,2009,0.870695713281849
ZAF.3_1,ZAF,2009,18.7234538002984
ZAF.4_1,ZAF,2009,2.31513904102511
ZMB.2_1,ZMB,2009,0.414762380308854
ZMB.6_1,ZMB,2009,0.0184181430844325
ZMB.9_1,ZMB,2009,0.0669459915180948
ZWE.6_1,ZWE,2009,0.117099601593643
ZWE.9_1,ZWE,2009,0.0593576562642233
ZWE.10_1,ZWE,2009,0.104950871851688
AFG.14_1,AFG,2010,5.32607843137261
AFG.15_1,AFG,2010,0.190458986780481
AFG.26_1,AFG,2010,0
AGO.2_1,AGO,2010,0.307881430625908
AGO.11_1,AGO,2010,25.7948539638389
ALB.1_1,ALB,2010,5.25503355704702
ALB.8_1,ALB,2010,1.62637889688251
ALB.10_1,ALB,2010,0.761836027713635
ALB.11_1,ALB,2010,8.32911392405064
ARE.1_1,ARE,2010,5.40093052386769
ARG.1_1,ARG,2010,2.40475526203104
ARG.6_1,ARG,2010,1.7704888274952
ARG.12_1,ARG,2010,0.484406999783628
ARG.14_1,ARG,2010,2.07860446676342
ARG.19_1,ARG,2010,0.837999794546494
ARG.20_1,ARG,2010,0.249739602455001
AUS.5_1,AUS,2010,0.62865743757222
AUS.7_1,AUS,2010,0.268505063909856
AUS.8_1,AUS,2010,0.149217995137833
AUT.3_1,AUT,2010,15.2527666301841
AUT.4_1,AUT,2010,14.8574972864012
AUT.6_1,AUT,2010,11.3561106155214
AUT.9_1,AUT,2010,57.6346153846154
AZE.1_1,AZE,2010,4.04583815985437
AZE.4_1,AZE,2010,3.30278380332622
AZE.7_1,AZE,2010,2.36861815004369
AZE.10_1,AZE,2010,1.95162448393466
BDI.2_1,BDI,2010,21.1826484018265
BDI.3_1,BDI,2010,0.887925696594449
BDI.4_1,BDI,2010,0.0669506999391348
BDI.7_1,BDI,2010,0
BDI.14_1,BDI,2010,0
BEL.1_1,BEL,2010,62.3391003460208
BEL.2_1,BEL,2010,49.8976321698307
BEL.3_1,BEL,2010,29.2198602384175
BEN.2_1,BEN,2010,0.0819177849499154
BEN.3_1,BEN,2010,4.37714285714302
BEN.4_1,BEN,2010,0.205667399004638
BFA.1_1,BFA,2010,0.0530348738988865
BFA.7_1,BFA,2010,6.37147016011636
BFA.10_1,BFA,2010,0.151029136594498
BGD.3_1,BGD,2010,5.41697987390837
BGD.4_1,BGD,2010,1.532201481225
BGR.8_1,BGR,2010,3.1835357624831
BGR.14_1,BGR,2010,6.86545761282163
BGR.19_1,BGR,2010,5.01921182265996
BGR.22_1,BGR,2010,5.96378395254439
BGR.26_1,BGR,2010,2.87086801426868
BIH.2_1,BIH,2010,3.22025565388403
BIH.3_1,BIH,2010,3.18712990936564
BLR.1_1,BLR,2010,5.94825387762902
BLR.5_1,BLR,2010,6.59292010235978
BLR.6_1,BLR,2010,4.42779462378045
BOL.2_1,BOL,2010,0.81507855941598
BOL.3_1,BOL,2010,0.0508990809028083
BOL.5_1,BOL,2010,0.307146390653948
BOL.8_1,BOL,2010,0.170857888239495
BRA.10_1,BRA,2010,0.720023081063036
BRA.13_1,BRA,2010,1.87514666394562
BRA.17_1,BRA,2010,4.58289352071845
BRA.19_1,BRA,2010,12.1261755485886
BRA.25_1,BRA,2010,8.38809801932875
BRN.2_1,BRN,2010,50.3774834437087
BTN.7_1,BTN,2010,0.150516282764096
BTN.8_1,BTN,2010,0.785371702637876
BTN.10_1,BTN,2010,0.733752620545083
BTN.14_1,BTN,2010,0.917903525046384
BWA.1_1,BWA,2010,0.178261737986517
BWA.15_1,BWA,2010,0.14313605857231
CAF.15_1,CAF,2010,0
CAF.14_1,CAF,2010,0.00623816419739355
CAF.17_1,CAF,2010,0.0278494069107791
CAN.2_1,CAN,2010,0.635093868026323
CAN.9_1,CAN,2010,1.56090169946555
CAN.11_1,CAN,2010,1.14570617242971
CHE.1_1,CHE,2010,42.7934272300469
CHE.2_1,CHE,2010,28.9618138424821
CHE.5_1,CHE,2010,55.25
CHE.6_1,CHE,2010,18.4744159544165
CHE.7_1,CHE,2010,24.7566478646255
CHE.10_1,CHE,2010,6.40330635439995
CHE.12_1,CHE,2010,24.5014423076923
CHE.13_1,CHE,2010,21.2354430379747
CHE.16_1,CHE,2010,23.5367483296214
CHE.21_1,CHE,2010,8.45934335685806
CHE.23_1,CHE,2010,10.1213150387176
CHE.24_1,CHE,2010,23.7461773700305
CHE.25_1,CHE,2010,37.6449275362318
CHE.26_1,CHE,2010,46.3007856341188
CHL.11_1,CHL,2010,0.0535817837398997
CHL.14_1,CHL,2010,8.03965597396536
CHL.16_1,CHL,2010,3.91549744897983
CHN.2_1,CHN,2010,22.4638040737898
CHN.15_1,CHN,2010,19.4923543928179
CHN.26_1,CHN,2010,1.67260126861416
CHN.31_1,CHN,2010,12.4028445528945
CIV.5_1,CIV,2010,1.35096339113685
CIV.6_1,CIV,2010,1.8086393989983
CIV.8_1,CIV,2010,0.193456352675911
CIV.13_1,CIV,2010,6.6377952755905
CMR.10_1,CMR,2010,0.0757807381524482
COD.18_1,COD,2010,0.0167567856951573
COD.22_1,COD,2010,0.0788775854587801
COD.24_1,COD,2010,0.0109089114124123
COG.4_1,COG,2010,0.0437932498938196
COG.8_1,COG,2010,0.0726703336411678
COL.2_1,COL,2010,2.56289609880746
COL.13_1,COL,2010,2.65608115174132
COL.14_1,COL,2010,7.47880168839429
COL.22_1,COL,2010,1.44159912291005
COL.25_1,COL,2010,7.3127413127409
CRI.4_1,CRI,2010,7.37758743754491
CRI.7_1,CRI,2010,9.83240128791764
CUB.7_1,CUB,2010,3.82220728076055
CUB.16_1,CUB,2010,3.47058823529428
CZE.2_1,CZE,2010,18.8025321239608
CZE.5_1,CZE,2010,23.2802396878484
CZE.7_1,CZE,2010,23.3603411513854
CZE.8_1,CZE,2010,20.6046693826384
CZE.10_1,CZE,2010,14.5795301511297
CZE.11_1,CZE,2010,60.259385665529
CZE.12_1,CZE,2010,22.3517635314991
CZE.14_1,CZE,2010,22.8629395852118
DEU.3_1,DEU,2010,59.0987074030553
DEU.6_1,DEU,2010,55.7947295423024
DEU.9_1,DEU,2010,18.8776196962229
DEU.10_1,DEU,2010,32.4993709253108
DEU.11_1,DEU,2010,22.2044696183718
DNK.1_1,DNK,2010,32.2999607381231
DNK.2_1,DNK,2010,18.2516036788008
DNK.3_1,DNK,2010,16.0465261406184
DNK.5_1,DNK,2010,18.4258762997102
DOM.26_1,DOM,2010,2.84915582618325
DOM.30_1,DOM,2010,4.32372505543239
DZA.6_1,DZA,2010,6.21806436594238
DZA.19_1,DZA,2010,7.40178571428584
DZA.26_1,DZA,2010,3.53552777338115
DZA.31_1,DZA,2010,0.387483322626891
DZA.39_1,DZA,2010,10.7077237155494
DZA.48_1,DZA,2010,6.1324175824169
ECU.1_1,ECU,2010,4.93014074836951
ECU.10_1,ECU,2010,8.26773076343945
ECU.12_1,ECU,2010,0.975323586926162
ECU.17_1,ECU,2010,5.62577141446555
ECU.19_1,ECU,2010,4.74351443954981
EGY.9_1,EGY,2010,49.7219111608808
EGY.11_1,EGY,2010,28.1888632281251
EGY.16_1,EGY,2010,41.2242725337115
ERI.1_1,ERI,2010,2.44925373134326
ESP.1_1,ESP,2010,9.68519033837921
ESP.5_1,ESP,2010,6.08341028925496
ESP.8_1,ESP,2010,34.822589845978
ESP.12_1,ESP,2010,10.250716835391
EST.1_1,EST,2010,15.0458031996492
EST.8_1,EST,2010,4.56790123456772
EST.13_1,EST,2010,10.2186918784873
EST.14_1,EST,2010,6.15958259099014
EST.15_1,EST,2010,4.52799574411493
ETH.5_1,ETH,2010,2.35401750198885
ETH.8_1,ETH,2010,0.12680995191984
ETH.9_1,ETH,2010,0.00852699558958801
ETH.10_1,ETH,2010,0.108005950203554
ETH.11_1,ETH,2010,0.219105442646234
FIN.4_1,FIN,2010,14.023392260406
FIN.5_1,FIN,2010,11.5020267655307
FJI.2_1,FJI,2010,0.165022421524662
FJI.3_1,FJI,2010,0.887089618456108
FJI.5_1,FJI,2010,1.13702497285556
FRA.7_1,FRA,2010,24.3643985811042
FRA.8_1,FRA,2010,33.1145027296476
FRA.9_1,FRA,2010,15.6168270826421
FRA.10_1,FRA,2010,8.9835452637521
FRA.11_1,FRA,2010,9.97402958772129
GAB.2_1,GAB,2010,0.218248424451252
GAB.3_1,GAB,2010,0.0459545115585403
GAB.4_1,GAB,2010,0.328287485272369
GBR.1_1,GBR,2010,24.2676220227195
GBR.3_1,GBR,2010,7.69352452758495
GBR.4_1,GBR,2010,13.9728899470098
GEO.3_1,GEO,2010,1.10574712643679
GEO.4_1,GEO,2010,1.87138757942207
GEO.11_1,GEO,2010,1.57799975336045
GHA.1_1,GHA,2010,1.35915735760609
GHA.5_1,GHA,2010,11.0373134328354
GHA.6_1,GHA,2010,0.168165392049822
GHA.10_1,GHA,2010,0.944948812053216
GIN.1_1,GIN,2010,0.0603451381633442
GIN.2_1,GIN,2010,14.0140280561122
GIN.5_1,GIN,2010,0.049828773711948
GIN.8_1,GIN,2010,0.0280244823544724
GMB.3_1,GMB,2010,0.109400589584017
GMB.5_1,GMB,2010,0.0252918287937734
GMB.6_1,GMB,2010,3.23640167364021
GNB.1_1,GNB,2010,0
GNB.5_1,GNB,2010,0.0136090028788278
GNB.8_1,GNB,2010,0
GNQ.7_1,GNQ,2010,0.242930153321983
GRC.1_1,GRC,2010,7.18516612760947
GRC.3_1,GRC,2010,31.6570768957553
GRC.4_1,GRC,2010,7.64423237903877
GTM.7_1,GTM,2010,23.6964017991003
GTM.11_1,GTM,2010,4.93134751773049
GTM.22_1,GTM,2010,3.32874162323159
GUY.3_1,GUY,2010,3.74000000000008
GUY.4_1,GUY,2010,0.0455108133692813
GUY.5_1,GUY,2010,1.44514270751505
GUY.6_1,GUY,2010,0.466551575312904
HND.1_1,HND,2010,2.6593286835222
HND.3_1,HND,2010,1.065004941254
HND.8_1,HND,2010,1.66185953804658
HND.13_1,HND,2010,0.81373614431648
HND.15_1,HND,2010,0.498464088936584
HND.18_1,HND,2010,1.77594259027221
HRV.4_1,HRV,2010,27.806763285024
HRV.8_1,HRV,2010,21.1414659149154
HRV.13_1,HRV,2010,9.1586044159784
HRV.16_1,HRV,2010,10.5449453934473
HRV.18_1,HRV,2010,6.07466831224932
HTI.2_1,HTI,2010,0.0116363636363639
HTI.4_1,HTI,2010,0.941309255079008
HTI.5_1,HTI,2010,0.553736654804276
HTI.8_1,HTI,2010,1.5329842931937
HTI.10_1,HTI,2010,0.730605564648099
HUN.6_1,HUN,2010,5.34365584198185
HUN.7_1,HUN,2010,9.95606494746905
HUN.9_1,HUN,2010,6.63118651393997
HUN.15_1,HUN,2010,5.20090836227638
HUN.19_1,HUN,2010,8.71795780889917
IDN.10_1,IDN,2010,9.69931466324804
IDN.11_1,IDN,2010,9.92263081341251
IDN.26_1,IDN,2010,1.10891778476156
IDN.33_1,IDN,2010,11.4741935483871
IND.5_1,IND,2010,2.58631508678307
IND.11_1,IND,2010,6.66908198878842
IND.16_1,IND,2010,7.67773483748331
IND.19_1,IND,2010,2.34987100563886
IND.25_1,IND,2010,57.4497248624313
IND.32_1,IND,2010,9.75579954099472
IND.34_1,IND,2010,4.96874143399827
IND.36_1,IND,2010,7.11178238468969
IRN.13_1,IRN,2010,1.84108358621685
IRN.24_1,IRN,2010,2.45313918668146
IRN.25_1,IRN,2010,0.704880561457023
IRN.30_1,IRN,2010,0.990691163603555
IRQ.9_1,IRQ,2010,10.9547239799258
IRQ.14_1,IRQ,2010,3.45987261146492
IRQ.17_1,IRQ,2010,3.25793601394245
ISL.1_1,ISL,2010,0.712902017444981
ISL.3_1,ISL,2010,11.9536489151876
ITA.2_1,ITA,2010,28.405944775882
ITA.6_1,ITA,2010,25.4171180931746
ITA.8_1,ITA,2010,18.9558380008627
ITA.10_1,ITA,2010,28.4536681185409
ITA.13_1,ITA,2010,21.4218801394645
ITA.16_1,ITA,2010,14.696139575275
JOR.2_1,JOR,2010,7.72095218120767
JPN.1_1,JPN,2010,38.4312590448624
JPN.2_1,JPN,2010,10.5883927485098
JPN.4_1,JPN,2010,37.0759261867875
JPN.7_1,JPN,2010,33.0180462341542
JPN.10_1,JPN,2010,19.6147353189431
JPN.11_1,JPN,2010,14.549423025314
JPN.15_1,JPN,2010,15.785191347754
JPN.19_1,JPN,2010,46.4149326805386
JPN.30_1,JPN,2010,9.79987714987724
JPN.31_1,JPN,2010,16.2495747022919
JPN.33_1,JPN,2010,50.6121338912134
JPN.37_1,JPN,2010,6.24671466118155
JPN.41_1,JPN,2010,49.52804107425
JPN.46_1,JPN,2010,12.8863414634146
KAZ.1_1,KAZ,2010,0.471838560806421
KEN.1_1,KEN,2010,0.00839560070523188
KEN.30_1,KEN,2010,35.4864864864865
KEN.36_1,KEN,2010,1.89609644087258
KEN.44_1,KEN,2010,0.696285714285701
KGZ.3_1,KGZ,2010,2.76080371997821
KGZ.4_1,KGZ,2010,0.736091786227155
KGZ.7_1,KGZ,2010,1.40382988324227
KGZ.9_1,KGZ,2010,0.438842305414189
KHM.3_1,KHM,2010,0.502566609630903
KHM.16_1,KHM,2010,32.2305825242719
KHM.25_1,KHM,2010,0.334798534798533
KOR.4_1,KOR,2010,40.2983947119923
KOR.9_1,KOR,2010,18.8748992895342
KOR.10_1,KOR,2010,22.6724230562598
KOR.14_1,KOR,2010,17.3360640591319
KOR.16_1,KOR,2010,62.961394769614
LAO.1_1,LAO,2010,0.329285714285713
LAO.4_1,LAO,2010,0.515793385358663
LAO.12_1,LAO,2010,0.374619249179203
LBN.3_1,LBN,2010,62.9
LBN.4_1,LBN,2010,17.9190581309788
LBN.5_1,LBN,2010,35.3329007138222
LBN.7_1,LBN,2010,21.9462631253861
LBN.8_1,LBN,2010,28.1864594894561
LBR.2_1,LBR,2010,0.109837962962969
LBR.6_1,LBR,2010,0.045130315500681
LBR.11_1,LBR,2010,1.70192307692307
LBR.12_1,LBR,2010,0.0277200277200288
LBR.15_1,LBR,2010,0
LKA.5_1,LKA,2010,33.5460358056266
LKA.7_1,LKA,2010,27.8071099407503
LKA.8_1,LKA,2010,6.59527121001397
LKA.11_1,LKA,2010,10.1252276867031
LKA.17_1,LKA,2010,11.2161794697484
LTU.2_1,LTU,2010,9.67104364326364
LTU.3_1,LTU,2010,6.66490954834068
LTU.5_1,LTU,2010,7.5869565217387
LTU.8_1,LTU,2010,8.00938385269117
LTU.10_1,LTU,2010,5.98678263251615
LUX.1_1,LUX,2010,23.6833855799373
LUX.2_1,LUX,2010,28.2292768959436
LUX.3_1,LUX,2010,37.228
LVA.2_1,LVA,2010,2.98406202038481
LVA.3_1,LVA,2010,4.92385516506924
LVA.4_1,LVA,2010,3.26236651308977
LVA.5_1,LVA,2010,3.94713155035938
MAR.10_1,MAR,2010,1.29108989069044
MAR.11_1,MAR,2010,3.53103796737367
MDG.1_1,MDG,2010,0.0127175971858937
MDG.2_1,MDG,2010,0.0290026841426418
MDG.4_1,MDG,2010,0.00873730729008983
MDG.5_1,MDG,2010,0.0331489877601218
MEX.9_1,MEX,2010,41.2849767681982
MEX.15_1,MEX,2010,20.5591865357622
MEX.16_1,MEX,2010,4.07572981214298
MEX.27_1,MEX,2010,9.19892962878585
MLI.3_1,MLI,2010,0.040721860901151
MLI.5_1,MLI,2010,0.0222419528861873
MLI.6_1,MLI,2010,0.0217948574434828
MLI.7_1,MLI,2010,0.0402858864349283
MLI.8_1,MLI,2010,0.0953328460434922
MLT.1_1,MLT,2010,62.8571428571429
MLT.5_1,MLT,2010,57.52
MMR.1_1,MMR,2010,0.454397228166772
MMR.8_1,MMR,2010,2.35929682217657
MMR.15_1,MMR,2010,7.35417001446189
MNG.9_1,MNG,2010,0.02000202987033
MNG.13_1,MNG,2010,0.00974795819793708
MNG.22_1,MNG,2010,0.0259021848370179
MOZ.1_1,MOZ,2010,0.0130705325885343
MOZ.2_1,MOZ,2010,0.156275349256559
MOZ.7_1,MOZ,2010,0.144709754835532
MRT.1_1,MRT,2010,0.00154334149679984
MRT.2_1,MRT,2010,0.0131752646700983
MRT.3_1,MRT,2010,0.0172963571359506
MRT.5_1,MRT,2010,0.0357914446204782
MWI.9_1,MWI,2010,0.257059497759706
MWI.11_1,MWI,2010,0.434906602024798
MWI.12_1,MWI,2010,0.235348837209303
MWI.27_1,MWI,2010,1.03384798099763
MWI.28_1,MWI,2010,0.804733727810652
MYS.1_1,MYS,2010,12.5412251974576
MYS.2_1,MYS,2010,10.8437674678592
MYS.8_1,MYS,2010,4.46823472356991
MYS.11_1,MYS,2010,46.8647925033467
NAM.7_1,NAM,2010,0.227454429165337
NAM.9_1,NAM,2010,0.134531325886323
NAM.12_1,NAM,2010,0.0467283634084813
NER.2_1,NER,2010,0.181589054248692
NER.3_1,NER,2010,0.0716916277927736
NER.5_1,NER,2010,22.8840579710145
NER.6_1,NER,2010,0.0482350325656959
NER.7_1,NER,2010,0.050087680841735
NER.8_1,NER,2010,0.0101505424644686
NGA.6_1,NGA,2010,14.6617359754393
NGA.20_1,NGA,2010,1.48910229645075
NGA.21_1,NGA,2010,0.571705914075115
NGA.25_1,NGA,2010,19.9583333333334
NGA.27_1,NGA,2010,0.364456686930256
NGA.28_1,NGA,2010,3.67412935323449
NIC.4_1,NIC,2010,6.08363636363639
NIC.6_1,NIC,2010,0.589648524395669
NIC.13_1,NIC,2010,4.76019983347208
NIC.14_1,NIC,2010,14.4723320158103
NIC.18_1,NIC,2010,2.12291280148425
NLD.12_1,NLD,2010,25.8488442822385
NLD.14_1,NLD,2010,47.9646494907125
NOR.1_1,NOR,2010,26.3538237701191
NOR.2_1,NOR,2010,20.6327024647887
NOR.4_1,NOR,2010,7.79005428629661
NOR.7_1,NOR,2010,7.77846057997272
NOR.8_1,NOR,2010,8.35406595767518
NOR.19_1,NOR,2010,32.8346107301331
NPL.1_1,NPL,2010,0.582340408742849
NPL.2_1,NPL,2010,0.391647134029386
NPL.3_1,NPL,2010,0.110553057291384
NPL.5_1,NPL,2010,0.0545604094315543
NZL.2_1,NZL,2010,2.54353653264183
NZL.3_1,NZL,2010,0.578796485192711
NZL.14_1,NZL,2010,11.9404580152671
NZL.15_1,NZL,2010,1.79621142682556
NZL.17_1,NZL,2010,1.644904862579
NZL.18_1,NZL,2010,2.93757391451263
OMN.9_1,OMN,2010,1.03395952777927
PAK.2_1,PAK,2010,0.399102366672235
PAK.5_1,PAK,2010,5.05206936688796
PAK.7_1,PAK,2010,7.63749273627116
PAK.8_1,PAK,2010,3.72653411917313
PAN.7_1,PAN,2010,2.18216318785576
PAN.9_1,PAN,2010,1.76107947511764
PAN.12_1,PAN,2010,0.886701993439333
PER.2_1,PER,2010,1.05254106328356
PER.3_1,PER,2010,0.365988457400026
PER.8_1,PER,2010,0.364513656633184
PER.15_1,PER,2010,30.9222910216716
PER.25_1,PER,2010,1.63942737846698
PHL.36_1,PHL,2010,4.43512283894465
PHL.47_1,PHL,2010,61.0339256865913
PHL.61_1,PHL,2010,4.54685494223359
PHL.71_1,PHL,2010,0.655803316180673
PNG.4_1,PNG,2010,0.102619149849726
PNG.8_1,PNG,2010,0.0422073947110536
PNG.9_1,PNG,2010,0.0158068269976714
PNG.19_1,PNG,2010,0.445241925504273
PNG.21_1,PNG,2010,0.402195121951234
POL.1_1,POL,2010,22.3038257630033
POL.2_1,POL,2010,19.6840352056713
POL.4_1,POL,2010,17.1446316071666
POL.6_1,POL,2010,25.3073899371061
POL.7_1,POL,2010,19.87939117108
POL.8_1,POL,2010,19.8728153046768
POL.11_1,POL,2010,16.4004306006048
POL.14_1,POL,2010,11.1298288669285
POL.16_1,POL,2010,11.9867783985104
PRK.11_1,PRK,2010,0.709247311827965
PRT.9_1,PRT,2010,16.4603638726441
PRT.12_1,PRT,2010,40.5569683370729
PRY.6_1,PRY,2010,1.23332474890559
PRY.12_1,PRY,2010,2.63254652746253
PRY.13_1,PRY,2010,2.06681991536526
ROU.1_1,ROU,2010,5.08114880493426
ROU.14_1,ROU,2010,7.6288078566881
ROU.15_1,ROU,2010,6.48936170212755
ROU.17_1,ROU,2010,10.5962770826977
ROU.35_1,ROU,2010,4.42878087289948
ROU.36_1,ROU,2010,7.1303277006224
ROU.39_1,ROU,2010,1.45163187297864
ROU.40_1,ROU,2010,4.18861512319472
RUS.14_1,RUS,2010,57.6561500746109
RUS.28_1,RUS,2010,0.118326647338216
RUS.32_1,RUS,2010,0.953105001296653
RUS.38_1,RUS,2010,5.14278040154917
RUS.43_1,RUS,2010,62.6400787789266
RUS.51_1,RUS,2010,1.42604222293314
RUS.65_1,RUS,2010,2.61151146554669
RUS.69_1,RUS,2010,0.825186835854598
RWA.2_1,RWA,2010,0.157130044843058
RWA.4_1,RWA,2010,0.103930402361343
SDN.12_1,SDN,2010,0.335413862338863
SEN.3_1,SEN,2010,0.228006146753745
SEN.8_1,SEN,2010,0.0388534684758321
SLB.1_1,SLB,2010,0
SLB.6_1,SLB,2010,0.00439439714364177
SLB.7_1,SLB,2010,0.0237162301505466
SLB.10_1,SLB,2010,0.0299292581171769
SLE.1_1,SLE,2010,0.0610441767068304
SLE.2_1,SLE,2010,0.0123393003677464
SLE.3_1,SLE,2010,0.0403545843426261
SLE.4_1,SLE,2010,1.21744966442954
SLV.5_1,SLV,2010,13.9839779005525
SLV.10_1,SLV,2010,23.9065238558909
SLV.12_1,SLV,2010,6.88110831234263
SLV.14_1,SLV,2010,5.21162185602779
SOM.1_1,SOM,2010,0.0293522927401902
SOM.8_1,SOM,2010,0.00400840382595384
SRB.2_1,SRB,2010,4.65486111111109
SRB.23_1,SRB,2010,1.89058971141784
SSD.8_1,SSD,2010,0.0293435630242432
SUR.3_1,SUR,2010,0.18972115910334
SUR.7_1,SUR,2010,49.3352272727273
SUR.10_1,SUR,2010,33.028880866426
SVK.1_1,SVK,2010,5.52188755020079
SVK.2_1,SVK,2010,24.5411193603658
SVK.3_1,SVK,2010,7.95710428957091
SVK.4_1,SVK,2010,13.0796082370667
SVK.5_1,SVK,2010,7.21318134171883
SVK.7_1,SVK,2010,16.6659322033897
SVN.2_1,SVN,2010,6.66500131475137
SVN.3_1,SVN,2010,9.5179034769071
SVN.5_1,SVN,2010,6.70066292707803
SVN.7_1,SVN,2010,16.1734980348119
SVN.9_1,SVN,2010,15.2641330166271
SVN.10_1,SVN,2010,12.9372894532263
SWE.5_1,SWE,2010,16.0631526104416
SWE.13_1,SWE,2010,24.4584353711208
SWE.14_1,SWE,2010,15.3586216197993
SWE.15_1,SWE,2010,27.6517857142864
SWE.16_1,SWE,2010,12.4851327581871
SWE.21_1,SWE,2010,15.0280890884086
SWZ.3_1,SWZ,2010,3.92576011938081
SYR.2_1,SYR,2010,9.22357903193473
SYR.11_1,SYR,2010,18.2325418994416
SYR.13_1,SYR,2010,6.15780835753114
TCD.3_1,TCD,2010,0.00117591870629733
TCD.5_1,TCD,2010,0.00109322933638776
TCD.22_1,TCD,2010,16.4728033472803
TGO.2_1,TGO,2010,0.112412620442091
TGO.3_1,TGO,2010,1.03595034660641
THA.3_1,THA,2010,55.8521878335112
THA.10_1,THA,2010,4.9557400748788
THA.25_1,THA,2010,1.897577092511
THA.31_1,THA,2010,6.01119169128844
THA.36_1,THA,2010,49.6814814814814
THA.70_1,THA,2010,5.01383817028638
TJK.2_1,TJK,2010,0.0236338919593292
TJK.3_1,TJK,2010,1.37794185509917
TJK.4_1,TJK,2010,0.901502038081567
TJK.5_1,TJK,2010,1.13069418916966
TLS.2_1,TLS,2010,0.140145985401459
TLS.4_1,TLS,2010,0.382236842105258
TLS.7_1,TLS,2010,2.51412429378532
TLS.11_1,TLS,2010,0.00560224089635856
TLS.13_1,TLS,2010,0.0465116279069767
TUN.5_1,TUN,2010,4.58507775119634
TUN.12_1,TUN,2010,10.6784498559832
TUN.16_1,TUN,2010,14.8409794539822
TUN.20_1,TUN,2010,13.6629272110618
TUN.23_1,TUN,2010,57.0428954423592
TUR.30_1,TUR,2010,1.06573530404255
TUR.39_1,TUR,2010,3.73143525741027
TUR.40_1,TUR,2010,28.1907371882716
TUR.70_1,TUR,2010,1.72406999652338
TZA.4_1,TZA,2010,0.201548003485532
TZA.15_1,TZA,2010,0.0946157552396887
TZA.20_1,TZA,2010,0.17372062800752
TZA.29_1,TZA,2010,1.10413223140496
UGA.48_1,UGA,2010,0
UKR.2_1,UKR,2010,2.95880571790742
UKR.5_1,UKR,2010,5.58960072561725
UKR.6_1,UKR,2010,8.96374312407285
UKR.9_1,UKR,2010,1.38205404392822
UKR.17_1,UKR,2010,2.93946780418437
UKR.19_1,UKR,2010,2.71415054960317
UKR.21_1,UKR,2010,4.05810784969929
USA.4_1,USA,2010,6.10889039895015
USA.7_1,USA,2010,29.6869966269686
USA.8_1,USA,2010,25.0438479493164
USA.10_1,USA,2010,15.7879625077492
USA.12_1,USA,2010,2.59222528638133
USA.14_1,USA,2010,14.2070224981828
USA.22_1,USA,2010,32.6104509249754
USA.24_1,USA,2010,8.28498907087738
USA.33_1,USA,2010,14.2528360325416
USA.37_1,USA,2010,5.71461773032734
USA.39_1,USA,2010,18.9010636511351
UZB.4_1,UZB,2010,2.04486099410326
UZB.10_1,UZB,2010,4.6432220789764
VEN.5_1,VEN,2010,1.74880087381906
VEN.21_1,VEN,2010,5.89528662420401
VEN.24_1,VEN,2010,8.05767294692935
VNM.4_1,VNM,2010,0.275207591933559
VNM.27_1,VNM,2010,20.7604113110541
VNM.57_1,VNM,2010,3.21524767801821
XKO.1_1,XKO,2010,6.70870113493066
XKO.3_1,XKO,2010,5.12900820283376
XKO.5_1,XKO,2010,8.78633836378075
XKO.6_1,XKO,2010,4.80121951219514
YEM.2_1,YEM,2010,1.20040324720112
YEM.19_1,YEM,2010,2.34758188051652
ZAF.1_1,ZAF,2010,1.26026031437293
ZAF.3_1,ZAF,2010,22.8043964232486
ZAF.4_1,ZAF,2010,3.54998056606043
ZMB.2_1,ZMB,2010,0.654173764906613
ZMB.6_1,ZMB,2010,0.0409621659520638
ZMB.9_1,ZMB,2010,0.126881610546226
ZWE.6_1,ZWE,2010,0.265545816733088
ZWE.9_1,ZWE,2010,0.117878264034225
ZWE.10_1,ZWE,2010,0.203241765845506
AFG.14_1,AFG,2011,5.14627450980384
AFG.15_1,AFG,2011,0.188537646769073
AFG.26_1,AFG,2011,0.0118675827607754
AGO.2_1,AGO,2011,0.2951245535092
AGO.11_1,AGO,2011,25.6147426981922
ALB.1_1,ALB,2011,4.851677852349
ALB.8_1,ALB,2011,1.45227817745802
ALB.10_1,ALB,2011,0.661951501154726
ALB.11_1,ALB,2011,8.33069620253164
ARE.1_1,ARE,2011,5.27598085268151
ARG.1_1,ARG,2011,2.22387052807034
ARG.6_1,ARG,2011,1.57337282560037
ARG.12_1,ARG,2011,0.403844552856154
ARG.14_1,ARG,2011,1.7700013215278
ARG.19_1,ARG,2011,0.742041524465903
ARG.20_1,ARG,2011,0.19041247515017
AUS.5_1,AUS,2011,0.525524698269898
AUS.7_1,AUS,2011,0.235371691457599
AUS.8_1,AUS,2011,0.130600348570991
AUT.3_1,AUT,2011,9.59035631764538
AUT.4_1,AUT,2011,10.1118519667128
AUT.6_1,AUT,2011,7.5643621766277
AUT.9_1,AUT,2011,53.6758241758242
AZE.1_1,AZE,2011,2.69468806883991
AZE.4_1,AZE,2011,2.83267052301772
AZE.7_1,AZE,2011,1.97478467107725
AZE.10_1,AZE,2011,1.35460420032307
BDI.2_1,BDI,2011,15.8675799086758
BDI.3_1,BDI,2011,0.908359133126926
BDI.4_1,BDI,2011,0.057212416311623
BDI.7_1,BDI,2011,0
BDI.14_1,BDI,2011,0
BEL.1_1,BEL,2011,61.8512110726644
BEL.2_1,BEL,2011,38.8537456623803
BEL.3_1,BEL,2011,19.28662869223
BEN.2_1,BEN,2011,0.0501104127739081
BEN.3_1,BEN,2011,3.9100751879701
BEN.4_1,BEN,2011,0.146482535981709
BFA.1_1,BFA,2011,0.0508326294195717
BFA.7_1,BFA,2011,6.11208151382815
BFA.10_1,BFA,2011,0.136460839347754
BGD.3_1,BGD,2011,4.81913797284107
BGD.4_1,BGD,2011,1.51149898219914
BGR.8_1,BGR,2011,2.47300944669369
BGR.14_1,BGR,2011,4.95771826233679
BGR.19_1,BGR,2011,3.91699507389168
BGR.22_1,BGR,2011,4.43443646581324
BGR.26_1,BGR,2011,3.42306777645662
BIH.2_1,BIH,2011,3.12165906856173
BIH.3_1,BIH,2011,2.59806646525715
BLR.1_1,BLR,2011,4.22694833000254
BLR.5_1,BLR,2011,4.57995450668211
BLR.6_1,BLR,2011,2.76326462723364
BOL.2_1,BOL,2011,0.713989181981827
BOL.3_1,BOL,2011,0.0426655881272507
BOL.5_1,BOL,2011,0.281118002968186
BOL.8_1,BOL,2011,0.153022291584193
BRA.10_1,BRA,2011,0.642626480088345
BRA.13_1,BRA,2011,1.59880623498917
BRA.17_1,BRA,2011,3.72267187243643
BRA.19_1,BRA,2011,10.1940028362442
BRA.25_1,BRA,2011,7.39876513099138
BRN.2_1,BRN,2011,48.8129139072847
BTN.7_1,BTN,2011,0.126687847498014
BTN.8_1,BTN,2011,0.618705035971224
BTN.10_1,BTN,2011,0.464011180992311
BTN.14_1,BTN,2011,0.745825602968455
BWA.1_1,BWA,2011,0.133575772603063
BWA.15_1,BWA,2011,0.107626601586329
CAF.15_1,CAF,2011,0.000847044872202012
CAF.14_1,CAF,2011,0.00386172069362456
CAF.17_1,CAF,2011,0.0661423414131009
CAN.2_1,CAN,2011,0.627329840509027
CAN.9_1,CAN,2011,1.31004767362532
CAN.11_1,CAN,2011,0.975376004544939
CHE.1_1,CHE,2011,31.6220657276995
CHE.2_1,CHE,2011,20.7899761336515
CHE.5_1,CHE,2011,55.0833333333333
CHE.6_1,CHE,2011,11.9636467236475
CHE.7_1,CHE,2011,15.0640612409347
CHE.10_1,CHE,2011,4.8522472877563
CHE.12_1,CHE,2011,16.7168269230769
CHE.13_1,CHE,2011,14.0270042194093
CHE.16_1,CHE,2011,16.9742284441615
CHE.21_1,CHE,2011,7.24271248849351
CHE.23_1,CHE,2011,7.32780872164102
CHE.24_1,CHE,2011,16.097153610915
CHE.25_1,CHE,2011,29.1594202898551
CHE.26_1,CHE,2011,36.1578750467641
CHL.11_1,CHL,2011,0.036251373785686
CHL.14_1,CHL,2011,7.20395165039565
CHL.16_1,CHL,2011,3.52503188775503
CHN.2_1,CHN,2011,19.6840209692242
CHN.15_1,CHN,2011,18.2982922287416
CHN.26_1,CHN,2011,1.37721755657077
CHN.31_1,CHN,2011,11.6124778270859
CIV.5_1,CIV,2011,1.01175337186899
CIV.6_1,CIV,2011,0.917710072342805
CIV.8_1,CIV,2011,0.0856840458331437
CIV.13_1,CIV,2011,4.81102362204721
CMR.10_1,CMR,2011,0.0521636040308083
COD.18_1,COD,2011,0.0127148134268459
COD.22_1,COD,2011,0.0549314562139229
COD.24_1,COD,2011,0.00923061734894545
COG.4_1,COG,2011,0.0348247520547604
COG.8_1,COG,2011,0.0749989962661299
COL.2_1,COL,2011,2.06425415185779
COL.13_1,COL,2011,2.06229302471464
COL.14_1,COL,2011,6.05393896380454
COL.22_1,COL,2011,1.30811699753329
COL.25_1,COL,2011,5.79686829686848
CRI.4_1,CRI,2011,6.12705210563882
CRI.7_1,CRI,2011,8.53363836637883
CUB.7_1,CUB,2011,3.00105657477655
CUB.16_1,CUB,2011,2.92126129448634
CZE.2_1,CZE,2011,11.0675547996975
CZE.5_1,CZE,2011,13.9321348940914
CZE.7_1,CZE,2011,15.6042643923237
CZE.8_1,CZE,2011,12.0633030397995
CZE.10_1,CZE,2011,8.10032919347615
CZE.11_1,CZE,2011,55.6291240045506
CZE.12_1,CZE,2011,12.9945097604262
CZE.14_1,CZE,2011,13.697324917343
DEU.3_1,DEU,2011,52.6063454759107
DEU.6_1,DEU,2011,49.2558945908462
DEU.9_1,DEU,2011,10.8692183547574
DEU.10_1,DEU,2011,22.9414388653772
DEU.11_1,DEU,2011,13.8922692987126
DNK.1_1,DNK,2011,20.0304279544562
DNK.2_1,DNK,2011,8.61627637375369
DNK.3_1,DNK,2011,7.1408958535572
DNK.5_1,DNK,2011,9.70854325222437
DOM.26_1,DOM,2011,2.46609465817881
DOM.30_1,DOM,2011,4.0735402808573
DZA.6_1,DZA,2011,5.03066984810569
DZA.19_1,DZA,2011,6.56051587301585
DZA.26_1,DZA,2011,3.24129609115395
DZA.31_1,DZA,2011,0.33950190245588
DZA.39_1,DZA,2011,8.17574004763521
DZA.48_1,DZA,2011,5.35384615384664
ECU.1_1,ECU,2011,4.40611053896342
ECU.10_1,ECU,2011,7.5030868845051
ECU.12_1,ECU,2011,1.05037713008659
ECU.17_1,ECU,2011,4.30313502838854
ECU.19_1,ECU,2011,4.26806983194656
EGY.9_1,EGY,2011,46.6890630832399
EGY.11_1,EGY,2011,28.405696689761
EGY.16_1,EGY,2011,39.4462739531577
ERI.1_1,ERI,2011,1.63059701492536
ESP.1_1,ESP,2011,8.37909988126569
ESP.5_1,ESP,2011,4.90554529476612
ESP.8_1,ESP,2011,31.1372341292486
ESP.12_1,ESP,2011,9.21212475861584
EST.1_1,EST,2011,8.61330265176442
EST.8_1,EST,2011,2.38293650793653
EST.13_1,EST,2011,5.41196528208312
EST.14_1,EST,2011,2.83838126749808
EST.15_1,EST,2011,2.14722702487034
ETH.5_1,ETH,2011,2.29912490055689
ETH.8_1,ETH,2011,0.106287662433543
ETH.9_1,ETH,2011,0.00836645180049243
ETH.10_1,ETH,2011,0.0786125945975792
ETH.11_1,ETH,2011,0.202724279997619
FIN.4_1,FIN,2011,7.99431136960934
FIN.5_1,FIN,2011,6.95185158780423
FJI.2_1,FJI,2011,0.0600896860986545
FJI.3_1,FJI,2011,0.256876663708969
FJI.5_1,FJI,2011,0.266449511400652
FRA.7_1,FRA,2011,18.4215414382457
FRA.8_1,FRA,2011,27.6810348920015
FRA.9_1,FRA,2011,10.6090986676774
FRA.10_1,FRA,2011,7.12319006719479
FRA.11_1,FRA,2011,8.06080786532267
GAB.2_1,GAB,2011,0.182577380397988
GAB.3_1,GAB,2011,0.0655294556301319
GAB.4_1,GAB,2011,0.320782746785576
GBR.1_1,GBR,2011,18.4815880631217
GBR.3_1,GBR,2011,4.64058622829036
GBR.4_1,GBR,2011,9.46645162942085
GEO.3_1,GEO,2011,0.95586206896551
GEO.4_1,GEO,2011,1.91811846689899
GEO.11_1,GEO,2011,2.45147367122949
GHA.1_1,GHA,2011,1.15701282581706
GHA.5_1,GHA,2011,10.4169154228861
GHA.6_1,GHA,2011,0.142897162226584
GHA.10_1,GHA,2011,0.741819586633089
GIN.1_1,GIN,2011,0.0680188781208412
GIN.2_1,GIN,2011,12.9779559118237
GIN.5_1,GIN,2011,0.0571010812266787
GIN.8_1,GIN,2011,0.0138299257715894
GMB.3_1,GMB,2011,0.0707500818866667
GMB.5_1,GMB,2011,0.0207522697795072
GMB.6_1,GMB,2011,2.83995815899592
GNB.1_1,GNB,2011,0
GNB.5_1,GNB,2011,0
GNB.8_1,GNB,2011,0
GNQ.7_1,GNQ,2011,0.217546848381605
GRC.1_1,GRC,2011,5.79976477506608
GRC.3_1,GRC,2011,27.7971941040667
GRC.4_1,GRC,2011,5.67127071823186
GTM.7_1,GTM,2011,23.2136431784107
GTM.11_1,GTM,2011,3.56453900709219
GTM.22_1,GTM,2011,2.32539091586003
GUY.3_1,GUY,2011,3.66580645161293
GUY.4_1,GUY,2011,0.0547100657782401
GUY.5_1,GUY,2011,0.915422885572161
GUY.6_1,GUY,2011,0.357358653431188
HND.1_1,HND,2011,2.17327811682658
HND.3_1,HND,2011,1.01010211924889
HND.8_1,HND,2011,1.71333098839258
HND.13_1,HND,2011,0.771136709410999
HND.15_1,HND,2011,0.573163001609124
HND.18_1,HND,2011,1.59061396514408
HRV.4_1,HRV,2011,19.6937198067631
HRV.8_1,HRV,2011,12.0210148641722
HRV.13_1,HRV,2011,7.69475813247934
HRV.16_1,HRV,2011,9.95309437132469
HRV.18_1,HRV,2011,4.9503239740821
HTI.2_1,HTI,2011,0.0320000000000006
HTI.4_1,HTI,2011,0.812641083521447
HTI.5_1,HTI,2011,0.53309608540926
HTI.8_1,HTI,2011,1.2568935427574
HTI.10_1,HTI,2011,0.596726677577736
HUN.6_1,HUN,2011,3.85888851690663
HUN.7_1,HUN,2011,5.79114931550462
HUN.9_1,HUN,2011,5.72444348389878
HUN.15_1,HUN,2011,3.17739780924383
HUN.19_1,HUN,2011,5.09235951072502
IDN.10_1,IDN,2011,8.51153732373553
IDN.11_1,IDN,2011,8.70769775854842
IDN.26_1,IDN,2011,1.21960444854245
IDN.33_1,IDN,2011,9.65419354838694
IND.5_1,IND,2011,1.74856475300341
IND.11_1,IND,2011,5.83851908656147
IND.16_1,IND,2011,6.56014743661352
IND.19_1,IND,2011,2.14996209092486
IND.25_1,IND,2011,56.4892446223112
IND.32_1,IND,2011,8.26429593852284
IND.34_1,IND,2011,4.05702510083573
IND.36_1,IND,2011,6.68760222440279
IRN.13_1,IRN,2011,1.42866955924398
IRN.24_1,IRN,2011,1.77873710686071
IRN.25_1,IRN,2011,0.607548344171962
IRN.30_1,IRN,2011,0.785280839894254
IRQ.9_1,IRQ,2011,9.44730525856414
IRQ.14_1,IRQ,2011,2.85955414012735
IRQ.17_1,IRQ,2011,2.85235901904693
ISL.1_1,ISL,2011,0.341574356504504
ISL.3_1,ISL,2011,16.4418145956608
ITA.2_1,ITA,2011,26.1748587719752
ITA.6_1,ITA,2011,21.1719238507967
ITA.8_1,ITA,2011,16.8193666523043
ITA.10_1,ITA,2011,25.2093546274928
ITA.13_1,ITA,2011,15.5743372146577
ITA.16_1,ITA,2011,13.0825767742961
JOR.2_1,JOR,2011,7.27118288590646
JPN.1_1,JPN,2011,36.6121562952242
JPN.2_1,JPN,2011,8.71565883927462
JPN.4_1,JPN,2011,32.3828708268766
JPN.7_1,JPN,2011,30.2896346010434
JPN.10_1,JPN,2011,16.6322199445309
JPN.11_1,JPN,2011,12.2108417568646
JPN.15_1,JPN,2011,14.6183028286189
JPN.19_1,JPN,2011,43.1067931456548
JPN.30_1,JPN,2011,7.56228501228478
JPN.31_1,JPN,2011,13.6606624637235
JPN.33_1,JPN,2011,48.6439330543933
JPN.37_1,JPN,2011,5.37172894526341
JPN.41_1,JPN,2011,46.8775671406005
JPN.46_1,JPN,2011,10.8580487804884
KAZ.1_1,KAZ,2011,0.357785354224669
KEN.1_1,KEN,2011,0.0097388968180696
KEN.30_1,KEN,2011,33.5528255528255
KEN.36_1,KEN,2011,2.1641791044776
KEN.44_1,KEN,2011,0.728857142857156
KGZ.3_1,KGZ,2011,2.10025169574745
KGZ.4_1,KGZ,2011,0.54816267877074
KGZ.7_1,KGZ,2011,1.18041062665663
KGZ.9_1,KGZ,2011,0.319503756117318
KHM.3_1,KHM,2011,0.277682718161813
KHM.16_1,KHM,2011,28.7961165048544
KHM.25_1,KHM,2011,0.238095238095236
KOR.4_1,KOR,2011,37.8016997167137
KOR.9_1,KOR,2011,15.2492126272616
KOR.10_1,KOR,2011,19.6889247064238
KOR.14_1,KOR,2011,16.2317831844784
KOR.16_1,KOR,2011,62.7247820672478
LAO.1_1,LAO,2011,0.0981250000000022
LAO.4_1,LAO,2011,0.281493868450374
LAO.12_1,LAO,2011,0.188021678072662
LBN.3_1,LBN,2011,62.9666666666667
LBN.4_1,LBN,2011,11.2067696835909
LBN.5_1,LBN,2011,30.3095392602206
LBN.7_1,LBN,2011,18.5744286596665
LBN.8_1,LBN,2011,22.1798002219756
LBR.2_1,LBR,2011,0.0951388888888896
LBR.6_1,LBR,2011,0.0351165980795643
LBR.11_1,LBR,2011,1.66185897435899
LBR.12_1,LBR,2011,0.0673365673365762
LBR.15_1,LBR,2011,0
LKA.5_1,LKA,2011,32.7864450127877
LKA.7_1,LKA,2011,24.7669519420673
LKA.8_1,LKA,2011,5.36578581363018
LKA.11_1,LKA,2011,8.05874316939892
LKA.17_1,LKA,2011,8.90414683888516
LTU.2_1,LTU,2011,5.60417457305499
LTU.3_1,LTU,2011,3.32083383251462
LTU.5_1,LTU,2011,4.31817455242981
LTU.8_1,LTU,2011,3.67191926345601
LTU.10_1,LTU,2011,3.74544582933852
LUX.1_1,LUX,2011,14.0507836990595
LUX.2_1,LUX,2011,17.2486772486772
LUX.3_1,LUX,2011,23.7
LVA.2_1,LVA,2011,1.511313997875
LVA.3_1,LVA,2011,2.64600638977635
LVA.4_1,LVA,2011,1.54344798028493
LVA.5_1,LVA,2011,2.0467642646526
MAR.10_1,MAR,2011,1.11170330890604
MAR.11_1,MAR,2011,3.35441027862036
MDG.1_1,MDG,2011,0.00658428790475439
MDG.2_1,MDG,2011,0.0192073064454288
MDG.4_1,MDG,2011,0.00441925581082003
MDG.5_1,MDG,2011,0.0250278179130875
MEX.9_1,MEX,2011,39.8162106350024
MEX.15_1,MEX,2011,19.2294880785388
MEX.16_1,MEX,2011,3.43397070960196
MEX.27_1,MEX,2011,7.52292568131766
MLI.3_1,MLI,2011,0.0399768977726401
MLI.5_1,MLI,2011,0.019488401366668
MLI.6_1,MLI,2011,0.0175746924428761
MLI.7_1,MLI,2011,0.0417610271966076
MLI.8_1,MLI,2011,0.0741763447846385
MLT.1_1,MLT,2011,62.9285714285714
MLT.5_1,MLT,2011,60.02
MMR.1_1,MMR,2011,0.749380074051529
MMR.8_1,MMR,2011,1.99624070317763
MMR.15_1,MMR,2011,6.63811666398904
MNG.9_1,MNG,2011,0.0244833589669497
MNG.13_1,MNG,2011,0.0118715920068222
MNG.22_1,MNG,2011,0.0408928526184977
MOZ.1_1,MOZ,2011,0.0239242326137832
MOZ.2_1,MOZ,2011,0.123095989184292
MOZ.7_1,MOZ,2011,0.14189151997537
MRT.1_1,MRT,2011,0.00100723339790975
MRT.2_1,MRT,2011,0.0134858799471962
MRT.3_1,MRT,2011,0.0187457725384097
MRT.5_1,MRT,2011,0.031902635748235
MWI.9_1,MWI,2011,0.259456080025034
MWI.11_1,MWI,2011,0.321688293169838
MWI.12_1,MWI,2011,0.147906976744181
MWI.27_1,MWI,2011,0.582541567695968
MWI.28_1,MWI,2011,0.450887573964495
MYS.1_1,MYS,2011,10.6321036409192
MYS.2_1,MYS,2011,9.78470281349003
MYS.8_1,MYS,2011,3.43504485935991
MYS.11_1,MYS,2011,44.1954484605087
NAM.7_1,NAM,2011,0.225935401343156
NAM.9_1,NAM,2011,0.111073336571169
NAM.12_1,NAM,2011,0.039362195687733
NER.2_1,NER,2011,0.137902064330276
NER.3_1,NER,2011,0.0534004419346957
NER.5_1,NER,2011,21.6128364389234
NER.6_1,NER,2011,0.0505899692869503
NER.7_1,NER,2011,0.03301183691363
NER.8_1,NER,2011,0.0136442755806901
NGA.6_1,NGA,2011,11.9851148944087
NGA.20_1,NGA,2011,1.39858037578304
NGA.21_1,NGA,2011,0.476361675355016
NGA.25_1,NGA,2011,18.69061302682
NGA.27_1,NGA,2011,0.285441204407426
NGA.28_1,NGA,2011,3.00206414734837
NIC.4_1,NIC,2011,4.65636363636362
NIC.6_1,NIC,2011,0.470858668248561
NIC.13_1,NIC,2011,3.77830974188188
NIC.14_1,NIC,2011,11.7727272727273
NIC.18_1,NIC,2011,1.32003710575139
NLD.12_1,NLD,2011,17.7101581508516
NLD.14_1,NLD,2011,39.8943479129215
NOR.1_1,NOR,2011,19.8696917341095
NOR.2_1,NOR,2011,14.9623679577464
NOR.4_1,NOR,2011,5.71234069730244
NOR.7_1,NOR,2011,4.47066153149091
NOR.8_1,NOR,2011,4.66749919432829
NOR.19_1,NOR,2011,22.9156918112143
NPL.1_1,NPL,2011,0.371419553381207
NPL.2_1,NPL,2011,0.337950138504098
NPL.3_1,NPL,2011,0.0676283361560428
NPL.5_1,NPL,2011,0.0371961250228484
NZL.2_1,NZL,2011,2.21262429744917
NZL.3_1,NZL,2011,0.468072056215616
NZL.14_1,NZL,2011,10.5419847328244
NZL.15_1,NZL,2011,1.69737244118542
NZL.17_1,NZL,2011,1.33953488372111
NZL.18_1,NZL,2011,2.53657712451432
OMN.9_1,OMN,2011,0.949477493595851
PAK.2_1,PAK,2011,0.324594241368768
PAK.5_1,PAK,2011,3.93297579231227
PAK.7_1,PAK,2011,6.26902746564086
PAK.8_1,PAK,2011,2.98603427744315
PAN.7_1,PAN,2011,1.60986717267556
PAN.9_1,PAN,2011,1.4902203515722
PAN.12_1,PAN,2011,0.840020186727231
PER.2_1,PER,2011,1.11221056304676
PER.3_1,PER,2011,0.348772376014819
PER.8_1,PER,2011,0.352622166480814
PER.15_1,PER,2011,30.2659442724458
PER.25_1,PER,2011,1.62362063823436
PHL.36_1,PHL,2011,2.59799818016376
PHL.47_1,PHL,2011,60.9919224555735
PHL.61_1,PHL,2011,4.23170731707317
PHL.71_1,PHL,2011,0.307032590051458
PNG.4_1,PNG,2011,0.101760412194064
PNG.8_1,PNG,2011,0.0394527424094102
PNG.9_1,PNG,2011,0.111617532971287
PNG.19_1,PNG,2011,0.377304789011234
PNG.21_1,PNG,2011,0.240487804878043
POL.1_1,POL,2011,13.3478148731915
POL.2_1,POL,2011,11.4544037650508
POL.4_1,POL,2011,11.5098297663198
POL.6_1,POL,2011,17.1601901767
POL.7_1,POL,2011,13.0490128316836
POL.8_1,POL,2011,11.1724137931033
POL.11_1,POL,2011,10.6682418074034
POL.14_1,POL,2011,7.71645813703788
POL.16_1,POL,2011,6.42825884543778
PRK.11_1,PRK,2011,0.348387096774191
PRT.9_1,PRT,2011,14.3117283950608
PRT.12_1,PRT,2011,39.4338070306656
PRY.6_1,PRY,2011,1.05240793201143
PRY.12_1,PRY,2011,2.24761688606449
PRY.13_1,PRY,2011,1.62765790711023
ROU.1_1,ROU,2011,5.480628373169
ROU.14_1,ROU,2011,7.18223151768665
ROU.15_1,ROU,2011,4.58718107177535
ROU.17_1,ROU,2011,8.78089716203838
ROU.35_1,ROU,2011,5.06405774219025
ROU.36_1,ROU,2011,5.37230621878661
ROU.39_1,ROU,2011,1.70516024698614
ROU.40_1,ROU,2011,4.15261257434148
RUS.14_1,RUS,2011,46.3598379876358
RUS.28_1,RUS,2011,0.0963559955101108
RUS.32_1,RUS,2011,0.809735066831743
RUS.38_1,RUS,2011,3.04473218882316
RUS.43_1,RUS,2011,62.3924175283112
RUS.51_1,RUS,2011,1.17598704119367
RUS.65_1,RUS,2011,2.33556990375989
RUS.69_1,RUS,2011,0.74678389319268
RWA.2_1,RWA,2011,0.185829596412566
RWA.4_1,RWA,2011,0.111076588472895
SDN.12_1,SDN,2011,0.291805473044355
SEN.3_1,SEN,2011,0.225509028044562
SEN.8_1,SEN,2011,0.025938640945994
SLB.1_1,SLB,2011,0
SLB.6_1,SLB,2011,0
SLB.7_1,SLB,2011,0.0148484223551251
SLB.10_1,SLB,2011,0.0232178487212046
SLE.1_1,SLE,2011,0.05629791894852
SLE.2_1,SLE,2011,0.0356198522930996
SLE.3_1,SLE,2011,0.0281399783538624
SLE.4_1,SLE,2011,1.66442953020134
SLV.5_1,SLV,2011,11.16408839779
SLV.10_1,SLV,2011,21.5404089581304
SLV.12_1,SLV,2011,5.31385390428214
SLV.14_1,SLV,2011,3.44058976582826
SOM.1_1,SOM,2011,0.0219816058965524
SOM.8_1,SOM,2011,0.00287499308895785
SRB.2_1,SRB,2011,4.12795138888882
SRB.23_1,SRB,2011,2.31066499372647
SSD.8_1,SSD,2011,0.0401076407775394
SUR.3_1,SUR,2011,0.0880262438490963
SUR.7_1,SUR,2011,46.8522727272727
SUR.10_1,SUR,2011,28.4079422382671
SVK.1_1,SVK,2011,4.17965194109781
SVK.2_1,SVK,2011,17.5157053112511
SVK.3_1,SVK,2011,6.35396460353962
SVK.4_1,SVK,2011,8.91549472626801
SVK.5_1,SVK,2011,5.18841719077556
SVK.7_1,SVK,2011,10.8359322033898
SVN.2_1,SVN,2011,5.27031291085998
SVN.3_1,SVN,2011,5.98313440581222
SVN.5_1,SVN,2011,4.57725650178478
SVN.7_1,SVN,2011,9.61959573273433
SVN.9_1,SVN,2011,10.1040380047506
SVN.10_1,SVN,2011,8.34076185540298
SWE.5_1,SWE,2011,9.26787148594418
SWE.13_1,SWE,2011,12.9676299033802
SWE.14_1,SWE,2011,10.166835255243
SWE.15_1,SWE,2011,20.0605229591846
SWE.16_1,SWE,2011,7.67534969427889
SWE.21_1,SWE,2011,9.30376365331663
SWZ.3_1,SWZ,2011,3.3197164708076
SYR.2_1,SYR,2011,7.83920465957028
SYR.11_1,SYR,2011,14.4577513966479
SYR.13_1,SYR,2011,5.11753566468963
TCD.3_1,TCD,2011,0.000817754787666003
TCD.5_1,TCD,2011,0.000914528387172099
TCD.22_1,TCD,2011,16.1506276150627
TGO.2_1,TGO,2011,0.0700925750991871
TGO.3_1,TGO,2011,1.02950185394155
THA.3_1,THA,2011,54.8121664887941
THA.10_1,THA,2011,3.35289320532294
THA.25_1,THA,2011,1.31442731277532
THA.31_1,THA,2011,4.70265914585024
THA.36_1,THA,2011,43.3037037037037
THA.70_1,THA,2011,3.96213722852205
TJK.2_1,TJK,2011,0.0132265109645336
TJK.3_1,TJK,2011,1.09364905399176
TJK.4_1,TJK,2011,0.68094254285521
TJK.5_1,TJK,2011,0.914859324190566
TLS.2_1,TLS,2011,0.039416058394161
TLS.4_1,TLS,2011,0.294078947368419
TLS.7_1,TLS,2011,3.44915254237289
TLS.11_1,TLS,2011,0.0291316526610645
TLS.13_1,TLS,2011,0.0558139534883723
TUN.5_1,TUN,2011,4.0088217703348
TUN.12_1,TUN,2011,8.35925634982992
TUN.16_1,TUN,2011,12.3017168589925
TUN.20_1,TUN,2011,10.8502478476388
TUN.23_1,TUN,2011,54
TUR.30_1,TUR,2011,0.963622865627361
TUR.39_1,TUR,2011,3.36224648985954
TUR.40_1,TUR,2011,24.5939983557154
TUR.70_1,TUR,2011,1.71479893382782
TZA.4_1,TZA,2011,0.147316623096982
TZA.15_1,TZA,2011,0.0938930378222003
TZA.20_1,TZA,2011,0.132239822977809
TZA.29_1,TZA,2011,0.945454545454545
UGA.48_1,UGA,2011,0.0172562553925799
UKR.2_1,UKR,2011,1.8541475952392
UKR.5_1,UKR,2011,5.08859189604406
UKR.6_1,UKR,2011,7.40939055269291
UKR.9_1,UKR,2011,1.06240340935692
UKR.17_1,UKR,2011,2.45031669528888
UKR.19_1,UKR,2011,1.9893140392373
UKR.21_1,UKR,2011,2.72021703795807
USA.4_1,USA,2011,5.1362582412179
USA.7_1,USA,2011,26.5619191849637
USA.8_1,USA,2011,17.9868289429809
USA.10_1,USA,2011,14.5518831626817
USA.12_1,USA,2011,2.24565125159104
USA.14_1,USA,2011,11.0538602359924
USA.22_1,USA,2011,29.7663797533407
USA.24_1,USA,2011,6.53020295457413
USA.33_1,USA,2011,12.1038790208162
USA.37_1,USA,2011,5.10081811871506
USA.39_1,USA,2011,15.6395902144169
UZB.4_1,UZB,2011,1.27018393709616
UZB.10_1,UZB,2011,3.06278947619739
VEN.5_1,VEN,2011,1.49805290402262
VEN.21_1,VEN,2011,5.34097664543533
VEN.24_1,VEN,2011,6.79131310225814
VNM.4_1,VNM,2011,0.288058521154595
VNM.27_1,VNM,2011,19.2419023136249
VNM.57_1,VNM,2011,2.59674922600628
XKO.1_1,XKO,2011,6.12988650693568
XKO.3_1,XKO,2011,4.91237882177476
XKO.5_1,XKO,2011,7.70969023034156
XKO.6_1,XKO,2011,4.18902439024388
YEM.2_1,YEM,2011,0.832493234997605
YEM.19_1,YEM,2011,1.31395433656725
ZAF.1_1,ZAF,2011,1.07131917040586
ZAF.3_1,ZAF,2011,20.6046944858423
ZAF.4_1,ZAF,2011,2.98953217200646
ZMB.2_1,ZMB,2011,0.614873994008332
ZMB.6_1,ZMB,2011,0.0259957392875366
ZMB.9_1,ZMB,2011,0.0971028562669512
ZWE.6_1,ZWE,2011,0.208892430278903
ZWE.9_1,ZWE,2011,0.105286143208064
ZWE.10_1,ZWE,2011,0.209988236922289
AFG.14_1,AFG,2012,6.95176470588252
AFG.15_1,AFG,2012,0.247195993102945
AFG.26_1,AFG,2012,0.00324797001873809
AGO.2_1,AGO,2012,0.334694066892368
AGO.11_1,AGO,2012,28.1877607788597
ALB.1_1,ALB,2012,4.82885906040273
ALB.8_1,ALB,2012,1.5347721822542
ALB.10_1,ALB,2012,0.708140877598151
ALB.11_1,ALB,2012,8.52056962025318
ARE.1_1,ARE,2012,5.96693956068615
ARG.1_1,ARG,2012,2.36694230752322
ARG.6_1,ARG,2012,1.65067052734734
ARG.12_1,ARG,2012,0.443347375081036
ARG.14_1,ARG,2012,2.00724197171917
ARG.19_1,ARG,2012,0.798986428644656
ARG.20_1,ARG,2012,0.219979494543154
AUS.5_1,AUS,2012,0.592541813200634
AUS.7_1,AUS,2012,0.268538421187973
AUS.8_1,AUS,2012,0.141082444594921
AUT.3_1,AUT,2012,12.4357898577169
AUT.4_1,AUT,2012,12.2387450250689
AUT.6_1,AUT,2012,9.25419268510361
AUT.9_1,AUT,2012,58.0741758241758
AZE.1_1,AZE,2012,3.6634122124773
AZE.4_1,AZE,2012,3.53060978549018
AZE.7_1,AZE,2012,2.72462863562593
AZE.10_1,AZE,2012,2.04361873990307
BDI.2_1,BDI,2012,19.8447488584475
BDI.3_1,BDI,2012,1.12260061919504
BDI.4_1,BDI,2012,0.040474741326841
BDI.7_1,BDI,2012,0
BDI.14_1,BDI,2012,0
BEL.1_1,BEL,2012,61.7474048442907
BEL.2_1,BEL,2012,44.0203102674015
BEL.3_1,BEL,2012,22.274472957893
BEN.2_1,BEN,2012,0.0559283166298471
BEN.3_1,BEN,2012,4.61383458646598
BEN.4_1,BEN,2012,0.171636102766449
BFA.1_1,BFA,2012,0.0684204175214239
BFA.7_1,BFA,2012,7.04395924308583
BFA.10_1,BFA,2012,0.152298850574705
BGD.3_1,BGD,2012,5.29519277400535
BGD.4_1,BGD,2012,1.3460955433323
BGR.8_1,BGR,2012,3.1104363472784
BGR.14_1,BGR,2012,6.40731758751569
BGR.19_1,BGR,2012,5.03596059113306
BGR.22_1,BGR,2012,5.81220730565086
BGR.26_1,BGR,2012,3.02045184304401
BIH.2_1,BIH,2012,3.32358988111191
BIH.3_1,BIH,2012,2.98845921450122
BLR.1_1,BLR,2012,4.74638880959182
BLR.5_1,BLR,2012,5.26272391242506
BLR.6_1,BLR,2012,2.86750086362445
BOL.2_1,BOL,2012,0.789866820199711
BOL.3_1,BOL,2012,0.0484517319224667
BOL.5_1,BOL,2012,0.30467293276016
BOL.8_1,BOL,2012,0.146814656075696
BRA.10_1,BRA,2012,0.776354330543804
BRA.13_1,BRA,2012,1.87218367230234
BRA.17_1,BRA,2012,4.43418358973418
BRA.19_1,BRA,2012,11.8896850276127
BRA.25_1,BRA,2012,8.23182034068383
BRN.2_1,BRN,2012,49.5761589403973
BTN.7_1,BTN,2012,0.106036536934076
BTN.8_1,BTN,2012,0.588729016786575
BTN.10_1,BTN,2012,0.590496156533885
BTN.14_1,BTN,2012,0.971243042671603
BWA.1_1,BWA,2012,0.16200728695307
BWA.15_1,BWA,2012,0.143258084197693
CAF.15_1,CAF,2012,0
CAF.14_1,CAF,2012,0.00196799227655883
CAF.17_1,CAF,2012,0.0136668385765864
CAN.2_1,CAN,2012,0.585621901986801
CAN.9_1,CAN,2012,1.12830215198922
CAN.11_1,CAN,2012,0.933937392293641
CHE.1_1,CHE,2012,36.3549295774649
CHE.2_1,CHE,2012,22.618138424821
CHE.5_1,CHE,2012,57.375
CHE.6_1,CHE,2012,14.7168091168092
CHE.7_1,CHE,2012,18.3102336825141
CHE.10_1,CHE,2012,5.48217668331315
CHE.12_1,CHE,2012,20.3899038461539
CHE.13_1,CHE,2012,17.8978902953587
CHE.16_1,CHE,2012,19.6045179764559
CHE.21_1,CHE,2012,8.25744093280158
CHE.23_1,CHE,2012,8.41421002581167
CHE.24_1,CHE,2012,18.9687132439426
CHE.25_1,CHE,2012,32.0144927536232
CHE.26_1,CHE,2012,40.5592966704076
CHL.11_1,CHL,2012,0.0430940691118089
CHL.14_1,CHL,2012,7.70729893073046
CHL.16_1,CHL,2012,3.94648171768652
CHN.2_1,CHN,2012,20.3831285765742
CHN.15_1,CHN,2012,18.5792039484702
CHN.26_1,CHN,2012,1.40809067239184
CHN.31_1,CHN,2012,11.897904309363
CIV.5_1,CIV,2012,1.02292870905584
CIV.6_1,CIV,2012,0.997843628269346
CIV.8_1,CIV,2012,0.1488196585523
CIV.13_1,CIV,2012,5.54455035225859
CMR.10_1,CMR,2012,0.0762175147412213
COD.18_1,COD,2012,0.010385994967609
COD.22_1,COD,2012,0.0635295630233078
COD.24_1,COD,2012,0.0104646571014949
COG.4_1,COG,2012,0.0465412575882398
COG.8_1,COG,2012,0.0802585618500779
COL.2_1,COL,2012,2.30598759509631
COL.13_1,COL,2012,2.26701990448603
COL.14_1,COL,2012,6.86702028314261
COL.22_1,COL,2012,1.31148439641348
COL.25_1,COL,2012,6.8691548691548
CRI.4_1,CRI,2012,6.96538187009249
CRI.7_1,CRI,2012,8.71869174716154
CUB.7_1,CUB,2012,2.96782249543745
CUB.16_1,CUB,2012,2.8488843813388
CZE.2_1,CZE,2012,14.0021730914585
CZE.5_1,CZE,2012,18.4969342251951
CZE.7_1,CZE,2012,18.5568230277193
CZE.8_1,CZE,2012,15.45675336885
CZE.10_1,CZE,2012,9.870641927278
CZE.11_1,CZE,2012,57.7133105802048
CZE.12_1,CZE,2012,15.9785381543926
CZE.14_1,CZE,2012,16.9047189660355
DEU.3_1,DEU,2012,56.5358401880142
DEU.6_1,DEU,2012,51.0693481276007
DEU.9_1,DEU,2012,11.7555713255581
DEU.10_1,DEU,2012,24.8383686541082
DEU.11_1,DEU,2012,16.2061239940552
DNK.1_1,DNK,2012,25.1921868865333
DNK.2_1,DNK,2012,11.3410619058658
DNK.3_1,DNK,2012,9.13548744972942
DNK.5_1,DNK,2012,11.515328545396
DOM.26_1,DOM,2012,2.29947412122891
DOM.30_1,DOM,2012,4.25979305247582
DZA.6_1,DZA,2012,6.25693999883672
DZA.19_1,DZA,2012,7.09077380952378
DZA.26_1,DZA,2012,3.83537743313857
DZA.31_1,DZA,2012,0.34389978751792
DZA.39_1,DZA,2012,9.74583191561752
DZA.48_1,DZA,2012,5.9229984301409
ECU.1_1,ECU,2012,5.03947820116718
ECU.10_1,ECU,2012,8.77970185213085
ECU.12_1,ECU,2012,1.17217618027747
ECU.17_1,ECU,2012,4.64551962478373
ECU.19_1,ECU,2012,5.03148963941909
EGY.9_1,EGY,2012,47.8786860768945
EGY.11_1,EGY,2012,29.2832948421868
EGY.16_1,EGY,2012,40.3168204400286
ERI.1_1,ERI,2012,1.39701492537314
ESP.1_1,ESP,2012,8.36128116651506
ESP.5_1,ESP,2012,4.7601879710452
ESP.8_1,ESP,2012,32.1144161030064
ESP.12_1,ESP,2012,8.72192638539463
EST.1_1,EST,2012,11.2447950909494
EST.8_1,EST,2012,3.19157848324512
EST.13_1,EST,2012,6.69249845009307
EST.14_1,EST,2012,3.44031560193433
EST.15_1,EST,2012,2.98975927649949
ETH.5_1,ETH,2012,2.22354813046938
ETH.8_1,ETH,2012,0.12239682544065
ETH.9_1,ETH,2012,0.0100900256869933
ETH.10_1,ETH,2012,0.0816771120378578
ETH.11_1,ETH,2012,0.190423623568381
FIN.4_1,FIN,2012,11.0330603811099
FIN.5_1,FIN,2012,9.29531705130948
FJI.2_1,FJI,2012,0.0860986547085192
FJI.3_1,FJI,2012,0.526175687666353
FJI.5_1,FJI,2012,0.349837133550484
FRA.7_1,FRA,2012,20.0199505535865
FRA.8_1,FRA,2012,28.3532874436292
FRA.9_1,FRA,2012,11.530866246268
FRA.10_1,FRA,2012,7.3857956649792
FRA.11_1,FRA,2012,8.72692111487497
GAB.2_1,GAB,2012,0.240973580453863
GAB.3_1,GAB,2012,0.0418530947054496
GAB.4_1,GAB,2012,0.343194508478085
GBR.1_1,GBR,2012,19.9187619158456
GBR.3_1,GBR,2012,4.82533641916532
GBR.4_1,GBR,2012,9.93940557560711
GEO.3_1,GEO,2012,1.4537931034483
GEO.4_1,GEO,2012,1.95767575322823
GEO.11_1,GEO,2012,3.16376865211483
GHA.1_1,GHA,2012,1.64518687077622
GHA.5_1,GHA,2012,12.4144278606958
GHA.6_1,GHA,2012,0.18402106619598
GHA.10_1,GHA,2012,1.14923700985125
GIN.1_1,GIN,2012,0.0512303202795595
GIN.2_1,GIN,2012,14.5811623246493
GIN.5_1,GIN,2012,0.0809188502828017
GIN.8_1,GIN,2012,0.0463081130355536
GMB.3_1,GMB,2012,0.0396331477235512
GMB.5_1,GMB,2012,0.0337224383916992
GMB.6_1,GMB,2012,2.79184100418421
GNB.1_1,GNB,2012,0
GNB.5_1,GNB,2012,0
GNB.8_1,GNB,2012,0
GNQ.7_1,GNQ,2012,0.298126064735953
GRC.1_1,GRC,2012,5.79028226992055
GRC.3_1,GRC,2012,29.0905700586039
GRC.4_1,GRC,2012,6.01883475640401
GTM.7_1,GTM,2012,24.4415292353822
GTM.11_1,GTM,2012,3.30751773049645
GTM.22_1,GTM,2012,2.40655249441546
GUY.3_1,GUY,2012,3.39806451612896
GUY.4_1,GUY,2012,0.0592490108982979
GUY.5_1,GUY,2012,1.14558785022251
GUY.6_1,GUY,2012,0.39987052222701
HND.1_1,HND,2012,2.46687009590238
HND.3_1,HND,2012,0.952783573075649
HND.8_1,HND,2012,1.27576503693285
HND.13_1,HND,2012,0.760269506629014
HND.15_1,HND,2012,0.347944804719789
HND.18_1,HND,2012,1.4783004898052
HRV.4_1,HRV,2012,25.1207729468601
HRV.8_1,HRV,2012,16.6647872885699
HRV.13_1,HRV,2012,7.94774987358828
HRV.16_1,HRV,2012,10.9388126575189
HRV.18_1,HRV,2012,7.16754088244376
HTI.2_1,HTI,2012,0.0392727272727279
HTI.4_1,HTI,2012,1.10158013544018
HTI.5_1,HTI,2012,0.626334519572959
HTI.8_1,HTI,2012,1.04013961605584
HTI.10_1,HTI,2012,0.611456628477922
HUN.6_1,HUN,2012,5.0473719450954
HUN.7_1,HUN,2012,6.54552690226039
HUN.9_1,HUN,2012,5.80376053598445
HUN.15_1,HUN,2012,4.72815923056376
HUN.19_1,HUN,2012,6.57206169118953
IDN.10_1,IDN,2012,10.0573661374617
IDN.11_1,IDN,2012,10.1483049267162
IDN.26_1,IDN,2012,1.24544137295139
IDN.33_1,IDN,2012,11.7767741935485
IND.5_1,IND,2012,1.87605974632807
IND.11_1,IND,2012,6.18628625706606
IND.16_1,IND,2012,7.23479950854459
IND.19_1,IND,2012,2.34627417188584
IND.25_1,IND,2012,58.360180090045
IND.32_1,IND,2012,9.25541970204706
IND.34_1,IND,2012,4.34371369646884
IND.36_1,IND,2012,7.30484339221374
IRN.13_1,IRN,2012,1.50811689723266
IRN.24_1,IRN,2012,2.05536788797736
IRN.25_1,IRN,2012,0.643369175627184
IRN.30_1,IRN,2012,0.804934383201736
IRQ.9_1,IRQ,2012,9.71023347152504
IRQ.14_1,IRQ,2012,3.1487261146497
IRQ.17_1,IRQ,2012,3.1526826839286
ISL.1_1,ISL,2012,0.465261054922483
ISL.3_1,ISL,2012,11.567554240631
ITA.2_1,ITA,2012,27.0961406472739
ITA.6_1,ITA,2012,23.5669401021513
ITA.8_1,ITA,2012,18.3989121068498
ITA.10_1,ITA,2012,27.5670282119156
ITA.13_1,ITA,2012,17.9852641273595
ITA.16_1,ITA,2012,14.098523723058
JOR.2_1,JOR,2012,6.96633808724801
JPN.1_1,JPN,2012,37.4167872648335
JPN.2_1,JPN,2012,9.97414527314791
JPN.4_1,JPN,2012,33.5821946753069
JPN.7_1,JPN,2012,30.2681580909766
JPN.10_1,JPN,2012,17.9585192330886
JPN.11_1,JPN,2012,12.9939171661146
JPN.15_1,JPN,2012,14.1936772046586
JPN.19_1,JPN,2012,44.609241126071
JPN.30_1,JPN,2012,7.45122850122853
JPN.31_1,JPN,2012,13.9689782847989
JPN.33_1,JPN,2012,48.7317991631798
JPN.37_1,JPN,2012,5.4364072677412
JPN.41_1,JPN,2012,48.5469984202214
JPN.46_1,JPN,2012,11.519512195122
KAZ.1_1,KAZ,2012,0.479058308237703
KEN.1_1,KEN,2012,0.0140206531777326
KEN.30_1,KEN,2012,35.0859950859951
KEN.36_1,KEN,2012,2.02611940298503
KEN.44_1,KEN,2012,0.832857142857127
KGZ.3_1,KGZ,2012,2.04982722580092
KGZ.4_1,KGZ,2012,0.578773294404973
KGZ.7_1,KGZ,2012,1.12970274691189
KGZ.9_1,KGZ,2012,0.359465103955742
KHM.3_1,KHM,2012,0.289415790760206
KHM.16_1,KHM,2012,32.4757281553398
KHM.25_1,KHM,2012,0.105982905982905
KOR.4_1,KOR,2012,37.3144475920679
KOR.9_1,KOR,2012,16.2705266241864
KOR.10_1,KOR,2012,20.1631744569798
KOR.14_1,KOR,2012,15.5007699414842
KOR.16_1,KOR,2012,62.961394769614
LAO.1_1,LAO,2012,0.298839285714291
LAO.4_1,LAO,2012,0.325219868698069
LAO.12_1,LAO,2012,0.143280984216187
LBN.3_1,LBN,2012,62.5666666666667
LBN.4_1,LBN,2012,11.0684326710817
LBN.5_1,LBN,2012,27.2660609993512
LBN.7_1,LBN,2012,17.4447189623224
LBN.8_1,LBN,2012,20
LBR.2_1,LBR,2012,0.106712962962964
LBR.6_1,LBR,2012,0.0569272976680375
LBR.11_1,LBR,2012,2.65224358974362
LBR.12_1,LBR,2012,0.0854700854700795
LBR.15_1,LBR,2012,0
LKA.5_1,LKA,2012,33.9143222506394
LKA.7_1,LKA,2012,26.7564186965108
LKA.8_1,LKA,2012,6.25521557719059
LKA.11_1,LKA,2012,9.60336976320584
LKA.17_1,LKA,2012,10.0407885791978
LTU.2_1,LTU,2012,5.74284629981017
LTU.3_1,LTU,2012,3.57709356655091
LTU.5_1,LTU,2012,3.23713235294134
LTU.8_1,LTU,2012,3.85782577903682
LTU.10_1,LTU,2012,3.76975756745633
LUX.1_1,LUX,2012,17.5504702194357
LUX.2_1,LUX,2012,19.5908289241623
LUX.3_1,LUX,2012,28.4386666666667
LVA.2_1,LVA,2012,1.69324308370386
LVA.3_1,LVA,2012,2.77390841320551
LVA.4_1,LVA,2012,1.79959998571367
LVA.5_1,LVA,2012,2.06011070301571
MAR.10_1,MAR,2012,1.21449897599163
MAR.11_1,MAR,2012,3.52374765410671
MDG.1_1,MDG,2012,0.00383331830071175
MDG.2_1,MDG,2012,0.0130372642660424
MDG.4_1,MDG,2012,0.00611274162534066
MDG.5_1,MDG,2012,0.0265557271685473
MEX.9_1,MEX,2012,38.8260196179663
MEX.15_1,MEX,2012,19.0880084151484
MEX.16_1,MEX,2012,3.53767607111566
MEX.27_1,MEX,2012,8.23031959310685
MLI.3_1,MLI,2012,0.043442231876059
MLI.5_1,MLI,2012,0.0205448660312916
MLI.6_1,MLI,2012,0.0163769267795826
MLI.7_1,MLI,2012,0.0328270761047899
MLI.8_1,MLI,2012,0.0785078101735503
MLT.1_1,MLT,2012,61.75
MLT.5_1,MLT,2012,58.54
MMR.1_1,MMR,2012,0.28689833214449
MMR.8_1,MMR,2012,1.94041920216315
MMR.15_1,MMR,2012,7.09625582516539
MNG.9_1,MNG,2012,0.0235777245153655
MNG.13_1,MNG,2012,0.0140032094014595
MNG.22_1,MNG,2012,0.0422863513137511
MOZ.1_1,MOZ,2012,0.0371484070631467
MOZ.2_1,MOZ,2012,0.164634970707509
MOZ.7_1,MOZ,2012,0.176734150181172
MRT.1_1,MRT,2012,0.0012915331473205
MRT.2_1,MRT,2012,0.0149871871198219
MRT.3_1,MRT,2012,0.0248816310754724
MRT.5_1,MRT,2012,0.0266455422727925
MWI.9_1,MWI,2012,0.143899135146401
MWI.11_1,MWI,2012,0.263510623128481
MWI.12_1,MWI,2012,0.214186046511628
MWI.27_1,MWI,2012,0.682304038004744
MWI.28_1,MWI,2012,0.568639053254437
MYS.1_1,MYS,2012,11.8515700250439
MYS.2_1,MYS,2012,10.6467300167692
MYS.8_1,MYS,2012,3.85481328806961
MYS.11_1,MYS,2012,47.4471218206158
NAM.7_1,NAM,2012,0.205788295490885
NAM.9_1,NAM,2012,0.104371053909655
NAM.12_1,NAM,2012,0.0469481275283127
NER.2_1,NER,2012,0.16526644263083
NER.3_1,NER,2012,0.0558965545461915
NER.5_1,NER,2012,24.6045548654244
NER.6_1,NER,2012,0.0407667542219245
NER.7_1,NER,2012,0.0318500657606276
NER.8_1,NER,2012,0.0218171155489402
NGA.6_1,NGA,2012,11.473067262071
NGA.20_1,NGA,2012,1.25665970772458
NGA.21_1,NGA,2012,0.411216969261177
NGA.25_1,NGA,2012,18.8467432950191
NGA.27_1,NGA,2012,0.259011683130729
NGA.28_1,NGA,2012,3.28744574997327
NIC.4_1,NIC,2012,5.23272727272726
NIC.6_1,NIC,2012,0.48820999555093
NIC.13_1,NIC,2012,4.50832639467124
NIC.14_1,NIC,2012,13.1442687747036
NIC.18_1,NIC,2012,1.74118738404452
NLD.12_1,NLD,2012,21.2569951338199
NLD.14_1,NLD,2012,42.6692630317554
NOR.1_1,NOR,2012,23.7584795853416
NOR.2_1,NOR,2012,16.251210387324
NOR.4_1,NOR,2012,6.64725520364768
NOR.7_1,NOR,2012,6.16458994109646
NOR.8_1,NOR,2012,5.30838435922202
NOR.19_1,NOR,2012,27.6276724485681
NPL.1_1,NPL,2012,0.154896236092467
NPL.2_1,NPL,2012,0.140990127139696
NPL.3_1,NPL,2012,0.0377854347953099
NPL.5_1,NPL,2012,0.0198318406141455
NZL.2_1,NZL,2012,2.30332900994393
NZL.3_1,NZL,2012,0.537408162993254
NZL.14_1,NZL,2012,11.406106870229
NZL.15_1,NZL,2012,2.45905896730824
NZL.17_1,NZL,2012,1.54697674418585
NZL.18_1,NZL,2012,2.83460043926343
OMN.9_1,OMN,2012,1.04443676384922
PAK.2_1,PAK,2012,0.348167247527795
PAK.5_1,PAK,2012,4.34494850525145
PAK.7_1,PAK,2012,6.96253666869769
PAK.8_1,PAK,2012,3.31515955442361
PAN.7_1,PAN,2012,1.45047438330168
PAN.9_1,PAN,2012,1.54666996781392
PAN.12_1,PAN,2012,1.00025233409031
PER.2_1,PER,2012,1.13681114628269
PER.3_1,PER,2012,0.503179105937544
PER.8_1,PER,2012,0.401395856558919
PER.15_1,PER,2012,31.8839009287927
PER.25_1,PER,2012,1.7089173874143
PHL.36_1,PHL,2012,2.8216560509554
PHL.47_1,PHL,2012,61.3586429725364
PHL.61_1,PHL,2012,3.77615532734275
PHL.71_1,PHL,2012,0.395654659805603
PNG.4_1,PNG,2012,0.0643337627021534
PNG.8_1,PNG,2012,0.0207823212536837
PNG.9_1,PNG,2012,0.27540729247481
PNG.19_1,PNG,2012,0.441591387204536
PNG.21_1,PNG,2012,0.316097560975608
POL.1_1,POL,2012,16.5355495056603
POL.2_1,POL,2012,14.0932705824831
POL.4_1,POL,2012,13.5679817702518
POL.6_1,POL,2012,21.6688754117997
POL.7_1,POL,2012,14.7600294497715
POL.8_1,POL,2012,14.4859470949461
POL.11_1,POL,2012,12.0883849681233
POL.14_1,POL,2012,8.36536143918319
POL.16_1,POL,2012,8.74373836126604
PRK.11_1,PRK,2012,0.634838709677426
PRT.9_1,PRT,2012,15.3320337881741
PRT.12_1,PRT,2012,40.4602343555222
PRY.6_1,PRY,2012,1.33923512747886
PRY.12_1,PRY,2012,2.97004085338175
PRY.13_1,PRY,2012,2.39114988767584
ROU.1_1,ROU,2012,6.36141094834228
ROU.14_1,ROU,2012,8.6569064290261
ROU.15_1,ROU,2012,5.61384302992834
ROU.17_1,ROU,2012,9.94552944766546
ROU.35_1,ROU,2012,5.94316003157779
ROU.36_1,ROU,2012,5.93781213655319
ROU.39_1,ROU,2012,1.4500147015583
ROU.40_1,ROU,2012,4.67056074766366
RUS.14_1,RUS,2012,52.8256235344277
RUS.28_1,RUS,2012,0.086116714769918
RUS.32_1,RUS,2012,0.79890389074794
RUS.38_1,RUS,2012,4.13509747744928
RUS.43_1,RUS,2012,62.6617429837518
RUS.51_1,RUS,2012,1.16202427996592
RUS.65_1,RUS,2012,2.89644928826342
RUS.69_1,RUS,2012,0.674428788292765
RWA.2_1,RWA,2012,0.25901345291479
RWA.4_1,RWA,2012,0.141370203510948
SDN.12_1,SDN,2012,0.326931319982582
SEN.3_1,SEN,2012,0.19362274298886
SEN.8_1,SEN,2012,0.0296441610811425
SLB.1_1,SLB,2012,0
SLB.6_1,SLB,2012,0
SLB.7_1,SLB,2012,0.0092802639719534
SLB.10_1,SLB,2012,0.0190458915291134
SLE.1_1,SLE,2012,0.0791529755385194
SLE.2_1,SLE,2012,0.0662857490198519
SLE.3_1,SLE,2012,0.0264907488532717
SLE.4_1,SLE,2012,1.56644295302014
SLV.5_1,SLV,2012,11.9806629834255
SLV.10_1,SLV,2012,22.4021421616359
SLV.12_1,SLV,2012,4.86901763224188
SLV.14_1,SLV,2012,3.42367736339986
SOM.1_1,SOM,2012,0.0342443415302402
SOM.8_1,SOM,2012,0.00248797478852204
SRB.2_1,SRB,2012,3.77777777777773
SRB.23_1,SRB,2012,1.94981179422837
SSD.8_1,SSD,2012,0.0378460393346935
SUR.3_1,SUR,2012,0.118097320940407
SUR.7_1,SUR,2012,50.9318181818182
SUR.10_1,SUR,2012,32.4007220216607
SVK.1_1,SVK,2012,5.23534136546183
SVK.2_1,SVK,2012,21.0325528269555
SVK.3_1,SVK,2012,7.95880411958799
SVK.4_1,SVK,2012,9.13083877448542
SVK.5_1,SVK,2012,6.59145702306064
SVK.7_1,SVK,2012,11.7910169491526
SVN.2_1,SVN,2012,5.08756245069673
SVN.3_1,SVN,2012,6.7514270887391
SVN.5_1,SVN,2012,5.06629270780213
SVN.7_1,SVN,2012,11.9539584503087
SVN.9_1,SVN,2012,12.3786223277909
SVN.10_1,SVN,2012,10.230111427831
SWE.5_1,SWE,2012,11.1279116465861
SWE.13_1,SWE,2012,16.2450242664406
SWE.14_1,SWE,2012,10.0577247285721
SWE.15_1,SWE,2012,22.7927933673465
SWE.16_1,SWE,2012,9.09900326660541
SWE.21_1,SWE,2012,10.3674817823988
SWZ.3_1,SWZ,2012,3.64167132997567
SYR.2_1,SYR,2012,5.98758786904959
SYR.11_1,SYR,2012,9.81738826815628
SYR.13_1,SYR,2012,4.14627782687387
TCD.3_1,TCD,2012,0.000893825000476191
TCD.5_1,TCD,2012,0.00202878136464198
TCD.22_1,TCD,2012,20.2803347280335
TGO.2_1,TGO,2012,0.0597014925373125
TGO.3_1,TGO,2012,1.32210220860881
THA.3_1,THA,2012,56.204909284952
THA.10_1,THA,2012,3.40908922415341
THA.25_1,THA,2012,0.604900881057271
THA.31_1,THA,2012,5.0227415166979
THA.36_1,THA,2012,49.3659259259258
THA.70_1,THA,2012,3.28810301748992
TJK.2_1,TJK,2012,0.0214499019433104
TJK.3_1,TJK,2012,1.43311605906786
TJK.4_1,TJK,2012,0.923920933608988
TJK.5_1,TJK,2012,1.25731655591754
TLS.2_1,TLS,2012,0.100729927007298
TLS.4_1,TLS,2012,0.481578947368428
TLS.7_1,TLS,2012,4.08757062146894
TLS.11_1,TLS,2012,0.0179271708683474
TLS.13_1,TLS,2012,0.0999999999999997
TUN.5_1,TUN,2012,3.98430023923443
TUN.12_1,TUN,2012,9.62450903377853
TUN.16_1,TUN,2012,14.0627638615257
TUN.20_1,TUN,2012,12.2008870336552
TUN.23_1,TUN,2012,55.0428954423592
TUR.30_1,TUR,2012,1.55672538300608
TUR.39_1,TUR,2012,3.61708268330725
TUR.40_1,TUR,2012,28.6392162236233
TUR.70_1,TUR,2012,1.79626839726502
TZA.4_1,TZA,2012,0.160541288635977
TZA.15_1,TZA,2012,0.114370031317737
TZA.20_1,TZA,2012,0.147764391837293
TZA.29_1,TZA,2012,0.557024793388429
UGA.48_1,UGA,2012,0.0310612597066439
UKR.2_1,UKR,2012,2.07230124639105
UKR.5_1,UKR,2012,4.93943320437569
UKR.6_1,UKR,2012,8.69171832707533
UKR.9_1,UKR,2012,1.06448742565462
UKR.17_1,UKR,2012,2.63507100253035
UKR.19_1,UKR,2012,2.35536385139817
UKR.21_1,UKR,2012,3.14872358734074
USA.4_1,USA,2012,5.60526711657403
USA.7_1,USA,2012,23.0632615130441
USA.8_1,USA,2012,19.5065021673892
USA.10_1,USA,2012,14.7584806446839
USA.12_1,USA,2012,2.40061518879922
USA.14_1,USA,2012,10.3904644398555
USA.22_1,USA,2012,26.3811664953748
USA.24_1,USA,2012,4.99621440112751
USA.33_1,USA,2012,10.4058698410253
USA.37_1,USA,2012,4.78974582946735
USA.39_1,USA,2012,15.1313833062769
UZB.4_1,UZB,2012,1.27014883459679
UZB.10_1,UZB,2012,3.02683474191842
VEN.5_1,VEN,2012,1.86800113976318
VEN.21_1,VEN,2012,6.12713375796166
VEN.24_1,VEN,2012,7.79519631813612
VNM.4_1,VNM,2012,0.168446026097263
VNM.27_1,VNM,2012,19.5213367609255
VNM.57_1,VNM,2012,2.66470588235306
XKO.1_1,XKO,2012,7.01134930643128
XKO.3_1,XKO,2012,6.15324384787476
XKO.5_1,XKO,2012,9.98768864177919
XKO.6_1,XKO,2012,5.60426829268298
YEM.2_1,YEM,2012,0.734599671035202
YEM.19_1,YEM,2012,1.04675760449344
ZAF.1_1,ZAF,2012,1.1230336774954
ZAF.3_1,ZAF,2012,22.3026732488827
ZAF.4_1,ZAF,2012,3.15641673439212
ZMB.2_1,ZMB,2012,0.626769664571212
ZMB.6_1,ZMB,2012,0.0290159911549837
ZMB.9_1,ZMB,2012,0.126503500076625
ZWE.6_1,ZWE,2012,0.208557768924339
ZWE.9_1,ZWE,2012,0.111673187153144
ZWE.10_1,ZWE,2012,0.216630916136228
AFG.14_1,AFG,2013,6.07627450980399
AFG.15_1,AFG,2013,0.217259216684499
AFG.26_1,AFG,2013,0.00249843847595273
AGO.2_1,AGO,2013,0.327225495198684
AGO.11_1,AGO,2013,28.5010431154384
ALB.1_1,ALB,2013,5.85100671140943
ALB.8_1,ALB,2013,1.47146282973622
ALB.10_1,ALB,2013,0.786085450346418
ALB.11_1,ALB,2013,9.92563291139241
ARE.1_1,ARE,2013,6.05715116539204
ARG.1_1,ARG,2013,2.31989507962291
ARG.6_1,ARG,2013,1.73193516538428
ARG.12_1,ARG,2013,0.45072345526878
ARG.14_1,ARG,2013,1.85923087088681
ARG.19_1,ARG,2013,0.768442318886676
ARG.20_1,ARG,2013,0.201532742101305
AUS.5_1,AUS,2013,0.57020821193978
AUS.7_1,AUS,2013,0.262450489575215
AUS.8_1,AUS,2013,0.133463376748344
AUT.3_1,AUT,2013,10.3265231667271
AUT.4_1,AUT,2013,10.1132475319169
AUT.6_1,AUT,2013,8.32520071364929
AUT.9_1,AUT,2013,55.5508241758242
AZE.1_1,AZE,2013,3.52755254012904
AZE.4_1,AZE,2013,3.52735598939508
AZE.7_1,AZE,2013,2.45125452502805
AZE.10_1,AZE,2013,1.75955842757132
BDI.2_1,BDI,2013,18.6027397260274
BDI.3_1,BDI,2013,0.842724458204347
BDI.4_1,BDI,2013,0.0429093122337194
BDI.7_1,BDI,2013,0
BDI.14_1,BDI,2013,0
BEL.1_1,BEL,2013,61.8373702422145
BEL.2_1,BEL,2013,41.1365584813225
BEL.3_1,BEL,2013,20.1790475071955
BEN.2_1,BEN,2013,0.0527008663156166
BEN.3_1,BEN,2013,3.91037593984974
BEN.4_1,BEN,2013,0.183876608528041
BFA.1_1,BFA,2013,0.0637444189694758
BFA.7_1,BFA,2013,6.91761280931598
BFA.10_1,BFA,2013,0.139802191927293
BGD.3_1,BGD,2013,5.37466658583811
BGD.4_1,BGD,2013,1.31976265754253
BGR.8_1,BGR,2013,2.21502474134049
BGR.14_1,BGR,2013,5.40172922817364
BGR.19_1,BGR,2013,4.39901477832509
BGR.22_1,BGR,2013,4.8053387449267
BGR.26_1,BGR,2013,2.27181926278228
BIH.2_1,BIH,2013,2.82774649146336
BIH.3_1,BIH,2013,2.47099697885152
BLR.1_1,BLR,2013,3.24103149681248
BLR.5_1,BLR,2013,4.19149843616715
BLR.6_1,BLR,2013,2.28300003838312
BOL.2_1,BOL,2013,0.765988394114877
BOL.3_1,BOL,2013,0.044943727481739
BOL.5_1,BOL,2013,0.296453441911953
BOL.8_1,BOL,2013,0.152479560224281
BRA.10_1,BRA,2013,0.764591268528022
BRA.13_1,BRA,2013,1.76700852551628
BRA.17_1,BRA,2013,4.29647833184949
BRA.19_1,BRA,2013,11.1259143155652
BRA.25_1,BRA,2013,7.84239374606275
BRN.2_1,BRN,2013,49.5695364238411
BTN.7_1,BTN,2013,0.0969023034154098
BTN.8_1,BTN,2013,0.589328537170262
BTN.10_1,BTN,2013,0.58909853249477
BTN.14_1,BTN,2013,1.01901669758814
BWA.1_1,BWA,2013,0.148425177869075
BWA.15_1,BWA,2013,0.106284319707144
CAF.15_1,CAF,2013,0
CAF.14_1,CAF,2013,0.00965430173406244
CAF.17_1,CAF,2013,0.00270758122743679
CAN.2_1,CAN,2013,0.64005017955999
CAN.9_1,CAN,2013,1.34834455707551
CAN.11_1,CAN,2013,1.02231937330613
CHE.1_1,CHE,2013,33.3896713615024
CHE.2_1,CHE,2013,21.4558472553699
CHE.5_1,CHE,2013,52.75
CHE.6_1,CHE,2013,13.4501424501419
CHE.7_1,CHE,2013,16.8573730862208
CHE.10_1,CHE,2013,5.0405545031858
CHE.12_1,CHE,2013,18.6677884615386
CHE.13_1,CHE,2013,16.0421940928269
CHE.16_1,CHE,2013,18.4320712694875
CHE.21_1,CHE,2013,7.37649585762521
CHE.23_1,CHE,2013,8.71281075940774
CHE.24_1,CHE,2013,17.9451893672078
CHE.25_1,CHE,2013,31.2850241545894
CHE.26_1,CHE,2013,38.5147774036662
CHL.11_1,CHL,2013,0.0352848913950374
CHL.14_1,CHL,2013,8.14821013482074
CHL.16_1,CHL,2013,4.05596301020449
CHN.2_1,CHN,2013,21.116771379407
CHN.15_1,CHN,2013,21.08207294363
CHN.26_1,CHN,2013,1.62751539406393
CHN.31_1,CHN,2013,12.6427533730968
CIV.5_1,CIV,2013,1.09479768786135
CIV.6_1,CIV,2013,0.74958263772956
CIV.8_1,CIV,2013,0.151074501863691
CIV.13_1,CIV,2013,5.23000414421875
CMR.10_1,CMR,2013,0.0633014070445754
COD.18_1,COD,2013,0.0168906258365073
COD.22_1,COD,2013,0.0547546727094601
COD.24_1,COD,2013,0.00984763722522021
COG.4_1,COG,2013,0.0596067850808143
COG.8_1,COG,2013,0.066005540611082
COL.2_1,COL,2013,2.13598097374276
COL.13_1,COL,2013,2.12566667828617
COL.14_1,COL,2013,6.52209480407891
COL.22_1,COL,2013,1.23798895806402
COL.25_1,COL,2013,6.41613041613062
CRI.4_1,CRI,2013,6.72555317630267
CRI.7_1,CRI,2013,9.07846127774941
CUB.7_1,CUB,2013,2.90682931514731
CUB.16_1,CUB,2013,2.41932509680974
CZE.2_1,CZE,2013,11.0243764172335
CZE.5_1,CZE,2013,12.4736622073579
CZE.7_1,CZE,2013,14.3829424307034
CZE.8_1,CZE,2013,11.8017862738954
CZE.10_1,CZE,2013,6.54548855304495
CZE.11_1,CZE,2013,55.6450511945392
CZE.12_1,CZE,2013,12.0857919254655
CZE.14_1,CZE,2013,13.8208596333032
DEU.3_1,DEU,2013,54.4665099882492
DEU.6_1,DEU,2013,50.2614424410542
DEU.9_1,DEU,2013,11.8741286755871
DEU.10_1,DEU,2013,23.0559304586541
DEU.11_1,DEU,2013,14.1738496480951
DNK.1_1,DNK,2013,22.2787593246959
DNK.2_1,DNK,2013,9.63907566272528
DNK.3_1,DNK,2013,7.68749133268607
DNK.5_1,DNK,2013,10.00021438525
DOM.26_1,DOM,2013,2.44090783282594
DOM.30_1,DOM,2013,3.93717664449367
DZA.6_1,DZA,2013,6.10335797008723
DZA.19_1,DZA,2013,7.52554563492071
DZA.26_1,DZA,2013,4.03398480772228
DZA.31_1,DZA,2013,0.329989622967865
DZA.39_1,DZA,2013,10.5387887036407
DZA.48_1,DZA,2013,5.75290423861832
ECU.1_1,ECU,2013,5.2543769309991
ECU.10_1,ECU,2013,8.29950308688471
ECU.12_1,ECU,2013,1.04795604804916
ECU.17_1,ECU,2013,4.74088702378018
ECU.19_1,ECU,2013,5.07081089900471
EGY.9_1,EGY,2013,46.4307577454274
EGY.11_1,EGY,2013,29.5093661791128
EGY.16_1,EGY,2013,36.8756564939667
ERI.1_1,ERI,2013,0.92761194029851
ESP.1_1,ESP,2013,8.27430246364234
ESP.5_1,ESP,2013,4.28063838660692
ESP.8_1,ESP,2013,30.0931464428321
ESP.12_1,ESP,2013,7.53973316168257
EST.1_1,EST,2013,9.38275257506024
EST.8_1,EST,2013,2.23831569664909
EST.13_1,EST,2013,5.54541227526346
EST.14_1,EST,2013,2.76177144311528
EST.15_1,EST,2013,2.13791727623352
ETH.5_1,ETH,2013,2.51630867143995
ETH.8_1,ETH,2013,0.121857350622285
ETH.9_1,ETH,2013,0.00910555905589753
ETH.10_1,ETH,2013,0.0759626405248284
ETH.11_1,ETH,2013,0.183997319087719
FIN.4_1,FIN,2013,10.6156475600086
FIN.5_1,FIN,2013,8.97770048682702
FJI.2_1,FJI,2013,0.0843049327354261
FJI.3_1,FJI,2013,0.457630878438349
FJI.5_1,FJI,2013,0.425624321389777
FRA.7_1,FRA,2013,19.64323336558
FRA.8_1,FRA,2013,28.282981248518
FRA.9_1,FRA,2013,10.9594376748384
FRA.10_1,FRA,2013,7.41687095465653
FRA.11_1,FRA,2013,8.74314334740246
GAB.2_1,GAB,2013,0.191611561267916
GAB.3_1,GAB,2013,0.0255406413124504
GAB.4_1,GAB,2013,0.274345576558619
GBR.1_1,GBR,2013,19.3581332068279
GBR.3_1,GBR,2013,4.83375882801705
GBR.4_1,GBR,2013,9.54652740444691
GEO.3_1,GEO,2013,1.0455172413793
GEO.4_1,GEO,2013,2.40674318507884
GEO.11_1,GEO,2013,2.87063756320147
GHA.1_1,GHA,2013,1.21090194455923
GHA.5_1,GHA,2013,12.5062189054721
GHA.6_1,GHA,2013,0.199512564081034
GHA.10_1,GHA,2013,0.996716244929318
GIN.1_1,GIN,2013,0.0349821666606638
GIN.2_1,GIN,2013,15.0801603206413
GIN.5_1,GIN,2013,0.143907037592865
GIN.8_1,GIN,2013,0.0370360724052533
GMB.3_1,GMB,2013,0.0153946937438588
GMB.5_1,GMB,2013,0.0207522697795072
GMB.6_1,GMB,2013,2.81589958159007
GNB.1_1,GNB,2013,0
GNB.5_1,GNB,2013,0
GNB.8_1,GNB,2013,0
GNQ.7_1,GNQ,2013,0.492333901192492
GRC.1_1,GRC,2013,5.59813290208756
GRC.3_1,GRC,2013,29.0019534718523
GRC.4_1,GRC,2013,6.20944249121058
GTM.7_1,GTM,2013,24.7421289355323
GTM.11_1,GTM,2013,2.81957446808512
GTM.22_1,GTM,2013,2.16939687267311
GUY.3_1,GUY,2013,3.88387096774185
GUY.4_1,GUY,2013,0.0688366222481842
GUY.5_1,GUY,2013,1.20738413197167
GUY.6_1,GUY,2013,0.406991799741052
HND.1_1,HND,2013,2.38796861377508
HND.3_1,HND,2013,0.987811573514855
HND.8_1,HND,2013,1.68906085121349
HND.13_1,HND,2013,0.566181264942398
HND.15_1,HND,2013,0.386854551660258
HND.18_1,HND,2013,1.56783232714427
HRV.4_1,HRV,2013,23.5671497584539
HRV.8_1,HRV,2013,14.2824192721681
HRV.13_1,HRV,2013,7.49502781055125
HRV.16_1,HRV,2013,10.0551666199944
HRV.18_1,HRV,2013,5.3609996914532
HTI.2_1,HTI,2013,0
HTI.4_1,HTI,2013,1.12866817155756
HTI.5_1,HTI,2013,0.642704626334514
HTI.8_1,HTI,2013,0.914485165794058
HTI.10_1,HTI,2013,0.578723404255306
HUN.6_1,HUN,2013,4.02058921995315
HUN.7_1,HUN,2013,5.51384909264569
HUN.9_1,HUN,2013,4.24454290036743
HUN.15_1,HUN,2013,3.57667646273033
HUN.19_1,HUN,2013,5.89629498315903
IDN.10_1,IDN,2013,9.36288334483759
IDN.11_1,IDN,2013,9.62723305858994
IDN.26_1,IDN,2013,1.36817146835743
IDN.33_1,IDN,2013,11.0125806451611
IND.5_1,IND,2013,2.85902036048021
IND.11_1,IND,2013,6.02660049584353
IND.16_1,IND,2013,6.65130794147177
IND.19_1,IND,2013,2.69662130515883
IND.25_1,IND,2013,58.1980990495248
IND.32_1,IND,2013,8.87622048251422
IND.34_1,IND,2013,4.39005821618369
IND.36_1,IND,2013,7.71607172064022
IRN.13_1,IRN,2013,1.51289921482995
IRN.24_1,IRN,2013,1.89956745599765
IRN.25_1,IRN,2013,0.579496920138469
IRN.30_1,IRN,2013,0.851450568679478
IRQ.9_1,IRQ,2013,12.5257473270784
IRQ.14_1,IRQ,2013,4.47961783439485
IRQ.17_1,IRQ,2013,3.58237893688578
ISL.1_1,ISL,2013,0.426053762865532
ISL.3_1,ISL,2013,13.5340236686392
ITA.2_1,ITA,2013,26.5721978776199
ITA.6_1,ITA,2013,21.7242841665371
ITA.8_1,ITA,2013,16.9009047824208
ITA.10_1,ITA,2013,25.0928345716974
ITA.13_1,ITA,2013,16.7454772712321
ITA.16_1,ITA,2013,13.4861451014453
JOR.2_1,JOR,2013,7.40866191275214
JPN.1_1,JPN,2013,37.2140376266277
JPN.2_1,JPN,2013,9.82753376323127
JPN.4_1,JPN,2013,34.220312720102
JPN.7_1,JPN,2013,30.8982848620431
JPN.10_1,JPN,2013,16.9885445556487
JPN.11_1,JPN,2013,13.1338223454703
JPN.15_1,JPN,2013,14.6876871880202
JPN.19_1,JPN,2013,44.4577723378213
JPN.30_1,JPN,2013,7.9647420147421
JPN.31_1,JPN,2013,14.3356349444619
JPN.33_1,JPN,2013,48.3221757322178
JPN.37_1,JPN,2013,6.20111987201498
JPN.41_1,JPN,2013,48.0015797788309
JPN.46_1,JPN,2013,11.504634146341
KAZ.1_1,KAZ,2013,0.451395974525814
KEN.1_1,KEN,2013,0.0125934010578469
KEN.30_1,KEN,2013,37.9471744471745
KEN.36_1,KEN,2013,2.03673938002298
KEN.44_1,KEN,2013,0.848857142857143
KGZ.3_1,KGZ,2013,2.3538671558381
KGZ.4_1,KGZ,2013,0.696334481421728
KGZ.7_1,KGZ,2013,1.41099328783309
KGZ.9_1,KGZ,2013,0.374567501013182
KHM.3_1,KHM,2013,0.323148374480572
KHM.16_1,KHM,2013,34.5339805825243
KHM.25_1,KHM,2013,0.240537240537239
KOR.4_1,KOR,2013,39.61567516525
KOR.9_1,KOR,2013,17.2325496227926
KOR.10_1,KOR,2013,21.3780029165702
KOR.14_1,KOR,2013,16.6935632891898
KOR.16_1,KOR,2013,62.9003735990037
LAO.1_1,LAO,2013,0.307053571428562
LAO.4_1,LAO,2013,0.363371732936892
LAO.12_1,LAO,2013,0.244590371454614
LBN.3_1,LBN,2013,63
LBN.4_1,LBN,2013,12.513612950699
LBN.5_1,LBN,2013,32.203763789747
LBN.7_1,LBN,2013,20.7683755404572
LBN.8_1,LBN,2013,22.7536071032186
LBR.2_1,LBR,2013,0.0935185185185157
LBR.6_1,LBR,2013,0.0467764060356666
LBR.11_1,LBR,2013,2.30929487179487
LBR.12_1,LBR,2013,0.0832755832755885
LBR.15_1,LBR,2013,0
LKA.5_1,LKA,2013,32.8708439897698
LKA.7_1,LKA,2013,25.2876892692561
LKA.8_1,LKA,2013,5.83101529902632
LKA.11_1,LKA,2013,8.15482695810566
LKA.17_1,LKA,2013,9.13052345343309
LTU.2_1,LTU,2013,3.71377609108162
LTU.3_1,LTU,2013,2.19959266802447
LTU.5_1,LTU,2013,2.75847186700761
LTU.8_1,LTU,2013,2.76717422096318
LTU.10_1,LTU,2013,2.239419257636
LUX.1_1,LUX,2013,14.9924764890282
LUX.2_1,LUX,2013,18.1834215167549
LUX.3_1,LUX,2013,26.82
LVA.2_1,LVA,2013,1.38318051237654
LVA.3_1,LVA,2013,2.36762513312035
LVA.4_1,LVA,2013,1.61077181327908
LVA.5_1,LVA,2013,1.773627851637
MAR.10_1,MAR,2013,1.2807511042008
MAR.11_1,MAR,2013,3.66291323805343
MDG.1_1,MDG,2013,0.00252548029223375
MDG.2_1,MDG,2013,0.0148499320249596
MDG.4_1,MDG,2013,0.00780622743986871
MDG.5_1,MDG,2013,0.0328500489927548
MEX.9_1,MEX,2013,39.6339700567889
MEX.15_1,MEX,2013,18.4330645161304
MEX.16_1,MEX,2013,3.19350687499321
MEX.27_1,MEX,2013,7.88855993319634
MLI.3_1,MLI,2013,0.0482551959085853
MLI.5_1,MLI,2013,0.0227814242042812
MLI.6_1,MLI,2013,0.01735081101049
MLI.7_1,MLI,2013,0.0288587396895888
MLI.8_1,MLI,2013,0.073255908389535
MLT.1_1,MLT,2013,62.7857142857143
MLT.5_1,MLT,2013,59.46
MMR.1_1,MMR,2013,0.553891096844271
MMR.8_1,MMR,2013,2.1090196078426
MMR.15_1,MMR,2013,7.778402699662
MNG.9_1,MNG,2013,0.0393326410954911
MNG.13_1,MNG,2013,0.0165340060835026
MNG.22_1,MNG,2013,0.0398456172354984
MOZ.1_1,MOZ,2013,0.0307942186762696
MOZ.2_1,MOZ,2013,0.156500675979904
MOZ.7_1,MOZ,2013,0.188898796745772
MRT.1_1,MRT,2013,0.00220941519541868
MRT.2_1,MRT,2013,0.0143400719592046
MRT.3_1,MRT,2013,0.0197603633201243
MRT.5_1,MRT,2013,0.0280858418551069
MWI.9_1,MWI,2013,0.218609982286136
MWI.11_1,MWI,2013,0.246827320690141
MWI.12_1,MWI,2013,0.121395348837208
MWI.27_1,MWI,2013,0.487529691211401
MWI.28_1,MWI,2013,0.407692307692318
MYS.1_1,MYS,2013,12.2133018686194
MYS.2_1,MYS,2013,11.6122601080678
MYS.8_1,MYS,2013,3.96159675072776
MYS.11_1,MYS,2013,48.2878179384203
NAM.7_1,NAM,2013,0.29708986248799
NAM.9_1,NAM,2013,0.146236036911091
NAM.12_1,NAM,2013,0.0508306269788668
NER.2_1,NER,2013,0.170427268362954
NER.3_1,NER,2013,0.0688681561502659
NER.5_1,NER,2013,25.6604554865425
NER.6_1,NER,2013,0.0535542252998361
NER.7_1,NER,2013,0.0357957036387465
NER.8_1,NER,2013,0.0198331742436737
NGA.6_1,NGA,2013,9.69076193134248
NGA.20_1,NGA,2013,1.31260960334007
NGA.21_1,NGA,2013,0.412547186769754
NGA.25_1,NGA,2013,19.2593390804598
NGA.27_1,NGA,2013,0.307073993161249
NGA.28_1,NGA,2013,3.56255954271209
NIC.4_1,NIC,2013,5.74363636363636
NIC.6_1,NIC,2013,0.592614563250779
NIC.13_1,NIC,2013,4.67527060782692
NIC.14_1,NIC,2013,14.0928853754941
NIC.18_1,NIC,2013,1.91372912801483
NLD.12_1,NLD,2013,19.8725669099756
NLD.14_1,NLD,2013,41.1887357699216
NOR.1_1,NOR,2013,20.6433572792581
NOR.2_1,NOR,2013,14.2040052816902
NOR.4_1,NOR,2013,5.96197056347342
NOR.7_1,NOR,2013,4.45412324422318
NOR.8_1,NOR,2013,4.91639810935665
NOR.19_1,NOR,2013,24.5246066962486
NPL.1_1,NPL,2013,0.493411189142371
NPL.2_1,NPL,2013,0.307763335464148
NPL.3_1,NPL,2013,0.0537289026455507
NPL.5_1,NPL,2013,0.0203801864375773
NZL.2_1,NZL,2013,2.23182014699526
NZL.3_1,NZL,2013,0.512113817886142
NZL.14_1,NZL,2013,11.4442748091604
NZL.15_1,NZL,2013,2.03024747937678
NZL.17_1,NZL,2013,1.37431994362203
NZL.18_1,NZL,2013,2.68449062341605
OMN.9_1,OMN,2013,1.06739044985868
PAK.2_1,PAK,2013,0.331247973739668
PAK.5_1,PAK,2013,3.79662889894031
PAK.7_1,PAK,2013,6.26850237690236
PAK.8_1,PAK,2013,2.99201851042403
PAN.7_1,PAN,2013,2.40037950664132
PAN.9_1,PAN,2013,2.03342411487985
PAN.12_1,PAN,2013,0.994700984102938
PER.2_1,PER,2013,0.96326113506661
PER.3_1,PER,2013,0.694218918125752
PER.8_1,PER,2013,0.402801003344556
PER.15_1,PER,2013,32.7585139318883
PER.25_1,PER,2013,1.73874142558899
PHL.36_1,PHL,2013,3.09281164695154
PHL.47_1,PHL,2013,61.2907915993538
PHL.61_1,PHL,2013,3.94319640564829
PHL.71_1,PHL,2013,0.401943967981701
PNG.4_1,PNG,2013,0.0543867181909257
PNG.8_1,PNG,2013,0.0132223310479965
PNG.9_1,PNG,2013,0.186869666408085
PNG.19_1,PNG,2013,0.333127088231686
PNG.21_1,PNG,2013,0.177560975609751
POL.1_1,POL,2013,11.9162057601376
POL.2_1,POL,2013,10.8952081168631
POL.4_1,POL,2013,9.06816049327545
POL.6_1,POL,2013,18.0205899970053
POL.7_1,POL,2013,10.1409231601394
POL.8_1,POL,2013,9.57451582428009
POL.11_1,POL,2013,9.08939156693853
POL.14_1,POL,2013,4.84030501566734
POL.16_1,POL,2013,5.09529795158307
PRK.11_1,PRK,2013,0.629677419354842
PRT.9_1,PRT,2013,14.3050682261206
PRT.12_1,PRT,2013,38.3343305908754
PRY.6_1,PRY,2013,1.23564254442448
PRY.12_1,PRY,2013,2.75760326827057
PRY.13_1,PRY,2013,2.13771485293337
ROU.1_1,ROU,2013,4.63781804163459
ROU.14_1,ROU,2013,6.10921160316457
ROU.15_1,ROU,2013,4.96203760925223
ROU.17_1,ROU,2013,7.82224595666763
ROU.35_1,ROU,2013,4.21427765873473
ROU.36_1,ROU,2013,5.20086200998846
ROU.39_1,ROU,2013,1.05968832696261
ROU.40_1,ROU,2013,3.39252336448605
RUS.14_1,RUS,2013,51.4617352376892
RUS.28_1,RUS,2013,0.0987333357455776
RUS.32_1,RUS,2013,0.821946243490789
RUS.38_1,RUS,2013,3.93002551648468
RUS.43_1,RUS,2013,62.61792220581
RUS.51_1,RUS,2013,1.11677881020664
RUS.65_1,RUS,2013,1.9765066394284
RUS.69_1,RUS,2013,0.735325600404823
RWA.2_1,RWA,2013,0.356591928251124
RWA.4_1,RWA,2013,0.20708404536274
SDN.12_1,SDN,2013,0.310958873205374
SEN.3_1,SEN,2013,0.186131386861311
SEN.8_1,SEN,2013,0.0399433273391093
SLB.1_1,SLB,2013,0
SLB.6_1,SLB,2013,0
SLB.7_1,SLB,2013,0.00804289544235938
SLB.10_1,SLB,2013,0.0233992381643398
SLE.1_1,SLE,2013,0.110697334793725
SLE.2_1,SLE,2013,0.102027170774721
SLE.3_1,SLE,2013,0.0327784363242743
SLE.4_1,SLE,2013,1.751677852349
SLV.5_1,SLV,2013,11.5138121546962
SLV.10_1,SLV,2013,22.4001947419668
SLV.12_1,SLV,2013,4.64886649874058
SLV.14_1,SLV,2013,3.22072853425845
SOM.1_1,SOM,2013,0.0400495727610786
SOM.8_1,SOM,2013,0.00246033062420555
SRB.2_1,SRB,2013,3.3755208333333
SRB.23_1,SRB,2013,2.10288582183187
SSD.8_1,SSD,2013,0.0575420113938881
SUR.3_1,SUR,2013,0.150902132312735
SUR.7_1,SUR,2013,49.1363636363636
SUR.10_1,SUR,2013,32.2274368231047
SVK.1_1,SVK,2013,4.82469879518078
SVK.2_1,SVK,2013,18.4017704169041
SVK.3_1,SVK,2013,6.79582041795822
SVK.4_1,SVK,2013,8.23807132094437
SVK.5_1,SVK,2013,6.5784198113208
SVK.7_1,SVK,2013,10.4849152542373
SVN.2_1,SVN,2013,4.83092295556125
SVN.3_1,SVN,2013,6.03425012973524
SVN.5_1,SVN,2013,4.38857725650179
SVN.7_1,SVN,2013,10.4668725435149
SVN.9_1,SVN,2013,11.0536817102137
SVN.10_1,SVN,2013,8.93625291526303
SWE.5_1,SWE,2013,9.19477911646597
SWE.13_1,SWE,2013,14.3176900129128
SWE.14_1,SWE,2013,8.61278575763737
SWE.15_1,SWE,2013,19.7286989795928
SWE.16_1,SWE,2013,7.17313007789616
SWE.21_1,SWE,2013,8.27023694735019
SWZ.3_1,SWZ,2013,3.41111732885655
SYR.2_1,SYR,2013,2.18758786905011
SYR.11_1,SYR,2013,8.33275139664818
SYR.13_1,SYR,2013,3.18028026764299
TCD.3_1,TCD,2013,0.00105547420268752
TCD.5_1,TCD,2013,0.00342685349675342
TCD.22_1,TCD,2013,20.847280334728
TGO.2_1,TGO,2013,0.0247496693746475
TGO.3_1,TGO,2013,1.16330807673712
THA.3_1,THA,2013,56.2572038420491
THA.10_1,THA,2013,3.66634540534547
THA.25_1,THA,2013,1.6748348017621
THA.31_1,THA,2013,5.30781627719562
THA.36_1,THA,2013,49.4859259259258
THA.70_1,THA,2013,4.27599461848939
TJK.2_1,TJK,2013,0.0260407380994839
TJK.3_1,TJK,2013,1.76067143516375
TJK.4_1,TJK,2013,0.957842425596108
TJK.5_1,TJK,2013,1.32735755690601
TLS.2_1,TLS,2013,0.164963503649635
TLS.4_1,TLS,2013,0.504605263157902
TLS.7_1,TLS,2013,4.5
TLS.11_1,TLS,2013,0.0112044817927171
TLS.13_1,TLS,2013,0.136046511627905
TUN.5_1,TUN,2013,4.23863636363654
TUN.12_1,TUN,2013,9.48258706467676
TUN.16_1,TUN,2013,13.6051224317477
TUN.20_1,TUN,2013,12.0798330289591
TUN.23_1,TUN,2013,55.5790884718499
TUR.30_1,TUR,2013,1.18026591077823
TUR.39_1,TUR,2013,2.51544461778468
TUR.40_1,TUR,2013,28.0084954782125
TUR.70_1,TUR,2013,2.03210105458335
TZA.4_1,TZA,2013,0.163001691527018
TZA.15_1,TZA,2013,0.105034931341856
TZA.20_1,TZA,2013,0.184749394120248
TZA.29_1,TZA,2013,0.778512396694216
UGA.48_1,UGA,2013,0
UKR.2_1,UKR,2013,1.57747693824344
UKR.5_1,UKR,2013,3.66045943394502
UKR.6_1,UKR,2013,6.10938182135718
UKR.9_1,UKR,2013,0.974851308949519
UKR.17_1,UKR,2013,2.2735213192252
UKR.19_1,UKR,2013,1.83125086962597
UKR.21_1,UKR,2013,2.24043885648745
USA.4_1,USA,2013,4.93675725304962
USA.7_1,USA,2013,24.5814001514406
USA.8_1,USA,2013,19.1775591863954
USA.10_1,USA,2013,14.5127022636414
USA.12_1,USA,2013,2.35373355960978
USA.14_1,USA,2013,11.3720908479538
USA.22_1,USA,2013,27.6487667009256
USA.24_1,USA,2013,6.49771913706083
USA.33_1,USA,2013,11.4936235913117
USA.37_1,USA,2013,4.72986094321287
USA.39_1,USA,2013,15.088518166031
UZB.4_1,UZB,2013,1.28773518674558
UZB.10_1,UZB,2013,3.36713937831235
VEN.5_1,VEN,2013,1.75146032198376
VEN.21_1,VEN,2013,6.08704883227166
VEN.24_1,VEN,2013,7.47763555299879
VNM.4_1,VNM,2013,0.202451561882161
VNM.27_1,VNM,2013,22.6133676092547
VNM.57_1,VNM,2013,2.69837461300339
XKO.1_1,XKO,2013,6.01134930643128
XKO.3_1,XKO,2013,4.95600298284867
XKO.5_1,XKO,2013,7.73431294678318
XKO.6_1,XKO,2013,4.75731707317074
YEM.2_1,YEM,2013,0.931713270016462
YEM.19_1,YEM,2013,1.10380042307985
ZAF.1_1,ZAF,2013,1.07407607618483
ZAF.3_1,ZAF,2013,21.495994783905
ZAF.4_1,ZAF,2013,2.72000989364242
ZMB.2_1,ZMB,2013,0.6757915761031
ZMB.6_1,ZMB,2013,0.0297980206563707
ZMB.9_1,ZMB,2013,0.122916560216618
ZWE.6_1,ZWE,2013,0.270517928286877
ZWE.9_1,ZWE,2013,0.0930215630970718
ZWE.10_1,ZWE,2013,0.218845142540783
